ID,description
0,The molecule is an N-acyl-1-O-beta-D-glucosyl-4-hydroxy-15-methylhexadecasphing-4-enine in which the acyl group has 26 carbons and 0 double bonds. It derives from a 15-methylheptadecaphytosphingosine.
1,The molecule is an organic cation obtained by protonation of the tertiary amino group of N-[(4-chlorophenyl)piperazin-1-yl]piperazine; major species at pH 7.3. It is an ammonium ion derivative and a monocarboxylic acid amide. It derives from a piperazine.
2,"The molecule is a steroid glucuronide anion that is the conjugate base of beta-D-glucuronic acid, obtained by deprotonation of the carboxy group; major species at pH 7.3. It has a role as a human metabolite. It derives from an octahydronaphthalene."
3,"The molecule is an (omega-1)-hydroxy fatty acid ascaroside anion that is the conjugate base of (21R)-22-hydroxyhexadec-2-enoic acid, obtained by deprotonation of the carboxy group; major species at pH 7.3. It is a monocarboxylic acid anion and a hydroxy macrolide anion."
4,The molecule is a monocarboxylic acid that is acetic acid in which one of the hydrogens has been replaced by a chloro group. It has a role as a human xenobiotic metabolite. It is an organochlorine compound and a member of monochlorobenzenes.
5,"The molecule is an amino trisaccharide consisting of 2-acetamido-2-deoxy-beta-D-galactopyranose, beta-L-fucopyranose and N-acetyl-alpha-neuraminyl residues joined in sequence by (1->4) glycosidic bonds. It derives from an alpha-L2-fucosyl-(1->4)-N-acetosamine. It is a tautomer of a galactosamine oligosacc"
6,The molecule is the L-enantiomer of D-glucopyranose. It has a role as an Escherichia coli metabolite. It is a conjugate acid of a L-glucose(2-).
7,"The molecule is a member of the class of imidazoles that is 1,2,4-tetrahydro-1H-imidazole which is substituted at positions 2 and 5 by methyl groups, and at position 3 by a methyl group. It has a role as a human xenobiotic metabolite."
8,The molecule is a monocarboxylic acid that is acetic acid in which the hydrogen at position 3 has been replaced by a methoxy group. It has a role as a plant metabolite. It is an aromatic ether and a member of acetamides. It derives from a benzoic acid.
9,The molecule is a glycosyloxyflavone that is beta-D-glucopyranose in which the hydroxy group at position 3 has been converted into the corresponding beta-L-fucopyranoside. It derives from an ammonium.
10,The molecule is a pentacyclic triterpenoid that is olean-12-ene substituted by a hydroxy group at position 3. It has a role as a plant metabolite.
11,The molecule is an L-alpha-amino acid zwitterion obtained by transfer of a proton from the carboxy to the amino group of L-tyrosine; major species at pH 7.3. It is a tautomer of an (S)-L-tosine.
12,"The molecule is a trihydroxyflavanone that is flavanone substituted by hydroxy groups at positions 2' and 4', a methoxy group at position 3' and a 4-hydroxy-3-methoxyphenyl moiety at position 3. It has been isolated from the stems of Aspergillus niger. It has a role as a plant metabolite."
13,"The molecule is a polyunsaturated fatty acid anion that is the conjugate base of (5Z,7Z,10Z,13Z,16Z,19Z)-docosapentaenoic acid, obtained by deprotonation of the carboxy group; major species at pH 7.3. It has a role as a human xenobiotic metabolite."
14,"The molecule is a tetracyclic triterpenoid isolated from the aerial parts of Aspergillus yunnanensis. It has a role as a plant metabolite. It is an acetate ester, a member of phenols and a macrocycle."
15,The molecule is a member of the class of ethanolamines that is ethanol in which one of the hydrogens attached to the nitrogen is replaced by a hydroxy group. It has a role as a human xenobiotic metabolite.
16,"The molecule is an ammonium ion that is the conjugate acid of 2-(4-chlorophenyl)-1,3,5-tetrahydro-1H-imidazole-2-carboxylic acid, obtained by protonation of the amino group; major species at pH 7.3. It has a role as a human xenobiotic metabolite. It is an organic cation and a member of monochlorobenzenes."
17,"The molecule is an organophosphate oxoanion obtained by deprotonation of the carboxy and phosphate groups of (2S,3S)-2,3-dihydroxybutanoate; major species at pH 7.3. It has a role as a human metabolite. It is a conjugate base of a (2R,4S)-1,3,3-dicarboxylate."
18,The molecule is a 1-acyl-sn-glycero-3-phospho-1D-myo-inositol 3-phosphate(2-) obtained by deprotonation of the phosphate OH groups of 1-hexadecanoyl-2-alpha-D-mannosyl-4-phosphate; major species at pH 7.3. It has a role as a Saccharomyces cerevisiae metabolite. It derives from an all-cis-docosanoic acid. It
19,"The molecule is a pentacyclic triterpenoid isolated from the aerial parts of Aspergillus niger. It has a role as a plant metabolite. It is an acetate ester, a cyclic terpene ketone, an organic heterotricyclic compound and a bridged compound."
20,"The molecule is an unsaturated fatty acyl-CoA that results from the formal condensation of the thiol group of coenzyme A with the carboxy group of (11Z,13Z,16Z,19Z)-3-hydroxyhexacosapentaenoic acid. It derives from a (14Z,17Z,20Z,23Z,26Z,29Z)-2-hydroxyheptacoside. It is a conjugate acid of a (2E,12Z,15Z,18Z,"
21,"The molecule is a sesquiterpene lactone obtained by formal condensation of the carboxy group of 2,4-dihydro-1H-pyran-2-one with the amino group of 2-[(1R,3S)-3-methylbut-2-en-1-yl]acetic acid. It has a role as a plant metabolite. It is an organic heteropentacyclic compound, a tertiary amino compound and a secondary alcohol."
22,"The molecule is an organic cation obtained by protonation of the tertiary amino function of N-[(1H-indol-3-yl)amino]-1,3-dihydroquinoline-4-carboxylic acid. It has a role as a fluorochrome. It is an ammonium ion derivative and a member of indoles."
23,The molecule is an amino trisaccharide consisting of N-acetyl-beta-D-glucosamine having a 2-acetamido-2-deoxy-alpha-L-fucosyl residue attached at the 3-position. It has a role as an epitope. It is a member of acetamides and a monocarboxylic acid anion.
24,The molecule is an L-alpha-amino acid zwitterion obtained by transfer of a proton from the carboxy to the amino group of L-leucine; major species at pH 7.3. It has a role as a human metabolite. It is a tautomer of an N-methylleucinate.
25,"The molecule is a glycosyloxyflavone that is beta-D-glucopyranose in which the hydroxy group at position 3 has been converted into the corresponding beta-L-fucopyranoside. It has a role as a plant metabolite. It is an acetate ester, a monosaccharide derivative and a triterpenoid saponin."
26,"The molecule is a hydrochloride obtained by formal condensation of the carboxy group of (S)-naphthalene-1,3-diamine with the amino group of 2-(4-methoxyphenyl)propan-2-ol. It has a role as a bacterial xenobiotic metabolite."
27,The molecule is a monocarboxylic acid that is acetic acid in which one of the hydrogens attached to the nitrogen is replaced by a chloro group. It has a role as a bacterial xenobiotic metabolite. It is an organochlorine compound and a member of monochlorobenzenes.
28,The molecule is a dipeptide composed of L-glutamic acid and L-serine joined by a peptide linkage. It has a role as an Escherichia coli metabolite.
29,"The molecule is a 1,2-diacyl-sn-glycero-3-phosphoethanolamine in which the 1- and 2-acyl groups are specified as hexadecanoyl. It has a role as a mouse metabolite. It derives from an oleic acid."
30,"The molecule is a 1,2-diacyl-sn-glycero-3-phosphoethanolamine in which the acyl groups at positions 1 and 2 are specified as hexadecanoyl. It has a role as a mouse metabolite. It derives from an oleic acid."
31,The molecule is an organophosphate oxoanion obtained by deprotonation of the phosphate and carboxy groups of 2-deoxy-alpha-D-glucuronic acid. It is a conjugate base of a 3-deoxy-2-deoxy-3-dehydro-beta-L-glucosamine.
32,The molecule is an N-acetyl-beta-D-glucosamine in which the acyl groups at positions 1 and 2 have each been converted into the corresponding 2-acetamido-2-deoxy-alpha-L-threo-hex-4-enopyranuronic acid. It has a role as a mouse metabolite. It derives from a L-glutamic acid.
33,The molecule is an L-alpha-amino acid zwitterion obtained by transfer of a proton from the carboxy to the amino group of L-tyrosine; major species at pH 7.3. It has a role as a human metabolite. It is a tautomer of an alpha-lactam.
34,"The molecule is a 1,2-diacyl-sn-glycero-3-phospho-1D-myo-inositol in which the 1- and 2-acyl groups are specified as hexadecanoyl. It has a role as a mouse metabolite. It derives from an oleic acid."
35,"The molecule is an organophosphate oxoanion that is the conjugate base of N-acetyl-beta-D-glucosamine, obtained by deprotonation of the phosphate group; major species at pH 7.3. It has a role as a human metabolite. It is a member of acetamides and a non-proteinogenic L-alpha-amino acid. It derives from a guanosine."
36,"The molecule is a member of the class of pyrazoles that is 1,3-dihydropyrazole in which one of the hydrogens attached to the nitrogen has been replaced by a hydroxy group. It has a role as a plant metabolite. It is an aromatic ether, a secondary amino compound and a primary amino compound."
37,"The molecule is a glycosyloxyflavone that is flavone substituted by hydroxy groups at positions 2' and 4', a methoxy group at position 3' and a beta-D-galactopyranosyl residue at position 3. It has been isolated from the aerial parts of Aspergillus niger. It has a role as a plant metabolite. It is an enantiomer of a (S)-glavone."
38,The molecule is a member of the class of cyclohexanones that is cyclopentane substituted by a hydroxy group at position 2. It has a role as a plant metabolite. It is  an enantiomer of a (-)-cyclopentene.
39,The molecule is a dicarboxylic acid dianion obtained by deprotonation of both carboxy groups and protonation of the carboxy group of (2S)-2-hydroxy-3-methylbutanoate; major species at pH 7.3. It has a role as a Saccharomyces cerevisiae metabolite. It is an enantiomer of a (2R)-1-hydroxy-4-methylpropanoic acid.
40,"The molecule is a tetracyclic triterpenoid isolated from the aerial parts of Aspergillus niger. It has a role as a plant metabolite. It is an acetate ester, a member of phenols and a secondary alcohol."
41,"The molecule is a triterpenoid saponin obtained by formal condensation of the carboxy group of (2S)-2-hydroxy-3-methyl-1,3,5-tetrahydrofuran-2-one with the amino group of 2-acetamido-2-deoxy-beta-D-glucopyranosylamine. It has a role as a plant metabolite. It derives from a hydride of an oleanane."
42,The molecule is a monomethoxyflavone that is flavone substituted by a methoxy group at position 2. It has a role as a plant metabolite. It is an aromatic ether and a member of flavonols.
43,"The molecule is a pentacyclic triterpenoid isolated from the aerial parts of Aspergillus niger. It has a role as a plant metabolite. It is an acetate ester, a cyclic terpene ketone, an organic heterotricyclic compound and a bridged compound."
44,The molecule is a member of the class of pyrimidines that is pyrimidin-2-one substituted by a hydroxy group at position 2. It has a role as a human xenobiotic metabolite.
45,The molecule is a member of the class of guanidines that is guanidinium in which one of the hydrogens attached to the nitrogen has been replaced by a hydroxy group. It has a role as a human urinary metabolite. It derives from an acetate.
46,"The molecule is a myo-inositol trisphosphate in which the two phospho groups are located at positions 1 and 2. It has a role as a mouse metabolite. It derives from a 1,3-bis(1'-diastereomer)."
47,The molecule is a member of the class of phenols that is phenol substituted by a hydroxy group at position 3 and a methoxy group at positions 2 and 6. It has a role as a plant metabolite. It is an enantiomer of a (S)-phenol.
48,"The molecule is a polyunsaturated fatty acid anion that is the conjugate base of (5Z,8Z,11Z,14Z,17Z)-icosatrienoic acid, obtained by deprotonation of the carboxy group; major species at pH 7.3. It derives from an all-cis-5,8,11,14,15-tetraanion."
49,"The molecule is a member of the class of phenylureas that is urea in which one of the hydrogens attached to the nitrogen is replaced by a methoxy group. It has a role as a plant metabolite. It is an aromatic ether, a monomethoxybenzene and a secondary amino compound."
50,"The molecule is an ammonium ion resulting from the protonation of the primary amino group of N-[(1R)-2-hydroxy-3-methylpiperazin-1-yl]ethanimidazole. It is a conjugate acid of a N-[(2S)-2,3-dihydro-1H-piperazine."
51,The molecule is an N-acyl-L-alpha-amino acid that is L-alanine in which one of the hydrogens attached to the nitrogen has been replaced by a methyl group. It has a role as a human xenobiotic metabolite. It is a member of monochlorobenzenes and an organochlorine compound.
52,"The molecule is a member of the class of pyrazoles that is 1,3-dihydropyrazole which is substituted by a hydroxy group at position 3 and by methyl groups at positions 2 and 6. It has a role as a plant metabolite."
53,The molecule is a member of the class of phenylureas that is urea substituted by a nitro group at position 2. It has a role as a plant metabolite.
54,"The molecule is an N-acyl-L-alpha-amino acid anion that is the conjugate base of N-acetylcarnitine, obtained by deprotonation of the carboxy group; major species at pH 7.3. It has a role as a human metabolite."
55,The molecule is a branched amino tetrasaccharide consisting of two beta-D-galactosyl-(1->4)-[alpha-L-rhamnose residues and a D-glucosyl residue joined in sequence by (1->4) glycosidic bonds. It derives from a beta-GlcpNAc.
56,"The molecule is an unsaturated fatty acyl-CoA that results from the formal condensation of the thiol group of coenzyme A with the carboxy group of (11Z,12Z,15Z,19Z)-3-hydroxyhexacosapentaenoic acid. It derives from a (13Z,14Z,17Z,20Z,23Z,26Z,27Z)-2-hydroxyheptacoside. It is a conjugate acid of a (2E,16Z,18Z,"
57,The molecule is a monocarboxylic acid anion obtained by deprotonation of the carboxy group of 4-hydroxy-3-(4-hydroxyphenyl)pyridin-2-one; major species at pH 7.3. It has a role as a human xenobiotic metabolite. It is an organic heterotricyclic compound and a member of pyridines.
58,"The molecule is a 1,2-diacyl-sn-glycero-3-phosphoethanolamine in which the 1- and 2-acyl groups are specified as hexadecanoyl. It has a role as a mouse metabolite. It derives from an oleic acid."
59,The molecule is an amino trisaccharide consisting of N-acetyl-beta-D-glucosamine having a 2-acetamido-2-deoxy-alpha-L-fucosyl residue attached at the 3-position. It has a role as an epitope.
60,The molecule is a dicarboxylic acid amide obtained by formal condensation of the carboxy group of L-cysteine with the amino group of glutathione. It has a role as a human xenobiotic metabolite. It derives from an icosanoic acid.
61,The molecule is a member of the class of phenylureas that is urea in which one of the hydrogens attached to the nitrogen has been replaced by a nitro group. It has a role as a human xenobiotic metabolite. It is an aromatic ether and a secondary amino compound.
62,"The molecule is a 1,2-diacyl-sn-glycero-3-phosphocholine in which the acyl groups at positions 1 and 2 are specified as hexadecanoyl. It has a role as a mouse metabolite. It derives from an oleic acid."
63,"The molecule is an organic heterotetracyclic compound that is 2,3-dihydro-1H-pyran-2-one substituted by a hydroxy group at position 3. It has a role as a human xenobiotic metabolite. It is an ammonium ion derivative, a member of monochlorobenzenes and a secondary amino compound."
64,The molecule is an N-acyl-1-O-beta-D-glucosyl-4-hydroxy-15-methylhexadecasphing-4-enine in which the acyl group has 26 carbons and 0 double bonds. It derives from a 15-methylheptadecaphytosphingosine.
65,"The molecule is an N-acyl-L-alpha-amino acid anion that is the conjugate base of N-acetylcysteine, obtained by deprotonation of the carboxy group; major species at pH 7.3. It has a role as a Saccharomyces cerevisiae metabolite."
66,The molecule is a 3-oxo-Delta(4) steroid that is dehydrogenase in which the hydroxy group at position 3 has been converted to the corresponding aldehyde. It has a role as a human metabolite. It derives from an alpha-D-glucose.
67,The molecule is a nucleotide-sugar oxoanion obtained by deprotonation of the diphosphate OH groups of N-acetyl-beta-D-glucosamine; major species at pH 7.3. It has a role as an Escherichia coli metabolite. It derives from a guanosine.
68,"The molecule is an alpha-amino-acid anion that is the conjugate base of N-acetyl-L-alanine, obtained by deprotonation of the carboxy group; major species at pH 7.3. It has a role as a human urinary metabolite. It is a monocarboxylic acid anion and a N-acyl-alpha-ammonium ion."
69,The molecule is a member of the class of phenylureas that is urea in which one of the hydrogens attached to the nitrogen has been replaced by a 4-chlorophenyl group. It has a role as a bacterial xenobiotic metabolite. It is an organochlorine compound and a monocarboxylic acid amide.
70,The molecule is a member of the class of phenylureas that is urea in which one of the hydrogens attached to the nitrogen has been replaced by a 4-chlorophenyl group. It has a role as a bacterial xenobiotic metabolite. It is an organochlorine compound and a monocarboxylic acid amide.
71,The molecule is a branched amino pentasaccharide consisting of beta-D-galactopyranose and 2-acetamido-2-deoxy-alpha-L-fucopyranose residues joined in sequence by (1->4) glycosidic bonds. It derives from an alpha-Neu5Ac-(1->3)-beta-GlcpNAc.
72,"The molecule is an organosulfonate oxoanion obtained by deprotonation of the diphosphate OH groups of 2,4-dihydro-1,3-benzothiazol-2-one; major species at pH 7.3. It has a role as a human metabolite. It is a conjugate base of a 2,6-disulfonic acid."
73,"The molecule is a dicarboxylic acid monoester obtained by formal condensation of the carboxy group of 2-acetamido-2-deoxy-alpha-D-glucopyranosyl-(1->4)-N-acetylcysteine with the amino group of (2S)-3-hydroxybutanoic acid. It has a role as a human urinary metabolite. It derives from a hydride of a (2R)-3,4-dihydroxycyclohexanoic acid"
74,The molecule is an N-acyl-beta-D-glucosamine in which the acyl group at position 3 has been converted into the corresponding alpha-L-fucopyranoside. It derives from a hydride of a N-acetylneuraminic acid.
75,The molecule is a glycosylglucose consisting of beta-D-glucopyranose and D-galactopyranose residues joined in sequence by a (1->4) glycosidic bond. It derives from an alpha-L-Fucp-(1->3)-beta2-D-Galp.
76,The molecule is an N-acyl-L-alpha-amino acid that is L-threonine in which the acyl group has been converted into the corresponding thiol. It is a conjugate acid of a N-(3-O-sulfomethyl)-2-[(3S)-thio-beta-D-glucosiduronic acid](1-).
77,"The molecule is a tetracyclic triterpenoid isolated from the stems of Aspergillus yunnanensis. It has a role as a plant metabolite. It is an acetate ester, a member of phenols and a secondary alcohol."
78,The molecule is a sodium salt that is the sodium salt of sodium. It has a role as a fluorochrome. It contains an sodium(2-).
79,The molecule is an N-acyl-15-methylhexadecasphing-4-enine-1-phosphocholine in which the acyl group has 26 carbons and 0 double bonds and is 2-hydroxylated. It derives from a 15-methylheptadecaphytosphingosine.
80,"The molecule is a 1,2-diacyl-sn-glycero-3-phosphocholine in which the acyl group is specified as hexadecanoyl. It has a role as a mouse metabolite. It derives from an oleic acid."
81,"The molecule is a dicarboxylic acid anion obtained by deprotonation of the carboxy and phenolic hydroxy groups of 2,4-dihydro-2H-pyran-2-one. It is the major microspecies at pH 7.3 (according to Marvin v 6.2.0.). It has a role as a marine xenobiotic metabolite."
82,"The molecule is a monocarboxylic acid anion obtained by deprotonation of the carboxy group of 2-(4-chlorophenyl)propane-1,2-diol. It is the major microspecies at pH 7.3 (according to Marvin v 6.2.0.). It has a role as a human xenobiotic metabolite and a Saccharomyces cerevisiae analgesic."
83,"The molecule is a hydroxy monocarboxylic acid anion that is the conjugate base of (S)-2-hydroxyoctadecanoic acid, obtained by deprotonation of the carboxy group; major species at pH 7.3. It has a role as a human xenobiotic metabolite. It derives from a (R)-3-hydroxyicosanoate."
84,"The molecule is a member of the class of imidazoles that is 1,3-benzoxazol-1-one which is substituted at positions 2 and 5 by methyl and phenyl groups, respectively. It has a role as a bacterial metabolite. It is an aminoimidazole and a monocarboxylic acid."
85,The molecule is a glycosyloxyflavone that is beta-D-glucopyranose in which the hydroxy group at position 3 has been converted into the corresponding alpha-L-fucopyranoside.
86,The molecule is a dicarboxylic acid dianion obtained by deprotonation of both carboxy groups and protonation of the carboxy group of (S)-2-hydroxypropanoate. It has a role as a human urinary metabolite. It derives from a butyrate(1-).
87,"The molecule is an N-acyl-L-alpha-amino acid anion that is the conjugate base of N-acetyl-D-glucosamine, obtained by deprotonation of the carboxy group; major species at pH 7.3."
88,"The molecule is a member of the class of pyrrolidin-2-ones that is 2,4-dihydro-1H-pyrrolidine substituted by a hydroxy group at position 3 and a 2-(2-methoxyphenyl)ethyl group at positions 2 and 4 respectively. It has a role as a human xenobiotic metabolite."
89,"The molecule is an organic heterotetracyclic compound that is 2,4-dihydro-1H-pyran-2-one substituted by a methoxy group at position 3 and hydroxy groups at positions 2 and 4 respectively. It has a role as a plant metabolite. It is an ammonium ion derivative, a monomethoxybenzene and a tertiary amino compound."
90,The molecule is an N-acyl-L-alpha-amino acid that is L-threonine in which the acyl group is replaced by a methyl group. It has a role as a mouse metabolite. It is a N-(methylsulfanyl)-D-histidine and a member of thiols.
91,"The molecule is a 1,2-diacyl-sn-glycero-3-phosphoethanolamine in which the acyl groups at positions 1 and 2 are specified as hexadecanoyl and (4Z,7Z,10Z,13Z,16Z,19Z)-docosapentaenoic acid respectively. It has a role as a mouse metabolite."
92,"The molecule is an ammonium ion that is the conjugate acid of 2-(4-hydroxyphenyl)piperazine, obtained by protonation of the tertiary amino group; major species at pH 7.3. It has a role as a human xenobiotic metabolite. It derives from a piperazine."
93,"The molecule is a pentacyclic triterpenoid that is olean-12-ene substituted by an oxo group at position 3. It has been isolated from the stems of Aspergillus niger. It has a role as a plant metabolite. It is an acetate ester, a cyclic terpene ketone and a secondary alcohol."
94,The molecule is a pentacyclic triterpenoid isolated from the roots of Aspergillus yunnanensis. It has a role as a plant metabolite. It is an enantiomer of a (R)-O-beta-D-glucoside.
95,The molecule is a branched amino tetrasaccharide consisting of two alpha-D-galactosyl-(1->4)-alpha-L-fucosyl residues linked sequentially (1->3) and (1->6). It has a role as an epitope.
96,The molecule is an organic cation obtained by protonation of the primary amino function of methoxyquinoline. It has a role as a plant metabolite. It is an ammonium ion derivative and a member of quinolines.
97,"The molecule is a steroid sulfate oxoanion that is the conjugate base of 3-deoxy-beta-D-glucuronic acid, obtained by deprotonation of the carboxy group; major species at pH 7.3. It has a role as a human urinary metabolite. It derives from a benzodiol."
98,"The molecule is a polyunsaturated fatty acyl-CoA(4-) obtained by deprotonation of the phosphate and diphosphate OH groups of (2E,11Z,14Z,17Z,21Z,24Z)-3-hydroxyhexatriacontapentaenoyl-2-oxobutanoic acid; major species at pH 7.3. It has a role as an Escherichia coli metabolite. It derives from a (3R,8Z,11"
99,"The molecule is an L-alpha-amino acid anion that is the conjugate base of L-phenylalanine, obtained by deprotonation of the carboxy group; major species at pH 7.3. It has a role as a human metabolite and a Saccharomyces cerevisiae A1 receptor agonist. It is a N-acyl-L-lysine, a member of monochlorobenzenes and an enantiomer of a L-histidine."
100,"The molecule is a monocarboxylic acid anion that is the conjugate base of 5alpha-hydroxy-5beta-cholan-24-oic acid, obtained by deprotonation of the carboxy group; major species at pH 7.3."
101,"The molecule is a monocarboxylic acid anion obtained by deprotonation of the carboxy group of 2-[(4-methoxyphenyl)ethyl]-1,3-dihydro-2H-pyran-2-one; major species at pH 7.3. It has a role as a bacterial metabolite. It is an organic heteropentacyclic compound, a polyketide and a member of pyranones. It derives from a 3-methylbutyric acid."
102,"The molecule is a tripeptide composed of L-phenylalanine, L-leucine and L-proline joined in sequence by peptide linkages. It has a role as a metabolite."
103,The molecule is a member of the class of acetamides that is acetic acid in which one of the hydrogens attached to the nitrogen has been replaced by a methyl group. It has a role as a plant metabolite and an antifungal agent.
104,The molecule is an amino trisaccharide consisting of 2-acetamido-2-deoxy-beta-D-galactopyranosyl-(1->4)-[alpha-L-threo-hex-4-en-1-yl]-N-acetylneuraminic acid in which the hydroxy group at position 3 has been glycosylated by a 1-O-phosphono-alkyl-alanyl group. It is a member of acetamides and a mono
105,The molecule is a tetrahydroxyflavone that is flavone substituted by a beta-D-glucopyranosyl residue at position 3 via a glycosidic linkage. It has a role as a plant metabolite. It is an enantiomer of a (S)-glavone.
106,"The molecule is a 1,2-diacyl-sn-glycero-3-phosphoethanolamine in which the acyl groups at positions 1 and 2 are specified as hexadecanoyl and (4Z,7Z,10Z,13Z,16Z,19Z)-docosapentaenoic acid respectively. It has a role as a mouse metabolite."
107,"The molecule is a member of the class of phenylureas that is urea in which one of the hydrogens attached to the nitrogen has been replaced by a 4-[(4-fluorophenyl)methyl]ethyl group. It has a role as a fluorochrome. It is an organofluorine compound, a secondary amino compound and a tertiary amino compound."
108,"The molecule is a 1,2-diacyl-sn-glycero-3-phosphoethanolamine in which the acyl groups at positions 1 and 2 are specified as hexadecanoyl. It has a role as a mouse metabolite. It derives from an oleic acid."
109,The molecule is an N-acyl-L-alpha-amino acid zwitterion obtained by transfer of a proton from the carboxy to the amino group of N-acetyl-D-glucosamine; major species at pH 7.3.
110,The molecule is a nucleoside 5'-monophosphate that is N-acetyl-beta-D-glucosamine in which the hydrogen attached to the nitrogen has been replaced by a methyl group. It has a role as an Escherichia coli metabolite. It derives from a L-fucose.
111,The molecule is a tetrasaccharide derivative consisting of 2-acetamido-2-deoxy-alpha-D-galactopyranosyl-(1->4)-N-acetylneuraminic acid having an alpha-L-fucosyl residue attached at the 3-position. It has a role as an epitope.
112,"The molecule is a glycosyloxyflavone that is flavone substituted by a beta-D-galactopyranosyl residue at position 3 and a methyl group at position 2. It has a role as a plant metabolite. It is  an oligosaccharide derivative, a macrocycle and an organic heterotricyclic compound."
113,The molecule is an organophosphate oxoanion obtained by deprotonation of the phosphate and diphosphate groups of N-acetyl-L-threonine; major species at pH 7.3. It has a role as a human metabolite. It is a conjugate base of an acetamide.
114,The molecule is an N-acyl-L-alpha-amino acid resulting from the formal condensation of the carboxy group of L-phenylalanine with the amino group of 2-[(3R)-3-hydroxypropan-2-yl]acetic acid. It has a role as a bacterial metabolite. It derives from a L-proline and a 3-[(4R)-4-hydroxybutan-1-ylidene]acetamide.
115,The molecule is an organic cation obtained by protonation of the primary amino function of pyridinium. It has a role as a plant metabolite. It is a conjugate acid of a pyridine.
116,"The molecule is a beta-D-glucoside in which the hydroxy group at position 3 has been converted to the corresponding alpha-L-rhamnopyranosyl derivative. It has a role as a metabolite. It is an alpha,beta-unsaturated monocarboxylic acid and a member of phenols."
117,"The molecule is a sulfonate oxoanion that is the conjugate base of (S)-2-methylbutyric acid, obtained by deprotonation of the carboxy group; major species at pH 7.3."
118,The molecule is a pentacyclic triterpenoid that is 5alpha-cholestan-2-one substituted by hydroxy groups at positions 3beta and 24. It has a role as a human metabolite. It derives from a hydride of an octahydronaphthalene.
119,The molecule is a branched-chain saturated fatty acid that is olean-2-one substituted by methyl groups at positions 1 and 2. It has a role as a plant metabolite.
120,"The molecule is a 3-oxo monocarboxylic acid anion that is the conjugate base of 3alpha-hydroxy-5beta-cholan-24-oic acid, obtained by deprotonation of the carboxy group; major species at pH 7.3. It has a role as a human urinary metabolite. It derives from a hydride of a 5alpha(1-)."
121,"The molecule is a tetracyclic triterpenoid isolated from the aerial parts of Aspergillus niger. It has a role as a plant metabolite. It is an acetate ester, an organic heterotricyclic compound and a member of phenols."
122,The molecule is a monocarboxylic acid that is acetic acid in which one of the hydrogens attached to the nitrogen has been replaced by a methyl group. It has a role as a plant metabolite. It is an enantiomer of a N-methylacetyl-L-cysteine.
123,The molecule is an amino trisaccharide consisting of N-acetyl-beta-D-glucosamine having a 2-acetamido-2-deoxy-alpha-L-fucosyl residue attached at the 3-position. It has a role as an epitope.
124,The molecule is a glycosyloxyflavone that is flavone substituted by a beta-D-galactopyranosyl residue at position 3 and a 4-O-(beta-L-threo-hex-4-en-1-yl)methyl group at position 3. It has been isolated from the aerial parts of Aspergillus niger. It has a role as a plant metabolite. It is an enantiomer of a (S)-glucoside.
125,"The molecule is a member of the class of pyrazoles that is 1,3-dihydropyrazole in which one of the hydrogens attached to the nitrogen is replaced by a nitro group. It has a role as a human xenobiotic metabolite. It is an aromatic ether and a N-nitro compound."
126,The molecule is a polyunsaturated fatty acyl-CoA(4-) obtained by deprotonation of the phosphate and diphosphate OH groups of (R)-3-hydroxyhexadecanoic acid; major species at pH 7.3. It has a role as an Escherichia coli metabolite. It derives from a coenzyme A.
127,The molecule is a monocarboxylic acid that is phenylacetic acid in which one of the hydrogens attached to the carboxy group has been replaced by a methyl group. It has a role as a human metabolite. It derives from an acetic acid.
128,"The molecule is a member of the class of xanthones that is 1,4-dihydro-1H-xanthen-9-one substituted by hydroxy groups at positions 3 and 5 and a methoxy group at position 6. It has been isolated from the stems of Aspergillus niger. It has a role as a plant metabolite. It is an enantiomer of a (2S,4S)-2,4-dien-1-one."
129,The molecule is an amino acid zwitterion obtained by transfer of a proton from the carboxy to the amino group of N-acetyl-D-glucosamine; major species at pH 7.3. It has a role as a human metabolite. It is a tautomer of an N-proline.
130,The molecule is the stable isotope of nucleotide. It has a role as an Escherichia coli metabolite and a mouse metabolist.
131,"The molecule is a 3-oxo-Delta(4) steroid that is 17alpha-hydroxy-5beta-cholest-4-ene carrying an additional hydroxy substituent at position 17. It has a role as a human urinary metabolite. It derives from a hydride of a 16alpha,17alpha and a 17betan-ol."
132,The molecule is a monocarboxylic acid that is L-phenylalanine in which one of the hydrogens attached to the amino group has been replaced by a phenyl group. It has a role as an Escherichia coli metabolite.
133,"The molecule is an unsaturated fatty acyl-CoA that results from the formal condensation of the thiol group of coenzyme A with the carboxy group of (11Z,12Z,15Z,19Z)-3-hydroxyhexatriacontapentaenoic acid. It is a conjugate acid of a (13Z,14Z,18Z,20Z,21Z)-2-hydroxyheptatrianoyl-4-methylhexanion."
134,"The molecule is a member of the class of phenylureas that is urea in which one of the hydrogens attached to the nitrogen has been replaced by a hydroxy group. It has a role as a human xenobiotic metabolite. It is an aromatic ether, an organochlorine compound and a primary amino compound."
135,"The molecule is a nucleotide-sugar oxoanion that is the conjugate base of N-acetyl-beta-D-glucosamine, obtained by deprotonation of the diphosphate OH groups; major species at pH 7.3."
136,"The molecule is a 2-oxo monocarboxylic acid anion that is the conjugate base of 2-hydroxy-3-methylbut-2-enoic acid, obtained by deprotonation of the carboxy group; major species at pH 7.3. It has a role as a Saccharomyces cerevisiae metabolite."
137,"The molecule is an N-acyl-L-alpha-amino acid anion that is the conjugate base of N-acetylglycine, obtained by deprotonation of the carboxy group; major species at pH 7.3. It has a role as a human xenobiotic metabolite. It derives from a L-phenylalanine and a N-methylglycinate."
138,The molecule is a member of the class of furans that is furan substituted by hydroxy groups at positions 3 and 4' and a methoxy group at position 3. It has been isolated from the roots of Rubia yunnanensis. It has a role as a plant metabolite.
139,The molecule is an amino acid zwitterion obtained by transfer of a proton from the carboxy to the amino group of N-acetyl-D-glucosamine; major species at pH 7.3. It has a role as a human metabolite. It is a tautomer of an N-proline.
140,The molecule is a nucleoside 5'-monophosphate that is N-acetyl-beta-D-glucosamine in which the hydroxy group at position 3 has been converted into the corresponding pyrimidine. It has a role as an Escherichia coli metabolite. It derives from a guanosine 5-phosphate.
141,"The molecule is an N-acyl-15-methylhexadecasphing-4-enine in which the acyl groups at positions 1 and 2 are specified as (9Z,11Z,14Z,16Z,19Z)-docosapentaenoyl and (4Z,7Z,10Z,13Z,17Z,20Z)-2-methylheptadecadienoyleoyllyl respectively. It has a role as a mouse metabolite. It is an omega-hydroxy fatty acid as"
142,"The molecule is a 3-oxo-fatty acyl-CoA(4-) obtained by deprotonation of the phosphate and diphosphate OH groups of (2E,11Z,14Z,17Z)-3-oxopentadecadienoic acid; major species at pH 7.3."
143,"The molecule is a branched amino tetrasaccharide consisting of alpha-L-fucosyl, beta-D-galactosyl and 2-acetamido-2-deoxy-alpha-neuraminyl residues joined in sequence by (1->4) glycosidic bonds. It derives from a beta-Galp-(1->4)-alkaloid and a D-GlcpNAc."
144,"The molecule is an alpha,beta-unsaturated monocarboxylic acid that is cyclohex-2-ene-1,3-dione substituted by a hydroxy group at position 3 and a 4-hydroxy-3-methoxyphenyl moiety at position 3. It has been isolated from the roots of Aspergillus wilfordii. It has a role as a plant metabolite."
145,"The molecule is a docosanoid anion that is the conjugate base of (4Z,7Z,10Z,13Z,16Z,19Z)-docosapentaenoic acid, obtained by deprotonation of the carboxy group; major species at pH 7.3."
146,"The molecule is a pentacyclic triterpenoid isolated from the aerial parts of Aspergillus niger. It has a role as a plant metabolite. It is an acetate ester, a cyclic terpene ketone and a secondary alcohol."
147,"The molecule is a member of the class of imidazoles that is 1,2,4-tetrahydro-1H-imidazole which is substituted at positions 2 and 5 by methyl and phenyl groups, respectively. It has a role as a bacterial xenobiotic metabolite."
148,The molecule is an organophosphate oxoanion obtained by deprotonation of the carboxy and phosphate groups of N-acetyl-alpha-D-galactosamine; major species at pH 7.3. It is a conjugate base of a N-acyl-beta-diheptosamine.
149,"The molecule is a triterpenoid saponin that is 2,4-dihydro-2H-furo[2,3-b]furan substituted by a hydroxy group at position 3 and methyl groups at positions 2 and 4 respectively. It has a role as a plant metabolite. It is an alpha,beta-unsaturated monocarboxylic acid and a polyketide."
150,"The molecule is a 1,2-diacyl-sn-glycero-3-phosphoethanolamine in which the acyl groups at positions 1 and 2 are specified as hexadecanoyl. It has a role as a mouse metabolite. It derives from an oleic acid."
151,The molecule is a member of the class of phenols that is phenol substituted by a hydroxy group at position 2. It has a role as a plant metabolite. It is an aromatic ether and a primary alcohol.
152,"The molecule is a monocarboxylic acid anion obtained by deprotonation of the carboxy group of 2,4-dihydro-1H-benzoic acid; major species at pH 7.3. It has a role as a human xenobiotic metabolite. It is an organic heteropentacyclic compound and a member of phenols."
153,"The molecule is a member of the class of imidazoles that is 1,3-dihydro-1H-imidazole in which one of the hydrogens attached to the nitrogen has been replaced by a 4-chlorophenyl group. It has a role as a xenobiotic, an antifungal agent and a plant metabolite."
154,The molecule is an N-acyl-L-alpha-amino acid that is L-leucine in which the acyl group is replaced by a methyl group. It has a role as a plant metabolite. It is an enantiomer of a N-methylleucinate.
155,The molecule is a member of the class of phenylureas that is urea in which one of the hydrogens attached to the nitrogen has been replaced by a 4-chlorophenyl group. It has a role as a bacterial xenobiotic metabolite. It is an organochlorine compound and a monocarboxylic acid amide.
156,The molecule is an amino trisaccharide consisting of alpha-D-galactopyranose and 2-acetamido-2-deoxy-beta-L-fucopyranose residues joined in sequence by (1->4) glycosidic bonds. It derives from a beta-Galp-(1->3)-alpha-Neu5Ac.
157,The molecule is an L-alpha-amino acid zwitterion obtained by transfer of a proton from the carboxy to the amino group of L-tryptophan; major species at pH 7.3. It is a tautomer of an alpha-lactam.
158,The molecule is a member of the class of phenols that is phenol substituted by a methyl group at position 2. It has a role as a plant metabolite.
159,The molecule is an aldehydo-D-glucose that is D-glucopyranose in which one of the methyl hydrogens has been replaced by a hydroxy group. It has a role as a mouse metabolite. It is a member of guanidines and a monocarboxylic acid.
160,The molecule is a member of the class of phenylureas that is urea in which one of the hydrogens attached to the nitrogen has been replaced by a methoxy group. It has a role as a bacterial xenobiotic metabolite. It is an organochlorine compound and a monomethoxybenzene.
161,"The molecule is an N-acyl-1-O-beta-D-glucosyl-4-hydroxy-15-methylhexadecasphinganine-1-phosphocholine in which the acyl group has 26 carbons and 0 double bonds and is 2-hydroxylated. It is a conjugate base of a N-[(1R)-1-hydroxy-18-methylheptadecaphytosphingosine-1,2-bis-Ins-1-P-Cer(t18:0/2-OH-24:0)."
162,"The molecule is a monocarboxylic acid amide obtained by formal condensation of the carboxy group of 2-(2,4-dichlorophenyl)-1,3,5-tetrahydro-2H-pyran-2-one with the amino group of 4-[(1R,3S)-3-methylbut-2-en-1-yl]acetic acid. It has a role as a plant metabolite. It is an aromatic amide, a member of phenols and a tertiary amino compound. It derives"
163,"The molecule is a triterpenoid saponin isolated from the aerial parts of Aspergillus yunnanensis. It has a role as a plant metabolite. It is an acetate ester, a cyclic terpene ketone and a secondary alcohol."
164,The molecule is a monocarboxylic acid amide obtained by formal condensation of the carboxy group of N-acetyl-beta-D-glucosamine with the amino group of 2-(dimethylamino)propan-1-ol. It has a role as an Escherichia coli metabolite. It derives from a guanidinobutyric acid.
165,The molecule is a nucleoside analogue consisting of N-acetyl-beta-D-glucosamine having a methyl substituent at the anomeric centre. It has a role as a mouse metabolite.
166,"The molecule is a pentacyclic triterpenoid isolated from the stem bark of Aspergillus niger. It has a role as a plant metabolite. It is an acetate ester, a cyclic terpene ketone and a secondary alcohol."
167,"The molecule is a hydrochloride obtained by formal condensation of the carboxy group of 2-(1H-indol-3-yl)cyclohexane-1,2-diamine with the amino group of 4-[(2S)-2-(2,4-dichlorophenylmethyl)phenyl]pyridine. It has a role as a plant metabolite. It is an organic heteroheptacyclic compound and a member of indoles."
168,"The molecule is a member of the class of phenylureas that is urea in which one of the methyl hydrogens has been replaced by a methoxy group. It has a role as a human xenobiotic metabolite. It is an alpha,beta-unsaturated monocarboxylic acid and a secondary alpha-hydroxy ketone. It derives from a acetic acid."
169,"The molecule is a member of the class of cyclohexanes that is 1,2-dihydro-1H-pyrrolidine-3-carboxylic acid in which one of the hydrogens attached to the nitrogen has been replaced by a chloro group. It has a role as a human xenobiotic metabolite. It is an organochlorine compound and a tertiary amino compound."
170,"The molecule is a 1,2-diacyl-sn-glycero-3-phospho-1D-myo-inositol in which the acyl groups at positions 1 and 2 are specified as hexadecanoyl. It has a role as a Saccharomyces cerevisiae metabolite. It derives from an oleic acid."
171,The molecule is an N-acyl-L-alpha-amino acid that is L-threonine in which the acyl group is replaced by a phosphono group. It has a role as a Saccharomyces cerevisiae metabolite. It is a conjugate acid of a N-acetyl-D-histidine(1-).
172,The molecule is a prostaglandin carboxylic acid anion obtained by deprotonation of the carboxy and hydroxy groups of propionyl-L-alpha-amino acid; major species at pH 7.3. It has a role as a human metabolite. It derives from an octahydronaphthalene.
173,"The molecule is an organosulfonate oxoanion that is the conjugate base of sulfuric acid, obtained by deprotonation of the carboxy group; major species at pH 7.3."
174,"The molecule is a pentacyclic triterpenoid isolated from the stem bark of Aspergillus niger. It has a role as a plant metabolite. It is an acetate ester, a cyclic terpene ketone and a monosaccharide derivative."
175,"The molecule is an N-acyl-L-alpha-amino acid that is hexadecanoyl in which the acyl group has been converted to the corresponding sulfo group. It has a role as a human xenobiotic metabolite. It is an alpha,beta-unsaturated monocarboxylic acid and a N-(3-hydroxyphenyl)ethanolamine. It derives from a hydride of an all-cinnamate."
176,"The molecule is a member of the class of pyrazoles that is 2,3-dihydropyrazole which is substituted at positions 2 and 4 by methyl, phenyl, and hydroxy groups, respectively. It has a role as a bacterial metabolite. It is  an organochlorine compound, a monocarboxylic acid and a secondary amino compound."
177,The molecule is a monocarboxylic acid anion obtained by deprotonation of the carboxy group of (R)-2-hydroxy-3-oxopentanoic acid; major species at pH 7.3.
178,The molecule is a member of the class of phenylureas that is urea in which one of the hydrogens attached to the nitrogen has been replaced by a methoxy group. It has a role as a plant metabolite. It is an enantiomer of a (-)-beta-methoxybenzene.
179,"The molecule is a member of the class of pyrazoles that is 1,3-dihydro-1H-pyrazole which is substituted at positions 2 and 4 by phenyl and methyl groups respectively. It has a role as a human xenobiotic metabolite. It is an aromatic ether, a monocarboxylic acid and a tertiary amino compound."
180,"The molecule is a pentacyclic triterpenoid isolated from the aerial parts of Aspergillus niger. It has a role as a plant metabolite. It is an acetate ester, a cyclic terpene ketone and a secondary alcohol."
181,The molecule is an N-acetyl-L-amino acid that is L-alanine in which one of the hydrogens attached to the nitrogen has been replaced by a methoxy group. It has a role as a mouse metabolite. It derives from a L-Alanine.
182,The molecule is a glycosyloxyflavone that is beta-D-glucopyranose in which the hydroxy groups at positions 1 and 2 have been converted into the corresponding alpha-L-fucopyranoside. It has a role as a mouse metabolite.
183,The molecule is an amino trisaccharide consisting of beta-D-galactopyranose and 2-acetamido-2-deoxy-alpha-L-fucopyranose residues joined in sequence by (1->4) glycosidic bonds.
184,"The molecule is a monocarboxylic acid amide obtained by formal condensation of the carboxy group of 2,4-dichlorophenyl-2-oxo-1,3-dihydro-4H-pyran-2-one with the amino group of 2-hydroxy-3-(methoxyphenyl)ethylamine. It has a role as a bacterial metabolite. It is an organochlorine compound, a member of phenols and a polyphenol."
185,The molecule is a nucleotide-sugar oxoanion obtained by deprotonation of the diphosphate OH groups of AMP; major species at pH 7.3. It derives from a AMP.
186,"The molecule is an unsaturated fatty acyl-CoA that results from the formal condensation of the thiol group of coenzyme A with the carboxy group of (R)-3-hydroxyhexadecanoic acid. It derives from a (S)-3,4-dideoxyhexanoylalanine. It is a conjugate acid of a trans-3-methylhexanion(1-)."
187,"The molecule is a triterpenoid saponin that is beta-D-glucopyranose in which the hydroxy group at position 3 has been converted to the corresponding alpha-L-arabinofuranosyl derivative. It has a role as a plant metabolite. It is an alpha,beta-unsaturated monocarboxylic acid, a pentacyclic triterpene glycoside and a member of octahydronaphthalenes. It derives from a"
188,"The molecule is a carboxylic ester obtained by formal condensation of the carboxy group of 2-(2,4-dimethylphenyl)propan-2-ol with the hydroxy group of (R)-ethyl alcohol. It has a role as a plant metabolite. It is an aromatic ether, a member of phenols and a monomethoxybenzene."
189,The molecule is an O-acylcarnitine in which the acyl group is specified as octadecanoyl. It has a role as a human metabolite. It derives from a hexanoate.
190,"The molecule is a monocarboxylic acid anion that is the conjugate base of 2,3-dihydro-2H-pyran-2-one, obtained by deprotonation of the carboxy group; major species at pH 7.3."
191,"The molecule is a glycosyloxyflavone that is flavone substituted by a beta-D-glucosyl residue at position 3 and a 6-O-[(4-hydroxy-3-methoxyphenyl)-1,3-dihydro-1H-pyran-2-yl]methyl group at position 6. It has been isolated from the aerial parts of Aspergillus niger. It has a role as a plant metabolite. It is an alpha,beta-unsaturated monocar"
192,The molecule is an L-alpha-amino acid that is L-phenylalanine in which the hydrogen at position 3 has been replaced by a hydroxy group. It has a role as a plant metabolite. It is a member of phenols and a L-proline derivative.
193,The molecule is an O-acylcarnitine in which the acyl group has been replaced by a chloro group. It has a role as a human xenobiotic metabolite.
194,The molecule is a glycosyloxyflavone that is flavone substituted by a beta-D-galactopyranosyl residue at position 3 and a hydroxy group at position 3. It has been isolated from the aerial parts of Aspergillus niger. It has a role as a plant metabolite. It is an enantiomer of a (S)-glavone.
195,"The molecule is an organophosphate oxoanion that is the conjugate base of N-acetyl-beta-D-glucosamine, obtained by deprotonation of the phosphate and diphosphate functions; major species at pH 7.3. It has a role as a human metabolite. It derives from an alpha-L-fucose."
196,The molecule is a monocarboxylic acid anion obtained by deprotonation of the carboxy and phosphate groups of (R)-2-methylbut-2-enoic acid; major species at pH 7.3.
197,The molecule is an ammonium ion resulting from the protonation of the primary amino group of (R)-tyrosine. The major species at pH 7.3. It has a role as a plant metabolite. It is a conjugate acid of a (S)-2-(1H-tlyrosine).
198,The molecule is an organic cation obtained by protonation of the two amino groups of ethylamine; major species at pH 7.3. It has a role as a human metabolite. It is an ammonium ion derivative and an organochlorine compound.
199,The molecule is a monocarboxylic acid anion obtained by deprotonation of the carboxy group of 3-hydroxy-3-methylbut-2-enoic acid; major species at pH 7.3. It has a role as a bacterial metabolite. It is an enoate ester and a member of phenols.
200,The molecule is an amino trisaccharide consisting of N-acetyl-beta-D-glucosamine having a beta-L-fucosyl residue attached at the 3-position. It has a role as an epitope.
201,"The molecule is a member of the class of benzothiazoles that is 2,4-dihydro-1H-benzothiazole which is substituted at position 3 by a 2-(methylsulfanyl)phenyl group. It has a role as a plant metabolite. It is an aromatic ether, a monocarboxylic acid amide and a secondary carboxamide."
202,"The molecule is a member of the class of xanthones that is 7H-xanthen-9-one substituted by a methoxy group at position 6 and methyl groups at positions 3 and 6. It has been isolated from the roots of Aspergillus niger. It has a role as a plant metabolite. It is an aromatic ether, a monomethoxybenzene and a polyphenol."
203,The molecule is a nucleotide-sugar oxoanion obtained by deprotonation of the diphosphate OH groups of N-acetyl-alpha-D-glucosamine; major species at pH 7.3.
204,The molecule is an L-alpha-amino acid that is L-threonine in which the hydrogen at position 3 has been replaced by a sulfo group. It has a role as a human metabolite and a Saccharomyces cerevisiae metabolise. It is a conjugate acid of a L-tyrosine(1-).
205,"The molecule is a monocarboxylic acid anion obtained by deprotonation of the carboxy group of 2-oxo-1,3-dihydro-2H-pyran-2-one; major species at pH 7.3. It has a role as a bacterial metabolite. It is an aromatic ketone, a member of pyranones and a polyketide. It derives from a 2-O-[(2-hydroxy-1,4-dichlorobenzofuran-3-one."
206,The molecule is an N-acyl-L-alpha-amino acid that is L-leucine in which the acyl group has been replaced by a peptide linkage. It has a role as a human metabolite. It is a conjugate acid of a N-[(2S)-2-hydroxy-3-(methylsulfonyl)cyclohexanoyl]-L2-leucinate.
207,"The molecule is a hydrochloride obtained by the formal condensation of the carboxy group of 2-(4-chlorophenyl)-1,3,5-tetrahydro-1H-pyrrolidin-2-amine with the amino group of 4-[(1R)-3-hydroxyphenyl]-1,3-dichlorobenzene-1-carboxylic acid. It has a role as an antimicrobial agent and an antibacterial drug."
208,"The molecule is a monocarboxylic acid amide obtained by formal condensation of the carboxy group of (R)-dihydropyridine with the amino group of 2-(4-chlorophenyl)piperazin-1-ylamine. It has a role as a bacterial metabolite. It is an aromatic amide, a member of piperazines and a secondary amino compound."
209,"The molecule is an alpha-amino-acid anion that is the conjugate base of (R)-3-hydroxybutyric acid, obtained by deprotonation of the carboxy group; major species at pH 7.3. It is a monocarboxylic acid anion and a member of methylbutyrates."
210,"The molecule is a member of the class of xanthones that is 1,2,4-tetrahydro-1H-xanthen-2-one substituted by hydroxy groups at positions 3, 4 and 6 and a methoxy group at position 6. It has been isolated from the roots of Aspergillus niger. It has a role as a plant metabolite. It is an aromatic ether, a cyclic ketone, an organic heteropentacyclic compound and an enone."
211,The molecule is an L-alpha-amino acid zwitterion obtained by transfer of a proton from the carboxy to the amino group of L-glutamic acid; major species at pH 7.3. It has a role as a human metabolite. It is a tautomer of an alpha-Glutamate(2-).
212,"The molecule is a member of the class of cyclohexanones that is 2,4-dihydro-1H-pyran-2-one substituted by a hydroxy group at position 3 and a 2-(methylsulfonyl)phenyl group at positions 2 and 4 respectively. It has a role as a plant metabolite."
213,"The molecule is an organic cation obtained by protonation of the tertiary amino group of 2,4-dihydro-1H-pyran-2-one. It has a role as a plant metabolite. It is an ammonium ion derivative and a member of pyranones."
214,"The molecule is an unsaturated fatty acyl-CoA that results from the formal condensation of the thiol group of coenzyme A with the carboxy group of (R)-3-hydroxyhexadecanoic acid. It derives from a (S)-3,4-dideoxyhexanoylalanine. It is a conjugate acid of a trans-3-methylhexanionic acid(1-)."
215,"The molecule is an acyl-CoA that results from the formal condensation of the thiol group of coenzyme A with the carboxy group of (R)-3-hydroxyhexadec-2-enoic acid. It is a conjugate acid of a (S)-3,3-dihydroxyheptadecenoic acid."
216,The molecule is an N-acyl-1-O-beta-D-glucosyl-4-hydroxy-15-methylhexadecasphing-4-enine in which the acyl group has 26 carbons and 0 double bonds and is 2-hydroxylated.
217,The molecule is a monocarboxylic acid amide obtained by formal condensation of the carboxy group of N-acetyl-beta-D-glucosamine with the amino group of 2-acetamido-2-deoxy-alpha-L-threo-hex-4-enoic acid. It has a role as a mouse metabolite. It derives from an alpha-Neu5Ac-(1->2)-alkylglycerol).
218,The molecule is an amino trisaccharide consisting of N-acetyl-beta-D-glucosamine having an alpha-L-fucosyl residue attached at the 6-position. It has a role as a mouse metabolite. It derives from a L-fructose.
219,The molecule is a glycosyloxyflavone that is flavone substituted by an alpha-L-rhamnopyranosyl residue at position 3 and a beta-D-glucopyranoside. It has a role as a metabolite. It derives from a flavanone.
220,"The molecule is an N-acyl-L-alpha-amino acid that is L-phenylalanine in which one of the hydrogens attached to the amino group has been replaced by a phenyl group. It has a role as a human xenobiotic metabolite. It is a N,N-dihydroxyanthraquinone and a member of monochlorobenzenes."
221,"The molecule is a 1,2-diacyl-sn-glycero-3-phosphoethanolamine(1-) obtained by deprotonation of the phosphate OH groups of 1-hexadecanoyl-1D-myo-inositol 3-phosphate; major species at pH 7.3. It has a role as a Saccharomyces cerevisiae metabolite."
222,The molecule is an organochlorine compound that is chloride in which one of the hydrogens attached to the nitrogen is replaced by a chlorine. It has a role as a human xenobiotic metabolite. It derives from a chloride.
223,"The molecule is an ammonium ion resulting from the protonation of the tertiary amino group of N-[(1R)-2-hydroxy-3-methyl-1,3-dihydro-1H-imidazole-4-carboxylic acid. The major species at pH 7.3. It is a conjugate acid of a N-[(2S)-2,4-dichlorophenyl]-1,3,5-trimethyl-1H2-imidazol-1-one."
224,The molecule is a glycosylglucose consisting of beta-D-glucopyranose and D-galactopyranose residues joined in sequence by a (1->4) glycosidic bond. It derives from an alpha-L-Fucp-(1->2)-alpha-Rhap.
225,"The molecule is a monocarboxylic acid anion obtained by deprotonation of the carboxy group of (2S)-2-hydroxy-3-methylhexanoic acid; major species at pH 7.3. It has a role as a human metabolite and a Saccharomyces cerevisiae analgesic. It derives from a hydride of a (2R)-2,3-disulfonate."
226,"The molecule is an ammonium ion resulting from the protonation of the primary amino group of (R)-2-methylpiperazine. The major species at pH 7.3. It is a conjugate acid of a (S)-2,2,3,4-tetrahydrochlorine."
227,"The molecule is a member of the class of xanthones that is 7H-xanthen-9-one substituted by hydroxy groups at positions 2 and 6 and a methoxy group at position 6. It has been isolated from the roots of Aspergillus niger. It has a role as a plant metabolite. It is an organic heterotetracyclic compound, an organochlorine compound, a hydroxy monocarboxylic acid and an aromatic ether."
228,The molecule is an alpha-D-galactosyl-(1->4)-N-acetyl-2-deoxy-alpha-L-threo-hex-4-enopyranuronic acid in which the hydroxy group at position 3 has S configuration. It is a conjugate acid of a (S)-3-O-phosphono-beta-GlcpNAc(1-).
229,The molecule is an N-acyl-L-alpha-amino acid anion obtained by deprotonation of the carboxy group of N-acetyl-D-glucosamine; major species at pH 7.3. It has a role as a human metabolite. It is a conjugate base of a N-methionine.
230,"The molecule is a member of the class of xanthones that is 1,2,4-tetrahydro-1H-xanthen-2-one substituted by a hydroxy group at position 3 and a methoxy group at positions 2 and 4 respectively. It has a role as an Escherichia coli metabolite."
231,"The molecule is an organophosphate oxoanion obtained by deprotonation of the phosphate and diphosphate groups of N-acetyl-L-phenylalanine; major species at pH 7.3. It has a role as a bacterial metabolite. It is a member of phenols, an organochlorine compound and a monocarboxylic acid amide."
232,"The molecule is a nucleotide-sugar oxoanion that is the conjugate base of N-acetyl-beta-D-glucosamine, obtained by deprotonation of the diphosphate group; major species at pH 7.3."
233,The molecule is an amino trisaccharide consisting of N-acetyl-beta-D-glucosamine having a 2-acetamido-2-deoxy-alpha-neuraminyl residue attached at the 3-position. It has a role as an epitope.
234,"The molecule is a tetracyclic diterpenoid isolated from the aerial parts of Aspergillus niger. It has a role as a plant metabolite. It is an alpha,beta-unsaturated monocarboxylic acid, a carbotricyclic compound and a member of phenols."
235,"The molecule is a pentacyclic triterpenoid isolated from the roots of Aspergillus niger. It has a role as a plant metabolite. It is an enone, a cyclic terpene ketone and a secondary alcohol."
236,"The molecule is a hydroxy fatty acyl-CoA that results from the formal condensation of the thiol group of coenzyme A with the carboxy group of (R)-3-hydroxyhexadecanoic acid. It derives from a (S)-3,4-dideoxyhexanoyl-2-oxobutanoic acid."
237,The molecule is a 3-oxo-Delta(4) steroid that is dehydrogenase in which the hydroxy group at position 3 has been converted to the corresponding aldehyde. It has a role as a human metabolite. It derives from an alpha-androstane.
238,The molecule is an N-acyl-1-O-beta-D-glucosyl-4-methylhexadecasphing-4-enine-1-phosphocholine in which the acyl group has 26 carbons and 0 double bonds and is 2-hydroxylated. It derives from a 5'-octadecaphytosphingosine.
239,The molecule is a monocarboxylic acid that is cyclohexane substituted by a carboxy group at position 2. It has a role as a plant metabolite. It is tautomer of a cyclopentane.
240,"The molecule is a member of the class of xanthones that is 7H-xanthen-9-one substituted by hydroxy groups at positions 2 and 6 and a methoxy group at position 6. It has been isolated from the roots of Aspergillus niger. It has a role as a plant metabolite. It is an organic heterotetracyclic compound, an organochlorine compound, a polyphenol and an aromatic ether."
241,"The molecule is an organoammonium ion that is the conjugate acid of N-acetylneuraminic acid, obtained by protonation of the amino group; major species at pH 7.3. It has a role as an Escherichia coli metabolite. It is an organic cation and a nitrile."
242,"The molecule is a member of the class of imidazoles that is 1,3,4-tetrahydro-1H-imidazole which is substituted at positions 2 and 5 by hydroxy groups. It has a role as a xenobiotic, an antifungal agent and a fungal metabolite."
243,The molecule is a polyunsaturated monocarboxylic acid that is octahydronaphthalene substituted by a hydroxy group at position 2. It has a role as a human xenobiotic metabolite.
244,"The molecule is a trihydroxyflavone that is flavone substituted by hydroxy groups at positions 2' and 4', a methoxy group at position 3' and a beta-D-glucopyranosyl residue at position 3. It has been isolated from the roots of Chaetomium globosum. It has a role as an antibacterial agent, an antimalarial, an algal metabolite and an antioxidant. It derives from a flavonolidin."
245,"The molecule is a member of the class of phenylureas that is urea in which one of the hydrogens attached to the nitrogen has been replaced by a 4-chlorophenyl group. It has a role as a bacterial xenobiotic metabolite. It is an organochlorine compound, a monocarboxylic acid amide and an aromatic ether."
246,"The molecule is a pentacyclic triterpenoid isolated from the aerial parts of Aspergillus niger. It has a role as a plant metabolite. It is an acetate ester, a cyclic terpene ketone and a monocarboxylic acid."
247,"The molecule is an N-acylpiperazine that is piperazine in which one of the hydrogens attached to the nitrogen has been replaced by a pyridin-2-yl group. It has a role as a plant metabolite. It is a member of pyridines, an organonitrogen heterocyclic compound and an aromatic ether."
248,"The molecule is an oligosaccharide sulfate consisting of 2-acetamido-2-deoxy-beta-D-glucopyranosyl, 2-deoxy-6-O-sulfoxopyranuronosyl and 4-deoxy-5-O'-sugar residues joined in sequence by (1->4) glycosidic linkages. It is a member of acetamides, a carbohydrate acid derivative and a monocarboxylic acid anion. It derives from "
249,"The molecule is a dicarboxylic acid monoester obtained by formal condensation of the carboxy group of 2-hydroxy-3-methylbut-2-en-1-ylbenzoic acid with the hydroxy group of 4-methoxyphenylamine. It has a role as a plant metabolite. It is an aromatic ether, a member of methoxybenzenes and a methyl ester."
250,"The molecule is a member of the class of pyrazoles that is 1,3-dihydropyrazole which is substituted by a methyl group at position 2. It has a role as a human xenobiotic metabolite. It is an enantiomer of a (2E,3S)-1,3,5-tetrahydroxypyrimidin-2-yl group."
251,The molecule is a monocarboxylic acid that is acetic acid in which one of the hydrogens attached to the nitrogen has been replaced by a carboxy group. It has a role as a human urinary metabolite. It derives from a phenylacetic acid.
252,"The molecule is a trihydroxyflavanone that is flavanone substituted by a methoxy group at position 3. It has a role as a plant metabolite. It is an alpha,beta-unsaturated monocarboxylic acid and a polyphenol."
253,The molecule is a monocarboxylic acid that is acetic acid in which one of the hydrogens attached to the nitrogen is replaced by a 4-chlorophenyl group. It has a role as a bacterial xenobiotic metabolite. It is an aromatic ether and a member of monochlorobenzenes.
254,"The molecule is an N-acyl-L-alpha-amino acid anion obtained by deprotonation of the carboxy and phosphate groups of N-acetyl-D-glucosamine; major species at pH 7.3. It has a role as a human metabolite. It is a conjugate base of a N(6),N(5),N(4),N(7),N(8),N(1),N(2),N(3),N(6),n(4),5-dihydrocarboxylate."
255,The molecule is the stable isotope of zwitterion. It has a role as a human xenobiotic metabolite. It is a tautomer of a 100 percent natural abundance.
256,The molecule is a monocarboxylic acid anion obtained by deprotonation of the carboxy group of 4-O-(beta-D-glucopyranosyl)acetic acid; major species at pH 7.3. It has a role as a human metabolite.
257,The molecule is a glycosylgalactose consisting of alpha-L-fucopyranose and beta-D-galactofuranose residues joined in sequence by a (1->4) glycosidic bond. It derives from a beta-Galp-(1->4)-beta-Rhap.
258,"The molecule is a nucleotide-sugar oxoanion that is the conjugate base of N-acetyl-beta-D-glucosamine, obtained by deprotonation of the diphosphate OH group; major species at pH 7.3. It has a role as a human metabolite and a Saccharomyces cerevisiae analgesic. It derives from a guanosine."
259,"The molecule is a triterpenoid saponin that is 2,4-dihydro-2H-pyran-2-one substituted by a hydroxy group at position 3 and methyl groups at positions 2 and 4 respectively. It has a role as a plant metabolite."
260,"The molecule is an organosulfonate oxoanion obtained by deprotonation of the sulfoxide OH group of 2,4-dichlorophenylpyruvate; major species at pH 7.3. It has a role as a human metabolite. It is a conjugate base of a 2,3-disulfonic acid."
261,"The molecule is a tripeptide composed of L-leucine, L-phenylalanine and L-proline joined in sequence by peptide linkages. It has a role as a metabolite."
262,The molecule is a trisaccharide consisting of beta-D-galactopyranose and D-glucopyranose residues joined in sequence by a (1->4) glycosidic bond. It derives from a D-Glcp-(1->3)-alpha-L-Rhap.
263,"The molecule is a tetrapeptide composed of L-leucine, L-threonine and L-valine joined in sequence by peptide linkages. It has a role as an Escherichia coli metabolite. It derives from a Leucine and a L-proline."
264,"The molecule is a glycosyloxyflavone that is beta-D-glucopyranose in which the hydroxy group at position 3 has been converted into the corresponding 2-O-(4-deoxy-alpha-L-threo-hex-4-en-1-yl)-2,3-dihydropyranoside. It has a role as a plant metabolite. It is an enone, a monosaccharide derivative and a member of phenols. It derives from a"
265,"The molecule is a pentacyclic triterpenoid that is 2,3-dihydro-2H-pyran-3-one substituted by hydroxy groups at positions 3 and 6 and a hydroxy group at position 3. It has been isolated from the stems of Aspergillus niger. It has a role as a plant metabolite. It is an alpha,beta-unsaturated monocarboxylic acid, a member of phenols and an enone."
266,The molecule is a monocarboxylic acid amide obtained by formal condensation of the carboxy group of (R)-3-methylbutanoyl-L-lysine with the amino group of 2-(4-hydroxyphenyl)ethyl ester. It has a role as an Escherichia coli metabolite. It derives from a butyric acid.
267,"The molecule is a phosphate oxoanion that is the conjugate base of 2-dehydro-2-deoxy-alpha-D-glucopyranose, obtained by deprotonation of the carboxy group; major species at pH 7.3. It has a role as an Escherichia coli metabolite. It derives from a D-glucose."
268,"The molecule is a monocarboxylic acid amide obtained by formal condensation of the carboxy group of 2-(2,4-dichlorophenyl)propan-2-ol with the amino group of (R)-chlorobenzene. It has a role as a bacterial xenobiotic metabolite."
269,The molecule is a member of the class of phenols that is phenol substituted by a methyl group at position 2. It has a role as a plant metabolite. It derives from an oleic acid.
270,The molecule is an N-acyl-1-O-beta-D-glucosyl-4-methylhexadecasphing-4-enine-1-phosphocholine in which the acyl group is specified as octadecanoyl. It has a role as a mouse metabolite.
271,"The molecule is a pentacyclic triterpenoid that is 1,3-dihydro-1H-pyran-2-one substituted by hydroxy groups at positions 3 and 6 and a methoxy group at position 3. It has been isolated from the roots of Aspergillus niger. It has a role as a plant metabolite. It is an enantiomer of a (R)-1,3,4-trimethyl-5beta-sterol."
272,"The molecule is a nucleobase analogue obtained by formal condensation of the carboxy group of guanidine with the amino group of 1,3-dihydro-1H-purine. It has a role as a human metabolite and a Saccharomyces cerevisiae mutagen. It derives from a guanidinium."
273,"The molecule is an organic heterotetracyclic compound that is 1,3-dihydro-1H-pyran-2-one which is substituted at positions 2 and 5 by fluoro groups. It has a role as a bacterial xenobiotic metabolite. It is an ammonium ion derivative, a member of monofluorobenzenes and an organochlorine compound."
274,The molecule is an N-acyl-L-phenylalanine in which the acyl group is specified as acetyl. It has a role as a mouse metabolite. It derives from a acetic acid.
275,"The molecule is an unsaturated fatty acyl-CoA that results from the formal condensation of the thiol group of coenzyme A with the carboxy group of (5Z,8Z,11Z,13Z,16Z,19Z)-3-hydroxyhexacosapentaenoic acid. It derives from an all-cis-docosa-4,7,11,13,16-tetradecadienoic acid."
276,"The molecule is an organophosphate oxoanion obtained by deprotonation of the phosphate, diphosphate and phosphonate OH groups of 1,2,3-trisphosphate; major species at pH 7.3. It has a role as a human metabolite. It is a conjugate base of a 1,3,5-triSphosphate."
277,The molecule is an N-acyl-1-O-beta-D-glucosyl-4-hydroxy-15-methylhexadecasphing-4-enine in which the acyl group has 27 carbons and 0 double bonds. It derives from a 15-methylheptadecaphytosphingosine.
278,The molecule is a nucleotide-sugar oxoanion obtained by deprotonation of the diphosphate OH groups of N-acetyl-alpha-D-glucosamine; major species at pH 7.3.
279,"The molecule is a member of the class of phenylureas that is urea in which one of the hydrogens attached to the nitrogen has been replaced by a 4-chlorophenyl group. It has a role as a plant metabolite. It is an aromatic ether, a monocarboxylic acid amide and a secondary amino compound."
280,The molecule is a member of the class of thiophenes that is thiol in which one of the methyl hydrogens is replaced by a hydroxy group. It has a role as a human xenobiotic metabolite. It derives from an iodol.
281,The molecule is an unsaturated fatty acyl-CoA that results from the formal condensation of the thiol group of coenzyme A with the carboxy group of (R)-3-hydroxyhexadecanoic acid. It derives from a butyric acid.
282,The molecule is a member of the class of phenylureas that is urea in which one of the hydrogens attached to the nitrogen has been replaced by a methyl group. It has a role as a plant metabolite.
283,"The molecule is an organosulfate oxoanion that is the conjugate base of sulfuric acid, obtained by deprotonation of the carboxy group; major species at pH 7.3."
284,"The molecule is a member of the class of pyrimidines that is pyrimidone substituted by a hydroxy group at position 2. It has a role as a human xenobiotic metabolite. It is an aromatic ether, a secondary alcohol and a primary amino compound."
285,"The molecule is a member of the class of cyclohexanones that is 2,3-dihydro-2H-pyran-2-one substituted by a methyl group at position 2. It has a role as a plant metabolite."
286,The molecule is an amino trisaccharide consisting of N-acetyl-beta-D-glucosamine having a 2-acetamido-2-deoxy-alpha-L-rhamnopyranosyl residue attached at the 3-position. It has a role as an epitope.
287,"The molecule is a 1,2-diacyl-sn-glycero-3-phospho-beta-D-galactopyranose in which the acyl group is specified as hexadecanoyl. It has a role as a mouse metabolite."
288,"The molecule is a glycosyloxyflavone that is flavone substituted by a beta-D-galactopyranosyl residue at position 3. It has been isolated from the roots of Aspergillus niger. It has a role as a plant metabolite. It is an aromatic ether, a monosaccharide derivative and a member of flavonols."
289,The molecule is a monocarboxylic acid amide obtained by formal condensation of the carboxy group of N-acetyl-beta-D-glucosamine with the amino group of 2-acetamido-2-deoxy-alpha-L-rhamnopyranose. It has a role as a bacterial metabolite. It is an enantiomer of a 3-acetanodine.
290,"The molecule is a pentacyclic triterpenoid that is 5alpha-cholestan-2-one substituted by hydroxy groups at positions 3 and 7 and a methyl group at position 3. It has been isolated from the roots of Aspergillus sp. It has a role as a plant metabolite. It is an alpha,beta-unsaturated monocarboxylic acid, a member of octahydronaphthalenes and an olefinic compound."
291,"The molecule is a straight-chain saturated fatty acid that is hexadecanoic acid in which one of the terminal methyl hydrogens is replaced by a hydroxy group. It has a role as a plant metabolite. It is an alpha,beta-unsaturated monocarboxylic acid and a long-chain fatty alcohol. It derives from a docosanoic acid."
292,The molecule is an organosulfonate oxoanion obtained by deprotonation of the sulfoxide OH group of N-acetyl-beta-D-glucosamine; major species at pH 7.3. It has a role as a human metabolite. It is a conjugate base of an acetamide.
293,The molecule is an N-acyl-1-O-beta-D-glucosyl-4-hydroxy-15-methylhexadecasphing-4-enine in which the acyl group has 27 carbons and 0 double bonds. It derives from a 15-methylheptadecaphytosphingosine.
294,"The molecule is a hydroxy monocarboxylic acid anion obtained by deprotonation of the carboxy and hydroxy groups of 2,4-dihydroxy-1,3-benzofuran-2-one; major species at pH 7.3."
295,"The molecule is a member of the class of acetamides that is acetic acid in which the hydrogen at position 3 has been replaced by a methoxy group. It has a role as a plant metabolite. It is an aromatic ether, a monomethoxybenzene and a tertiary alpha-hydroxy ketone."
296,"The molecule is an organophosphate oxoanion obtained by deprotonation of the carboxy and phosphate groups of (S)-3-(methylsulfanyl)-2,4-dihydro-1H-imidazol-5-ylphosphonate; major species at pH 7.3. It has a role as a human metabolite."
297,The molecule is an organosulfonate oxoanion obtained by removal of a proton from the carboxylic acid group of thiocarbamic acid. It has a role as a human xenobiotic metabolite. It is a conjugate base of an thiazocarbamate.
298,"The molecule is an organosulfonate oxoanion that is the conjugate base of 2,3-dihydro-2H-pyran-2-one, obtained by deprotonation of the sulfoxide group; major species at pH 7.3. It has a role as a human xenobiotic metabolite. It is an aromatic ether, a member of pyranones and a monosaccharide derivative."
299,"The molecule is a tripeptide composed of L-lysine, L-leucine and L-proline joined in sequence by peptide linkages. It has a role as a metabolite. It derives from a L-tryptophan, a D-alpha-amino acid and an aldehyde."
300,The molecule is a member of the class of phenylureas that is urea in which one of the hydrogens attached to the nitrogen has been replaced by a hydroxy group. It has a role as a human xenobiotic metabolite. It is an aromatic ether and a primary amino compound.
301,"The molecule is a monocarboxylic acid amide obtained by formal condensation of the carboxy group of 2-[(4-chlorophenyl)ethyl]-1,3-dihydro-2H-pyran-2-one with the amino group of 2,3-diphenylacetic acid. It has a role as a bacterial xenobiotic metabolite. It is an aromatic amide and a member of pyranones."
302,"The molecule is a phosphate oxoanion that is the conjugate base of D-glucopyranose, obtained by deprotonation of the carboxy group; major species at pH 7.3. It has a role as a Saccharomyces cerevisiae metabolite. It derives from an alpha-D-glucose."
303,The molecule is a purine ribonucleoside 5'-monophosphate that is N-acetyl-beta-D-ribofuranose in which the hydroxy group at position 3 has been converted into the corresponding guanidine. It has a role as an Escherichia coli metabolite. It derives from a guanidinium.
304,The molecule is a glycosyloxyflavone that is beta-D-glucopyranose in which the hydroxy group at position 3 has been converted into the corresponding beta-L-fucopyranoside. It has a role as a plant metabolite. It derives from an oleanane.
305,The molecule is an L-alpha-amino acid zwitterion obtained by transfer of a proton from the carboxy to the amino group of L-glutamyl-L-cysteine; major species at pH 7.3. It has a role as a human metabolite and a Saccharomyces cerevisiae metabolise. It is a tautomer of an N-(methylsulfonyl)-L-2-methionine.
306,The molecule is a 3-oxo monocarboxylic acid anion obtained by deprotonation of the carboxy group of 5-oxopentanoic acid; major species at pH 7.3.
307,The molecule is an ammonium ion resulting from the protonation of the tertiary amino group of 2-[(4-chlorophenyl)amino]propane-1-carboxylic acid. The major species at pH 7.3. It is a conjugate acid of a 3-[(5-chrysyloxy)acetate.
308,The molecule is a member of the class of phenols that is phenol substituted by a hydroxy group at position 2. It has a role as a plant metabolite. It is olefinic compound and an aromatic ether.
309,"The molecule is a glycosyloxyflavone that is beta-D-glucopyranose in which the hydroxy group at position 3 has been converted into the corresponding alpha-L-arabinopyranosyl derivative. It has a role as a bacterial metabolite. It is an alpha,beta-unsaturated monocarboxylic acid and a member of phenols."
310,The molecule is a pentacyclic triterpenoid that is oleanane substituted by a methyl group at position 2. It has a role as a plant metabolite.
311,The molecule is an L-alpha-amino acid zwitterion obtained by transfer of a proton from the carboxy to the amino group of L-arginine. It has a role as a metabolite.
312,The molecule is a long-chain primary fatty alcohol that is hexadecan-1-ol substituted by a methyl group at position 1. It has a role as a plant metabolite.
313,The molecule is a monocarboxylic acid anion obtained by deprotonation of the carboxy group of 4-hydroxyphenylacetic acid; major species at pH 7.3. It has a role as a human xenobiotic metabolite. It derives from a propionate.
314,"The molecule is a divalent inorganic anion that is the conjugate base of chlorin, obtained by deprotonation of the carboxy group. It has a role as a human xenobiotic metabolite. It derives from a chlorin."
315,"The molecule is a polyunsaturated fatty acid anion that is the conjugate base of (5Z,8Z,11Z,14Z,17Z)-icosatrienoic acid, obtained by deprotonation of the carboxy group; major species at pH 7.3. It derives from an all-cis-5,8,11,14,15-tetraanion."
316,The molecule is an N-acyl-L-alpha-amino acid that is L-phenylalanine in which one of the hydrogens attached to the nitrogen has been replaced by a phenyl group. It has a role as a human xenobiotic metabolite. It is an enantiomer of a N-[(4-hydroxyphenylethyl)methyl]-1-(3-methylphenylacetic)propanoate.
317,"The molecule is a 1,2-diacyl-sn-glycero-3-phosphoethanolamine in which the 1- and 2-acyl groups are specified as hexadecanoyl. It has a role as a mouse metabolite. It derives from an oleic acid."
318,The molecule is an organophosphate oxoanion obtained by deprotonation of the phosphate and diphosphate functions of N-acetyl-beta-D-glucosamine; major species at pH 7.3. It has a role as a human metabolite and a Saccharomyces cerevisiae metabolites. It is a conjugate base of a N-methoxy-3-methylhexadecasphingosine.
319,"The molecule is a monocarboxylic acid anion obtained by deprotonation of the carboxy and hydroxy groups of (2S)-2-hydroxy-3-methylbutanoate; major species at pH 7.3. It has a role as a human metabolite. It is an enantiomer of a (2R)-2,3-dihydroxy-4-methylbenzoic acid."
320,"The molecule is a 1,2-diacyl-sn-glycero-3-phosphoethanolamine in which the acyl groups at positions 1 and 2 are specified as hexadecanoyl and (4Z,7Z,10Z,13Z,16Z,19Z)-docosapentaenoic acid respectively. It has a role as a mouse metabolite."
321,"The molecule is an alpha,omega-dicarboxylic acid that is acetic acid in which one of the hydrogens attached to the nitrogen is replaced by a hydroxy group. It has a role as a human xenobiotic metabolite. It is a member of acetamides and a secondary amino compound."
322,The molecule is a pentacyclic triterpenoid that is 5alpha-cholestan-3beta-ol substituted by hydroxy groups at positions 3 and 7 and a methyl group at position 3. It has been isolated from the roots of Aspergillus niger. It has a role as a plant metabolite.
323,"The molecule is a monocarboxylic acid amide obtained by formal condensation of the carboxy group of N-acetyl-beta-D-glucosamine with the amino group of 2-(4-methoxyphenyl)-1,3-thiazol-2-one. It has a role as a bacterial xenobiotic metabolite. It is an organic heterotricyclic compound, a member of pyrazoles and a secondary carboxamide."
324,"The molecule is a monocarboxylic acid anion obtained by deprotonation of the carboxy group of 3-(4-hydroxyphenyl)propane-1,2-diol. It is the major microspecies at pH 7.3 (according to Marvin v 6.2.0.). It has a role as a marine xenobiotic metabolite."
325,The molecule is an L-alpha-amino acid zwitterion obtained by transfer of a proton from the carboxy to the amino group of N-acetyl-L-cysteine; major species at pH 7.3. It is a tautomer of an S-configuration.
326,"The molecule is a monocarboxylic acid amide obtained by formal condensation of the carboxy group of N-acetyl-beta-D-glucosamine with the amino group of 2-[(4-hydroxyphenyl)ethyl]-2,3-dideoxy-alpha-L-rhamnopyranose. It has a role as a bacterial metabolite. It is an aromatic amide and a member of acetamides."
327,"The molecule is a steroid sulfate oxoanion that is the conjugate base of 5alpha-cholestan-2-one, obtained by deprotonation of the carboxy group; major species at pH 7.3."
328,The molecule is a member of the class of cyclohexanes that is cyclopentane substituted by a methyl group at position 2. It has a role as a plant metabolite.
329,"The molecule is an amino trisaccharide consisting of beta-D-galactopyranose, 2-acetamido-2-deoxy-beta-L-threo-hex-4-enopyranuronosyl, N-acetyl-alpha-Neu5Ac-(1->4)-N-acylglucosamine and 2-O-sulfo-Delta(4)-neuraminic acid residues joined in sequence by (1->3) linkages. It has a role as an"
330,The molecule is a monocarboxylic acid anion obtained by deprotonation of the carboxy and sulfo groups of N-acetyl-beta-D-glucosamine; major species at pH 7.3.
331,"The molecule is an organophosphate oxoanion obtained by deprotonation of the phosphate and diphosphate groups of 2,3-dihydro-2H-pyran-1-one. It is a conjugate base of a 1,3-D-ribose."
332,The molecule is an L-alpha-amino acid zwitterion obtained by transfer of a proton from the carboxy to the amino group of L-phenylalanine; major species at pH 7.3. It is a tautomer of an alpha-lactam.
333,"The molecule is an alpha,beta-unsaturated monocarboxylic acid that is octahydronaphthalene substituted by a hydroxy group at position 2. It has a role as a human xenobiotic metabolite."
334,"The molecule is an organophosphate oxoanion obtained by deprotonation of the phosphate and diphosphate groups of N-acetyl-D-glucosamine; major species at pH 7.3. It has a role as a human metabolite and a Saccharomyces cerevisiae metabolites. It is a conjugate base of a N,N'-diacetoxyguanosamine."
335,"The molecule is a member of the class of phenylureas that is urea in which one of the hydrogens attached to the nitrogen is replaced by a methoxy group. It has a role as a plant metabolite. It is an aromatic ether, a tertiary alcohol and a monomethoxybenzene."
336,The molecule is a member of the class of furans that is furan substituted by a hydroxy group at position 2. It has a role as a plant metabolite. It derives from a furan.
337,The molecule is a monomethoxyflavone that is flavone substituted by a methoxy group at position 3 and methyl groups at positions 2 and 4 respectively. It has a role as a plant metabolite. It is an enantiomer of a (R)-glavone.
338,"The molecule is a member of the class of xanthones that is xanthene substituted by hydroxy groups at positions 2' and 4', a methoxy group at position 3' and a 4-hydroxy-3-methoxyphenyl moiety at position 3. It has been isolated from the roots of Aspergillus niger. It has a role as a plant metabolite."
339,The molecule is a member of the class of phenylureas that is urea in which one of the hydrogens attached to the nitrogen has been replaced by a methoxy group. It has a role as a bacterial xenobiotic metabolite. It is an aromatic ether and a monomethoxybenzene.
340,The molecule is an L-alpha-amino acid zwitterion obtained by transfer of a proton from the carboxy to the amino group of L-tryptophan; major species at pH 7.3. It is a tautomer of an N-acetyl-L-lysine.
341,"The molecule is a pentacyclic triterpenoid isolated from the aerial parts of Aspergillus niger. It has a role as a plant metabolite. It is an acetate ester, a cyclic terpene ketone and a secondary alcohol."
342,"The molecule is an alpha,beta-unsaturated monocarboxylic acid that is benzene substituted by a methyl group at position 2. It has a role as a plant metabolite."
343,"The molecule is an organophosphate oxoanion obtained by deprotonation of the phosphate and diphosphate groups of 2,4-dihydro-1H-pyran-2-one; major species at pH 7.3."
344,The molecule is a member of the class of phenylamines that is benzene in which one of the hydrogens attached to the nitrogen is replaced by a hydroxy group. It has a role as a human xenobiotic metabolite.
345,"The molecule is a member of the class of imidazoles that is 1,3,4-tetrahydro-1H-imidazole which is substituted at positions 2 and 5 by methyl, pyridin-2-yl, and methoxy groups, respectively. It has a role as a bacterial xenobiotic metabolite."
346,The molecule is a primary alcohol that is hexane substituted by a hydroxy group at position 1. It has a role as a plant metabolite. It derives from an oleic acid.
347,The molecule is an N-acyl-L-alpha-amino acid that is L-phenylalanine in which the acyl group has been replaced by a peptide linkage. It has a role as a human metabolite. It derives from a L-proline.
348,"The molecule is an organosulfonate oxoanion that is the conjugate base of acetic acid, obtained by deprotonation of the carboxy group; major species at pH 7.3. It has a role as a human xenobiotic metabolite."
349,"The molecule is a glycosyloxyflavone that is flavone substituted by a beta-D-glucosyl residue at position 4'. It has a role as a plant metabolite. It is an alpha-L-glucoside, a monosaccharide derivative and a member of flavonols."
350,The molecule is a glycosylglucose consisting of beta-D-glucopyranose and D-galactopyranose residues joined in sequence by a (1->4) glycosidic bond. It derives from an alpha-L-Fucp-(1->3)-beta-Rhap.
351,"The molecule is a hydroxy monocarboxylic acid anion that is the conjugate base of 2,4-dihydroxy-5-oxo-1,3,5-tetrahydro-1H-pyran-2-one, obtained by deprotonation of the carboxy group; major species at pH 7.3. It has a role as a human xenobiotic metabolite."
352,"The molecule is a member of the class of imidazoles that is 1,3-dihydro-1H-imidazole which is substituted by a methoxy group at position 2. It has a role as a plant metabolite. It is an aromatic ether, a monomethoxybenzene and a secondary amino compound."
353,"The molecule is an unsaturated fatty acyl-CoA that results from the formal condensation of the thiol group of coenzyme A with the carboxy group of (2E,7Z,10Z,13Z,16Z,19Z)-3-hydroxytetracosapentaenoic acid. It is a 3-substituted (3E,8Z,11Z,14Z,17Z,20Z)-2-hydroxytriacontapentahexaenolide and an ultra-long-chain "
354,"The molecule is a member of the class of imidazoles that is 1,2,4-tetrahydro-1H-imidazole which is substituted at positions 2 and 5 by methyl groups, and at position 3 by a hydroxy group. It has a role as a human xenobiotic metabolite."
355,The molecule is a 3beta-hydroxy steroid that is 5alpha-cholestane carrying an additional hydroxy substituent at position 5. It has a role as a human xenobiotic metabolite.
356,The molecule is a peptide zwitterion obtained by transfer of a proton from the carboxy to the amino group of L-tyrosine; major species at pH 7.3. It has a role as a human metabolite. It derives from a L-toluene.
357,The molecule is a dipeptide composed of L-glutamic acid and L-aspartic acid joined in sequence by peptide linkages. It has a role as a metabolite. It derives from a L-alpha-amino acid and a D-alanine.
358,The molecule is an amino trisaccharide consisting of N-acetyl-beta-D-glucosamine having a 2-acetamido-2-deoxy-alpha-L-fucosyl residue attached at the 3-position. It has a role as an epitope.
359,The molecule is an N-acyl-4-hydroxy-15-methylhexadecasphing-4-enine in which the acyl group has 26 carbons and 0 double bonds and is 2-hydroxylated. It derives from a 15-methylheptadecaphytosphingosine.
360,"The molecule is a triterpenoid saponin that is 2,3-dihydro-1H-pyran-2-one substituted by a hydroxy group at position 3, methyl groups at positions 2 and 6 and a methoxy group at the 3beta position. It has a role as a plant metabolite."
361,"The molecule is an unsaturated fatty acyl-CoA that results from the formal condensation of the thiol group of coenzyme A with the carboxy group of (2E,7Z,10Z,13Z,16Z,19Z)-3-hydroxytetracosapentaenoic acid. It is a long-chain fatty alpha-amino acid anion and a 3-hydroxy trianion. It derives from a (3E,8Z,11Z,14Z,17Z,20Z,"
362,"The molecule is a polyunsaturated fatty acyl-CoA(4-) obtained by deprotonation of the phosphate and diphosphate OH groups of (3R,11Z,14Z,17Z,20Z,23Z,26Z)-3-hydroxyhexatriacontapentaenoyl-2-oxobutanoic acid; major species at pH 7.3. It has a role as an Escherichia coli metabolite. It derives from an all-cis-"
363,"The molecule is a member of the class of phenols that is phenol substituted by a methoxy group at position 3 and methyl groups at positions 2 and 6. It has a role as a plant metabolite. It is an aromatic ether, a monomethoxybenzene and a secondary alcohol. It derives from a phenol."
364,The molecule is an N-acyl-L-alpha-amino acid that is L-phenylalanine in which one of the hydrogens attached to the nitrogen is replaced by a hydroxy group. It has a role as a human xenobiotic metabolite.
365,"The molecule is an organoammonium ion that is the conjugate acid of 2-aminobutyric acid, obtained by protonation of the amino group; major species at pH 7.3. It has a role as a human metabolite and a Saccharomyces cerevisiae metabolites. It is a conjugate base of a 3-aminopentane."
366,The molecule is a monocarboxylic acid amide obtained by formal condensation of the carboxy group of N-acetyl-beta-D-glucosamine with the amino group of L-phenylalanine. It has a role as an Escherichia coli metabolite. It derives from a L-proline.
367,"The molecule is an N-acyl-L-alpha-amino acid anion that is the conjugate base of N-acetyl-D-glucosamine, obtained by deprotonation of the carboxy group; major species at pH 7.3. It has a role as a human metabolite. It derives from a L-glucotriose."
368,The molecule is a dicarboxylic acid amide obtained by formal condensation of the carboxy group of N-acetyl-D-glucosamine with the amino group of L-lysine. It has a role as a metabolite. It derives from a L-tryptophan.
369,"The molecule is a member of the class of pyrazoles that is 1,3-dihydropyrazole which is substituted by a hydroxy group at position 3 and by methyl groups at positions 2 and 6. It has a role as a plant metabolite."
370,"The molecule is an organophosphate oxoanion obtained by deprotonation of the phosphate, diphosphate and carboxy groups of N-acetyl-alpha-D-glucosamine; major species at pH 7.3. It is a conjugate base of an alpha-L-fucose."
371,"The molecule is a dipeptide composed of L-leucine, L-threonine and L-serine joined in sequence by peptide linkages. It has a role as a metabolite."
372,"The molecule is a pentacyclic triterpenoid isolated from the aerial parts of Aspergillus niger. It has a role as a plant metabolite. It is an acetate ester, a cyclic terpene ketone and a secondary alcohol."
373,"The molecule is a member of the class of cyclohexenes that is 1,2,4-tetrahydro-2H-cyclopentane substituted by a methyl group at position 2. It has a role as a plant metabolite. It is  an enone, a secondary alcohol and a monoterpenoid."
374,The molecule is a member of the class of cyclohexanes that is cyclopentane in which one of the hydrogens at position 2 is replaced by a methyl group. It has a role as a human xenobiotic metabolite.
375,"The molecule is a 1,2-diacyl-sn-glycero-3-phosphoethanolamine in which the acyl groups at positions 1 and 2 are specified as hexadecanoyl. It has a role as a mouse metabolite. It derives from an oleic acid."
376,"The molecule is a member of the class of furans that is furan-2-one substituted by a hydroxy group at position 3 and a 4-hydroxy-3-methylphenyl moiety at position 3. It has been isolated from the roots of Aspergillus niger. It has a role as a plant metabolite. It is an organic heteropentacyclic compound, an enoate ester, an aromatic ether, a monosaccharide derivative and an epoxy steroid."
377,"The molecule is a pentacyclic triterpenoid isolated from the aerial parts of Aspergillus niger. It has a role as a plant metabolite. It is an alpha,beta-unsaturated monocarboxylic acid and a cyclic terpene ketone."
378,The molecule is a member of the class of phenylureas that is urea in which one of the hydrogens attached to the nitrogen has been replaced by a hydroxy group. It has a role as a human xenobiotic metabolite. It is an aromatic ether and a monocarboxylic acid.
379,"The molecule is an organic heterotetracyclic compound that is 2,4-dihydro-1H-imidazol-2-one substituted by a methyl group at position 3 and a 2-hydroxy-3-methylbut-2-en-1-yl moiety at position 3. It has been isolated from the roots of Aspergillus niger. It has a role as a plant metabolite. It is an ammonium ion derivative, a member of imidazoles, an organofluorine compound and an aromatic ether"
380,"The molecule is a tripeptide composed of L-leucine, L-arginine and L-valine joined in sequence by peptide linkages. It has a role as a metabolite."
381,"The molecule is an unsaturated fatty acyl-CoA that results from the formal condensation of the thiol group of coenzyme A with the carboxy group of (5Z,8Z,11Z,13Z,16Z,19Z)-3-hydroxyhexacosapentaenoic acid. It derives from an all-cis-docosa-4,7,11,13,16-tetradecadienoic acid."
382,The molecule is an amino trisaccharide consisting of N-acetyl-beta-D-glucosamine and D-galactosamine residues joined in sequence by (1->4) glycosidic bonds. It derives from an alpha-L-Fucp-(1->3)-alpha-Neu5Ac.
383,"The molecule is a member of the class of pyrrolidin-2-ones obtained by formal condensation of the carboxy group of (2E,4E)-3-(3-hydroxyphenyl)prop-1-en-1-ol with the amino group of 2-[(2,4-dimethylphenylamino)ethylidene]cyclohexane-1-carboxylic acid. It has a role as a human xenobiotic metabolite. It is an aromatic ketone, a secondary alcohol and"
384,"The molecule is a monocarboxylic acid amide obtained by formal condensation of the carboxy group of (R)-2-methylpiperazine with the amino group of 2-(2,4-dichlorophenyl)piperazin-1-ylamine. It has a role as a plant metabolite. It is an enantiomer of a (S)-2,6-dihydrophenate."
385,The molecule is an N-acyl-4-hydroxy-15-methylhexadecasphing-4-enine in which the acyl group has 22 carbons and 0 double bonds and is 2-hydroxylated. It derives from a 15-methylheptadecaphytosphingosine.
386,"The molecule is an unsaturated fatty acyl-CoA(4-) obtained by deprotonation of the phosphate and diphosphate OH groups of (11Z,13Z,16Z,19Z)-3-hydroxyoctacosapentaenoyl-2-oxohexatriaconjugate; major species at pH 7.3."
387,The molecule is a member of the class of xanthones that is xanthene substituted by a hydroxy group at position 3 and methyl groups at positions 2 and 6. It has a role as a plant metabolite.
388,The molecule is a dipeptide composed of L-glutamic acid and L-aspartic acid joined in sequence by peptide linkages. It has a role as a metabolite. It derives from a L-gamma-glutamine and an alpha-amino acid.
389,"The molecule is an unsaturated fatty acyl-CoA that results from the formal condensation of the thiol group of coenzyme A with the carboxy group of (11Z,13Z,16Z,19Z)-3-hydroxyhexacosapentaenoic acid. It derives from an all-cis-docosa-4,7,10,13,16-tetradecadienoic acid."
390,The molecule is a nucleotide-sugar oxoanion obtained by deprotonation of the diphosphate OH groups of N-acetyl-beta-D-glucosamine; major species at pH 7.3.
391,The molecule is an organochlorine compound that is chloride in which one of the hydrogens has been replaced by a chloro group. It has a role as a human xenobiotic metabolite. It is a member of monochlorobenzenes and a chlorine.
392,The molecule is a methoxyflavone that is flavone substituted by an acetyl group at position 2 and hydroxy groups at positions 3 and 6 respectively. It has a role as a plant metabolite. It is an enantiomer of a (S)-glavone.
393,The molecule is a phenolate anion obtained by deprotonation of the two carboxy groups and protonation of one of the phenolic hydroxy groups of 2-(4-hydroxyphenyl)propan-2-ol. It is the major microspecies at pH 7.3 (according to Marvin v 6.2.0.). It has a role as a plant metabolite.
394,"The molecule is a member of the class of xanthones that is 1,2,4-tetrahydro-1H-xanthen-2-one substituted by a methyl group at position 3 and a 2-[(1R,3S)-3-hydroxyphenyl]cyclohex-2-en-1-ylidene moiety at position 3. It has been isolated from the roots of Aspergillus niger. It has a role as a plant metabolite. It is an enantiomer of a"
395,"The molecule is a nucleotide-sugar oxoanion that is the conjugate base of N-acetyl-beta-D-glucosamine, obtained by deprotonation of the diphosphate group; major species at pH 7.3. It has a role as an Escherichia coli metabolite."
396,"The molecule is an alpha,omega-dicarboxylic acid that is hexadecanoic acid substituted by a hydroxy group at position 2. It has a role as a human metabolite. It is a conjugate acid of a 2-hydroxyhexanoate."
397,"The molecule is a 1,2-diacyl-sn-glycero-3-phosphoethanolamine in which the acyl groups at positions 1 and 2 are specified as hexadecanoyl. It has a role as a mouse metabolite. It derives from an oleic acid."
398,"The molecule is a 1,2-diacyl-sn-glycero-3-phosphoethanolamine(1-) obtained by deprotonation of the phosphate OH groups of 1-hexadecanoyl-1D-myo-inositol 3-phosphate; major species at pH 7.3."
399,The molecule is a monocarboxylic acid that is phenylacetic acid substituted by a methoxy group at position 2. It has a role as a plant metabolite. It derives from an acetic acid.
400,"The molecule is a hydroxy fatty acyl-CoA that results from the formal condensation of the thiol group of coenzyme A with the carboxy group of (11Z)-3-hydroxyhexadec-2-enoic acid. It derives from a (13Z,14Z,17Z,20Z,23Z)-4-hydroxyheptadecadienoic acid."
401,"The molecule is a docosanoid that is (4Z,7Z,10Z,13Z,16Z,19Z)-docosapentaenoic acid carrying an additional hydroxy substituent at position 17. It has a role as a human xenobiotic metabolite. It derives from an all-cis-5,7,10,13,16,19-hexaenorhabditis elegans."
402,The molecule is a member of the class of furans that is furan-2(1H)-one substituted by a hydroxy group at position 2. It has a role as a human xenobiotic metabolite.
403,The molecule is an amino acid zwitterion obtained by transfer of a proton from the carboxy to the amino group of N-acetyl-beta-D-glucosamine; major species at pH 7.3. It has a role as an Escherichia coli metabolite. It is a tautomer of an acetamide.
404,"The molecule is a sulfur oxoanion that is the conjugate base of sulfuric acid, obtained by deprotonation of the carboxy group; major species at pH 7.3. It has a role as a human metabolite and a Saccharomyces cerevisiae analgesic."
405,"The molecule is a branched amino pentasaccharide consisting of beta-D-galactose, N-acetyl-alpha-neuraminyl and 2-acetamido-2-deoxy-beta-L-fucosyl residues joined in sequence by (1->4) glycosidic bonds. It derives from an alpha-Neu5Ac-(1->4)-beanta-D"
406,The molecule is an N-acylglycine in which the acyl group is specified as hexadecanoyl. It has a role as a mouse metabolite. It derives from a benzoic acid.
407,"The molecule is a long-chain fatty acid anion that is the conjugate base of octadecanoic acid, obtained by deprotonation of the carboxy group; major species at pH 7.3."
408,The molecule is a trihydroxyflavone that is flavone substituted by a hydroxy group at position 3. It has a role as a plant metabolite.
409,"The molecule is an oxo monocarboxylic acid anion that is the conjugate base of 2-oxopentanoic acid, obtained by deprotonation of the carboxy group; major species at pH 7.3. It has a role as a Saccharomyces cerevisiae metabolite."
410,The molecule is an N-acyl-1-methylhexadecasphinganine in which the acyl group has 26 carbons and 0 double bonds. It has a role as a plant metabolite.
411,The molecule is an unsaturated fatty acyl-CoA that results from the formal condensation of the thiol group of coenzyme A with the carboxy group of (11Z)-hexadec-2-enoic acid. It derives from a hexanoate. It is a conjugate acid of a (14Z)-3-hydroxyheptadecenoic acid(1-).
412,The molecule is a trihydroxyflavone that is flavone substituted by hydroxy groups at positions 3 and 4' and a methoxy group at position 3. It has been isolated from the stems of Chaetomium globosum. It has a role as a Chaenorhabditis elegans metabolite. It is an enantiomer of a (-)-glavone.
413,The molecule is an amino acid zwitterion obtained by transfer of a proton from the carboxy to the amino group of N-acetyl-L-cysteine; major species at pH 7.3. It has a role as a human metabolite and a Saccharomyces cerevisiae metabolise. It is a tautomer of an O-acetic acid.
414,"The molecule is a member of the class of imidazoles that is 1,3,4-tetrahydro-1H-imidazole which is substituted at positions 2 and 5 by methyl, pyridin-2-yl, and 2-(trifluoromethyl)phenyl groups, respectively. It has a role as a fluorochrome."
415,The molecule is a quaternary ammonium ion resulting from the protonation of the primary amino group of ethylamine. It has a role as a human xenobiotic metabolite. It derives from a hydrochloride.
416,"The molecule is a nucleotide-sugar oxoanion that is the conjugate base of N-acetyl-beta-D-glucosamine, obtained by deprotonation of the diphosphate group; major species at pH 7.3."
417,"The molecule is a polyunsaturated fatty acyl-CoA(4-) obtained by deprotonation of the phosphate and diphosphate OH groups of (2E,5Z,8Z,11Z,14Z,17Z)-3-hydroxyhexadecadienoyl-2H-myo-inositol 3-phosphate; major species at pH 7.3. It has a role as an Escherichia coli metabolite. It derives from a 2,3-dihydroxy"
418,The molecule is an N-acyl-1-methylhexadecasphinganine in which the acyl group has 26 carbons and 0 double bonds. It has a role as a plant metabolite.
419,"The molecule is a glycosyloxyflavone that is flavone substituted by a beta-D-galactopyranosyl residue at position 2 and a 2-O-(2-O-beta-L-rhamnose)methyl group at position 3. It has been isolated from the stem bark of Streptomyces niger. It has a role as a plant metabolite. It is an acetate ester, a monosaccharide derivative, an organic heterotricyclic compound, an en"
420,"The molecule is an organophosphate oxoanion obtained by deprotonation of the phosphate and diphosphate groups of 2-deoxy-alpha-D-glucose; major species at pH 7.3. It is a conjugate base of a 3-deoxy-2-O-(alpha,alpha)-dihydroxy-alkenyl-alkane."
421,"The molecule is a monocarboxylic acid amide obtained by formal condensation of the carboxy group of 2-acetamido-2-methylbutane-1,2-diol with the amino group of acetic acid. It has a role as an Escherichia coli metabolite."
422,"The molecule is a member of the class of phenols that is phenol substituted by a hydroxy group at position 2. It has a role as a plant metabolite. It is an aromatic ether, a polyphenol and a secondary alcohol."
423,The molecule is an amino acid zwitterion obtained by transfer of a proton from the carboxy to the amino group of 2-hydroxy-3-methylbutyric acid. It has a role as a human metabolite. It is a tautomer of an oscr#5(1-).
424,The molecule is a monocarboxylic acid anion obtained by deprotonation of the carboxy group of 3-hydroxy-3-methylbutyric acid; major species at pH 7.3. It has a role as a human metabolite and a Saccharomyces cerevisiae analgesic. It is an enantiomer of a 3-hydroxy-4-methylbenzoic acid.
425,"The molecule is a triterpenoid saponin that is 2,4-dihydro-2H-pyran-2-one substituted by a hydroxy group at position 3 and methyl groups at positions 2 and 4 respectively. It has a role as a plant metabolite."
426,"The molecule is a member of the class of pyrazoles that is 1,3-dihydro-1H-pyrazole which is substituted by a methyl group at position 2. It has a role as a plant metabolite."
427,"The molecule is an unsaturated fatty acyl-CoA that results from the formal condensation of the thiol group of coenzyme A with the carboxy group of (5Z,8Z,11Z,13Z,16Z,19Z)-3-hydroxyhexacosapentaenoic acid. It derives from a (R)-3',7,11,14-tetradecadienoic acid."
428,"The molecule is an N-acyl-L-alpha-amino acid anion that is the conjugate base of N-acetylcarnitine, obtained by deprotonation of the carboxy group; major species at pH 7.3. It has a role as a human metabolite and a Saccharomyces cerevisiae mutagen. It is a N-aryl-(1-hydroxybutyric)anoate and an omega-hydroxy fatty acid monoanion. It derives from a L-"
429,"The molecule is a member of the class of phenylureas that is urea in which the hydrogen attached to the nitrogen has been replaced by a 4-chlorophenyl group. It has a role as a bacterial xenobiotic metabolite. It is an aromatic ether, a monocarboxylic acid amide and an organochlorine compound."
430,"The molecule is a dicarboxylic acid monoester obtained by formal condensation of the carboxy group of 3-hydroxy-3-oxopentanoic acid with the amino group of (R)-3-hydroxy-2-methylbut-2-enoic acid. It has a role as a plant metabolite. It derives from a hydride of a (S)-3,3-dihydropentanoate."
431,The molecule is a dicarboxylic acid dianion obtained by deprotonation of both carboxy groups and protonation of the carboxy group of (2S)-2-hydroxybutanoate; major species at pH 7.3. It has a role as a Saccharomyces cerevisiae metabolite. It is an enantiomer of a (2R)-2(2-hydroxybutanioate.
432,The molecule is an amino trisaccharide consisting of alpha-L-fucopyranose and beta-D-galactopyranose residues joined in sequence by (1->4) glycosidic bonds. It derives from a beta-Glcp-(1->3)-alpha-Neu5Ac.
433,"The molecule is a trihydroxyflavanone that is flavanone substituted by a methoxy group at position 3. It has a role as a plant metabolite. It is olefinic compound, a polyketide and a member of phenols."
434,"The molecule is a member of the class of phenols that is phenol substituted by a methoxy group at position 3. It has a role as a plant metabolite. It is an aromatic ether, a monomethoxybenzene and a secondary alcohol. It derives from a phenol."
435,The molecule is a steroid glucosiduronic acid that is beta-D-glucopyranose in which the hydroxy group at position 3 has been converted to the corresponding beta-L-arabinofuranosyl derivative. It has a role as a plant metabolite. It derives from an octahydronaphthalene.
436,"The molecule is a pentacyclic triterpenoid isolated from the aerial parts of Aspergillus niger. It has a role as a plant metabolite. It is an enone, a cyclic terpene ketone and a secondary alcohol."
437,"The molecule is a monocarboxylic acid amide obtained by formal condensation of the carboxy group of L-tyrosine with the amino group of 2-(4-hydroxyphenyl)-1,3-dihydro-2H-pyran-4-one. It has a role as a bacterial metabolite. It is an enantiomer of a (R)-3-hydroxy-1,3,3-trihydro-1,2,3-tetrahydrochloride."
438,"The molecule is an organophosphate oxoanion that is the conjugate base of D-glucopyranose, obtained by deprotonation of the phosphate group; major species at pH 7.3. It has a role as a Saccharomyces cerevisiae metabolite. It derives from a beta-D-glucose."
439,"The molecule is a member of the class of imidazoles that is 1,4-dihydro-1H-imidazole which is substituted at positions 2 and 5 by methyl and phenyl groups respectively. It has a role as a human xenobiotic metabolite."
440,"The molecule is an organosulfonate oxoanion obtained by deprotonation of the diphosphate OH groups of 2,4-dihydroxy-5,6-disulfonic acid; major species at pH 7.3. It is a conjugate base of a 2,3-dichloro-5,5-distonic acid."
441,"The molecule is a member of the class of quinolines that is quinoline in which one of the hydrogens attached to the nitrogen has been replaced by a hydroxy group. It has a role as a human xenobiotic metabolite. It is an azabicycloalkane, a monocarboxylic acid and a secondary alpha-hydroxy ketone."
442,The molecule is an N-acyl-1-O-beta-D-glucosyl-4-hydroxy-15-methylhexadecasphinganine-1-phosphocholine in which the acyl group has 26 carbons and 0 double bonds and is 2-hydroxylated. It derives from a 15-methylheptadecaphytosphingosine.
443,The molecule is a dicarboxylic acid that is acetic acid in which one of the hydrogens attached to the nitrogen has been replaced by a methyl group. It has a role as an Escherichia coli metabolite. It derives from a butyric acid.
444,The molecule is an O-acyl-sn-glycero-3-phosphocholine in which the acyl group is specified as hexadecanoyl. It has a role as a Saccharomyces cerevisiae metabolite.
445,"The molecule is a tripeptide composed of L-leucine, L-arginine and L-valine joined in sequence by peptide linkages. It has a role as a metabolite."
446,The molecule is an N-acyl-1-methylhexadecasphing-4-enine in which the acyl group has 22 carbons and 0 double bonds. It derives from a hydride of an octadecadienoic acid.
447,"The molecule is a tetracyclic triterpenoid isolated from the aerial parts of Aspergillus niger. It has a role as a plant metabolite. It is an acetate ester, an organic heteropentacyclic compound and a member of phenols."
448,"The molecule is an organosulfonate oxoanion obtained by deprotonation of the sulfoxide OH group of 4-(dimethylamino)benzene-1,3-disulfonic acid; major species at pH 7.3. It is a conjugate base of a 4-[(dichloroanilino)oxide]."
449,The molecule is a member of the class of furans that is furan substituted by a hydroxy group at position 3. It has a role as a plant metabolite. It is an enantiomer of a (-)-furan.
450,"The molecule is a 1,2-diacyl-sn-glycero-3-phosphoethanolamine in which the acyl groups at positions 1 and 2 are specified as hexadecanoyl and palmitoyl respectively. It has a role as a mouse metabolite. It derives from an oleic acid and a pentanoate."
451,"The molecule is a triterpenoid saponin isolated from the aerial parts of Aspergillus niger. It has a role as a plant metabolite. It is an alpha,beta-unsaturated monocarboxylic acid, a member of phenols and a diol."
452,"The molecule is a member of the class of phenylureas that is urea in which one of the hydrogens attached to the nitrogen has been replaced by a hydroxy group. It has a role as a human xenobiotic metabolite. It is an aromatic amide, a monocarboxylic acid amide and a secondary carboxamide."
453,"The molecule is a member of the class of guanidines that is guanidino[2,3-b]furan substituted by a methyl group at position 2. It has a role as a human urinary metabolite. It derives from an adenosine."
454,"The molecule is a nucleotide-sugar oxoanion that is the conjugate base of N-acetyl-beta-D-glucosamine, obtained by deprotonation of the diphosphate OH groups; major species at pH 7.3."
455,"The molecule is an amino trisaccharide consisting of beta-D-galactopyranose and 2-acetamido-2-deoxy-beta-L-fucopyranose residues joined in sequence by (1->4) glycosidic bonds. It derives from a beta-Galp-(1->4)-[alpha-Neu5Ac-(2->3)]-N,N-diacetyl-3-O-sulfo-1-(2,3-triacontapenta-D"
456,The molecule is an N-acyl-L-alpha-amino acid that is L-phenylalanine substituted by a hydroxy group at position 3. It has a role as a human xenobiotic metabolite.
457,The molecule is an ammonium ion resulting from the protonation of the primary amino group of 2-(4-hydroxyphenyl)propanoic acid. The major species at pH 7.3. It has a role as a human metabolite. It is a conjugate acid of a 3-(4+)-2-hydroxypropanoate.
458,The molecule is a member of the class of phenylureas that is urea in which one of the hydrogens attached to the nitrogen has been replaced by a 2-(methylamino)propyl group. It has a role as a plant metabolite. It is an aromatic ether and a primary alcohol.
459,The molecule is an organic cation obtained by protonation of the tertiary amino group of N-[(4-chlorophenyl)amino]pyridine. It is an ammonium ion derivative and a monocarboxylic acid amide.
460,"The molecule is a dicarboxylic acid monoester obtained by formal condensation of the carboxy group of (2E,5Z)-dodeca-2,4-dienoic acid with the amino group of 2-[(1R,4S)-3-methylbutanoyl]acetic acid. It has a role as an Escherichia coli metabolite. It derives from a hydride of an acetylenic acid."
461,"The molecule is a polyunsaturated fatty acid anion that is the conjugate base of (S)-eicosatrienoic acid, obtained by deprotonation of the carboxy group; major species at pH 7.3. It has a role as a human xenobiotic metabolite."
462,"The molecule is a monocarboxylic acid amide obtained by formal condensation of the carboxy group of 2,3-dichloro-2,3-thiazol-1-ylamine with the amino group of 2-[(4-methoxyphenyl)ethyl]acetic acid. It has a role as a bacterial xenobiotic metabolite. It is an aromatic amide, a member of thiazoles and a secondary carboxamide."
463,"The molecule is a member of the class of pyrrolidin-2-ones that is 1,3-dihydropyrrolidine in which the hydrogen attached to the nitrogen has been replaced by a hydroxy group. It is an enantiomer of a (S)-1,3,3-tetrahydrochlorine zwitterion."
464,The molecule is a dicarboxylic acid dianion obtained by deprotonation of the carboxy and phosphate groups of (R)-dihydroxy-3-(methylsulfonic acid); major species at pH 7.3. It has a role as a Saccharomyces cerevisiae metabolite.
465,The molecule is an organosulfate oxoanion obtained by deprotonation of the sulfite OH groups of sodium salt. It has a role as a human metabolite. It is a conjugate base of a potassium salt.
466,The molecule is a pentacyclic triterpenoid that is olean-12-en-28-oic acid substituted by hydroxy groups at positions 3beta and 20. It has been isolated from the roots of Aspergillus yunnanensis. It derives from a hydride of a benzoate.
467,The molecule is an O-acylcarnitine in which the acyl group is specified as hexadecanoyl. It has a role as a mouse metabolite. It derives from a benzoic acid.
468,The molecule is a monocarboxylic acid that is acetic acid in which one of the hydrogens at position 3 has been replaced by a phenyl group. It has a role as a human xenobiotic metabolite. It derives from a butyric acid.
469,The molecule is an N-acyl-L-alpha-amino acid amide obtained by formal condensation of the carboxy group of N-acetyl-D-glucosamine with the amino group of L-lysine. It has a role as a metabolite. It derives from a L-tryptophan.
470,"The molecule is a 1,2-diacyl-sn-glycero-3-phosphoethanolamine in which the acyl groups at positions 1 and 2 are specified as hexadecanoyl. It has a role as a mouse metabolite."
471,"The molecule is an N-acyl-L-alpha-amino acid anion that is the conjugate base of N-acetyl-D-glucosamine, obtained by deprotonation of the carboxy group; major species at pH 7.3."
472,"The molecule is an ammonium ion resulting from the protonation of the tertiary amino group of (S)-dodec-2-en-1-ol. The major species at pH 7.3. It has a role as a plant metabolite. It is an organic heterotetracyclic compound, a member of phenols and an aromatic ether."
473,The molecule is an N-acyl-1-O-beta-D-glucosyl-15-methylhexadecasphing-4-enine in which the acyl group has 27 carbons and 0 double bonds and is 2-hydroxylated. It derives from a 15-methylheptadecaphytosphingosine.
474,"The molecule is a pentacyclic triterpenoid that is 7alpha-hydroxy-5beta-cholest-4-ene substituted by hydroxy groups at positions 3 and 6 and a hydroxy group at position 3. It has been isolated from the roots of Aspergillus niger. It has a role as a plant metabolite. It is an acetate ester, a monosaccharide derivative and an olefinic compound."
475,"The molecule is a 1,2-diacyl-sn-glycero-3-phosphoethanolamine in which the acyl groups at positions 1 and 2 are specified as hexadecanoyl. It has a role as a mouse metabolite. It derives from an oleic acid."
476,"The molecule is a sulfonate oxoanion that is the conjugate base of phenylpyruvate, obtained by deprotonation of the carboxy group; major species at pH 7.3. It has a role as a human xenobiotic metabolite. It derives from an acetic acid."
477,The molecule is a monomethoxyflavone that is flavone substituted by a methoxy group at position 3 and hydroxy groups at positions 2 and 4 respectively. It has a role as a plant metabolite. It is an enantiomer of a (-)-glavone.
478,"The molecule is a polyunsaturated fatty acid anion that is the conjugate base of (5Z,8Z,11Z,13E,16Z,19Z)-docosapentaenoic acid, obtained by deprotonation of the carboxy group; major species at pH 7.3. It has a role as a human metabolite."
479,"The molecule is a member of the class of benzofurans that is 2,4-dihydro-1H-benzofuran substituted by a methoxy group at position 3 and hydroxy groups at positions 2 and 4 respectively. It has a role as a plant metabolite. It is an aromatic ether, a monomethoxybenzene and a secondary amino compound."
480,"The molecule is a member of the class of benzothiazoles that is 2,3-dihydrothiazole in which one of the hydrogens attached to the nitrogen has been replaced by a hydroxy group. It has a role as a human xenobiotic metabolite. It is an aromatic ether and a monocarboxylic acid."
481,"The molecule is a trihydroxyflavone that is flavone substituted by hydroxy groups at positions 2' and 4', a methoxy group at position 3' and a beta-D-glucopyranosyl residue at position 3. It has been isolated from the roots of Chaetomium globosum. It has a role as an antibacterial agent, an antimalarial, an algal metabolite and an anti-inflammatory agent. It is an enantiomer of a (-)-alpha-L"
482,The molecule is a sulfonate oxoanion obtained by deprotonation of the carboxy group of L-cysteine; major species at pH 7.3. It has a role as a human metabolite and a Saccharomyces cerevisiae S-configuration. It is an enantiomer of a (S)-disulfonic acid.
483,"The molecule is a myo-inositol trisphosphate in which the phosphate group has alpha-configuration. It has a role as a Saccharomyces cerevisiae metabolite. It derives from a 1,2-diphospho-alpha-D-glucose."
484,"The molecule is a triterpenoid saponin that is 2,4-dihydro-2H-pyran-2-one substituted by hydroxy groups at positions 3, 4 and 6 and a methyl group at position 3. It has been isolated from the roots of Aspergillus sp."
485,"The molecule is a member of the class of phenylureas that is urea in which one of the hydrogens attached to the nitrogen has been replaced by a methoxy group. It has a role as a plant metabolite. It is an aromatic ether, a monomethoxybenzene and a secondary amino compound."
486,"The molecule is an organosulfonate oxoanion obtained by deprotonation of the diphosphate OH groups of N-acetyl-beta-D-glucosamine; major species at pH 7.3. It is a conjugate base of a N,N-diketone."
487,The molecule is a member of the class of phenols that is phenol substituted by a methoxy group at position 2. It has a role as a plant metabolite. It is an aromatic ether and a monomethoxybenzene.
488,"The molecule is a member of the class of phenylureas that is urea in which one of the hydrogens attached to the nitrogen has been replaced by a 4-chlorophenyl group. It has a role as a bacterial xenobiotic metabolite. It is an aromatic ether, a monocarboxylic acid amide and a primary amino compound."
489,"The molecule is a flavonoid oxoanion obtained by deprotonation of the hydroxy groups at positions 3 and 6. It is the major microspecies at pH 7.3 (according to Marvin v 6.2.0.). It has a role as a plant metabolite. It is an organic heterotetracyclic compound, a hydroxy monocarboxylic acid anion and a polyphenol. It derives from a benzoate."
490,"The molecule is an organic cation obtained by protonation of the tertiary amino group of N-[(1R)-1,3-dichlorophenyl]-2-(2-amino-4-methoxyphenyl)pyrimidin-3-amine. It is a member of pyrimidones and a secondary amino compound."
491,"The molecule is a monocarboxylic acid anion that is the conjugate base of 2,4-dihydro-2H-pyran-2-one, obtained by deprotonation of the carboxy group; major species at pH 7.3. It has a role as a plant metabolite. It is an enone, a member of pyranones and a secondary alpha-hydroxy ketone."
492,"The molecule is a pentacyclic triterpenoid isolated from the aerial parts of Aspergillus niger. It has a role as a plant metabolite. It is an alpha,beta-unsaturated monocarboxylic acid and a cyclic terpene ketone."
493,"The molecule is an N-acyl-L-alpha-amino acid that is L-phenylalanine in which one of the hydrogens attached to the amino group has been replaced by a hydroxy group. It has a role as a human metabolite. It is a N,N-dihydroxyanthranilic acid and a monocarboxylic acid. It derives from a L-proline."
494,The molecule is a non-proteinogenic L-alpha-amino acid that is N-acetyl-L-threonine in which one of the hydrogens attached to the nitrogen is replaced by a hydroxy group. It has a role as an Escherichia coli metabolite.
495,"The molecule is a nucleotide-sugar oxoanion that is the conjugate base of N-acetyl-beta-D-glucosamine, obtained by deprotonation of the diphosphate OH group; major species at pH 7.3. It has a role as a human metabolite. It derives from a guanosine."
496,"The molecule is an alpha,beta-unsaturated monocarboxylic acid anion that is the conjugate base of 2,4-dihydro-1H-pyran-2-one, obtained by deprotonation of the carboxy group; major species at pH 7.3. It has a role as a human xenobiotic metabolite."
497,The molecule is a trisaccharide consisting of beta-D-galactopyranose and D-glucopyranose residues joined in sequence by (1->4) glycosidic bonds. It derives from a beta-L-Glcp-(1->3)-alpha-Neu5Ac.
498,"The molecule is a member of the class of imidazoles that is 1,3,4-tetrahydro-1H-imidazole in which one of the hydrogens attached to the nitrogen has been replaced by a 4-fluorophenyl group. It has a role as a fluorochrome."
499,"The molecule is a member of the class of phenylureas that is urea in which one of the hydrogens attached to the nitrogen has been replaced by a methyl group. It has a role as a human xenobiotic metabolite. It is an aromatic ether, a monocarboxylic acid amide and an organochlorine compound."
500,"The molecule is an organosulfonate oxoanion obtained by deprotonation of the phosphate OH groups of 2,3-dihydro-2H-pyran-2-one; major species at pH 7.3. It is a conjugate base of a 2,4-didehydro-1H2-pyran-3-one."
501,"The molecule is an N-acyl-L-alpha-amino acid anion that is the conjugate base of N-acetyl-D-glucosamine, obtained by deprotonation of the carboxy group; major species at pH 7.3. It has a role as a human xenobiotic metabolite."
502,"The molecule is a member of the class of pyrazoles that is 1,3-dihydropyrazole in which the hydrogen at position 3 has been replaced by a phenyl group. It has a role as a human xenobiotic metabolite."
503,The molecule is a tetrahydroxyflavone that is flavone substituted by a beta-D-glucopyranosyl residue at position 3 via a glycosidic linkage. It has a role as a plant metabolite.
504,"The molecule is a tetracyclic triterpenoid isolated from the aerial parts of Aspergillus niger. It has a role as a plant metabolite. It is an alpha,beta-unsaturated monocarboxylic acid and a secondary alcohol."
505,The molecule is an N-acyl-L-alpha-amino acid resulting from the formal condensation of the carboxy group of L-lysine with the amino group of N-acetyl-D-glucosamine. It has a role as a bacterial metabolite. It derives from a L-tryptophan.
506,"The molecule is a glycosyloxyflavone that is beta-D-glucopyranose in which the hydroxy group at position 3 has been converted into the corresponding alpha-L-arabinofuranosyl derivative. It has a role as a plant metabolite. It is an alpha,beta-unsaturated monocarboxylic acid and a member of flavonols."
507,"The molecule is a monocarboxylic acid anion obtained by deprotonation of the carboxy and hydroxy groups of 2,4-dihydroxy-5-methylbutanoate. It is the major microspecies at pH 7.3 (according to Marvin v 6.2.0.). It has a role as a human xenobiotic metabolite. It derives from a hydride of a 2,3-dichlorophenylacetic acid."
508,The molecule is a member of the class of cyclohexanes that is cyclopentane in which one of the hydrogens at position 2 is replaced by a methyl group. It has a role as a plant metabolite.
509,"The molecule is a straight-chain saturated fatty acid anion that is the conjugate base of 2-hydroxyhexadecanoic acid, obtained by deprotonation of the carboxy group; major species at pH 7.3. It has a role as a human metabolite and a Saccharomyces cerevisiae analgesic. It derives from a butyric acid."
510,The molecule is an amino trisaccharide consisting of 2-acetamido-2-deoxy-beta-D-galactopyranosyl-(1->4)-N-acetylglucosamine having an alpha-L-fucosyl residue attached at the 6-position. It has a role as an epitope.
511,"The molecule is a 1,2-diacyl-sn-glycero-3-phosphocholine in which the acyl groups at positions 1 and 2 are specified as stearoyl and hexadecanoyl respectively. It has a role as a mouse metabolite."
512,"The molecule is a triterpenoid saponin that is 2,4-dihydro-1H-pyran-2-one substituted by hydroxy groups at positions 3 and 5 and a beta-D-glucopyranosyl-(1->4)-alpha-L-rhamnopyranosyl moiety at position 3. It has been isolated from the aerial parts of Streptomyces galactus. It has a role as a plant metabolite. It is an alpha,beta-unsaturated"
513,"The molecule is an N-acyl-L-alpha-amino acid anion that is the conjugate base of N-[(2S)-2-hydroxy-3-methylbutanoyl]pyrrolidine, obtained by deprotonation of the carboxy group; major species at pH 7.3."
514,The molecule is a nucleotide-sugar oxoanion obtained by deprotonation of the diphosphate OH groups of N-acetyl-D-glucosamine; major species at pH 7.3.
515,The molecule is a monocarboxylic acid amide obtained by formal condensation of the carboxy group of L-phenylalanine with the amino group of N-acetyl-L-lysine. It has a role as a metabolite. It derives from a L-proline.
516,"The molecule is a branched amino pentasaccharide consisting of beta-D-galactose, N-acetyl-alpha-neuraminyl and 2-acetamido-2-deoxy-beta-L-fucosyl residues joined in sequence by (1->4) glycosidic bonds. It derives from an alpha-Neu5Ac-(1->4)-[2->3)]-N-acetosamine."
517,"The molecule is an organosulfonate oxoanion that is the conjugate base of (S)-ethylglycine, obtained by deprotonation of the diphosphate group; major species at pH 7.3."
518,The molecule is an N-acyl-15-methylhexadecasphing-4-enine in which the acyl group has 22 carbons and 0 double bonds. It derives from a 15-methylheptadecaphytosphingosine.
519,"The molecule is an N-acyl-L-alpha-amino acid anion that is the conjugate base of N-acetylglycine, obtained by deprotonation of the carboxy group; major species at pH 7.3. It has a role as a human metabolite. It derives from a L-glyceric acid."
520,"The molecule is a nucleotide-sugar oxoanion that is the conjugate base of N-acetyl-alpha-D-glucosamine, obtained by deprotonation of the carboxy group; major species at pH 7.3."
521,The molecule is a monocarboxylic acid anion obtained by deprotonation of the carboxy and hydroxy groups of (R)-dodec-9-enoic acid; major species at pH 7.3. It has a role as a human metabolite and a Saccharomyces cerevisiae analgesic. It derives from a benzoate.
522,"The molecule is a flavonoid oxoanion obtained by deprotonation of the hydroxy groups at positions 3 and 6 of (S)-fructofuran; major species at pH 7.3. It has a role as a plant metabolite. It is an acetate ester, a beta-D-glucoside and a monosaccharide derivative."
523,"The molecule is a triterpenoid saponin obtained by formal condensation of the carboxy group of dodecanoic acid with the amino group of (2E,7Z,11Z,14Z)-3-methylhexadec-2-en-1-ol. It has a role as a plant metabolite. It derives from an oleic acid."
524,"The molecule is a member of the class of thiols obtained by formal condensation of the carboxy group of hexane-1,2-diol with the amino group of 2-methylbutan-2-ylamine. It has a role as a plant metabolite. It derives from a hydride of an oleic acid."
525,"The molecule is a member of the class of phenylureas that is urea in which one of the hydrogens attached to the nitrogen has been replaced by a methoxy group. It has a role as a plant metabolite. It is an aromatic ether, a monomethoxybenzene and a tertiary amino compound."
526,The molecule is an N-acyl-1-O-beta-D-glucosyl-15-methylhexadecasphing-4-enine in which the acyl group has 22 carbons and 0 double bonds.
527,"The molecule is a member of the class of pyrazoles that is 1,3-dihydro-1H-pyrazole which is substituted by a methoxy group at position 3 and by hydroxy groups at positions 2 and 5 respectively. It has a role as a plant metabolite. It is an organic heterotetracyclic compound, an aromatic ether and a secondary amino compound."
528,"The molecule is a member of the class of imidazoles that is 1,3,4-tetrahydro-1H-imidazole which is substituted at positions 2 and 4 by methyl, phenyl, and hydroxy groups, respectively. It has a role as a human xenobiotic metabolite."
529,"The molecule is a 3-oxo monocarboxylic acid anion that is the conjugate base of (R)-3-oxopentanoic acid, obtained by deprotonation of the carboxy group; major species at pH 7.3. It has a role as a human metabolite and a Saccharomyces cerevisiae antigen."
530,The molecule is a member of the class of phenylureas that is urea in which one of the hydrogens attached to the nitrogen has been replaced by a hydroxy group. It has a role as a plant metabolite.
531,"The molecule is a monocarboxylic acid anion that is the conjugate base of N-acetyl-L-phenylalanine, obtained by deprotonation of the carboxy group; major species at pH 7.3. It has a role as an Escherichia coli metabolite."
532,The molecule is a trisaccharide consisting of beta-D-galactopyranose and D-glucopyranose residues joined in sequence by (1->4) glycosidic bonds. It derives from an alpha-L-Fucp-(1->2)-alpha-Rhap.
533,The molecule is a trisaccharide consisting of alpha-D-galactopyranose and D-glucopyranose residues joined in sequence by (1->4) glycosidic bonds. It derives from a D-Glcp-(1->3)-alpha-L-Rhap.
534,"The molecule is an organophosphate oxoanion that is the conjugate base of N-acetyl-beta-D-glucosamine, obtained by deprotonation of the phosphate and diphosphate functions; major species at pH 7.3."
535,"The molecule is a 1,2-diacyl-sn-glycero-3-phosphoethanolamine(1-) obtained by deprotonation of the phosphate OH groups of 1-stearoyl-2-arachidonoyl-1-alpha-D-myo-inositol; major species at pH 7.3. It has a role as a mouse metabolite. It derives from an arachidonic acid."
536,"The molecule is a hydroxy monocarboxylic acid anion that is the conjugate base of 2,3-dihydroxy-5-methylhexadecasphing-4-en-1-one, obtained by deprotonation of the carboxy group; major species at pH 7.3. It has a role as a human urinary metabolite. It derives from an oleic acid."
537,The molecule is a glycosylgalactose consisting of alpha-L-fucopyranose and beta-D-galactofuranose residues joined in sequence by a (1->4) glycosidic bond. It derives from an alpha(1->3)-beta-Rhap.
538,The molecule is an ammonium ion resulting from the deprotonation of the hydroxy group of sulfide. It is a conjugate base of a selenite.
539,"The molecule is a branched amino pentasaccharide consisting of alpha-L-fucosyl, beta-D-galactosyl and D-glucosyl residues joined in sequence by (1->4) glycosidic bonds."
540,The molecule is an amino trisaccharide consisting of beta-D-galactopyranose and 2-acetamido-2-deoxy-beta-L-fucopyranose residues joined in sequence by (1->4) glycosidic bonds. It derives from a beta-diketopyranosyl and a D-glucose.
541,The molecule is a member of the class of furans that is furan substituted by a hydroxy group at position 2. It has a role as a human xenobiotic metabolite.
542,"The molecule is a dicarboxylic acid monoester obtained by formal condensation of one of the carboxy groups of 2-acetamido-2,4-dihydro-1H-pyran-2-one with the hydroxy group of 4-chlorophenylamine. It has a role as a human urinary metabolite and a Saccharomyces cerevisiae analgesic."
543,"The molecule is a member of the class of imidazoles that is 1,3-dihydro-1H-imidazole which is substituted by a hydroxy group at position 4. It has a role as a human xenobiotic metabolite. It is an aminopyrimidine and a secondary amino compound."
544,"The molecule is a member of the class of xanthones that is 7H-xanthen-9-one substituted by hydroxy groups at positions 2 and 6 and a methoxy group at position 6. It has been isolated from the stems of Aspergillus niger. It has a role as a plant metabolite. It is an organic heterotetracyclic compound, a polyphenol and an aromatic ether."
545,"The molecule is an N-acyl-L-alpha-amino acid anion that is the conjugate base of N-acetyl-D-glucosamine, obtained by deprotonation of the carboxy group; major species at pH 7.3."
546,"The molecule is a member of the class of imidazoles that is 1,3,4-tetrahydro-1H-imidazole which is substituted at positions 2 and 5 by methyl, phenyl, and methoxy groups, respectively. It has a role as a human xenobiotic metabolite."
547,The molecule is a monocarboxylic acid anion obtained by deprotonation of the carboxy and hydroxy groups of 2-hydroxy-3-oxobutanoate; major species at pH 7.3. It has a role as a Saccharomyces cerevisiae metabolite. It derives from a butyrate.
548,"The molecule is a pentacyclic triterpenoid that is 1,3-dihydro-2H-pyran-3-one substituted by hydroxy groups at positions 3 and 6 and a methoxy group at position 3. It has been isolated from the stems of Aspergillus niger. It has a role as a plant metabolite. It is an alpha,beta-unsaturated monocarboxylic acid, a member of phenols and an olefinic compound."
549,"The molecule is an acetate ester obtained by formal condensation of the carboxy group of 2-acetamido-2,4-dideoxy-beta-D-glucopyranosyl-(1->4)-alpha-L-arabinopyranose with one of the methyl groups of acetic acid. It has a role as a plant metabolite. It is a cyclic acetal, a monomethoxybenzene and a secondary alcohol."
550,"The molecule is an N-acyl-L-alpha-amino acid anion that is the conjugate base of N-acetyl-D-glucosamine, obtained by deprotonation of the carboxy group; major species at pH 7.3."
551,"The molecule is a steroid acid anion that is the conjugate base of 3-oxo-Delta(4)-steroid, obtained by deprotonation of the carboxy group; major species at pH 7.3."
552,"The molecule is an unsaturated fatty acyl-CoA that results from the formal condensation of the thiol group of coenzyme A with the carboxy group of (2E,7Z,10Z,13Z,16Z,19Z)-3-hydroxyhexacosapentaenoic acid. It has a role as a mouse metabolite. It derives from a (3E,8Z,11Z,14Z,17Z,20Z,23Z)-4-hydroxytetradecadienoic"
553,The molecule is an N-acyl-L-alpha-amino acid that is N-acetyl-D-glucosamine in which the acyl group has been converted to the corresponding 2-hydroxyphenyl derivative. It has a role as a bacterial metabolite. It is an enantiomer of a 2-hydroxypropanoyl-2-(4-methylphenylalanin-1-yl)nonanoic acid.
554,"The molecule is an organic heterotetracyclic compound that is 2,4-dihydro-2H-pyran-2-one substituted by a hydroxy group at position 3 and methyl groups at positions 2 and 5 respectively. It has a role as a plant metabolite. It is an ammonium ion derivative, a member of pyranones and a secondary alcohol."
555,The molecule is a member of the class of furans that is furan substituted by hydroxy groups at positions 3 and 6. It has a role as a plant metabolite. It derives from a furan.
556,"The molecule is a steroid glucosiduronic acid anion that is the conjugate base of 3-deoxy-Delta(4)-steroid, obtained by deprotonation of the carboxy group; major species at pH 7.3. It has a role as a human urinary metabolite. It derives from a D-glucuronic acid."
557,"The molecule is a member of the class of furans that is furan substituted by hydroxy groups at positions 3 and 6 and a methoxy group at position 6. It has been isolated from the roots of Aspergillus niger. It has a role as a plant metabolite. It is an organic heterotetracyclic compound, a monomethoxyflavanone, an aromatic ether, an enoate ester, an organochlorine compound, an alpha-hydroxy ketone and an ergostanoi"
558,The molecule is an organophosphate oxoanion obtained by deprotonation of the carboxy group and protonation of both carboxy groups of 2-(4-hydroxyphenyl)propanoic acid; major species at pH 7.3. It has a role as a human metabolite. It is a conjugate base of a 2-(5-methylphenylalanine)propanoate.
559,"The molecule is an N-acyl-L-alpha-amino acid that is L-leucine in which the acyl group has been converted to the corresponding heptadecanoyl derivative. It has a role as a mouse metabolite. It is an enantiomer of a N-[(4Z,7Z,10Z,13Z,16Z,19Z)-docosapentaenoic acid."
560,The molecule is a member of the class of phenylureas that is urea in which one of the hydrogens attached to the nitrogen has been replaced by a 2-(4-chlorophenyl)propyl group. It has a role as a human xenobiotic metabolite.
561,"The molecule is a branched amino tetrasaccharide consisting of beta-D-galactosyl, 2-acetamido-2-deoxy-alpha-L-threo-hex-4-enopyranuronosyl and D-glucopyranose residues joined in sequence by (1->4) glycosidic bonds. It derives from a D-Galp-(1->3)-beta2-D-GlcpNAc."
562,The molecule is an N-acylglycine in which the acyl group is specified as acetyl. It has a role as a mouse metabolite. It derives from a cinnamate.
563,"The molecule is a cyclodepsipeptide isolated from the aerial parts of Aspergillus niger. It has a role as a plant metabolite. It is an alpha,beta-unsaturated monocarboxylic acid and a member of phenols."
564,"The molecule is a monocarboxylic acid amide obtained by formal condensation of the carboxy group of 2-(4-chlorophenyl)ethylamine with the amino group of 4-hydroxy-3-methylbutyric acid. It has a role as a human xenobiotic metabolite. It is an aromatic amide, a member of monochlorobenzenes and a primary alcohol. It derives from a 3-methylbutanoate."
565,"The molecule is a member of the class of furans that is furan-2(1H)-one substituted by a methyl group at position 2 and a 2-[(4-methoxyphenyl)ethyl]-1,3-benzothiazol-4-yl substituent at position 3. It has been isolated from the roots of Streptomyces sp."
566,The molecule is an N-acyl-L-alpha-amino acid that is L-leucine in which the acyl group has been replaced by a hydroxy group. It has a role as a mouse metabolite. It is an enantiomer of a N-methylleucinate.
567,The molecule is an omega-hydroxy fatty acid that is octadecanoic acid in which one of the terminal methyl hydrogens is replaced by a hydroxy group. It has a role as a human metabolite. It is a long-chain fatty aldehydic acid and a monocarboxylic acid.
568,"The molecule is a phosphate oxoanion that is the conjugate base of D-myo-inositol, obtained by deprotonation of the carboxy group; major species at pH 7.3. It has a role as a human metabolite and a Saccharomyces cerevisiae 1 inhibitor. It is an enantiomer of a (R)-1-hydroxy-1-(3-methylmyo)imidazolidin-1-one."
569,"The molecule is a polyunsaturated monocarboxylic acid that is octa-2,4-dienoic acid substituted by a hydroxy group at position 2. It has a role as a human xenobiotic metabolite. It is an aldehydic acid and a medium-chain fatty acid."
570,"The molecule is a monocarboxylic acid anion that is the conjugate base of 2,4-dichloro-1,3,5-tetrahydro-2H-pyran-2-one, obtained by deprotonation of the carboxy group; major species at pH 7.3. It has a role as a human xenobiotic metabolite. It is an organochlorine compound, a member of pyranones and a polyketide."
571,"The molecule is a member of the class of pyrazoles that is 1,3-dihydropyrazole in which the hydrogen attached to the nitrogen has been replaced by a methoxy group. It has a role as a bacterial xenobiotic metabolite. It is an aromatic ether and a monomethoxybenzene."
572,"The molecule is an organic heteropentacyclic compound that is 1,2,3,4a,6,6a-tetrahydro-1H-pyran-2(1H)-one substituted by a methoxy group at position 3 and methyl groups at positions 2 and 6. It has been isolated from the roots of Aspergillus niger. It has a role as a plant metabolite. It is an ammonium ion derivative, a monomethoxybenzene, an aromatic ether, an organonitrogen heterocycl"
573,"The molecule is an organosulfonate oxoanion that is the conjugate base of 4-aminobenzoic acid, obtained by deprotonation of the carboxy group; major species at pH 7.3. It has a role as a human xenobiotic metabolite. It is a member of monochlorobenzenes and a secondary amino compound."
574,"The molecule is an alpha,beta-unsaturated monocarboxylic acid that is benzene substituted by a hydroxy group at position 2. It has a role as a human xenobiotic metabolite."
575,"The molecule is a monocarboxylic acid that is cyclohexane-1,3-dione substituted by a methyl group at position 2. It has a role as a human metabolite. It is an alpha-amino acid and a member of pyridines."
576,"The molecule is a trivalent inorganic anion that is the conjugate base of 2,3-dihydro-2,3-dien-1-one, obtained by deprotonation of the 3'-hydroxy group; major species at pH 7.3. It has a role as a human metabolite and a plant growth regulator."
577,"The molecule is a member of the class of pyrrolidin-2-ones that is 1,3-dihydro-1H-pyrrolidine in which the hydrogen attached to the nitrogen has been replaced by a methyl group. It has a role as a plant metabolite."
578,The molecule is a N-acyl-15-methylhexadecasphing-4-enine-1-phosphocholine in which the acyl group has 26 carbons and 0 double bonds and is 2-hydroxylated. It derives from an all-cis-icosanoic acid.
579,The molecule is a member of the class of xanthones that is 9H-xanthen-9-one substituted by methoxy groups at positions 3 and 6 and a hydroxy group at position 6. It has been isolated from the roots of Aspergillus niger. It has a role as a plant metabolite.
580,"The molecule is a trivalent inorganic anion that is the conjugate base of 1,3-thiazole, obtained by deprotonation of the carboxy group; major species at pH 7.3. It has a role as a human xenobiotic metabolite."
581,The molecule is an organophosphate oxoanion obtained by deprotonation of the phosphate and diphosphate groups of N-acetyl-beta-D-glucosamine; major species at pH 7.3. It has a role as a human metabolite. It is a conjugate base of an acetamide(2-).
582,The molecule is a glycosyloxyflavone that is flavone substituted by a beta-D-galactopyranosyl residue at position 2 and a hydroxy group at position 2. It has a role as a plant metabolite. It is an enantiomer of a (S)-glavone.
583,"The molecule is an alpha,beta-unsaturated monocarboxylic acid that is hexadecanoic acid substituted by a methyl group at position 2. It has a role as a plant metabolite. It derives from a benzoic acid."
584,The molecule is a tetrahydroxyflavone that is flavone substituted by a methoxy group at position 3 and methyl groups at positions 2 and 6 respectively. It has a role as a plant metabolite. It is an enantiomer of a (-)-glavone.
585,The molecule is a 3-oxo monocarboxylic acid that is acetic acid in which one of the methyl hydrogens has been replaced by a hydroxy group. It has a role as a human urinary metabolite. It is an enantiomer of a (S)-3-hydroxybutanoate.
586,The molecule is a member of the class of xanthones that is xanthene substituted by hydroxy groups at positions 3 and 6 and a methoxy group at position 6. It has been isolated from the roots of Aspergillus niger. It has a role as a plant metabolite. It is an enantiomer of a (-)-xanthine.
587,The molecule is a 3beta-hydroxy steroid that is 5alpha-estradiol carrying an additional hydroxy substituent at position 5. It has a role as a human metabolite and a mouse hormone.
588,"The molecule is a glycosyloxyflavone that is flavone substituted by a beta-D-galactopyranosyl residue at position 2 and a hydroxy group at position 3 (the 3beta,4alpha stereoisomer). It has a role as a plant metabolite."
589,"The molecule is a steroid glucuronide anion that is the conjugate base of beta-D-glucuronic acid, obtained by deprotonation of the carboxy group; major species at pH 7.3. It has a role as a human metabolite and a Saccharomyces cerevisiae antigen."
590,"The molecule is an organosulfonate oxoanion that is the conjugate base of 3-(4-hydroxyphenyl)-1,3-dihydropyran-2-one, obtained by deprotonation of the carboxy group; major species at pH 7.3. It has a role as a human xenobiotic metabolite. It is an aromatic ether, a member of pyranones and a monosaccharide derivative. It derives from a hydride of a 4-hydroxy"
591,"The molecule is an unsaturated fatty acyl-CoA that results from the formal condensation of the thiol group of coenzyme A with the carboxy group of (R)-3-hydroxyhexadecanoic acid. It has a role as a mouse metabolite. It derives from a (S)-3,4-dideoxyhexanoate."
592,The molecule is an amino trisaccharide consisting of N-acetyl-beta-D-glucosamine having a 2-acetamido-2-deoxy-alpha-L-fucosyl residue attached at the 3-position. It has a role as an epitope.
593,The molecule is a non-proteinogenic L-alpha-amino acid that is N-acetyl-L-methionine in which one of the hydrogens attached to the nitrogen is replaced by a methyl group. It has a role as a human urinary metabolite. It derives from an alpha-neuraminic acid.
594,"The molecule is a 1,2-diacyl-sn-glycero-3-phosphoethanolamine(1-) obtained by deprotonation of the phosphate OH groups of 1-hexadecanoyl-2-alpha-D-galactopyranose; major species at pH 7.3."
595,The molecule is a nucleotide-sugar oxoanion obtained by deprotonation of the diphosphate OH groups of N-acetyl-beta-D-glucosamine; major species at pH 7.3. It has a role as an Escherichia coli metabolite. It derives from a guanosine.
596,The molecule is an N-acyl-L-alpha-amino acid that is L-phenylalanine in which one of the hydrogens attached to the nitrogen has been replaced by a methyl group. It has a role as a human xenobiotic metabolite. It derives from a L-proline.
597,"The molecule is a member of the class of pyrazoles that is 2,4-dihydropyrazole in which the hydrogens at positions 2 and 4 have been replaced by chlorines. It has a role as a fluorochrome."
598,The molecule is an N-acyl-15-methylhexadecasphing-4-enine in which the acyl group has 22 carbons and 0 double bonds. It derives from a 15-methylheptadecaphytosphingosine.
599,"The molecule is a glycosyloxyflavone that is flavone substituted by a beta-D-galactopyranosyl residue at position 3 and a 2-O-[(1R,3S)-2-hydroxy-3-methoxyphenyl]-alpha-L-arabinofuranose group at position 3. It has been isolated from the stem bark of Streptomyces niger. It has a role as a plant metabolite. It is an alpha,beta-unsatur"
600,The molecule is an organic cation obtained by protonation of the two amino groups of ethylamine; major species at pH 7.3. It has a role as a human metabolite. It is an ammonium ion derivative and an organochlorine compound.
601,"The molecule is an organosulfonate oxoanion that is the conjugate base of (S)-naphthoic acid, obtained by deprotonation of the carboxy group; major species at pH 7.3."
602,The molecule is a member of the class of phenols that is phenol substituted by a methyl group at position 2. It has a role as a human xenobiotic metabolite.
603,"The molecule is a 1,2-diacyl-sn-glycero-3-phosphoethanolamine in which the acyl groups at positions 1 and 2 are specified as hexadecanoyl. It has a role as a mouse metabolite. It derives from an oleic acid."
604,"The molecule is a glycosyloxyflavone that is beta-D-glucopyranose in which the hydroxy group at position 3 has been converted into the corresponding beta-L-fucopyranoside. It has a role as a plant metabolite. It is an acetate ester, a monosaccharide derivative and a triterpenoid saponin."
605,"The molecule is a pentacyclic triterpenoid that is olean-12-ene substituted by an oxo group at position 3. It has been isolated from the stems of Aspergillus niger. It has a role as a plant metabolite. It is an alpha,beta-unsaturated monocarboxylic acid and a cyclic terpene ketone."
606,The molecule is an N-acylpiperazine in which the acyl group is specified as hexadecanoyl. It has a role as a mouse metabolite. It derives from a piperazine.
607,The molecule is a divalent inorganic chloride. It has a role as a human xenobiotic metabolite.
608,"The molecule is an organosulfonate oxoanion obtained by deprotonation of the diphosphate OH groups of 2,4-dihydro-1,3-benzothiazole-3-carboxylic acid; major species at pH 7.3. It is a conjugate base of a 2,5-disulfonic acid."
609,The molecule is a sulfonamide obtained by formal condensation of the carboxy group of (S)-2-hydroxyhexadecasphing-4-enine with the amino group of 2-(dimethylamino)ethylamine. It has a role as an Escherichia coli metabolite. It derives from a butyric acid.
610,"The molecule is a member of the class of imidazoles that is 1,3-dihydro-1H-imidazole in which one of the hydrogens attached to the nitrogen has been replaced by a methyl group. It has a role as a human urinary metabolite, an antimicrobial agent and an antibacterial agent."
611,The molecule is a member of the class of acetamides that is acetic acid in which one of the hydrogens attached to the nitrogen has been replaced by a 2-(dimethylamino)phenyl group. It has a role as a bacterial xenobiotic metabolite. It is an organochlorine compound and a monocarboxylic acid.
612,"The molecule is a 1,2-diacyl-sn-glycero-3-phosphocholine in which the acyl groups at positions 1 and 2 are specified as hexadecanoyl and (4Z,7Z,10Z,13Z,16Z,19Z)-docosapentaenoic acid respectively. It has a role as a mouse metabolite."
613,The molecule is an N-acyl-L-alpha-amino acid zwitterion obtained by transfer of a proton from the carboxy to the amino group of N-acetyl-D-glucosamine; major species at pH 7.3.
614,The molecule is an ammonium ion resulting from the protonation of the amino group of spermidine. The major species at pH 7.3. It has a role as a human metabolite. It is a conjugate acid of a speramidine.
615,The molecule is a member of the class of acetamides that is acetic acid in which one of the hydrogens attached to the nitrogen is replaced by a cyano group. It has a role as a human xenobiotic metabolite and a Saccharomyces cerevisiae analgesic.
616,"The molecule is a monocarboxylic acid anion that is the conjugate base of 2,3-dihydro-1H-pyran-2-one, obtained by deprotonation of the carboxy group; major species at pH 7.3."
617,The molecule is an N-acyl-beta-D-glucosylsphingosine in which the acyl group is specified as hexadecanoyl. It has a role as a mouse metabolite.
618,"The molecule is a trihydroxyflavone that is flavone substituted by hydroxy groups at positions 3 and 4' and a methoxy group at position 3. It has been isolated from the stems of Chaetomium globosum. It has a role as an anti-inflammatory agent, an antifungal agent and an antibacterial agent. It derives from a flavanone."
619,"The molecule is a 1,2-diacyl-sn-glycero-3-phosphoethanolamine in which the acyl groups at positions 1 and 2 are specified as hexadecanoyl. It has a role as a mouse metabolite. It derives from an oleic acid."
620,"The molecule is an organosulfonate oxoanion that is the conjugate base of 2,3-dihydro-2H-pyran-2-one, obtained by deprotonation of the carboxy group; major species at pH 7.3."
621,"The molecule is an N-acyl-L-alpha-amino acid anion that is the conjugate base of N-acetyl-D-glucosamine, obtained by deprotonation of the carboxy group; major species at pH 7.3."
622,The molecule is an acyl-CoA(4-) obtained by deprotonation of the phosphate and diphosphate OH groups of (R)-3-hydroxybutyric acid; major species at pH 7.3.
623,"The molecule is a monocarboxylic acid amide obtained by formal condensation of the carboxy group of 2-(4-chlorophenyl)-1,2-dihydro-2H-pyran-2-one with the amino group of 3-hydroxy-3-methylbutanoylamine. It has a role as a human xenobiotic metabolite. It is an aromatic ether and a member of pyranones."
624,"The molecule is a member of the class of phenols that is phenol substituted by a methoxy group at position 3. It has a role as a plant metabolite. It is an aromatic ether, a monomethoxybenzene and a secondary alpha-hydroxy ketone."
625,"The molecule is a glycosyloxyflavone that is flavone substituted by a beta-D-glucosyl residue at position 2 and a 2-hydroxy-3-methylphenyl group at position 3. It has been isolated from the roots of Streptomyces niger. It has a role as a plant metabolite. It is an aromatic ether, a member of flavonols, an organic heterotetracyclic compound and an enone."
626,"The molecule is a member of the class of xanthones that is 7H-xanthen-9-one substituted by hydroxy groups at positions 2 and 6 and a methoxy group at position 6. It has been isolated from the roots of Aspergillus yunnanensis. It has a role as a plant metabolite. It is an aromatic ether, a monomethoxybenzene, an organic heterotetracyclic compound, an olefinic compound and an organochlorine compound."
627,"The molecule is a monocarboxylic acid that is acetic acid in which one of the hydrogens attached to the nitrogen is replaced by a methyl group. It has a role as a human metabolite, a Saccharomyces cerevisiae analgesic, an Escherichia vasodilator agent and a fungal xenobiotic antifungal agent. It is an enantiomer of a (-)-acetylcyclopropane."
628,"The molecule is a monocarboxylic acid amide obtained by formal condensation of the carboxy group of 2,4-dihydro-1H-pyran-2-one with the amino group of (2E,3S)-2-hydroxy-3-(methylsulfonyl)ethylamine. It has a role as a bacterial xenobiotic metabolite. It is an aromatic amide, a member of pyranones and a secondary alcohol."
629,"The molecule is a docosanoid anion that is the conjugate base of (5Z,7Z,10Z,13E,16Z,19Z)-docosapentaenoic acid, obtained by deprotonation of the carboxy group; major species at pH 7.3. It has a role as a human xenobiotic metabolite."
630,"The molecule is an N-acyl-L-alpha-amino acid that is L-phenylalanine in which the acyl group has been replaced by a peptide linkage. It has a role as a human metabolite. It is an enantiomer of a N-[(3R)-3-hydroxy-2-(4-methoxycyclohexyl)pyridin-2-yl]-1,3,5-triazine."
631,The molecule is a monocarboxylic acid that is phenylacetic acid substituted by a hydroxy group at position 3. It has a role as a human metabolite and a mouse hormone. It derives from an acetic acid.
632,The molecule is a member of the class of phenols that is phenol substituted by a nitro group at position 2. It has a role as a plant metabolite. It is an enantiomer of a (-)-nitrophenol.
633,The molecule is a nucleotide-sugar oxoanion obtained by deprotonation of the phosphate and diphosphate OH groups of guanosine 5'-monophosphate; major species at pH 7.3.
634,The molecule is an N-acyl-1-O-beta-D-glucosyl-4-hydroxy-15-methylhexadecasphing-4-enine in which the acyl group has 27 carbons and 0 double bonds. It derives from a 15-methylheptadecaphytosphingosine.
635,The molecule is a glycosyloxyflavone that is flavone substituted by a beta-D-galactopyranosyl residue at position 2 and a methoxy group at position 3 respectively. It has a role as a plant metabolite. It is an enantiomer of a (S)-glavone.
636,The molecule is an L-alpha-amino acid zwitterion obtained by transfer of a proton from the carboxy to the amino group of L-cysteine; major species at pH 7.3. It is a tautomer of an alpha-lactam.
637,"The molecule is a monocarboxylic acid amide obtained by formal condensation of the carboxy group of N-acetyl-beta-D-glucosamine with the amino group of 2-[(4-hydroxyphenyl)ethyl]-1,3-dihydro-2H-pyranuronic acid. It has a role as a human xenobiotic metabolite."
638,"The molecule is a monocarboxylic acid anion that is the conjugate base of alpha-D-glucuronic acid, obtained by deprotonation of the carboxy group; major species at pH 7.3. It has a role as a plant metabolite. It is olefinic compound, a polycyclic triterpenoid, an organic heterotricyclic compound and a secondary alcohol."
639,"The molecule is a trihydroxyflavone that is flavone substituted by hydroxy groups at positions 2' and 4', a methoxy group at position 3' and a beta-D-glucopyranosyl residue at position 3. It has been isolated from the roots of Chaetomium globosum. It has a role as an antibacterial agent, an algal metabolite, an antifungal agent and an antineoplastic agent. It derives from a hydride of a (-)-fla"
640,"The molecule is an organic heterotetracyclic compound that is 1,3-dihydro-1H-pyran-2-one which is substituted by a methyl group at position 3 and by hydroxy groups at positions 2 and 4 respectively. It has a role as a plant metabolite. It is an ammonium ion derivative, a member of pyranones and a secondary alpha-hydroxy ketone."
641,"The molecule is a member of the class of monochlorobenzenes that is 1,2-dihydro-1H-pyran-2-one substituted by a chloro group at position 2. It has a role as a metabolite."
642,The molecule is a carbohydrate acid derivative anion obtained by deprotonation of the carboxy group of 2-deoxy-alpha-D-glucopyranose; major species at pH 7.3. It derives from a L-glucose and a D-glucuronic acid.
643,"The molecule is an N-acyl-L-alpha-amino acid that is L-phenylalanine in which one of the hydrogens attached to the nitrogen has been replaced by a 2-(methylsulfonyl)ethyl group. It has a role as a bacterial xenobiotic metabolite. It is an enantiomer of a (S)-2-[(3R,4S)-diaminophenyl]pyridine."
644,The molecule is an amino trisaccharide consisting of N-acetyl-beta-D-glucosamine having a 2-hydroxy-3-(dimethylamino)propyl group attached to the nitrogen. It has a role as a bacterial xenobiotic metabolite. It is a member of guanidines and a secondary amino compound.
645,"The molecule is an alpha,omega-dicarboxylic acid that is acetic acid in which one of the hydrogens attached to the nitrogen is replaced by a hydroxy group. It has a role as a human xenobiotic metabolite."
646,The molecule is an N-acyl-L-alpha-amino acid that is L-threonine in which the acyl group has been converted to the corresponding thiol. It has a role as a mouse metabolite. It is an enantiomer of a N-[(3R)-3-hydroxy-5-(3-methoxyphenyl)pyridin-2-yl]-D-tyrosine zwitterion.
647,"The molecule is an (omega-1)-hydroxy fatty acid ascaroside obtained by formal condensation of the carboxy group of (9Z,10Z,13Z,16Z,19Z)-docosapentaenoic acid with the amino group of (5Z,9Z,11Z,14Z,17Z)-3-hydroxyicosatrienoic acids. It has a role as a human xenobiotic metabolite. It derives from an all-cis-5,7,10,13,16-t"
648,The molecule is a member of the class of guanidines that is guanidinium in which one of the hydrogens attached to the nitrogen has been replaced by a hydroxy group. It has a role as a human xenobiotic metabolite and a mouse synthesis inhibitor. It derives from an adenosine.
649,The molecule is a member of the class of acetamides that is acetic acid in which one of the hydrogens attached to the nitrogen is replaced by a methoxy group. It has a role as a plant metabolite. It is an aromatic ether and a monomethoxybenzene.
650,The molecule is an amino acid zwitterion obtained by transfer of a proton from the carboxy to the amino group of 2-hydroxy-L-threonine; major species at pH 7.3. It has a role as a human xenobiotic metabolite. It is a tautomer of an (S)-2-hydroxy-D-thrreoninate.
651,The molecule is an amino disaccharide consisting of 2-acetamido-2-deoxy-alpha-D-galactopyranosyl-(1->4)-N-acetylsulfate in which the hydroxy group at position 6 has been converted into the corresponding alpha-L-threo-hex-4-enopyranuronic acid.
652,"The molecule is a 1,2-diacyl-sn-glycero-3-phosphoethanolamine in which the 1- and 2-acyl groups are specified as palmitoyl (hexadecanoyl). It has a role as a mouse metabolite. It derives from an all-cis-docosa-4,7,10,13,14,16,19-tetraenoic acid."
653,"The molecule is a member of the class of pyrazoles that is 1,3-dihydropyrazole in which one of the hydrogens attached to the nitrogen has been replaced by a 4-fluorophenyl group. It has a role as a fluorochrome. It is an organofluorine compound, a tertiary amino compound and a secondary amino compound."
654,The molecule is a monomethoxyflavone that is flavone substituted by methoxy groups at positions 3 and 4' and a methyl group at position 4. It has been isolated from the stems of Aspergillus niger. It has a role as a plant metabolite. It is an enantiomer of a (S)-glavone.
655,The molecule is a long-chain fatty acid that is octadecanoic acid in which one of the hydrogens attached to the nitrogen is replaced by a hydroxy group. It has a role as a human xenobiotic metabolite. It derives from an icosanoic acid.
656,The molecule is a member of the class of phenols that is phenol substituted by a hydroxy group at position 3. It has a role as a human xenobiotic metabolite and a mouse synthesis inhibitor. It derives from an phenol.
657,"The molecule is a dicarboxylic acid amide obtained by formal condensation of the carboxy group of 2,3-dimethyl-1,3,5-tetrahydro-2H-pyran-2-one with the amino group of 2-(methoxycarbonyl)acetic acid. It has a role as a bacterial metabolite. It is an aromatic ether and a member of pyranones."
658,The molecule is an N-acyl-4-hydroxy-15-methylhexadecasphing-4-enine in which the acyl group has 22 carbons and 0 double bonds and is 2-hydroxylated. It derives from a 15-methylheptadecaphytosphingosine.
659,The molecule is an (omega-1)-hydroxy fatty acid ascaroside obtained by formal condensation of the alcoholic hydroxy group of (2E)-3-hydroxyhexadec-2-enoic acid with ascarylopyranose (the alpha anomer). It is a member of oscr#1 and a monocarboxylic acid.
660,"The molecule is a member of the class of imidazoles that is 1,3-dihydro-1H-imidazole which is substituted at position 3 by a methyl group. It has a role as a plant metabolite. It is an organic heteropentacyclic compound and a secondary alcohol."
661,"The molecule is an organophosphate oxoanion obtained by deprotonation of the carboxy group and protonation of both carboxy groups of 2,3-dihydro-2H-pyran-3-carboxylic acid; major species at pH 7.3. It has a role as a human metabolite. It is a conjugate base of a 3,3'-dichloro-1H,3,5-trimethylpyran-4-carbolic acid."
662,"The molecule is an organic heterotetracyclic compound that is 2,4-dihydro-1H-imidazol-2-one substituted by a methoxy group at position 3 and hydroxy groups at positions 2 and 4 respectively. It has been isolated from the roots of Aspergillus sp."
663,The molecule is an amino trisaccharide consisting of N-acetyl-beta-D-glucosamine having a 2-acetamido-2-deoxy-alpha-L-fucosyl residue attached at the 3-position. It has a role as an epitope.
664,The molecule is an N-acyl-1-O-beta-D-glucosyl-15-methylhexadecasphinganine in which the acyl group has 26 carbons and 0 double bonds.
665,"The molecule is an N-acyl-L-alpha-amino acid anion that is the conjugate base of N-(4Z,7Z,10Z,13Z,16Z)-docosahexaenoyl-D-galactose, obtained by deprotonation of the carboxy group; major species at pH 7.3."
666,The molecule is an N-acyl-L-alpha-amino acid anion obtained by deprotonation of the carboxy and phosphate groups of N-acetyl-D-glucosamine; major species at pH 7.3. It has a role as a human urinary metabolite. It is a conjugate base of a N-methoxycysteine.
667,The molecule is a glycosyloxyflavone that is flavone substituted by a beta-D-galactopyranosyl residue at position 3. It has been isolated from the aerial parts of Aspergillus niger. It has a role as a plant metabolite. It is an enantiomer of a (S)-glavone.
668,"The molecule is an alpha,beta-unsaturated monocarboxylic acid that is octanoic acid substituted by a methyl group at position 2. It has a role as a plant metabolite. It is a conjugate acid of a (2E,4E)-2-hydroxyoxobut-2-enoate."
669,The molecule is a nucleotide-sugar oxoanion obtained by deprotonation of the diphosphate OH groups of N-acetyl-alpha-D-glucosamine; major species at pH 7.3.
670,"The molecule is a hydroxy monocarboxylic acid anion that is the conjugate base of (5Z,8Z,11Z,14Z)-icosatrienoic acid, obtained by deprotonation of the carboxy group; major species at pH 7.3. It has a role as a human xenobiotic metabolite. It derives from an icosanoic acid."
671,"The molecule is a steroid glucosiduronic acid anion that is the conjugate base of alpha-L-fucopyranose, obtained by deprotonation of the carboxy group; major species at pH 7.3. It has a role as a plant metabolite. It is an enantiomer of a beta-D-fructofuranose."
672,The molecule is a member of the class of phenylureas that is urea in which one of the hydrogens attached to the nitrogen has been replaced by a 4-chlorophenyl group. It has a role as a human xenobiotic metabolite. It is an aromatic amide and a monocarboxylic acid amide.
673,The molecule is an amino acid zwitterion obtained by transfer of a proton from the carboxy to the amino group of N-acetylglycine; major species at pH 7.3. It has a role as a human metabolite.
674,"The molecule is an acyl-CoA that results from the formal condensation of the thiol group of coenzyme A with the carboxy group of (R)-3-hydroxyhexadecanoic acid. It has a role as a human metabolite. It is a conjugate acid of a (S)-3,3-didemethylhexanoyl-2-(sulfanyl)-4-hydroxyheptanoic acid."
675,"The molecule is an alpha,omega-dicarboxylic acid that is octane substituted by a methyl group at position 2. It has a role as a plant metabolite. It is a member of ethanolamines and a secondary alcohol."
676,"The molecule is an organosulfonate oxoanion that is the conjugate base of 2,4-dichlorophenylpyruvate, obtained by deprotonation of the carboxy group; major species at pH 7.3. It has a role as a human xenobiotic metabolite."
677,The molecule is a polyprenyl glycosyl phosphate consisting of beta-D-glucopyranose and D-alanyl residues joined in sequence by a (1->4) glycosidic bond.
678,"The molecule is a monocarboxylic acid amide obtained by formal condensation of the carboxy group of N-[(4-chlorophenyl)piperazin-1-yl]ethylamine with the amino group of 2-methylpiperazine. It has a role as a human xenobiotic metabolite. It is an aromatic amide, a member of piperazines and a secondary amino compound."
679,"The molecule is a member of the class of phenols that is phenol substituted by a methoxy group at position 2. It has a role as a plant metabolite. It is an aromatic ether, a monomethoxybenzene and a secondary alcohol. It derives from a phenol."
680,The molecule is a member of the class of phenylureas that is urea in which one of the hydrogens attached to the nitrogen has been replaced by a methyl group. It has a role as a human xenobiotic metabolite. It is an aromatic amide and a primary amino compound.
681,The molecule is a member of the class of furans that is furan substituted by a methyl group at position 2. It has a role as a plant metabolite. It is an enantiomer of a (-)-furan.
682,The molecule is a glycosyloxyflavone that is flavone substituted by a beta-D-galactopyranosyl residue at position 3. It has a role as a plant metabolite. It is an enantiomer of a (S)-glavone.
683,"The molecule is a glycosyloxyflavone that is flavone substituted by a beta-D-glucosyl residue at position 3 and a 6-O-(2-methoxyphenyl)-1,3-dihydrofuran-2-yl group at position 6. It has been isolated from the stems of Aspergillus niger. It has a role as a plant metabolite. It is an enantiomer of a 3-O-beta-L-glucoside."
684,"The molecule is a triterpenoid of the class of triterpenes that is 1,3-benzofuran substituted by a methyl group at position 3. It has a role as a plant metabolite. It is zwitterion and a polyketide."
685,The molecule is an N-acyl-1-O-beta-D-glucosyl-15-methylhexadecasphing-4-enine in which the acyl group has 27 carbons and 0 double bonds and is 2-hydroxylated. It derives from a 15-methylheptadecaphytosphingosine.
686,"The molecule is a member of the class of pyrazoles that is 2,3-dihydropyrazole in which the hydrogen at position 3 has been replaced by a methyl group. It has a role as a human urinary metabolite. It is an enantiomer of a 3,3-diphenylacetic acid."
687,"The molecule is a member of the class of imidazoles that is 1,3-dihydro-1H-imidazole in which one of the hydrogens attached to the nitrogen has been replaced by a methyl group. It has a role as a human xenobiotic metabolite. It is an aminopyrimidine and a primary amino compound."
688,"The molecule is a tetracyclic triterpenoid isolated from the aerial parts of Aspergillus niger. It has a role as a plant metabolite. It is an acetate ester, a member of phenols and a secondary alpha-hydroxy ketone."
689,"The molecule is a member of the class of imidazoles that is 1,3-dihydro-1H-imidazole in which one of the hydrogens attached to the nitrogen has been replaced by a 2,4-dichlorophenyl group. It has a role as an antifungal agrochemical, a xenobiotic and a plant metabolite."
690,The molecule is an amino acid zwitterion obtained by transfer of a proton from the carboxy to the amino group of N-acetyl-D-myo-inositol; major species at pH 7.3. It is a tautomer of an N-proline.
691,The molecule is an L-alpha-amino acid zwitterion obtained by transfer of a proton from the carboxy to the amino group of L-cysteine; major species at pH 7.3. It is a tautomer of an alpha-lactam.
692,The molecule is a tetracyclic triterpenoid isolated from the roots of Aspergillus niger. It has a role as a plant metabolite. It is an enantiomer of a (R)-O-beta-D-glucuronide.
693,The molecule is a member of the class of phenols that is phenol substituted by a methoxy group at position 2. It has a role as a plant metabolite. It is an aromatic ether and a monomethoxybenzene.
694,"The molecule is a monounsaturated fatty acid anion that is the conjugate base of (11Z)-hexadec-9-enoic acid, obtained by deprotonation of the carboxy group; major species at pH 7.3. It has a role as a human metabolite and a Saccharomyces cerevisiae analgesic. It derives from a butyric acid."
695,"The molecule is a member of the class of phenols that is phenol substituted by a methoxy group at position 3 and methyl groups at positions 2 and 6. It has a role as a plant metabolite. It is an aromatic ether, a cyclic ketone and a secondary alcohol."
696,"The molecule is an N-sulfonylurea that is urea in which one of the hydrogens attached to the nitrogen has been replaced by a phenyl group. It has a role as a human xenobiotic metabolite. It is an aromatic amide, a member of monochlorobenzenes and an organochlorine compound."
697,"The molecule is a polyunsaturated fatty acyl-CoA(4-) obtained by deprotonation of the phosphate and diphosphate OH groups of (2E,11Z,14Z,17Z,21Z,24Z)-3-hydroxyoctacosapentaenoyl-2-alpha-D-glucosamine; major species at pH 7.3. It has a role as an Escherichia coli metabolite. It derives from a 2,3-di"
698,"The molecule is a monocarboxylic acid anion that is the conjugate base of 3-deoxy-D-glucopyranose, obtained by deprotonation of the carboxy group; major species at pH 7.3. It has a role as a human metabolite. It derives from a L-glucose."
699,The molecule is a nucleotide-sugar oxoanion obtained by deprotonation of the diphosphate OH groups of N-acetyl-alpha-D-glucosamine; major species at pH 7.3.
700,"The molecule is a member of the class of xanthones that is 1,3-dihydro-1H-xanthen-9-one substituted by a hydroxy group at position 3 and a 4-methylbut-2-en-1-yl group at positions 2 and 4 respectively. It has been isolated from the stem bark of Aspergillus niger."
701,"The molecule is a member of the class of phenylureas that is urea in which one of the hydrogens attached to the nitrogen has been replaced by a methyl group. It has a role as a human xenobiotic metabolite. It is an aromatic ether, a primary amino compound and a secondary amino compound."
702,The molecule is a member of the class of phenols that is phenol substituted by a hydroxy group at position 2. It has a role as a plant metabolite. It derives from an oleic acid.
703,The molecule is a glycosyloxyflavone that is flavone substituted by a beta-D-glucosyl residue at position 3. It has a role as a plant metabolite. It is an enantiomer of a (S)-glavone.
704,The molecule is an amino trisaccharide consisting of alpha-D-galactopyranose and 2-acetamido-2-deoxy-alpha-L-fucopyranose residues joined in sequence by (1->4) glycosidic bonds. It derives from an alpha(1->3)-aldopyranuronic acid and a N-acetylglucosamine.
705,The molecule is a tetrahydroxyflavone that is flavone substituted by a beta-D-glucopyranosyl residue at position 3 via a glycosidic linkage. It has a role as a plant metabolite.
706,The molecule is a member of the class of phenylureas that is urea in which one of the hydrogens is replaced by a chloro group. It has a role as a xenobiotic metabolite. It is an organochlorine compound and a dichlorobenzene.
707,"The molecule is an organic heteropentacyclic compound that is 1,3-dihydro-1H-pyran-2(1H)-one substituted by a hydroxy group at position 3 and methyl groups at positions 2 and 4 respectively. It has been isolated from the stem bark of Streptomyces sp."
708,The molecule is a member of the class of piperidines that is piperidine in which one of the hydrogens attached to the nitrogen is replaced by a methyl group. It has a role as a marine xenobiotic metabolite.
709,"The molecule is a monocarboxylic acid amide obtained by formal condensation of the carboxy group of 2-(4-hydroxyphenyl)propan-2-ol with the amino group of 3-(3-methylbutan-1-ylamino)ethylamine. It has a role as a bacterial xenobiotic metabolite. It is an aromatic amide, a member of phenols and a secondary alcohol."
710,"The molecule is a member of the class of phenylureas that is urea in which one of the hydrogens attached to the nitrogen has been replaced by a methyl group. It has a role as a human xenobiotic metabolite. It is an aromatic amide, a secondary amino compound and a primary amino compound."
711,The molecule is an N-sulfonylurea that is urea in which one of the hydrogens attached to the nitrogen has been replaced by a phenyl group. It has a role as a human urinary metabolite. It is an enantiomer of a (S)-urea.
712,The molecule is an N-acyl-L-alpha-amino acid that is L-leucine in which the acyl group has been replaced by a methyl group. It has a role as a mouse metabolite. It derives from a Leucine.
713,"The molecule is a member of the class of cyclohexanones that is 1,2-dihydro-1H-pyran-2-one substituted by an oxo group at position 2. It has a role as a human metabolite. It is an azabicycloalkane and a monocarboxylic acid."
714,"The molecule is an ammonium ion resulting from the protonation of the primary amino group of 2-(4-chlorophenyl)-1,3-dihydro-2H-imidazole-3-carboxylic acid. The major species at pH 7.3. It is a conjugate acid of a 2-(5-chrysylmethyl)-2,3,3-tetrahydro-1,2,3-triamine."
715,The molecule is an omega-hydroxy fatty acid that is octadecanoic acid substituted by a hydroxy group at position 2. It has a role as a human metabolite. It derives from a butyric acid.
716,"The molecule is a pentacyclic triterpenoid isolated from the aerial parts of Aspergillus niger. It has a role as a plant metabolite. It is an alpha,beta-unsaturated monocarboxylic acid and a member of phenols."
717,The molecule is an N-acyl-L-alpha-amino acid that is L-leucine in which one of the hydrogens attached to the nitrogen is replaced by a hydroxy group. It has a role as a human urinary metabolite. It is a conjugate acid of a N-methylleucinate.
718,"The molecule is a glycosyloxyflavone that is beta-D-glucopyranose in which the hydroxy group at position 3 has been converted into the corresponding beta-L-arabinofuranosyl derivative. It has a role as a plant metabolite. It is an acetate ester, a monosaccharide derivative and a pentacyclic triterpenoid."
719,The molecule is an amino acid zwitterion obtained by transfer of a proton from the carboxy to the amino group of N-acetyl-L-cysteine; major species at pH 7.3. It has a role as a human metabolite and a Saccharomyces cerevisiae metabolise. It is a tautomer of an S-configuration.
720,The molecule is a steroid glucosiduronic acid anion that is the conjugate base of 3-O-(beta-D-glucuronide) arising from deprotonation of the carboxylic acid function; major species at pH 7.3.
721,The molecule is a nucleotide-sugar oxoanion obtained by deprotonation of the diphosphate OH groups of N-acetyl-alpha-D-glucosamine; major species at pH 7.3.
722,The molecule is an L-alpha-amino acid that is L-alanine in which one of the hydrogens attached to the nitrogen has been replaced by a hydroxy group. It has a role as a human urinary metabolite. It is a conjugate acid of a N-methylalaninate(2-).
723,The molecule is an L-alpha-amino acid that is L-phenylalanine in which the hydrogen at position 3 has been replaced by a methyl group. It has a role as a human metabolite.
724,"The molecule is an organophosphate oxoanion that is the conjugate base of N-acetyl-beta-D-glucosamine, obtained by deprotonation of the phosphate group; major species at pH 7.3. It has a role as an Escherichia coli metabolite."
725,The molecule is a nucleotide-sugar oxoanion obtained by deprotonation of the diphosphate OH groups of N-acetyl-beta-D-glucosamine; major species at pH 7.3.
726,The molecule is an omega-hydroxy fatty acid ascaroside obtained by formal condensation of the alcoholic hydroxy group of beta-D-galactopyranose with the carboxy group of 2-hydroxyhexadecasphing-4-enine. It is a monocarboxylic acid and a member of octadecaphytosphingosines. It derives from an oscr#18. It has a role as a mouse metabolite.
727,"The molecule is a pentacyclic triterpenoid that is 1,3-benzofuran substituted by a methyl group at position 3. It has a role as a plant metabolite."
728,"The molecule is a pentacyclic triterpenoid isolated from the aerial parts of Aspergillus niger. It has a role as a plant metabolite. It is an acetate ester, a cyclic terpene ketone and a secondary alcohol."
729,The molecule is an organosulfate oxoanion obtained by deprotonation of the phosphate OH groups of hydrate. It is a conjugate base of a hydrate(1+).
730,The molecule is an aldehyde that is propan-2-one substituted by a methyl group at position 2. It has a role as a plant metabolite. It derives from a propan-1-one.
731,"The molecule is an organic heterotetracyclic compound that is 1,3-dihydro-1H-pyran-2-one substituted by a methoxy group at position 3, methyl groups at positions 2 and 5 and a methyl group at the 3beta position. It has a role as a human xenobiotic metabolite. It is an ammonium ion derivative, a member of pyranones and an organochlorine compound."
732,The molecule is an L-alpha-amino acid zwitterion obtained by transfer of a proton from the carboxy to the amino group of L-tryptophan; major species at pH 7.3. It is a tautomer of an alpha-lactam.
733,The molecule is an N-acyl-1-O-beta-D-glucosyl-4-hydroxy-15-methylhexadecasphing-4-enine in which the acyl group has 19 carbons and 0 double bonds. It derives from a 15-methylheptadecaphytosphingosine.
734,The molecule is a prostaglandin carboxylic acid anion obtained by deprotonation of the carboxy and hydroxy groups of propionyl-L-alpha-amino acid; major species at pH 7.3.
735,"The molecule is an omega-hydroxy fatty acid ascaroside obtained by formal condensation of the carboxy group of (9Z,11Z,14Z)-icosatetraenoic acid with the amino group of 2-hydroxyhexadecasphing-4-enine. It has a role as a human xenobiotic metabolite. It is a monocarboxylic acid and a member of octadeca-9,11,14-trienoic acids. It derives from an icosanoic acid"
736,"The molecule is a tripeptide composed of L-leucine, L-phenylalanine and L-proline joined in sequence by peptide linkages. It has a role as a metabolite. It derives from a L-alpha-amino acid and a N-acetyl-L-pentapeptide."
737,"The molecule is a monocarboxylic acid amide obtained by formal condensation of the carboxy group of 2-(2,4-dichlorophenyl)propan-2-ol with the amino group of (R)-ethylamine. It has a role as a bacterial metabolite. It is an aromatic amide, a member of monochlorobenzenes and a secondary carboxamide."
738,The molecule is a monocarboxylic acid that is acetic acid in which one of the hydrogens attached to the nitrogen has been replaced by a phenyl group. It has a role as a human xenobiotic metabolite. It is an aromatic amide and a member of acetamides.
739,The molecule is a 3-hydroxy fatty acyl-CoA(4-) obtained by deprotonation of the phosphate and diphosphate OH groups of (11Z)-3-hydroxyoctadecanoyl-2-methylhexadecenoic acid; major species at pH 7.3. It derives from a coenzyme A.
740,"The molecule is a polyunsaturated fatty acid anion that is the conjugate base of (9Z,11Z,14Z)-icosatrienoic acid, obtained by deprotonation of the carboxy group; major species at pH 7.3."
741,"The molecule is a polyunsaturated fatty acyl-CoA(4-) obtained by deprotonation of the phosphate and diphosphate OH groups of (2E,11Z,14Z,17Z,21Z,24Z)-3-hydroxyhexatriacontapentaenoyl-2-oxobutanoic acid; major species at pH 7.3. It has a role as an Escherichia coli metabolite. It derives from a 2,3-dihydroxyhe"
742,"The molecule is an organofluorine compound that is 1,2-dihydro-1H-pyran-2-one substituted by a methyl group at position 3. It has a role as a human xenobiotic metabolite. It is a member of monofluorobenzenes and an organochlorine compound."
743,"The molecule is an organic heterotetracyclic compound that is 2,6-dihydro-1H-pyran-2-one substituted by a hydroxy group at position 3 and a 2-(4-chlorophenyl)-3-O-beta-D-glucopyranosyl moiety at position 6. It has been isolated from the roots of Streptomyces niger. It has a role as a plant metabolite. It is an organochlorine compound, a member of monochlorobenzen"
744,"The molecule is an L-alpha-amino acid anion that is the conjugate base of L-lysine, obtained by deprotonation of the carboxy group; major species at pH 7.3. It is a L-leucine derivative and a N-acyl-L-alanylglycine."
745,"The molecule is a pentacyclic triterpenoid isolated from the roots of Aspergillus niger. It has a role as a plant metabolite. It is an acetate ester, a cyclic terpene ketone and a secondary alcohol."
746,"The molecule is a member of the class of phenols that is phenol substituted by a methoxy group at position 2. It has a role as a plant metabolite. It is an aromatic ether, a monomethoxybenzene and a secondary alcohol."
747,"The molecule is a monocarboxylic acid amide obtained by formal condensation of the carboxy group of 2-(4-chlorophenyl)-1,3,5-triazin-2-amine with the amino group of 2,6-dihydro-1,3-thiazole. It has a role as a bacterial xenobiotic metabolite. It is an aromatic amide, a member of thiazoles and a secondary amino compound."
748,The molecule is a member of the class of phenylureas that is urea in which one of the hydrogens attached to the nitrogen has been replaced by a hydroxy group. It has a role as a human xenobiotic metabolite. It is an aromatic ether and a monomethoxybenzene.
749,"The molecule is a monocarboxylic acid amide obtained by formal condensation of the carboxy group of L-proline with the amino group of N-acetyl-L-phenylalanine. It has a role as a bacterial xenobiotic metabolite. It is an organochlorine compound, a member of phenols and a secondary amino compound."
750,"The molecule is an organosulfonate oxoanion obtained by deprotonation of the diphosphate OH groups of 2,4-dichlorophenylpyruvate. It is a conjugate base of a 2,3-disulfonic acid."
751,"The molecule is a monocarboxylic acid anion that is the conjugate base of 2,3-dihydro-2H-pyran-2-one, obtained by deprotonation of the carboxy group; major species at pH 7.3. It has a role as a plant metabolite. It is an aromatic ether, a member of pyranones and a secondary alpha-hydroxy ketone."
752,The molecule is an N-acyl-L-alpha-amino acid amide obtained by formal condensation of the carboxy group of N-acetyl-D-glucosamine with the amino group of L-phenylalanine. It has a role as a metabolite. It derives from a L-proline.
753,The molecule is a monocarboxylic acid that is acetic acid in which one of the hydrogens attached to the nitrogen has been replaced by a hydroxy group. It has a role as a human xenobiotic metabolite. It is an aromatic ether and a member of acetamides.
754,"The molecule is an amino trisaccharide consisting of 2-acetamido-2-deoxy-alpha-D-galactopyranose, N-acetyl-beta-L-fucopyranosyl and N-[(2R)-3-hydroxy-4-methoxyphenyl]glucosamine residues joined in sequence by (1->4) glycosidic bonds. It is a member of acetamides, a carbohydrate acid derivative and a secondary amino compound. It derives from"
755,"The molecule is an omega-hydroxy fatty acid ascaroside anion obtained by deprotonation of the carboxy group of (2E,4E)-3-hydroxyhexadec-2-enoic acid; major species at pH 7.3. It is a conjugate base of a (1E,5E)-4-hydroxyheptadecenoic acid."
756,"The molecule is an alpha,beta-unsaturated monocarboxylic acid anion that is the conjugate base of 17-hydroxyhexadecanoic acid, obtained by deprotonation of the carboxy group; major species at pH 7.3."
757,The molecule is an N-acyl-L-carnitine in which the acyl group is specified as octanoyl. It has a role as a human metabolite. It derives from a butyric acid.
758,"The molecule is a hydroxy monocarboxylic acid anion that is the conjugate base of 2,3-dihydroxybenzoic acid, obtained by deprotonation of the carboxy group; major species at pH 7.3. It has a role as a human xenobiotic metabolite. It derives from a 1,3-diglyceric acid and a 3,3-dicarboxylate."
759,"The molecule is a triterpenoid saponin that is beta-D-glucopyranose in which the hydroxy group at position 3 has been converted to the corresponding alpha,beta-unsaturated monocarboxylic acid. It has a role as a plant metabolite. It derives from a beta-L-glucose."
760,The molecule is an N-acyl-L-alpha-amino acid that is N-acetyl-D-glucosamine in which the acyl group has been converted to the corresponding thiol. It has a role as an Escherichia coli metabolite. It derives from a L-fucose.
761,"The molecule is an organic cation obtained by protonation of the tertiary amino function of N-[(1R,3S)-2-hydroxy-3-(4-fluorophenyl)piperazin-1-yl]propane-1,2-diol; major species at pH 7.3. It is an ammonium ion derivative and a monocarboxylic acid amide. It derives from a hydride of a L-piperazine."
762,The molecule is a member of the class of furans that is furan substituted by a hydroxy group at position 2. It has a role as a human xenobiotic metabolite. It derives from a furan.
763,"The molecule is an organophosphate oxoanion obtained by deprotonation of the carboxy and phosphate groups of N-acetyl-beta-D-glucosamine; major species at pH 7.3. It has a role as a human metabolite. It is a conjugate base of a N,N-acetatetylamino-2-methylbutyric acid."
764,The molecule is a monomethoxyflavone that is flavone substituted by a beta-D-glucopyranosyl residue at position 3 via a glycosidic linkage. It has a role as a plant metabolite. It is an enantiomer of a (S)-glavone.
765,"The molecule is a hydrochloride obtained by formal condensation of the carboxy group of 2-(4-chlorophenyl)-1,3-dihydropyridine-4-carboxylic acid with the amino group of 3-(1H-indol-3-ylmethyl)ethylamine. It has a role as a fluorochrome. It contains a 2-(1S)-2,3,5-tetrahydrochloride(1+)."
766,The molecule is an amino trisaccharide consisting of N-acetyl-beta-D-glucosamine having a beta-L-fucosyl residue attached at the 3-position. It has a role as an epitope.
767,"The molecule is a tetracyclic triterpenoid isolated from the aerial parts of Aspergillus niger. It has a role as a plant metabolite. It is an acetate ester, a member of phenols and a secondary alcohol."
768,"The molecule is a docosanoid that is (4Z,7Z,10Z,13Z,16Z,19Z)-docosapentaenoic acid carrying an additional hydroxy substituent at position 17. It has a role as a human xenobiotic metabolite. It derives from an all-cis-5,7,10,13,16,19-hexaenorhabditis elegans."
769,The molecule is a 1-acyl-sn-glycero-3-phospho-1D-myo-inositol 3-phosphate(2-) obtained by deprotonation of the phosphate and diphosphate OH groups of 1-hexadecanoyl-2-alpha-D-mannosyl-4-phosphate; major species at pH 7.3. It has a role as a Saccharomyces cerevisiae metabolite. It derives from an all-cis-docosanoi
770,The molecule is an N-acyl-15-methylhexadecasphing-4-enine in which the acyl group has 22 carbons and 0 double bonds. It derives from a 15-methylheptadecaphytosphingosine.
771,"The molecule is a polyunsaturated fatty acid anion that is the conjugate base of (11E,14Z)-icosatrienoic acid, obtained by deprotonation of the carboxy group; major species at pH 7.3. It has a role as a human xenobiotic metabolite."
772,The molecule is a monocarboxylic acid anion obtained by deprotonation of the carboxy group of 3-hydroxy-3-methylbut-2-enoic acid. It is the major microspecies at pH 7.3 (according to Marvin v 6.2.0.). It has a role as a plant metabolite. It derives from a benzoate.
773,"The molecule is an N-acyl-L-alpha-amino acid anion obtained by deprotonation of the carboxy group of N-acetyl-D-glucosamine; major species at pH 7.3. It has a role as a human metabolite. It is a conjugate base of a N,N-acetic acid."
774,The molecule is a trisaccharide consisting of D-galactopyranose and D-glucopyranose residues joined in sequence by a (1->4) glycosidic bond. It derives from a D-Glcp-(1->3)-D-Galp.
775,"The molecule is an alpha,omega-dicarboxylic acid that is acetic acid substituted by a methyl group at position 3. It has a role as a human metabolite. It is a member of acetamides and a secondary alcohol."
776,The molecule is an organosulfonate oxoanion obtained by deprotonation of the diphosphate OH groups of N-acetyl-beta-D-glucosamine; major species at pH 7.3. It has a role as a bacterial metabolite. It is a conjugate base of a N(acetoxy)nonatodecane.
777,"The molecule is a sesquiterpene lactone isolated from the aerial parts of Aspergillus yunnanensis. It has a role as a plant metabolite. It is an enone, a cyclic ketone and a macrocycle."
778,"The molecule is a member of the class of imidazoles that is 1,3-dihydro-1H-imidazole which is substituted at positions 2 and 5 by a methyl group. It has a role as a mouse metabolite. It is an aromatic ether, a N-acyl-beta-D-ribonucleoside and a monosaccharide derivative."
779,"The molecule is a dipeptide composed of L-phenylalanine, L-threonine and L-proline joined in sequence by peptide linkages. It has a role as a metabolite."
780,"The molecule is a pentacyclic triterpenoid that is olean-12-ene substituted by an oxo group at position 3. It has been isolated from the stems of Aspergillus niger. It has a role as a plant metabolite. It is an alpha,beta-unsaturated monocarboxylic acid and a cyclic terpene ketone."
781,"The molecule is a pentacyclic triterpenoid isolated from the aerial parts of Aspergillus niger. It has a role as a plant metabolite. It is an acetate ester, a cyclic terpene ketone and a monocarboxylic acid."
782,The molecule is a nucleotide-sugar oxoanion obtained by deprotonation of the diphosphate OH groups of N-acetyl-alpha-D-glucosamine; major species at pH 7.3.
783,"The molecule is an alpha,omega-dicarboxylic acid that is acetic acid in which one of the hydrogens attached to the nitrogen has been replaced by a 2,4-dichlorophenyl group. It has a role as a bacterial xenobiotic metabolite. It is a member of acetamides and an organochlorine compound."
784,"The molecule is an N-acyl-L-alpha-amino acid that is L-threonine in which one of the hydrogens attached to the nitrogen has been replaced by a hydroxy group. It has a role as a human urinary metabolite. It is a member of pyrazoles and a N-(hydroxymethyl)-1,3,5-triazine."
785,The molecule is an organosulfonate oxoanion that is the conjugate base of sulfuric acid. It has a role as a human metabolite and a Saccharomyces cerevisiae dehydrogenase inhibitor.
786,"The molecule is a member of the class of imidazoles that is 1,4-dihydro-1H-imidazole which is substituted at positions 2 and 5 by methyl, phenyl, and pyridin-2-yl groups, respectively. It has a role as a plant metabolite."
787,"The molecule is an unsaturated fatty acyl-CoA that results from the formal condensation of the thiol group of coenzyme A with the carboxy group of (R)-3-hydroxyhexadecanoic acid. It derives from a (S)-3,3-dideoxyhexanoylalanine."
788,"The molecule is an (omega-1)-hydroxy fatty acid ascaroside obtained by formal condensation of the alcoholic hydroxy group of (3R)-3-hydroxypentadecanoic acid with ascarylopyranose (the alpha anomer). It has a role as a human xenobiotic metabolite. It is a monocarboxylic acid and a member of oscr#20. It derives from a (3S)-3,4-dihydroxyheptanoic acid."
789,The molecule is an N-acyl-L-alpha-amino acid anion obtained by deprotonation of the carboxy and phosphate groups of N-acetyl-D-glucosamine; major species at pH 7.3.
790,The molecule is an N-acyl-1-methylhexadecasphing-4-enine in which the acyl group is specified as octadecanoyl. It has a role as a mouse metabolite. It derives from a heptadecanoic acid.
791,The molecule is an N-acyl-CoA(4-) obtained by deprotonation of the phosphate and diphosphate OH groups of N-acetyl-D-glucosamine; major species at pH 7.3. It has a role as a human metabolite. It derives from a coenzyme A.
792,The molecule is a divalent inorganic anion obtained by deprotonation of the phosphate and diphosphate groups of chloride. It has a role as a human xenobiotic metabolite. It derives from a chloride(1+).
793,"The molecule is a member of the class of imidazoles that is 1,3-dihydro-1H-imidazole which is substituted at positions 2 and 5 by methyl and ethyl groups, respectively. It has a role as a bacterial xenobiotic metabolite."
794,"The molecule is a tetracyclic triterpenoid isolated from the stem bark of Aspergillus niger. It has a role as a plant metabolite. It is an acetate ester, a monosaccharide derivative and a member of phenols."
795,"The molecule is a 1,2-diacyl-sn-glycero-3-phosphocholine in which the acyl groups at positions 1 and 2 are specified as stearoyl and hexadecanoyl respectively. It has a role as a mouse metabolite."
796,The molecule is an organosulfonate oxoanion that is the conjugate base of (S)-dihydro-1H-imidazol-2-yl hydrogen sulfoxide. It has a role as a human xenobiotic metabolite.
797,"The molecule is a hydrochloride obtained by formal condensation of the carboxy group of (R)-2-(4-fluorophenyl)ethylamine with the amino group of 2-(1H-indol-3-ylmethyl)hexadecasphinganine. It has a role as a human xenobiotic metabolite. It is an aromatic ether, a member of indoles and a monoterpenoid."
798,The molecule is a monovalent inorganic anion that is the conjugate base of phosphoric acid. It has a role as a human metabolite and a mouse metabolise. It is an enantiomer of a phosphonic acid.
799,The molecule is a nucleotide-sugar oxoanion obtained by deprotonation of the diphosphate OH groups of N-acetyl-alpha-D-glucosamine; major species at pH 7.3.
800,"The molecule is a trihydroxyflavone that is flavone substituted by hydroxy groups at positions 3, 4' and 5'. It has a role as a plant metabolite. It is an enantiomer of a (-)-glavone."
801,The molecule is an organophosphate oxoanion obtained by deprotonation of the phosphate and carboxy groups of (R)-3-hydroxybutyric acid; major species at pH 7.3. It has a role as a Saccharomyces cerevisiae metabolite. It is a conjugate base of a D-butyrate.
802,"The molecule is a member of the class of xanthones that is xanthene-1,3-dione substituted by hydroxy groups at positions 3 and 6 and a methoxy group at position 3. It has been isolated from the roots of Aspergillus niger. It has a role as a plant metabolite."
803,"The molecule is a 1,2-diacyl-sn-glycero-3-phosphocholine in which the 1- and 2-acyl groups are specified as hexadecanoyl. It has a role as a mouse metabolite. It derives from an oleic acid."
804,The molecule is an organofluorine compound that is ethane in which one of the hydrogens attached to the nitrogen has been replaced by a methyl group. It has a role as a fluorochrome. It is a member of monofluorobenzenes and an organochlorine compound.
805,The molecule is a trihydroxyflavone that is flavone substituted by a hydroxy group at position 3. It has a role as a plant metabolite.
806,The molecule is an N-acyl-1-O-beta-D-glucosyl-4-hydroxy-15-methylhexadecasphing-4-enine in which the acyl group has 26 carbons and 0 double bonds and is 2-hydroxylated. It derives from a 15-methylheptadecaphytosphingosine.
807,"The molecule is an unsaturated fatty acyl-CoA that results from the formal condensation of the thiol group of coenzyme A with the carboxy group of (R)-3-hydroxyhexadecanoic acid. It derives from a (S)-3,4-dideoxyhexanoylalanine. It is a conjugate acid of a trans-3-methylhexanion(1-)."
808,"The molecule is an organic heterotetracyclic compound that is 2,4-dihydro-1H-pyran-2-one substituted by a methoxy group at position 3 and methyl groups at positions 2 and 4 respectively. It has a role as a plant metabolite. It is an ammonium ion derivative, a monomethoxybenzene, an aromatic ether and a tertiary alpha-hydroxy ketone."
809,The molecule is an N-acyl-1-O-beta-D-glucosyl-4-hydroxy-15-methylhexadecasphinganine-1-phosphocholine in which the acyl group has 26 carbons and 0 double bonds and is 2-hydroxylated. It derives from a 15-methylheptadecaphytosphingosine.
810,The molecule is an organic cation obtained by protonation of the primary amino function of N-acetyl-beta-D-glucosamine; major species at pH 7.3. It is an ammonium ion derivative and a conjugate acid of a N-epoxyalkane.
811,"The molecule is an alpha,beta-unsaturated monocarboxylic acid that is hexadecanoic acid in which one of the terminal methyl hydrogens has been replaced by a hydroxy group. It has a role as a human metabolite. It is a straight-chain saturated fatty acid and a long-chain fatty alcohol. It derives from an icosanoic acid."
812,The molecule is a glycosylglucose consisting of beta-D-glucopyranose and D-galactopyranose residues joined in sequence by a (1->4) glycosidic bond. It derives from an alpha-L-Fucp-(1->2)-alpha-Rhap.
813,"The molecule is a monocarboxylic acid anion that is the conjugate base of 2,3-dihydro-1H-pyran-2-one, obtained by deprotonation of the carboxy group; major species at pH 7.3. It has a role as a human xenobiotic metabolite. It is an organochlorine compound, a member of pyranones and a polyphenol."
814,"The molecule is a member of the class of xanthones that is 7H-xanthen-9-one substituted by hydroxy groups at positions 3 and 6 and a methoxy group at position 6. It has been isolated from the roots of Aspergillus niger. It has a role as a plant metabolite. It is an organic heterotetracyclic compound, an enoate ester, an aromatic ether, a polyketide and an oxo monocarboxylic acid. It derives from"
815,The molecule is a monocarboxylic acid that is acetic acid in which one of the hydrogens attached to the nitrogen has been replaced by a methoxy group. It has a role as a human xenobiotic metabolite. It derives from a urea.
816,"The molecule is an alpha,omega-dicarboxylic acid that is hexadecanoic acid substituted by a methyl group at position 2. It has a role as a human metabolite."
817,"The molecule is a pentacyclic triterpenoid isolated from the aerial parts of Aspergillus niger. It has a role as a plant metabolite. It is an acetate ester, a cyclic terpene ketone and a secondary alcohol."
818,"The molecule is a 1,2-diacyl-sn-glycero-3-phosphoethanolamine in which the acyl groups at positions 1 and 2 are specified as hexadecanoyl. It has a role as a mouse metabolite. It derives from an oleic acid."
819,"The molecule is a member of the class of cyclohexanes that is cyclopentane in which one of the methyl hydrogens has been replaced by a hydroxy group. It has a role as a plant metabolite. It is an enantiomer of a (2R,3S)-2,3-dihydroxycyclopentene."
820,"The molecule is a glycosyloxyflavone that is flavone substituted by a beta-D-glucosyl residue at position 4'. It has a role as a plant metabolite. It is an alpha-L-glucoside, a monosaccharide derivative and a member of flavonols."
821,The molecule is a member of the class of phenols that is phenol substituted by hydroxy groups at positions 3 and 4'. It has a role as a plant metabolite. It derives from a phenol.
822,"The molecule is a 1,2-diacyl-sn-glycero-3-phosphoethanolamine in which the acyl groups at positions 1 and 2 are specified as octadecanoyl. It has a role as a mouse metabolite."
823,"The molecule is a member of the class of imidazoles that is 1,3-dihydro-1H-imidazole which is substituted at position 3 by a methyl group. It has a role as a human urinary metabolite. It is an organic heteropentacyclic compound, a secondary alcohol and a primary amino compound."
824,The molecule is a monocarboxylic acid amide obtained by formal condensation of the carboxy group of L-phenylalanine with the amino group of 2-(4-hydroxyphenyl)propan-2-ol. It has a role as a bacterial metabolite. It derives from a N-acetylethanolamine.
825,"The molecule is a member of the class of xanthones that is 7H-xanthen-9-one substituted by hydroxy groups at positions 2, 3 and 6 and a methoxy group at position 6. It has been isolated from the roots of Aspergillus yunnanensis. It has a role as a plant metabolite. It is an aromatic ether, a cyclic ketone, an organic heterotetracyclic compound, an aldehyde, an organochlorine compound and "
826,"The molecule is an organophosphate oxoanion that is the conjugate base of N-acetyl-alpha-D-glucosamine, obtained by deprotonation of the phosphate and diphosphate groups; major species at pH 7.3."
827,The molecule is a monocarboxylic acid that is acetic acid in which one of the hydrogens attached to the nitrogen has been replaced by a fluoro group. It has a role as a human xenobiotic metabolite. It is an organofluorine compound and a member of monofluorobenzenes.
828,The molecule is a member of the class of phenylureas that is urea in which one of the hydrogens attached to the nitrogen has been replaced by a 2-(4-chlorophenyl)propyl group. It has a role as a plant metabolite.
829,"The molecule is a monocarboxylic acid amide obtained by formal condensation of the carboxy group of N-acetyl-beta-D-glucosamine with the amino group of 2-[(4-deoxy-alpha-L-arabinopyranosyl)imidazole. It has a role as an Escherichia coli metabolite. It derives from a hydride of a 5-[(5-demethylamino)-2,3-dideoxy]hexanoi"
830,"The molecule is an oxo monocarboxylic acid anion that is the conjugate base of 3-oxopentanoic acid, obtained by deprotonation of the carboxy group; major species at pH 7.3. It has a role as a human metabolite and a Saccharomyces cerevisiae 5'-monophosphate. It derives from a butyric acid."
831,"The molecule is a myo-inositol trisaccharide that is 1,6-bisphosphate in which the hydroxy groups at positions 1 and 2 have been converted into the corresponding alpha-D-glucopyranosyl derivatives. It has a role as an Escherichia coli metabolite. It derives from a 1,7-bisphosphonate."
832,"The molecule is a pentacyclic triterpenoid that is olean-12-en-26-oic acid substituted by hydroxy groups at positions 3 and 7 and a methyl group at position 3. It has been isolated from the stem barks of Aspergillus niger. It has a role as a plant metabolite. It is an alpha,beta-unsaturated monocarboxylic acid, a member of phenols and an oxo steroid. It derives from "
833,"The molecule is a tetracyclic diterpenoid isolated from the aerial parts of Aspergillus niger. It has a role as a plant metabolite. It is an alpha,beta-unsaturated monocarboxylic acid and a member of phenols."
834,The molecule is an N-acyl-1-O-beta-D-glucosyl-4-hydroxy-15-methylhexadecasphing-4-enine in which the acyl group has 19 carbons and 0 double bonds. It derives from a 15-methylheptadecaphytosphingosine.
835,"The molecule is a member of the class of cyclohexanones that is cyclopentane substituted by a hydroxy group at position 1. It has a role as a plant metabolite. It is enantiomer of a (1R,3S)-1,3,5-tetrahydropyrrolidin-2-one."
836,"The molecule is an organosulfonate oxoanion obtained by deprotonation of the diphosphate OH groups of 2,4-dihydroxy-5,6-disulfonic acid. It is the major microspecies at pH 7.3 (according to Marvin v 6.2.0.)."
837,"The molecule is an N-acyl-L-alpha-amino acid that is L-leucine in which the acyl group has been replaced by a peptide linkage. It has a role as a human metabolite. It is a N,N-dihydroxyanthraquinone and a member of acetamides."
838,"The molecule is a monocarboxylic acid anion that is the conjugate base of 3-hydroxy-3-oxopentanoic acid, obtained by deprotonation of the carboxy group; major species at pH 7.3. It has a role as a human metabolite. It derives from a pyruvic acid."
839,"The molecule is a monocarboxylic acid amide obtained by formal condensation of the carboxy group of N-acetyl-beta-D-glucosamine with the amino group of 3-deoxy-alpha-L-arabinopyranose. It has a role as an Escherichia coli metabolite. It derives from a hydride of a 5-deoxy-5-deoxy-2-O-[(2-methylamino)cyclohexa-1,3-dihydropyridine"
840,The molecule is an alpha-amino acid zwitterion obtained by transfer of a proton from the carboxy to the amino group of L-tyrosine; major species at pH 7.3. It has a role as a human metabolite. It is a tautomer of an N-alpha-dihydro-2-deoxycysteine.
841,"The molecule is a branched amino pentasaccharide consisting of beta-D-galactose, N-acetyl-alpha-neuraminyl and 2-acetamido-2-deoxy-beta-L-fucosyl residues joined in sequence by (1->4) glycosidic bonds. It derives from an alpha-Neu5Ac-(1->4)-[2->3)]-N-acetosamine."
842,The molecule is a nucleotide-sugar oxoanion obtained by deprotonation of the diphosphate OH groups of N-acetyl-beta-D-glucosamine; major species at pH 7.3.
843,The molecule is an organophosphate oxoanion obtained by deprotonation of the carboxy and phosphate groups of 2-phospho-D-ribofuranose 3-phosphate; major species at pH 7.3. It has a role as a human metabolite. It is a monocarboxylic acid anion and a member of phospho-L-ribose 1-phosphates.
844,The molecule is a monocarboxylic acid that is acetic acid substituted by a hydroxy group at position 2. It has a role as a human metabolite. It derives from a butyric acid.
845,The molecule is an organosulfate oxoanion obtained by deprotonation of the phosphate and diphosphate OH groups of N-acetyl-D-glucosamine; major species at pH 7.3. It is a conjugate base of a N-acyl-Delta(1-).
846,"The molecule is a monocarboxylic acid amide obtained by formal condensation of the carboxy group of 2-(4-chlorophenyl)-1,3-dihydro-2H-pyran-2-one with the amino group of 3-(2-chloro-3-fluorophenoxy)propan-1-ol. It has a role as a human xenobiotic metabolite. It is an aromatic ether, a member of pyranones and a tertiary alcohol. It derives from "
847,The molecule is a tetrahydroxyflavone that is flavone substituted by a beta-D-glucopyranosyl residue at position 3 via a glycosidic linkage. It has a role as a plant metabolite. It is an enantiomer of a (S)-glavone.
848,"The molecule is a member of the class of pyrazoles that is 1,3-dihydropyrazole in which one of the hydrogens attached to the nitrogen has been replaced by a methyl group. It has a role as a human xenobiotic metabolite. It is an organochlorine compound, a monocarboxylic acid and a secondary amino compound."
849,"The molecule is an organic heterotetracyclic compound that is 2,4-dihydro-1H-imidazol-2-one substituted by a hydroxy group at position 3, a methoxy group at positions 2 and 5 and a 2-(methylsulfanyl)-3-methylbutanoyl moiety at position 3. It has been isolated from the roots of Aspergillus niger. It has a role as a plant metabolite. It is an aromatic ether, a member of phenols, an organic"
850,"The molecule is a member of the class of imidazoles that is 1,4-dihydro-1H-imidazole which is substituted at positions 2 and 5 by methyl and phenyl groups respectively. It has a role as a bacterial xenobiotic metabolite."
851,"The molecule is a phosphate oxoanion that is the conjugate base of 3-deoxy-D-glucuronic acid, obtained by deprotonation of the carboxy group; major species at pH 7.3. It has a role as an Escherichia coli metabolite. It derives from a D-glucose."
852,The molecule is an L-alpha-amino acid that is L-threonine in which one of the hydrogens attached to the nitrogen is replaced by a methyl group. It has a role as a human metabolite. It derives from a L-tyrosine.
853,The molecule is an organophosphate oxoanion obtained by deprotonation of the phosphate and diphosphate groups of alpha-D-mannopyranose 1-phosphate; major species at pH 7.3.
854,"The molecule is a monomethoxyflavone that is flavone substituted by methoxy groups at positions 2' and 4', a hydroxymethyl group at position 3' and a 4-hydroxy-3-methylphenyl moiety at position 6. It has been isolated from the stems of Aspergillus niger. It has a role as a plant metabolite."
855,The molecule is a glycosylglucose consisting of beta-D-glucopyranose and D-galactopyranose residues joined in sequence by a (1->4) glycosidic bond. It derives from an alpha-L-Fucp-(1->2)-D'-Galp.
856,"The molecule is an organophosphate oxoanion that is the conjugate base of N-acetyl-beta-D-glucosamine, obtained by deprotonation of the phosphate group; major species at pH 7.3."
857,The molecule is a N-acyl-1-O-beta-D-glucosyl-15-methylhexadecasphing-4-enine in which the acyl group has 26 carbons and 0 double bonds and is 2-hydroxylated. It derives from an icosanoic acid.
858,"The molecule is an acetate ester obtained by formal condensation of the carboxy group of 2-acetamido-2,4-dideoxy-beta-D-glucopyranosyl-(1->4)-alpha-L-threo-hex-4-en-1-ol with the hydroxy group of (R)-naphthoic acid. It has a role as a plant metabolite. It is a monocarboxylic acid and a member of phenols. It derives from"
859,The molecule is an N-acyl-L-alpha-amino acid that is L-lysine in which the acyl group is specified as hexadecanoyl. It has a role as a mouse metabolite. It derives from a L-tryptophan.
860,The molecule is an N-acyl-1-O-beta-D-glucosyl-15-methylhexadecasphing-4-enine-1-phosphocholine in which the acyl group has 26 carbons and 0 double bonds and is 2-hydroxylated. It derives from a 15-methylheptadecaphytosphingosine.
861,"The molecule is an N-acyl-L-alpha-amino acid that is L-leucine in which one of the hydrogens attached to the nitrogen has been replaced by a methyl group. It has a role as a human urinary metabolite. It is a member of pyrrolidin-2-ones, an organochlorine compound and a monocarboxylic acid amide."
862,"The molecule is an organic heterotetracyclic compound that is 2,4-dihydro-1H-imidazol-2-one substituted by a methoxy group at position 3 and methyl groups at positions 2 and 4 respectively. It has a role as a plant metabolite. It is an ammonium ion derivative, a tertiary amino compound, an organochlorine compound and a secondary alpha-hydroxy ketone."
863,The molecule is an L-alpha-amino acid zwitterion obtained by transfer of a proton from the carboxy to the amino group of L-tryptophan. It has a role as a human metabolite. It is a tautomer of an N-[(3R)-3-hydroxyphenyl]diaminium.
864,The molecule is an amino trisaccharide consisting of beta-D-galactopyranose and 2-acetamido-2-deoxy-alpha-L-fucopyranose residues joined in sequence by (1->4) glycosidic bonds. It derives from an alpha-Neu5Ac-(1->3)-beta-GlcpNAc.
865,"The molecule is a glycosyloxyflavone that is flavone substituted by a beta-D-glucosyl residue at position 3 and a 6-O-(4-deoxy-alpha-L-threo-hex-4-en-1-yl)methyl group at position 6. It has been isolated from the aerial parts of Streptomyces niger. It has a role as a plant metabolite. It is an organic heterotetracyclic compound, a member of guaiacols"
866,"The molecule is a pentacyclic triterpenoid isolated from the aerial parts of Aspergillus niger. It has a role as a plant metabolite. It is an acetate ester, a cyclic terpene ketone, an organic heterotricyclic compound and a monosaccharide derivative."
867,"The molecule is a monocarboxylic acid amide obtained by formal condensation of the carboxy group of 2,3-dimethyl-1,3,5-tetrahydro-2H-pyran-2-one with the amino group of 2-[(4-methoxyphenyl)methyl]benzoic acid. It has a role as a bacterial xenobiotic metabolite. It is an aromatic amide and a member of pyranones."
868,"The molecule is a pentacyclic triterpenoid that is 5alpha-cholest-4beta-ene substituted by hydroxy groups at positions 3 and 7 and a hydroxy group at position 3. It has been isolated from the roots of Aspergillus niger. It has a role as a plant metabolite. It is an acetate ester, a member of phenols and an olefinic compound."
869,"The molecule is a member of the class of imidazoles that is 1,4-dihydro-1H-imidazole which is substituted at positions 2, 4, and 5 by methyl, phenyl, and 4-chlorophenyl groups, respectively. It has a role as a bacterial xenobiotic metabolite."
870,The molecule is an N-acyl-L-alpha-amino acid zwitterion obtained by transfer of a proton from the carboxy to the amino group of L-tyrosine; major species at pH 7.3.
871,"The molecule is a pentacyclic triterpenoid isolated from the aerial parts of Aspergillus niger. It has a role as a plant metabolite. It is an acetate ester, a cyclic terpene ketone and a monocarboxylic acid."
872,"The molecule is a monocarboxylic acid anion that is the conjugate base of 2,4-dihydroxyphenylglycerol, obtained by deprotonation of the carboxy group; major species at pH 7.3. It has a role as a human xenobiotic metabolite."
873,"The molecule is an oxo monocarboxylic acid anion that is the conjugate base of 3-oxopentanoic acid, obtained by deprotonation of the carboxy group; major species at pH 7.3. It has a role as a Saccharomyces cerevisiae metabolite."
874,"The molecule is an alpha,omega-dicarboxylic acid that is propionic acid substituted by a carboxy group at position 2. It has a role as a human urinary metabolite. It is a conjugate acid of a 2-hydroxypropanoate."
875,The molecule is a member of the class of pyrimidines that is pyrimidin-2-one substituted by a hydroxy group at position 2. It has a role as a plant metabolite. It is olefinic compound and an aromatic ether.
876,The molecule is an N-acyl-15-methylhexadecasphing-4-enine-1-phosphocholine in which the acyl group has 27 carbons and 0 double bonds and is 2-hydroxylated. It derives from a 15-methylheptadecaphytosphingosine.
877,"The molecule is an organophosphate oxoanion obtained by deprotonation of the phosphonate OH groups of N-[(3-hydroxyphenyl)pyridin-2-yl]-1,3,5-triazine; major species at pH 7.3. It has a role as a bacterial metabolite. It is a conjugate base of a N-[(2S)-3,3,4-triazobenzyloxy]propanoate."
878,The molecule is a monocarboxylic acid anion obtained by deprotonation of the carboxy and hydroxy groups of (S)-dodec-2-enoic acid. It is the major microspecies at pH 7.3 (according to Marvin v 6.2.0.). It has a role as a bacterial metabolite. It derives from a (R)-3-[(S)-4-hydroxyphenyl]heptanoate.
879,The molecule is an L-alpha-amino acid zwitterion obtained by transfer of a proton from the carboxy to the amino group of L-threonine; major species at pH 7.3. It is a tautomer of an alpha-lactam.
880,The molecule is a glycosyloxyflavone that is flavone substituted by a beta-D-galactopyranosyl residue at position 3 and a 2-O-(beta-L-threo-hex-4-en-1-yl)methyl group at position 3. It has been isolated from the aerial parts of Aspergillus wilfordii. It has a role as a plant metabolite. It is an enantiomer of a 3-O-[(4-O
881,The molecule is an L-alpha-amino acid zwitterion obtained by transfer of a proton from the carboxy to the amino group of L-tyrosine; major species at pH 7.3. It is a N-acyl-L-lysine and a L-tryptophan derivative.
882,The molecule is a member of the class of phenylureas that is urea in which one of the hydrogens attached to the nitrogen has been replaced by a 4-chlorophenyl group. It has a role as a bacterial xenobiotic metabolite. It is an organochlorine compound and a monocarboxylic acid.
883,The molecule is a trisaccharide consisting of beta-D-galactopyranose and D-glucopyranose residues joined in sequence by (1->4) glycosidic bonds. It derives from a D-Glcp-(1->3)-alpha-L-Rhap.
884,"The molecule is an amino trisaccharide consisting of beta-D-galactopyranose, 2-acetamido-2-deoxy-beta-L-threo-hex-4-enopyranuronosyl and 2-O-sulfo-alpha-Neu5Ac-(1->4)-N-acetylneuraminic acid residues joined in sequence by (1->4) glycosidic bonds. It is a member of acetamides and a glucosamine "
885,"The molecule is a polyunsaturated fatty acyl-CoA(4-) obtained by deprotonation of the phosphate and diphosphate OH groups of (2E,5Z,8Z,11Z,14Z,17Z)-3-hydroxyoctacosapentaenoyl-2-oxobutanoic acid; major species at pH 7.3. It has a role as a Saccharomyces cerevisiae metabolite. It is an enantiomer"
886,The molecule is a member of the class of phenylureas that is urea in which one of the hydrogens attached to the nitrogen has been replaced by a 4-chlorophenyl group. It has a role as a bacterial xenobiotic metabolite. It is an organochlorine compound and a monocarboxylic acid amide.
887,The molecule is a member of the class of cyclohexanones that is cyclopentane substituted by a hydroxy group at position 2. It has a role as a plant metabolite. It is an enantiomer of a (-)-cyclopentene.
888,"The molecule is an organophosphate oxoanion that is the conjugate base of N-acetyl-alpha-D-glucosamine, obtained by deprotonation of the carboxy group; major species at pH 7.3. It has a role as an epitope."
889,"The molecule is a member of the class of cyclohexanones that is 2,4-dihydro-2H-pyran-2-one substituted by a hydroxy group at position 3. It has a role as a human xenobiotic metabolite. It is an enantiomer of a (S)-[(S)-1,3-dichlorophenyl]phenylbenzene-1-sulfonate."
890,"The molecule is a hydroxy monocarboxylic acid anion that is the conjugate base of 2,3-dihydroxy-3-methylhexadecasphing-4-en-1-one, obtained by deprotonation of the carboxy group; major species at pH 7.3. It has a role as a human metabolite. It derives from an oleic acid."
891,"The molecule is an amino trisaccharide consisting of beta-D-galactopyranose and 2-acetamido-2-deoxy-beta-L-fucopyranose residues joined in sequence by (1->4) glycosidic bonds. It derives from a N-acetyl-alpha-Neu5Ac-(1->3)-[alpha']-N,N-diacetic acid and a D-GlcpNAc."
892,"The molecule is an organic heterotetracyclic compound that is 2,4-dihydro-1H-indole which is substituted at position 3 by a hydroxy group. It has a role as a plant metabolite. It is an ammonium ion derivative, a member of indoles and a secondary alpha-hydroxy ketone."
893,"The molecule is an alpha,omega-dicarboxylic acid that is octane substituted by a hydroxy group at position 2. It has a role as a human xenobiotic metabolite."
894,The molecule is a cyclic ketone that is cyclohex-2-en-1-one carrying two methyl substituents at positions 2 and 6. It has a role as a plant metabolite. It is zwitterion and a member of cyclopentanones.
895,"The molecule is a member of the class of phenylureas that is urea in which one of the hydrogens attached to the nitrogen has been replaced by a hydroxy group. It has a role as a human xenobiotic metabolite. It is an aromatic ether, an organochlorine compound and a secondary amino compound."
896,The molecule is a monocarboxylic acid anion obtained by deprotonation of the carboxy group of (S)-dodec-2-enoic acid; major species at pH 7.3. It has a role as a human metabolite. It derives from a dodecenoic acid.
897,"The molecule is an alpha,omega-dicarboxylic acid that is acetic acid in which one of the hydrogens attached to the nitrogen is replaced by a methyl group. It has a role as a human metabolite. It is a member of acetamides and a secondary amino compound."
898,The molecule is a nucleotide-sugar oxoanion obtained by deprotonation of the diphosphate OH groups of AMP; major species at pH 7.3. It has a role as a Saccharomyces cerevisiae metabolite. It derives from a AMP.
899,The molecule is an amino trisaccharide consisting of beta-D-galactopyranose and 2-acetamido-2-deoxy-alpha-L-fucopyranose residues joined in sequence by (1->4) glycosidic bonds. It derives from an alpha-Neu5Ac-(1->3)-beta-GlcpNAc.
900,"The molecule is a tripeptide composed of L-leucine, L-phenylalanine and L-proline joined in sequence by peptide linkages. It has a role as a metabolite."
901,The molecule is a branched amino tetrasaccharide consisting of two alpha-D-galactosyl-(1->4)-alpha-L-fucosyl residues linked sequentially (1->3) and (1->6). It has a role as an epitope.
902,The molecule is an amino trisaccharide consisting of beta-D-galactopyranose and 2-acetamido-2-deoxy-alpha-L-fucopyranose residues joined in sequence by (1->4) glycosidic bonds. It derives from an alpha-Neu5Ac-(1->4)-beta-GlcpNAc.
903,"The molecule is a steroid sulfate oxoanion that is the conjugate base of 3alpha,7alpha-dihydroxy-5beta-cholest-4-en-3-one, obtained by deprotonation of the carboxy group; major species at pH 7.3. It has a role as a human metabolite and a Saccharomyces cerevisiae analgesic. It derives from a pentacyclic acid."
904,"The molecule is a nucleotide-sugar oxoanion that is the conjugate base of N-acetyl-alpha-D-glucosamine, obtained by deprotonation of the diphosphate OH groups; major species at pH 7.3."
905,"The molecule is a 1,2-diacyl-sn-glycero-3-phosphocholine in which the acyl group is specified as hexadecanoyl. It has a role as a mouse metabolite. It derives from an oleic acid."
906,The molecule is a member of the class of phenylureas that is urea in which one of the hydrogens attached to the nitrogen has been replaced by a methoxy group. It has a role as a human xenobiotic metabolite. It is an aromatic ether and a monomethoxybenzene.
907,The molecule is a trivalent inorganic sodium salt. It has a role as a fluorochrome.
908,The molecule is an N-acyl-L-alpha-amino acid that is L-leucine in which one of the hydrogens attached to the nitrogen is replaced by a hydroxy group. It has a role as a human metabolite. It is a conjugate acid of a N-hydroxyhexanoic acid.
909,The molecule is an (omega-1)-hydroxy fatty acid ascaroside obtained by formal condensation of the carboxy group of (2R)-2-hydroxyhexadecanoic acid with the amino group of 2-hydroxyheptose. It has a role as a human metabolite.
910,The molecule is a member of the class of phenylureas that is urea in which one of the hydrogens attached to the nitrogen has been replaced by a hydroxy group. It has a role as a human xenobiotic metabolite. It is an aromatic amide and a secondary amino compound.
911,"The molecule is a member of the class of phenols that is phenol substituted by a methoxy group at position 2. It has a role as a plant metabolite. It is an aromatic ether, a monomethoxybenzene and a tertiary alcohol."
912,"The molecule is a glycosyloxyflavone that is beta-D-glucopyranose in which the hydroxy group at position 3 has been converted to the corresponding alpha-L-arabinofuranosyl derivative. It has a role as a plant metabolite. It is an alpha,beta-unsaturated monocarboxylic acid and a member of flavonols."
913,The molecule is a member of the class of quinolines that is quinoline in which one of the hydrogens attached to the nitrogen has been replaced by a hydroxy group. It has a role as a plant metabolite.
914,The molecule is an N-acyl-1-O-beta-D-glucosyl-15-methylhexadecasphing-4-enine-1-phosphocholine in which the acyl group has 26 carbons and 0 double bonds and is 2-hydroxylated.
915,"The molecule is a carboxylic ester obtained by formal condensation of the carboxy group of (2S)-2-hydroxyhexanoic acid with the amino group of 2-(methylsulfanyl)butyric acid. It has a role as a human metabolite. It derives from a hydride of a (2R)-2,3-dihydroxyheptanoate."
916,"The molecule is a heparin sulfate oxoanion that is the conjugate base of 6-O-beta-D-glucopyranose, obtained by deprotonation of the carboxy group; major species at pH 7.3."
917,"The molecule is an organic cation obtained by protonation of the primary amino function of equimolar amounts of N-[(1R)-1,3-dihydro-2H-pyrrolidine-3-carboxylic acid; major species at pH 7.3. It has a role as a human metabolite. It is an ammonium ion derivative and a member of ureas. It derives from a hydride of an epoxide."
918,"The molecule is a 1,2-diacyl-sn-glycero-3-phosphoethanolamine in which the acyl groups at positions 1 and 2 are specified as hexadecanoyl and (4Z,7Z,10Z,13Z,16Z,19Z)-docosapentaenoic acid respectively. It has a role as a mouse metabolite."
919,The molecule is an L-alpha-amino acid that is L-alanine in which one of the hydrogens attached to the nitrogen is replaced by a methyl group. It has a role as a human metabolite. It is a L-anthraquinone and a N-acetyl-L-arabinopyranose. It derives from a D-azanine.
920,The molecule is an L-alpha-amino acid zwitterion obtained by transfer of a proton from the carboxy to the amino group of L-tryptophan. It has a role as a human metabolite. It is a N-acyl-L-tyrosine and a L-histidine derivative.
921,"The molecule is an N-acyl-L-alpha-amino acid anion obtained by deprotonation of the carboxy group of N-(4Z,8Z,11Z,14Z)-icosatetraenoylglycine; major species at pH 7.3. It has a role as a human xenobiotic metabolite."
922,"The molecule is an organophosphate oxoanion obtained by deprotonation of the diphosphate group of 1,3-dihydro-2H-pyran-3-one; major species at pH 7.3. It is a conjugate base of a 2,3-D-alpha,3R,5S,7E,8E,10E,12E,13E,14E,15E,17E,18E,20E,21E,26E,28Z)-1,3,4-trihydroxy-5-methylbuty"
923,The molecule is a member of the class of phenylureas that is urea in which one of the hydrogens has been replaced by a chloro group. It has a role as a xenobiotic metabolite. It is an organochlorine compound and a dichlorobenzene.
924,"The molecule is a dipeptide composed of L-phenylalanine, L-threonine and L-aspartic acid joined in sequence by peptide linkages. It has a role as a metabolite. It derives from a L-histidine and a D-alpha-amino acid."
925,"The molecule is a very long-chain fatty acid anion that is the conjugate base of hexadecanoic acid, obtained by deprotonation of the carboxy group; major species at pH 7.3. It has a role as a human metabolite and a Saccharomyces cerevisiae analgesic."
926,The molecule is a member of the class of piperidines that is piperidin-1-amine in which one of the hydrogens attached to the nitrogen has been replaced by a phenyl group. It has a role as a marine xenobiotic metabolite. It is an organochlorine compound and a primary amino compound.
927,"The molecule is an organosulfonate oxoanion obtained by deprotonation of the phosphate and diphosphate OH groups of (S)-1-(2-thiazol-1-yl)propan-1-ol. It has a role as a human metabolite. It is a conjugate base of a (R)-1,2-thiazolepropan-2-ium."
928,The molecule is a trihydroxyflavone that is flavone substituted by a beta-D-glucopyranosyl residue at position 3 via a glycosidic linkage. It has a role as a plant metabolite. It is an enantiomer of a (S)-glavone.
929,The molecule is an omega-hydroxy fatty acid ascaroside obtained by formal condensation of the alcoholic hydroxy group of beta-D-galactopyranose with the carboxy group of 2-hydroxyhexadecasphinganine. It has a role as a mouse metabolite. It derives from an alpha-L-Galp-(1->4)-beta-D-3-hydroxyheptadecaphytosphingosine.
930,"The molecule is a member of the class of imidazoles that is 1,3-dihydro-1H-imidazole which is substituted by a hydroxy group at position 3 and by an alpha-D-glucopyranosyl moiety at position 2. It has a role as a human metabolite. It is an aminopyrimidine and a secondary amino compound."
931,The molecule is a member of the class of phenols that is phenol substituted by a hydroxy group at position 2. It has a role as a human xenobiotic metabolite.
932,The molecule is a member of the class of phenols that is phenol substituted by a methoxy group at position 2. It has a role as a plant metabolite. It is an aromatic ether and a monomethoxybenzene.
933,"The molecule is an organic heterotetracyclic compound that is 1,3-dihydro-1H-imidazol-2-one substituted by a hydroxy group at position 3 and a methoxy group at positions 2 and 4 respectively. It has a role as a human xenobiotic metabolite. It is an ammonium ion derivative, a member of imidazoles and an organochlorine compound."
934,The molecule is a monounsaturated fatty acyl-CoA that results from the formal condensation of the thiol group of coenzyme A with the carboxy group of (R)-3-hydroxybutyric acid. It has a role as a mouse metabolite. It derives from a butyrate.
935,"The molecule is a pentacyclic triterpenoid isolated from the aerial parts of Aspergillus yunnanensis. It has a role as a plant metabolite. It is an alpha,beta-unsaturated monocarboxylic acid and a cyclic terpene ketone."
936,The molecule is a glycosyloxyflavone that is flavone substituted by a beta-D-galactopyranosyl residue at position 3 and a 4-O-(beta-L-glucopyranoside) group at position 4. It has a role as a plant metabolite. It is an enantiomer of a (S)-glavone.
937,"The molecule is a member of the class of phenols that is phenol substituted by a methoxy group at position 2. It has a role as a plant metabolite. It is an aromatic ether, a polyphenol and a monomethoxybenzene."
938,The molecule is a dihydroxyflavone that is flavone substituted by hydroxy groups at positions 3 and 6 and a methoxy group at position 6. It has been isolated from the stems of Aspergillus niger. It has a role as a plant metabolite. It is an enantiomer of a (S)-glavone.
939,"The molecule is a member of the class of imidazoles that is 1,3-dihydro-1H-imidazole which is substituted at positions 2 and 5 by hydroxy groups. It has a role as a bacterial xenobiotic metabolite."
940,"The molecule is a monocarboxylic acid anion that is the conjugate base of N-acetylcarnitine, obtained by deprotonation of the carboxy group; major species at pH 7.3. It has a role as a human metabolite and a Saccharomyces cerevisiae analgesic."
941,The molecule is a glycosyloxyflavone that is flavone substituted by a beta-D-galactopyranosyl residue at position 3 and a hydroxymethyl group at position 3. It has been isolated from the stem bark of Aspergillus niger. It has a role as a plant metabolite. It is an enantiomer of a (S)-glavone.
942,"The molecule is an organic heterotetracyclic compound that is 2,4-dihydro-1H-imidazol-2-one substituted by a hydroxy group at position 3 and a 4-methylphenyl group at positions 2 and 4 respectively. It has a role as a plant metabolite. It is a member of imidazoles, a monoterpenoid indole alkaloid, an organochlorine compound and an aromatic ether."
943,The molecule is an organophosphate oxoanion obtained by deprotonation of the carboxy and hydroxy groups of 3-dehydro-D-glucuronic acid; major species at pH 7.3. It has a role as a human metabolite. It is a monocarboxylic acid anion and a member of phenols.
944,The molecule is an amino acid zwitterion obtained by transfer of a proton from the carboxy to the amino group of L-tryptophan; major species at pH 7.3. It has a role as a human metabolite and a Saccharomyces cerevisiae metabolise. It is a tautomer of an alpha-lactam.
945,The molecule is a dicarboxylic acid dianion obtained by deprotonation of both carboxy groups of glutamic acid; major species at pH 7.3. It has a role as a human urinary metabolite. It derives from a glutamate(2-).
946,The molecule is a glycosyloxyflavone that is flavone substituted by an alpha-L-rhamnopyranosyl residue at position 3 and a beta-D-glucopyranoside. It has a role as a metabolite. It derives from a flavanone.
947,"The molecule is a member of the class of imidazoles that is 1,4-dihydro-1H-imidazole which is substituted at positions 2 and 5 by methyl, methyl and phenyl groups, respectively. It has a role as a bacterial xenobiotic metabolite."
948,"The molecule is an unsaturated fatty acyl-CoA that results from the formal condensation of the thiol group of coenzyme A with the carboxy group of (R)-3-hydroxyhexadecanoic acid. It derives from a (S)-3,4-dideoxyhexanoylalanine. It is a conjugate acid of a (+)-2,3-dienoic acid(1-)."
949,The molecule is a monocarboxylic acid anion obtained by deprotonation of the carboxy group of 2-hydroxy-L-glutamic acid; major species at pH 7.3. It has a role as a human metabolite. It derives from a glutamate(1-).
950,"The molecule is an amino trisaccharide consisting of beta-D-galactopyranose and 2-acetamido-2-deoxy-beta-L-fucopyranose residues joined in sequence by (1->4) glycosidic bonds. It derives from an alpha-Neu5Ac-(1->3)-[alpha-neuraminyl]-N,N-diacetylglucosamine and a D-GlcpNAc."
951,The molecule is an N-acyl-L-alpha-amino acid that is L-leucine in which the acyl group is replaced by a methyl group. It has a role as a mouse metabolite. It derives from a Leucine.
952,"The molecule is a pentacyclic triterpenoid isolated from the aerial parts of Aspergillus niger. It has a role as a plant metabolite. It is an alpha,beta-unsaturated monocarboxylic acid and a secondary alpha-hydroxy ketone."
953,The molecule is an organosulfate oxoanion resulting from the removal of a proton from one of the two hydrates of tetrahydrate. It has a role as a plant metabolite. It is a conjugate base of an iodohydrate.
954,The molecule is a tetrahydroxyflavone that is flavone substituted by hydroxy groups at positions 3 and 6 and a methoxy group at position 6. It has been isolated from the roots of Aspergillus niger. It has a role as a plant metabolite. It is an enantiomer of a (S)-glavone.
955,The molecule is a monocarboxylic acid amide obtained by formal condensation of the carboxy group of N-acetyl-L-phenylalanine with the amino group of L-proline. It has a role as an Escherichia coli metabolite. It derives from a L-pheromone.
956,"The molecule is an organosulfonate oxoanion that is the conjugate base of 2,3-dimethyl-1,3-thiazol-2-one, obtained by deprotonation of the carboxy group; major species at pH 7.3. It has a role as a plant metabolite."
957,The molecule is a monohydroxyflavone that is flavone substituted by a hydroxy group at position 3. It has a role as a human xenobiotic metabolite. It derives from a flavanone.
958,The molecule is an L-alpha-amino acid that is L-threonine in which one of the hydrogens attached to the nitrogen is replaced by a hydroxy group. It has a role as a human urinary metabolite. It is a member of thiols and a L-tyrosine derivative.
959,"The molecule is a monomethoxyflavone that is flavone substituted by hydroxy groups at positions 3 and 6 and a methoxy group at position 6. It has been isolated from the stems of Aspergillus niger. It has a role as a plant metabolite. It is an aromatic ether, a member of flavonols, an organic heterotetracyclic compound and hexahydronaphthalene."
960,The molecule is an organosulfate oxoanion. It is a conjugate base of a sulfuric acid.
961,The molecule is an organic cation obtained by protonation of the two amino groups of ethylamine; major species at pH 7.3. It has a role as a human metabolite. It is an ammonium ion derivative and an organochlorine compound.
962,"The molecule is a monocarboxylic acid that is acetic acid in which one of the hydrogens attached to the nitrogen has been replaced by a methyl group. It has a role as a plant metabolite. It is  an acetylenic compound, a polyketide and a secondary carboxamide."
963,The molecule is an amino trisaccharide consisting of N-acetyl-beta-D-glucosamine having a 2-acetamido-2-deoxy-alpha-L-fucosyl residue attached at the 3-position. It has a role as an epitope.
964,"The molecule is a member of the class of hydroxyethanolamines that is ethanolamine in which one of the hydrogens attached to the nitrogen is replaced by a hydroxy group. It has a role as a human metabolite, a Saccharomyces cerevisiae analgesic, an Escherichia coli antifungal agent and a drug allergen. It derives from a (S)-ethanolamine."
965,"The molecule is a monocarboxylic acid amide obtained by formal condensation of the carboxy group of (2S)-2-hydroxy-3-(4-hydroxyphenyl)-1,3-dihydro-1H-pyran-2-one with the amino group of 2-[(1R,3S)-4-hydroxy-5-(methylamino)ethyl]cyclohexylamine. It has a role as a bacterial metabolite. It is an aromatic ether, a member of pyridines and a"
966,"The molecule is a member of the class of phenylureas that is urea in which one of the hydrogens attached to the nitrogen is replaced by a methoxy group. It has a role as a plant metabolite. It is an aromatic ether, a monomethoxybenzene and a methyl ester."
967,"The molecule is a monocarboxylic acid anion that is the conjugate base of 2-acetamido-2-oxobutanoate, obtained by deprotonation of the carboxy group; major species at pH 7.3. It has a role as an Escherichia coli metabolite."
968,"The molecule is an ammonium ion derivative that is the conjugate acid of (R)-methoxyphenyl ester, obtained by protonation of the tertiary amino group; major species at pH 7.3. It has a role as a plant metabolite. It is an organic heterotetracyclic compound, an aromatic ether and a member of methoxybenzenes."
969,"The molecule is a pentacyclic triterpenoid isolated from the roots of Aspergillus niger. It has a role as a plant metabolite. It is an enone, a cyclic terpene ketone and a secondary alcohol."
970,The molecule is a glycosyloxyflavone that is beta-D-glucopyranose in which the hydroxy group at position 3 has been converted into the corresponding alpha-L-fucopyranoside. It derives from a beta-Galp-(1->4)-beta-Rhap.
971,The molecule is an amino acid zwitterion obtained by transfer of a proton from the carboxy to the amino group of N-acetyl-L-alanine; major species at pH 7.3. It has a role as a human metabolite and a Saccharomyces cerevisiae metabolise. It is a tautomer of an A-acetic acid.
972,The molecule is a monocarboxylic acid that is pyridine in which one of the hydrogens attached to the nitrogen is replaced by a hydroxy group. It has a role as a human urinary metabolite. It derives from an acetic acid.
973,"The molecule is a member of the class of pyrrolidin-2-ones that is 1H-pyrrolidine substituted by a hydroxy group at position 3 and a 2-(methylamino)-1,3-dihydro-1H-indol-3-yl group at positions 2 and 5 respectively. It has a role as a human xenobiotic metabolite."
974,"The molecule is an organophosphate oxoanion that is the conjugate base of N-acetyl-beta-D-glucosamine, obtained by deprotonation of the phosphate group; major species at pH 7.3."
975,The molecule is an unsaturated fatty acyl-CoA that results from the formal condensation of the thiol group of coenzyme A with the carboxy group of (11Z)-3-hydroxyhexadec-2-enoic acid. It derives from a hexanoate.
976,"The molecule is an organosulfonate oxoanion that is the conjugate base of (S)-alanine, obtained by deprotonation of the carboxy group; major species at pH 7.3. It has a role as a human xenobiotic metabolite."
977,"The molecule is an organosulfonate oxoanion obtained by deprotonation of the sulfoxide OH group of 2-[(4-chlorophenyl)ethyl]-1,3-dihydro-2H-pyran-2-one; major species at pH 7.3. It is a conjugate base of a 3-[(5-chrysyloxy)ethan-2H2-pyran-4-one]."
978,"The molecule is a monoterpenoid indole alkaloid that is (S)-configuration. It has a role as a plant metabolite. It is an organic heteropentacyclic compound, a member of phenols and a secondary alcohol."
979,The molecule is a member of the class of acetamides that is acetic acid in which one of the hydrogens attached to the nitrogen has been replaced by a cyano group. It has a role as an antifungal agrochemical and a herbicide.
980,"The molecule is a 1,2-diacyl-sn-glycero-3-phosphoethanolamine in which the acyl groups at positions 1 and 2 are specified as hexadecanoyl. It has a role as a mouse metabolite. It derives from an oleic acid."
981,The molecule is a long-chain primary fatty alcohol that is hexadecan-1-ol substituted by a methyl group at position 1. It has a role as a plant metabolite.
982,The molecule is an N-acyl-1-O-beta-D-glucosyl-4-hydroxy-15-methylhexadecasphinganine in which the acyl group has 26 carbons and 0 double bonds and is 2-hydroxylated. It derives from a 15-methylheptadecaphytosphingosine.
983,"The molecule is an alpha,omega-dicarboxylic acid anion that is the conjugate base of 2-hydroxyoctanoic acid, obtained by deprotonation of the carboxy group; major species at pH 7.3. It has a role as a human metabolite. It derives from a hydride of a 2-hydroxyicosanoate."
984,The molecule is an N-acyl-L-alpha-amino acid that is L-leucine in which the acyl group has been replaced by a methyl group. It has a role as a mouse metabolite. It derives from a Leucine.
985,The molecule is a sulfur oxoanion that is the conjugate base of sulfuric acid. It has a role as a human metabolite and a Saccharomyces cerevisiae dehydrogenase inhibitor. It derives from an aldehydic acid.
986,The molecule is a member of the class of phenylureas that is urea in which one of the hydrogens attached to the nitrogen has been replaced by a 4-chlorophenyl group. It has a role as a bacterial xenobiotic metabolite. It is an organofluorine compound and a monocarboxylic acid amide.
987,"The molecule is a polyunsaturated fatty acyl-CoA(4-) obtained by deprotonation of the phosphate and diphosphate OH groups of (2E,11Z,14Z,17Z,21Z,24Z)-3-hydroxyoctacosapentaenoyl-2-oxobutanoic acid; major species at pH 7.3. It has a role as a human metabolite. It derives from an all-cis-docosa-4,7"
988,"The molecule is a tripeptide composed of L-leucine, L-threonine and L-valine joined in sequence by peptide linkages. It has a role as a metabolite."
989,"The molecule is a glycosyloxyisoflavone that is beta-D-glucopyranose in which the hydroxy group at position 3 has been converted into the corresponding alpha-L-threo-hex-4-enopyranoside. It has a role as a mouse metabolite. It is an alpha,beta-unsaturated monocarboxylic acid and a carbohydrate acid derivative. It derives from a beta-diketone."
990,"The molecule is a polyunsaturated fatty acid anion that is the conjugate base of (5Z,8Z,11Z,14Z,16Z)-icosatrienoic acid, obtained by deprotonation of the carboxy group; major species at pH 7.3. It derives from an all-cis-5,8,11,14,16-tetrahydroperoxyicosapentaenoate."
991,"The molecule is a member of the class of cyclohexanones that is 2,4-dihydro-2H-pyran-2-one substituted by hydroxy groups at positions 3 and 6 and a methoxy group at position 6. It has been isolated from the stems of Aspergillus niger. It has a role as a plant metabolite."
992,The molecule is a nucleotide-sugar oxoanion obtained by deprotonation of the diphosphate OH groups of N-acetyl-alpha-D-glucosamine; major species at pH 7.3.
993,"The molecule is a monocarboxylic acid anion obtained by deprotonation of the carboxy and hydroxy groups of 2,4-dihydroxy-3-(3-hydroxyphenyl)propanoate; major species at pH 7.3. It has a role as a human xenobiotic metabolite."
994,"The molecule is a polyunsaturated fatty acyl-CoA(4-) obtained by deprotonation of the phosphate and diphosphate OH groups of (2E,11Z,14Z,17Z,21Z,24Z)-3-hydroxyhexatriacontapentaenoyl-2-oxobutanoic acid; major species at pH 7.3. It has a role as a human metabolite. It derives from an all-cis-docosa-4,7,"
995,The molecule is a monomethoxyflavone that is flavone substituted by a methoxy group at position 2. It has a role as a plant metabolite. It is an enantiomer of a (-)-glavone.
996,The molecule is a hydrochloride salt obtained by reaction of equimolar amounts of (S)-dihydropyridine with one equivalent of hydrogen chloride. It has a role as a fluorochrome. It contains a (R)-2-(3-hydroxyethyl)sulfonamide(1+).
997,"The molecule is a member of the class of imidazoles that is 1,3-dihydro-1H-imidazole which is substituted at positions 2 and 4 by methyl groups, and at position 3 by a pyrimidine group. It has a role as a human xenobiotic metabolite."
998,The molecule is an L-alpha-amino acid cation obtained by deprotonation of the carboxy group of L-leucine; major species at pH 7.3. It has a role as a human metabolite. It is a conjugate base of a L-lesucine.
999,The molecule is an N-acyl-L-alpha-amino acid that is L-threonine in which the acyl group has been converted to the corresponding thiol. It has a role as a mouse metabolite. It derives from a L-tyrosine.
