ID,description
0,"The molecule is a polyunsaturated fatty acyl-CoA that results from the formal condensation of the thiol group of coenzyme A with the carboxy group of (2Z,8Z,11Z,14Z)-icosatetraenoic acid. It has a role as a human metabolite and a Saccharomyces cerevisiae metabolite. It derives from an alpha-D-glucopyranoside. It is a conjugate acid of a (4Z,7Z,10Z,16Z,19Z)-octadecenoyl"
1,"The molecule is a polyunsaturated fatty acyl-CoA that results from the formal condensation of the thiol group of coenzyme A with the carboxy group of (2Z,8Z,11Z,14Z)-icosatetraenoic acid. It has a role as a human metabolite and a Saccharomyces cerevisiae metabolite. It derives from an all-cis-icosaccharide. It is a conjugate acid of a (4Z,7Z,10Z,16Z,19Z)-octadecenoyl"
2,"The molecule is a polyunsaturated fatty acyl-CoA that results from the formal condensation of the thiol group of coenzyme A with the carboxy group of (7Z,11Z,13Z,16Z,19Z)-docosahexaenoic acid. It has a role as a human xenobiotic metabolite and a Saccharomyces cerevisiae metabolite. It derives from an all-cis-docosa-6,11,13,16,19-tetrahydrocystic fibrosis. It is a conjugate acid of a"
3,"The molecule is a polyunsaturated fatty acyl-CoA that results from the formal condensation of the thiol group of coenzyme A with the carboxy group of (3Z,4Z,6Z,8Z,10Z,13Z)-docosapentaenoic acid. It has a role as a human metabolite and a Saccharomyces cerevisiae metabolite. It derives from an all-cis-docosa-3,4,6,8,10,13-tetraenoate. It is a conjugate acid of a (3"
4,"The molecule is a polyunsaturated fatty acyl-CoA that results from the formal condensation of the thiol group of coenzyme A with the carboxy group of (2Z,8Z,11Z,14Z)-icosatetraenoic acid. It has a role as a human metabolite and a Saccharomyces cerevisiae metabolite. It derives from an alpha-D-glucopyranoside. It is a conjugate acid of a (1Z,9Z,12Z,16Z,19Z)-octadecenoyl"
5,"The molecule is an organophosphate oxoanion obtained by deprotonation of the phosphate and diphosphate OH groups of 3-phosphate; major species at pH 7.3. It has a role as a Saccharomyces cerevisiae metabolite. It is a conjugate base of a 3,5-dihydroxy-D-glucopyranose(2-). It is an enantiomer of a 4-hydroxy-L-glycero-CoA(4-) and a 3-methyl-alpha-amino-1-en"
6,"The molecule is an organophosphate oxoanion obtained by deprotonation of the phosphate and diphosphate OH groups of 3-hydroxybenzoic acid; major species at pH 7.3. It has a role as a human metabolite. It is a conjugate base of a 3,4-dichloro-2-enoyl-sn-glycero-3-phosphatidylcholine(1-). It is an enantiomer of a 4-oxo-D-glucopyranose. It derives from a 3-"
7,"The molecule is a polyunsaturated fatty acyl-CoA that results from the formal condensation of the thiol group of coenzyme A with the carboxy group of (3Z,4Z,6Z,8Z,10Z,13Z)-docosapentaenoic acid. It derives from an all-cis-docosa-3,4,6,8,10,13-tetrahydrocysteine. It is a conjugate acid of a (7Z,9Z,12Z,14Z,16Z,17E,19"
8,"The molecule is an organophosphate oxoanion obtained by deprotonation of the phosphate and diphosphate OH groups of 3-deoxy-D-glucopyranose; major species at pH 7.3. It is a conjugate base of a 3,4-dihydroxyhexadecanoyl-sn-glycero-3-phosphacyl-CoA(4-). It is an enantiomer of a 4-hydroxyl-alpha-L-fucosapentaenoic acid. It derives from a (1S"
9,"The molecule is a polyunsaturated fatty acyl-CoA that results from the formal condensation of the thiol group of coenzyme A with the carboxy group of (7Z,10Z,13Z,16Z,19Z)-docosahexaenoic acid. It has a role as a human metabolite and a Saccharomyces cerevisiae metabolite. It derives from an all-cis-docosa-6,10,13,16,19-tetrahydroacosapentaenoate. It is a conjugate acid of a ("
10,"The molecule is a polyunsaturated fatty acyl-CoA that results from the formal condensation of the thiol group of coenzyme A with the carboxy group of (7Z,11Z,13Z,16Z,19Z)-docosahexaenoic acid. It has a role as a human metabolite and a Saccharomyces cerevisiae metabolite. It derives from an all-cis-docosa-6,11,13,16,19-tetrahydroflavone. It is a conjugate acid of a (9Z,"
11,"The molecule is an organophosphate oxoanion obtained by deprotonation of the phosphate and diphosphate OH groups of 3-hydroxy-D-glucopyranose; major species at pH 7.3. It has a role as a human metabolite and a Saccharomyces cerevisiae metabolite. It is a conjugate base of a 3,4-dihydroxy-L-glycero-3-phosphate(1-). It is an enantiomer of a 4-hydroxyphenyl-2-enoic acid."
12,"The molecule is an organophosphate oxoanion obtained by deprotonation of the phosphate and diphosphate OH groups of 3-phosphate; major species at pH 7.3. It has a role as a Saccharomyces cerevisiae metabolite. It is a conjugate base of a 3,5-dihydroxy-D-glucopyranose(2-). It is an enantiomer of a 4-hydroxy-L-phenyl-alpha-amino-1-enantioyl-sn-glycero-3-"
13,"The molecule is a polyunsaturated fatty acyl-CoA that results from the formal condensation of the thiol group of coenzyme A with the carboxy group of (7Z,11Z,13Z,16Z,19Z)-docosahexaenoic acid. It has a role as a human xenobiotic metabolite and a Saccharomyces cerevisiae metabolite. It derives from an all-cis-docosa-6,11,13,16,19-tetrahydroflavone. It is a conjugate acid of a ("
14,The molecule is an organophosphate oxoanion obtained by deprotonation of the phosphate and diphosphate OH groups of N-acetyl-beta-D-glucosamine; major species at pH 7.3. It has a role as a human metabolite and a Saccharomyces cerevisiae metabolite. It is a conjugate base of a N-(4-hydroxyhexadecenzoic acid)carbonylglyceroate(1-). It is an enantiomer of a (S)-nucleosapentaenoic acid. It
15,"The molecule is a polyunsaturated fatty acyl-CoA that results from the formal condensation of the thiol group of coenzyme A with the carboxy group of (2Z,8Z,11Z,14Z)-icosatetraenoic acid. It has a role as a human metabolite and a Saccharomyces cerevisiae metabolite. It is a monocarboxylic acid anion, a non-steroidal anti-inflammatory drug, an organic heteropentacyclic compound and a member of trihydroxyflavones. It derives from"
16,"The molecule is a monocarboxylic acid anion obtained by deprotonation of the phosphate and diphosphate OH groups of 3-hydroxyhexadecenoyl-CoA; major species at pH 7.3. It has a role as a human metabolite. It is a conjugate base of a 3,4-dihydroxyphenylhexadecanoic acid. It derives from a hydride of a (1R)-3-[(S)-2-(sulfo-L-glucopyranosyl)-alpha-D-gl"
17,"The molecule is a monocarboxylic acid anion obtained by deprotonation of the phosphate and diphosphate OH groups of 3-hydroxyhexadecenoyl-CoA; major species at pH 7.3. It has a role as a human metabolite and a Saccharomyces cerevisiae metabolite. It derives from a hexadecanoic acid. It is a conjugate base of a 3-[(2Z,4Z)-octadecanoyl-(1Z,8Z,11Z)-icosatetraenoate(1-"
18,"The molecule is an organophosphate oxoanion obtained by deprotonation of the phosphate and diphosphate OH groups of D-glucopyranose; major species at pH 7.3. It has a role as a human metabolite and a Saccharomyces cerevisiae metabolite. It is a conjugate base of a D-glycero-1-phosphate(2-). It is an enantiomer of a N-glycysteine 2,6-dihydroxy-5-hydroxyflavone. It derives from a D"
19,"The molecule is a polyunsaturated fatty acyl-CoA that results from the formal condensation of the thiol group of coenzyme A with the carboxy group of (3Z,4Z,6Z,8Z,10Z,13Z)-icosatetraenoic acid. It has a role as a human metabolite and a Saccharomyces cerevisiae metabolite. It derives from an alpha-D-glucopyranoside. It is a conjugate acid of a (2Z,5Z,9Z,12Z,14Z)-"
20,"The molecule is a polyunsaturated fatty acyl-CoA that results from the formal condensation of the thiol group of coenzyme A with the carboxy group of (3Z,4Z,6Z,8Z,10Z,13Z)-docosapentaenoic acid. It derives from an all-cis-docosa-3,4,6,8,10,13-tetrahydrocysteine. It is a conjugate acid of a 3-hydroxyhexadecanoic acid(1-). It is an enantiomer of"
21,"The molecule is a polyunsaturated fatty acyl-CoA that results from the formal condensation of the thiol group of coenzyme A with the carboxy group of (7Z,10Z,13Z,16Z,19Z)-docosahexaenoic acid. It has a role as a human xenobiotic metabolite and a Saccharomyces cerevisiae metabolite. It derives from an all-cis-docosa-6,10,13,16,19-tetrahydrocystic fibrosis. It is a conjugate acid of a"
22,"The molecule is an organophosphate oxoanion obtained by deprotonation of the phosphate and diphosphate OH groups of 3-hydroxyhexadecenoyl-CoA; major species at pH 7.3. It derives from a hexadecanoic acid. It is a conjugate base of a 3-[(1S)-hexadecanoyl]-CoA(4-). It is an enantiomer of a 4,6-dichlorobenzoylethanol-2-O-(1-hydroxymethoxyphenyl)-CoA."
23,"The molecule is a polyunsaturated fatty acyl-CoA that results from the formal condensation of the thiol group of coenzyme A with the carboxy group of (7Z,11Z,13Z,16Z,19Z)-docosahexaenoic acid. It has a role as a human metabolite and a Saccharomyces cerevisiae metabolite. It derives from an all-cis-docosa-6,11,13,16,19-tetrahydrocystic fibrosis factor. It is a conjugate acid of a (7"
24,"The molecule is a polyunsaturated fatty acyl-CoA that results from the formal condensation of the thiol group of coenzyme A with the carboxy group of (3Z,4Z,6Z,8Z,10Z,13Z)-docosapentaenoic acid. It has a role as a human metabolite and a Saccharomyces cerevisiae metabolite. It derives from an all-cis-docosa-3,4,6,8,10,13-tetraenoate. It is a conjugate acid of a (3"
25,"The molecule is a polyunsaturated fatty acyl-CoA that results from the formal condensation of the thiol group of coenzyme A with the carboxy group of (3Z,4Z,6Z,8Z,10Z,13Z)-docosahexaenoic acid. It derives from an all-cis-docosa-3,4,6,8,10,13-tetrahydrocysteine. It is a conjugate acid of a 3-hydroxyhexadecanoic acid(1-). It is an enantiomer of"
26,"The molecule is a polyunsaturated fatty acyl-CoA that results from the formal condensation of the thiol group of coenzyme A with the carboxy group of (2Z,8Z,11Z,14Z)-icosatetraenoic acid. It has a role as a human metabolite and a Saccharomyces cerevisiae metabolite. It derives from an alpha-D-glucopyranoside. It is a conjugate acid of a (2S)-3-hydroxyhexadecanoic acid(1-). It is an enanti"
27,"The molecule is a polyunsaturated fatty acyl-CoA that results from the formal condensation of the thiol group of coenzyme A with the carboxy group of (3Z,4Z,6Z,7Z,10Z,13Z)-docosapentaenoic acid. It derives from an all-cis-docosa-3,4,6,7,10,13-tetrahydrocysteine. It is a conjugate acid of a 3-hydroxyhexadecanoic acid(1-). It is an enantiomer of"
28,"The molecule is a polyunsaturated fatty acyl-CoA that results from the formal condensation of the thiol group of coenzyme A with the carboxy group of (3Z,4Z,6Z,8Z,10Z,13Z)-docosahexaenoic acid. It derives from an all-cis-docosa-3,4,6,8,10,13-tetrahydroflavone. It is a conjugate acid of a 3-hydroxyhexadecanoic acid(1-). It is an enantiomer of"
29,"The molecule is a monocarboxylic acid anion obtained by deprotonation of the phosphate and diphosphate OH groups of (7Z,11Z,13Z,14Z)-icosatetraenoic acid; major species at pH 7.3. It has a role as a human metabolite and a Saccharomyces cerevisiae metabolite. It is a polyunsaturated fatty acyl-CoA(4-) and an organic heteropentacyclic compound. It derives from an all-cis-hexadecanoic acid. It contains a ("
30,"The molecule is a polyunsaturated fatty acyl-CoA that results from the formal condensation of the thiol group of coenzyme A with the carboxy group of (2Z,8Z,11Z,13Z)-icosatetraenoic acid. It has a role as a human metabolite and a Saccharomyces cerevisiae metabolite. It derives from an alpha-D-glucopyranoside. It is a conjugate acid of a (2S)-3-hydroxyhexadecanoic acid(1-). It is an enanti"
31,"The molecule is an organophosphate oxoanion obtained by deprotonation of the phosphate and diphosphate OH groups of 3-oxo-3-enoyl-CoA; major species at pH 7.3. It has a role as a Saccharomyces cerevisiae metabolite. It is a conjugate base of a 3,4-dihydroxy-D-glucopyranose(2-). It is an enantiomer of a 4-hydroxy-N-acetyl-alpha-amino-L-glycero-Co"
32,"The molecule is a polyunsaturated fatty acyl-CoA that results from the formal condensation of the thiol group of coenzyme A with the carboxy group of (3Z,4Z,6Z,8Z,10Z,13Z)-docosapentaenoic acid. It derives from an all-cis-docosa-3,4,6,8,10,13-tetrahydrocysteine. It is a conjugate acid of a 3-hydroxyhexadecanoic acid(1-). It is an enantiomer of"
33,"The molecule is a polyunsaturated fatty acyl-CoA that results from the formal condensation of the thiol group of coenzyme A with the carboxy group of (7Z,10Z,13Z,16Z,19Z)-docosahexaenoic acid. It has a role as a human metabolite and a Saccharomyces cerevisiae metabolite. It derives from an all-cis-docosa-6,10,13,16,19-tetrahydroflavone. It is a conjugate acid of a (9Z,"
34,"The molecule is a polyunsaturated fatty acyl-CoA that results from the formal condensation of the thiol group of coenzyme A with the carboxy group of (3Z,4Z,6Z,8Z,10Z,13Z)-docosahexaenoic acid. It derives from an all-cis-docosa-3,4,6,8,10,13-tetrahydrocysteine. It is a conjugate acid of a 3-hydroxyhexadecanoic acid(1-). It is an enantiomer of"
35,"The molecule is a polyunsaturated fatty acyl-CoA that results from the formal condensation of the thiol group of coenzyme A with the carboxy group of (3Z,4Z,6Z,8Z,10Z,13Z)-docosapentaenoic acid. It has a role as a human metabolite and a Saccharomyces cerevisiae metabolite. It derives from an all-cis-docosa-3,4,6,8,10,13-tetraenoate. It is a conjugate acid of a (3"
36,"The molecule is a 3-oxo monocarboxylic acid anion obtained by deprotonation of the carboxy group; major species at pH 7.3. It has a role as a human metabolite and a Saccharomyces cerevisiae metabolite. It is a conjugate base of a 3,4-dihydroxyhexadecanoic acid. It derives from a hydride of a (1S)-3-oxanoic acid(2-). It is an enantiomer of a 4-hydroxyphenyl-3-enoic acid"
37,"The molecule is a polyunsaturated fatty acyl-CoA that results from the formal condensation of the thiol group of coenzyme A with the carboxy group of (3Z,4Z,6Z,8Z,10Z,13Z)-docosapentaenoic acid. It has a role as a human metabolite and a Saccharomyces cerevisiae metabolite. It derives from an all-cis-docosa-3,4,6,8,10,13-tetraenoate. It is a conjugate acid of a (3"
38,"The molecule is a polyunsaturated fatty acyl-CoA that results from the formal condensation of the thiol group of coenzyme A with the carboxy group of (3Z,4Z,6Z,8Z,10Z,13Z)-docosapentaenoic acid. It has a role as a human metabolite and a Saccharomyces cerevisiae metabolite. It derives from an all-cis-docosa-3,4,6,8,10,13-tetraenoate. It is a conjugate acid of a (3"
39,"The molecule is an organophosphate oxoanion obtained by deprotonation of the phosphate and diphosphate OH groups of 2-phosphate; major species at pH 7.3. It has a role as a human metabolite. It is a conjugate base of a 2,3-dihydroxyflavone(1-). It is an enantiomer of a 1,2-diacyl-sn-glycero-3-(1S)-octadecenoyl-CoA(4-) and a 3-oxo-D-gluc"
40,"The molecule is a monocarboxylic acid anion obtained by deprotonation of the phosphate and diphosphate OH groups of 3-hydroxybenzoic acid; major species at pH 7.3. It has a role as a Saccharomyces cerevisiae metabolite. It is a conjugate base of a 3,4-dihydroxybenzoyl-sn-glycero-3-phosphohexadecanoic acid. It derives from a (1R)-3-[(1S)-2-(pyridin-1-yl"
41,"The molecule is a polyunsaturated fatty acyl-CoA that results from the formal condensation of the thiol group of coenzyme A with the carboxy group of (3Z,4Z,6Z,7Z,10Z,13Z)-docosapentaenoic acid. It derives from an all-cis-docosa-3,4,6,7,10,13-tetrahydrocysteine. It is a conjugate acid of a 3-hydroxyhexadecanoic acid(1-). It is an enantiomer of"
42,The molecule is an organophosphate oxoanion obtained by deprotonation of the phosphate and diphosphate OH groups of D-glucopyranose; major species at pH 7.3. It has a role as a human metabolite and a Saccharomyces cerevisiae metabolite. It is a conjugate base of a D-glycero-1-phosphate(2-). It is an enantiomer of a N-glycocarboxylic acid. It derives from an 11-oxo-4-hydroxyhexanoic acid
43,"The molecule is a polyunsaturated fatty acyl-CoA that results from the formal condensation of the thiol group of coenzyme A with the carboxy group of (3Z,4Z,6Z,8Z,10Z,13Z)-docosahexaenoic acid. It derives from an all-cis-docosa-3,4,6,8,10,13-tetrahydrocystic fibrosis (CFS). It is a conjugate acid of a (7Z,9Z,11Z,14Z,15Z)-"
44,"The molecule is a polyunsaturated fatty acyl-CoA that results from the formal condensation of the thiol group of coenzyme A with the carboxy group of (3Z,4Z,6Z,8Z,10Z,13Z)-docosahexaenoic acid. It derives from an all-cis-docosa-3,4,6,8,10,13-tetrahydroflavone. It is a conjugate acid of a 3-hydroxyhexadecanoic acid(1-). It is an enantiomer of"
45,"The molecule is a polyunsaturated fatty acyl-CoA that results from the formal condensation of the thiol group of coenzyme A with the carboxy group of (2Z,4Z,7Z,10Z,13Z)-icosatetraenoic acid. It has a role as a human metabolite and a Saccharomyces cerevisiae metabolite. It is a monocarboxylic acid anion, a member of alpha-hydroxyflavones, a 3-oxo-L-glucopyranoside, a long-chain"
46,"The molecule is a polyunsaturated fatty acyl-CoA that results from the formal condensation of the thiol group of coenzyme A with the carboxy group of (2Z,8Z,11Z,14Z)-icosatetraenoic acid. It has a role as a human metabolite and a Saccharomyces cerevisiae metabolite. It derives from an alpha-L-glucopyranoside. It is a conjugate acid of a (4Z,7Z,10Z,16Z,19Z)-octadecenoyl"
47,"The molecule is a polyunsaturated fatty acyl-CoA that results from the formal condensation of the thiol group of coenzyme A with the carboxy group of (7Z,10Z,13Z,16Z,19Z)-docosahexaenoic acid. It has a role as a human metabolite and a Saccharomyces cerevisiae metabolite. It derives from an all-cis-docosa-6,10,13,16,19-tetrahydropyranosyl ester. It is a conjugate acid of a (7"
48,"The molecule is a polyunsaturated fatty acyl-CoA that results from the formal condensation of the thiol group of coenzyme A with the carboxy group of (2Z,4Z,7Z,10Z,13Z)-icosatetraenoic acid. It has a role as a human metabolite and a Saccharomyces cerevisiae metabolite. It derives from an all-cis-icosapentaenoate. It is a conjugate acid of a (1Z,3Z,8Z,11Z)-octadecenoy"
49,"The molecule is an acyl-CoA that results from the formal condensation of the thiol group of coenzyme A with the carboxy group of (3Z,4Z,6Z,8Z,10Z,13Z)-icosatetraenoic acid. It has a role as a human metabolite and a Saccharomyces cerevisiae metabolite. It is a monocarboxylic acid anion, a member of phenols, a cyclic aromatic ether, a tertiary alpha-hydroxy ketone and a polyphenol. It derives from a"
50,"The molecule is a polyunsaturated fatty acyl-CoA that results from the formal condensation of the thiol group of coenzyme A with the carboxy group of (7Z,11Z,13Z,16Z,19Z)-docosahexaenoic acid. It has a role as a human metabolite and a Saccharomyces cerevisiae metabolite. It derives from an all-cis-docosa-6,11,13,16,19-tetrahydrocystic fibrosis. It is a conjugate acid of a (9Z"
51,"The molecule is a polyunsaturated fatty acyl-CoA that results from the formal condensation of the thiol group of coenzyme A with the carboxy group of (3Z,4Z,6Z,8Z,10Z,13Z)-docosapentaenoic acid. It derives from an all-cis-docosa-3,4,6,8,10,13-tetrahydrocysteine. It is a conjugate acid of a 3-hydroxyhexadecanoic acid(1-). It is an enantiomer of"
52,"The molecule is a polyunsaturated fatty acyl-CoA that results from the formal condensation of the thiol group of coenzyme A with the carboxy group of (7Z,11Z,13Z,16Z,19Z)-docosahexaenoic acid. It has a role as a human metabolite and a Saccharomyces cerevisiae metabolite. It derives from an all-cis-docosa-6,11,13,16,19-tetrahydroflavone. It is a conjugate acid of a (9Z,"
53,"The molecule is a polyunsaturated fatty acyl-CoA that results from the formal condensation of the thiol group of coenzyme A with the carboxy group of (3Z,4Z,6Z,8Z,10Z,13Z)-docosapentaenoic acid. It has a role as a human metabolite and a Saccharomyces cerevisiae metabolite. It derives from an all-cis-docosa-3,4,6,8,10,13-tetraenoate. It is a conjugate acid of a (3"
54,"The molecule is an organophosphate oxoanion obtained by deprotonation of the phosphate and diphosphate OH groups of 3-hydroxy-D-glucopyranose; major species at pH 7.3. It has a role as a human metabolite and a Saccharomyces cerevisiae metabolite. It is a conjugate base of a 3,4-dihydroxy-L-glycero-3-phosphate(1-). It is an enantiomer of a (S)-3-hydroxyphenyl-2-en"
55,"The molecule is an organophosphate oxoanion obtained by deprotonation of the phosphate and diphosphate OH groups of 3-hydroxy-D-glucopyranose; major species at pH 7.3. It has a role as a human metabolite and a Saccharomyces cerevisiae metabolite. It is a conjugate base of a 3,3-dihydroxy-L-glycero-CoA(4-). It is an enantiomer of a (R)-3-hydroxyphenyl-2-enoic acid."
56,"The molecule is an organophosphate oxoanion obtained by deprotonation of the phosphate and diphosphate OH groups of 3-phosphate; major species at pH 7.3. It has a role as a Saccharomyces cerevisiae metabolite. It is a conjugate base of a 3,5-dihydroxy-D-glucopyranose(2-). It is an enantiomer of a 4-hydroxy-L-glycero-CoA. It derives from a 3-Phosphate(2-) and a D-"
57,"The molecule is an organophosphate oxoanion obtained by deprotonation of the phosphate and diphosphate OH groups of 3-hydroxy-D-glucopyranose; major species at pH 7.3. It is a conjugate base of a 3,4-dihydroxyphenyl-L-glycero-CoA(4-). It is an enantiomer of a (R)-3-[(S)-2-(sulfonic acid)hexadecenoyl]glycerol.[1-]. It derives from a 3-"
58,"The molecule is an organophosphate oxoanion obtained by deprotonation of the phosphate and diphosphate OH groups of 3-hydroxy-3-phosphate; major species at pH 7.3. It has a role as a human metabolite and a Saccharomyces cerevisiae metabolite. It is a conjugate base of a 3,4-dihydroxy-D-glucopyranose(1-). It is an enantiomer of a 4-hydroxyphenyl-2-enantioyl-sn-glycero"
59,"The molecule is a polyunsaturated fatty acyl-CoA that results from the formal condensation of the thiol group of coenzyme A with the carboxy group of (2Z,8Z,11Z,13Z)-docosapentaenoic acid. It derives from an all-cis-docosa-3,8,11,13-tetrahydroxyhexadecanoic acid and a hexadecanoate ester. It is a conjugate acid of a (4Z,7Z,10Z,14Z,16Z,20Z,24"
60,"The molecule is an organophosphate oxoanion obtained by deprotonation of the phosphate and diphosphate OH groups of 3-phosphate; major species at pH 7.3. It has a role as a human metabolite and a Saccharomyces cerevisiae metabolite. It is a conjugate base of a 3,5-dihydroxy-D-glucopyranose(1-). It is an enantiomer of a 4-hydroxy-L-glycero-CoA(4-) and a 3-methyl-alpha-D"
61,"The molecule is a polyunsaturated fatty acyl-CoA that results from the formal condensation of the thiol group of coenzyme A with the carboxy group of (3Z,8Z,11Z,13Z)-docosapentaenoic acid. It derives from an all-cis-docosa-3,8,11,13-tetrahydrocystic fibrosis. It is a conjugate acid of a 3-hydroxyhexadecanoic acid(1-). It is an enantiomer of a (3R,8S)-doc"
62,"The molecule is a polyunsaturated fatty acyl-CoA that results from the formal condensation of the thiol group of coenzyme A with the carboxy group of (3Z,4Z,6Z,8Z,10Z,13Z)-docosahexaenoic acid. It derives from an all-cis-docosa-3,4,6,8,10,13-tetrahydrocysteine. It is a conjugate acid of a 3-hydroxyhexadecanoic acid(1-). It is an enantiomer of"
63,"The molecule is a polyunsaturated fatty acyl-CoA that results from the formal condensation of the thiol group of coenzyme A with the carboxy group of (3Z,4Z,6Z,8Z,10Z,13Z)-docosapentaenoic acid. It has a role as a human metabolite and a Saccharomyces cerevisiae metabolite. It derives from an all-cis-docosa-3,4,6,8,10,13-tetraenoate. It is a conjugate acid of a (3"
64,"The molecule is a polyunsaturated fatty acyl-CoA that results from the formal condensation of the thiol group of coenzyme A with the carboxy group of (3Z,4Z,6Z,8Z,10Z,13Z)-docosapentaenoic acid. It has a role as a human metabolite and a Saccharomyces cerevisiae metabolite. It derives from an all-cis-docosa-3,4,6,8,10,13-tetraenoate. It is a conjugate acid of a (3"
65,"The molecule is a polyunsaturated fatty acyl-CoA that results from the formal condensation of the thiol group of coenzyme A with the carboxy group of (7Z,10Z,13Z,16Z,19Z)-docosahexaenoic acid. It has a role as a human metabolite and a Saccharomyces cerevisiae metabolite. It derives from an all-cis-docosa-6,10,13,16,19-tetrahydroflavone. It is a conjugate acid of a (9Z,"
66,"The molecule is a polyunsaturated fatty acyl-CoA that results from the formal condensation of the thiol group of coenzyme A with the carboxy group of (3Z,4Z,6Z,10Z,13Z)-icosatetraenoic acid. It has a role as a human metabolite and a Saccharomyces cerevisiae metabolite. It derives from an all-conjugated alpha-D-glucopyranoside. It is a conjugate acid of a (2Z,5Z,9Z,14Z)-c"
67,"The molecule is a polyunsaturated fatty acyl-CoA that results from the formal condensation of the thiol group of coenzyme A with the carboxy group of (7Z,11Z,13Z,16Z,19Z)-docosahexaenoic acid. It has a role as a human metabolite and a Saccharomyces cerevisiae metabolite. It derives from an all-cis-docosa-6,11,13,16,19-tetrahydropyranosyl ester. It is a conjugate acid of a (7"
68,"The molecule is a monocarboxylic acid anion obtained by deprotonation of the phosphate and diphosphate OH groups of 3-hydroxyhexadecenoyl-CoA; major species at pH 7.3. It has a role as a human metabolite and a Saccharomyces cerevisiae metabolite. It derives from a hexadecanoic acid. It is a conjugate base of a 3-[(2Z)-hexadecanoyl-(1Z,2Z,4Z)-pyrrolidin-1-yl]-beta-D"
69,"The molecule is a polyunsaturated fatty acyl-CoA that results from the formal condensation of the thiol group of coenzyme A with the carboxy group of (7Z,10Z,13Z,16Z,19Z)-docosahexaenoic acid. It has a role as a human metabolite and a Saccharomyces cerevisiae metabolite. It derives from an all-conjugated alpha-D-glucopyranoside. It is a conjugate acid of a 3-hydroxyhexadecanoic acid(4-). It is"
70,"The molecule is a polyunsaturated fatty acyl-CoA that results from the formal condensation of the thiol group of coenzyme A with the carboxy group of (3Z,4Z,6Z,8Z,10Z,13Z)-docosapentaenoic acid. It has a role as a human metabolite and a Saccharomyces cerevisiae metabolite. It derives from an all-cis-docosa-3,4,6,8,10,13-tetrahydrocystic fibrosis. It is a conjugate acid"
71,"The molecule is a polyunsaturated fatty acyl-CoA that results from the formal condensation of the thiol group of coenzyme A with the carboxy group of (7Z,10Z,13Z,16Z,19Z)-docosahexaenoic acid. It has a role as a human metabolite and a Saccharomyces cerevisiae metabolite. It derives from an all-cis-docosa-6,10,13,16,19-tetrahydropyranosyl ester. It is a conjugate acid of a (7"
72,"The molecule is a polyunsaturated fatty acyl-CoA that results from the formal condensation of the thiol group of coenzyme A with the carboxy group of (2Z,8Z,11Z,14Z)-icosatetraenoic acid. It has a role as a human metabolite and a Saccharomyces cerevisiae metabolite. It derives from an alpha-D-glucopyranoside. It is a conjugate acid of a (2S)-3-hydroxyhexadecanoic acid(1-). It is an enanti"
73,"The molecule is a polyunsaturated fatty acyl-CoA that results from the formal condensation of the thiol group of coenzyme A with the carboxy group of (3Z,4Z,6Z,8Z,10Z,13Z)-docosapentaenoic acid. It has a role as a human metabolite and a Saccharomyces cerevisiae metabolite. It derives from an all-cis-docosa-3,4,6,8,10,13-tetraenoate. It is a conjugate acid of a (3"
74,"The molecule is a polyunsaturated fatty acyl-CoA that results from the formal condensation of the thiol group of coenzyme A with the carboxy group of (3Z,4Z,6Z,8Z,10Z,13Z)-docosapentaenoic acid. It has a role as a human metabolite and a Saccharomyces cerevisiae metabolite. It derives from an all-cis-docosa-3,4,6,8,10,13-tetraenoate. It is a conjugate acid of a (3"
75,"The molecule is a polyunsaturated fatty acyl-CoA that results from the formal condensation of the thiol group of coenzyme A with the carboxy group of (3Z,4Z,6Z,8Z,10Z,13Z)-docosahexaenoic acid. It derives from an all-cis-docosa-3,4,6,8,10,13-tetrahydroflavone. It is a conjugate acid of a 3-hydroxyhexadecanoic acid(1-). It is an enantiomer of"
76,"The molecule is a polyunsaturated fatty acyl-CoA that results from the formal condensation of the thiol group of coenzyme A with the carboxy group of (3Z,4Z,6Z,8Z,11Z,13Z)-docosapentaenoic acid. It derives from an all-cis-docosa-3,4,6,8,11,13-tetrahydrocystic fibrosis (CFS). It is a conjugate acid of a (1Z,2Z,7Z,10Z,14Z)-"
77,"The molecule is an organophosphate oxoanion obtained by deprotonation of the phosphate and diphosphate OH groups of D-glucopyranose; major species at pH 7.3. It has a role as a human metabolite and a Saccharomyces cerevisiae metabolite. It is a conjugate base of a D-glycero-1-phosphate(2-). It is an enantiomer of a N-glycysteine 2,4-dihydroxy-6-enantioyl-5-olipoprotein."
78,"The molecule is a polyunsaturated fatty acyl-CoA that results from the formal condensation of the thiol group of coenzyme A with the carboxy group of (2Z,8Z,11Z,14Z)-icosatetraenoic acid. It has a role as a human metabolite and a Saccharomyces cerevisiae metabolite. It derives from an alpha-D-glucopyranoside. It is a conjugate acid of a (2S)-3-hydroxyhexadecanoic acid(1-). It is an enanti"
79,"The molecule is a polyunsaturated fatty acyl-CoA that results from the formal condensation of the thiol group of coenzyme A with the carboxy group of (7Z,10Z,13Z,16Z,19Z)-docosahexaenoic acid. It has a role as a human metabolite and a Saccharomyces cerevisiae metabolite. It derives from an all-cis-docosa-6,10,13,16,19-tetrahydropyranosyl ester. It is a conjugate acid of a (7"
80,"The molecule is a polyunsaturated fatty acyl-CoA that results from the formal condensation of the thiol group of coenzyme A with the carboxy group of (2Z,8Z,11Z,14Z)-icosatetraenoic acid. It has a role as a human metabolite and a Saccharomyces cerevisiae metabolite. It derives from an alpha-D-glucopyranoside. It is a conjugate acid of a (2S)-3-hydroxyhexadecanoic acid(1-). It is an enanti"
81,"The molecule is a polyunsaturated fatty acyl-CoA that results from the formal condensation of the thiol group of coenzyme A with the carboxy group of (7Z,11Z,13Z,16Z,19Z)-docosahexaenoic acid. It has a role as a human metabolite and a Saccharomyces cerevisiae metabolite. It derives from an all-cis-docosa-6,11,13,16,19-tetrahydropyranosyl ester. It is a conjugate acid of a (7"
82,"The molecule is an organophosphate oxoanion obtained by deprotonation of the phosphate and diphosphate OH groups of 3-phosphate; major species at pH 7.3. It has a role as a Saccharomyces cerevisiae metabolite. It is a conjugate base of a 3,5-dihydroxy-D-glucopyranose(1-). It is an enantiomer of a 4-hydroxy-L-glycero-CoA(4+). It derives from a 3-Phosphate(2-)."
83,"The molecule is a polyunsaturated fatty acyl-CoA that results from the formal condensation of the thiol group of coenzyme A with the carboxy group of (3Z,4Z,6Z,8Z,10Z,13Z)-docosapentaenoic acid. It has a role as a human metabolite and a Saccharomyces cerevisiae metabolite. It derives from an all-cis-docosa-3,4,6,8,10,13-tetraenoate. It is a conjugate acid of a (3"
84,"The molecule is an organophosphate oxoanion obtained by deprotonation of the phosphate and diphosphate OH groups of 3-hydroxy-D-glucopyranose; major species at pH 7.3. It has a role as a Saccharomyces cerevisiae metabolite. It is a conjugate base of a 3,4-dihydroxy-L-glycero-3-phosphate(1-). It is an enantiomer of a 4-hydroxyphenyl-2-enoic acid. It derives from a 3"
85,"The molecule is a polyunsaturated fatty acyl-CoA that results from the formal condensation of the thiol group of coenzyme A with the carboxy group of (2Z,8Z,11Z,14Z)-icosatetraenoic acid. It has a role as a human metabolite and a Saccharomyces cerevisiae metabolite. It derives from an alpha-D-glucopyranoside. It is a conjugate acid of a (2S)-3-hydroxyhexadecanoic acid(1-). It is an enanti"
86,"The molecule is a polyunsaturated fatty acyl-CoA that results from the formal condensation of the thiol group of coenzyme A with the carboxy group of (3Z,4Z,6Z,8Z,10Z,13Z)-docosahexaenoic acid. It derives from an all-cis-docosa-3,4,6,8,10,13-tetrahydrocysteine. It is a conjugate acid of a 3-hydroxyhexadecanoic acid(1-). It is an enantiomer of"
87,"The molecule is an organophosphate oxoanion obtained by deprotonation of the phosphate and diphosphate OH groups of 3-hydroxy-D-glucopyranose; major species at pH 7.3. It has a role as a human metabolite and a Saccharomyces cerevisiae metabolite. It is a conjugate base of a 3,4-dihydroxy-L-glycero-3-phosphate(1+). It is an enantiomer of a (R)-3-hydroxyphenyl-2-en"
88,"The molecule is a polyunsaturated fatty acyl-CoA that results from the formal condensation of the thiol group of coenzyme A with the carboxy group of (2Z,8Z,11Z,14Z)-icosatetraenoic acid. It has a role as a human metabolite and a Saccharomyces cerevisiae metabolite. It derives from an alpha-D-glucopyranoside. It is a conjugate acid of a (2S)-3-hydroxyhexadecanoic acid(1-). It is an enanti"
89,"The molecule is a polyunsaturated fatty acyl-CoA that results from the formal condensation of the thiol group of coenzyme A with the carboxy group of (3Z,4Z,6Z,8Z,10Z,13Z)-docosahexaenoic acid. It derives from an all-cis-docosa-3,4,6,8,10,13-tetrahydroflavone. It is a conjugate acid of a 3-hydroxyhexadecanoic acid(1-). It is an enantiomer of"
90,"The molecule is an organophosphate oxoanion obtained by deprotonation of the phosphate and diphosphate OH groups of 3-hydroxy-D-glucopyranose; major species at pH 7.3. It has a role as a human metabolite and a Saccharomyces cerevisiae metabolite. It is a conjugate base of a 3,4-dihydroxy-L-glycero-CoA(4-). It is an enantiomer of a (S)-3-hydroxyphenyl-2-enoic acid."
91,"The molecule is a polyunsaturated fatty acyl-CoA that results from the formal condensation of the thiol group of coenzyme A with the carboxy group of (3Z,4Z,6Z,10Z,13Z)-docosapentaenoic acid. It has a role as a human metabolite and a Saccharomyces cerevisiae metabolite. It derives from an all-cis-docosa-3,4,6,10,13-tetrahydrocystic fibrosis factor. It is a conjugate acid of a (3"
92,"The molecule is a polyunsaturated fatty acyl-CoA that results from the formal condensation of the thiol group of coenzyme A with the carboxy group of (3Z,4Z,6Z,8Z,10Z,13Z)-docosapentaenoic acid. It has a role as a human metabolite and a Saccharomyces cerevisiae metabolite. It derives from an all-cis-docosa-3,4,6,8,10,13-tetrahydrocystic fibrosis. It is a conjugate acid"
93,"The molecule is a polyunsaturated fatty acyl-CoA that results from the formal condensation of the thiol group of coenzyme A with the carboxy group of (2Z,8Z,11Z,14Z)-icosatetraenoic acid. It has a role as a human metabolite and a Saccharomyces cerevisiae metabolite. It derives from an all-cis-icosaccharide. It is a conjugate acid of a (4Z,7Z,10Z,13E,19Z)-octadecenoyl"
94,The molecule is an organophosphate oxoanion obtained by deprotonation of the phosphate and diphosphate OH groups of N-acetyl-D-glucosamine; major species at pH 7.3. It has a role as a Saccharomyces cerevisiae metabolite. It is a conjugate base of a N-(4-hydroxyhexadecenoyl)-D-glycero-1-phosphate(2-). It is an enantiomer of a (S)-nucleosapentaenoic acid. It derives from a N
95,"The molecule is a monocarboxylic acid anion obtained by deprotonation of the phosphate and diphosphate OH groups of (3Z,8Z,11Z,14Z)-icosatetraenoyl-CoA; major species at pH 7.3. It is a conjugate base of a (7Z,9Z,10Z,16Z,19Z)-octadecapentaenoic acid(1-). It is an enantiomer of a 3-hydroxytetradecanoic acid. It derives from a (4Z"
96,"The molecule is a polyunsaturated fatty acyl-CoA that results from the formal condensation of the thiol group of coenzyme A with the carboxy group of (3Z,4Z,6Z,8Z,10Z,13Z)-icosatetraenoic acid. It has a role as a human metabolite and a Saccharomyces cerevisiae metabolite. It derives from an all-cis-icos-3,4,6,8,10,13-octadecenoylglycerol. It is a conjugate"
97,"The molecule is a polyunsaturated fatty acyl-CoA that results from the formal condensation of the thiol group of coenzyme A with the carboxy group of (2Z,4Z,7Z,10Z,13Z)-icosatetraenoic acid. It has a role as a human metabolite and a Saccharomyces cerevisiae metabolite. It derives from an alpha-D-glucopyranoside. It is a conjugate acid of a (1Z,3Z,8Z,11Z)-octadecenoyl"
98,"The molecule is an organophosphate oxoanion obtained by deprotonation of the phosphate and diphosphate OH groups of 3-phosphate; major species at pH 7.3. It has a role as a Saccharomyces cerevisiae metabolite. It is a conjugate base of a 3,5-dihydroxy-D-glucopyranose(2-). It is an enantiomer of a 4-hydroxy-L-phenyl-alpha-amino-1-enantioyl-sn-glycero-3-"
99,"The molecule is an organophosphate oxoanion obtained by deprotonation of the phosphate and diphosphate OH groups of 3-phosphate; major species at pH 7.3. It has a role as a Saccharomyces cerevisiae metabolite. It is a conjugate base of a 3,5-dihydroxy-D-glucopyranose(2-). It is an enantiomer of a 4-hydroxy-N-acetyl-alpha-L-fucosaminyl-(1->4)-beta-amino-D"
100,"The molecule is a polyunsaturated fatty acyl-CoA that results from the formal condensation of the thiol group of coenzyme A with the carboxy group of (7Z,10Z,13Z,16Z,19Z)-docosahexaenoic acid. It has a role as a human metabolite and a Saccharomyces cerevisiae metabolite. It derives from an all-cis-docosa-6,10,13,16,19-tetrahydroacosapentaenoate. It is a conjugate acid of a ("
101,"The molecule is an organophosphate oxoanion obtained by deprotonation of the phosphate and diphosphate OH groups of 3-hydroxybenzoic acid; major species at pH 7.3. It has a role as a Saccharomyces cerevisiae metabolite and a mouse metabolite. It is a conjugate base of a 3-[(2Z,4Z)-octadecenoyl-sn-glycero-3-phospho-D-glucopyranosyl]-beta-L-fucosamine(1-). It is"
102,"The molecule is a monocarboxylic acid anion obtained by deprotonation of the phosphate and diphosphate OH groups of (3Z,8Z,11Z,14Z)-icosatetraenoyl-CoA; major species at pH 7.3. It is a conjugate base of a (2Z,7Z,10Z,12Z,16Z,19Z)-octadecapentaenoic acid(1-). It is an enantiomer of a 3-hydroxyhexadecanoic acid. It derives from a ("
103,"The molecule is a hydroxy fatty acyl-CoA that results from the formal condensation of the thiol group of coenzyme A with the carboxy group of (3Z,8Z,11Z,14Z)-icosatetraenoic acid. It has a role as a human metabolite and a Saccharomyces cerevisiae metabolite. It derives from an alpha-D-glucopyranoside. It is a conjugate acid of a (4Z,7Z,10Z,13E,19Z)-octadecenoyl-"
104,"The molecule is a monocarboxylic acid anion obtained by deprotonation of the phosphate and diphosphate OH groups of (5Z,8Z,11Z,14Z)-icosatetraenoyl-CoA; major species at pH 7.3. It is a conjugate base of a 3-hydroxy-D-glucopyranose(1-). It is an enantiomer of a 2-hydroxyphenyl-2-one-glycero-3-phosphochlorobenzoylecane. It"
105,"The molecule is an acyl-CoA that results from the formal condensation of the thiol group of coenzyme A with the carboxy group of (2Z,4Z,6Z,8Z,10Z,13Z)-icosatetraenoic acid. It has a role as a human metabolite and a Saccharomyces cerevisiae metabolite. It is a monocarboxylic acid anion, a beta-D-glucopyranoside, a 3-oxo-Delta(1-). It derives from an all-cis"
106,"The molecule is a polyunsaturated fatty acyl-CoA that results from the formal condensation of the thiol group of coenzyme A with the carboxy group of (2Z,8Z,11Z,13Z)-icosatetraenoic acid. It has a role as a human metabolite and a Saccharomyces cerevisiae metabolite. It derives from an alpha-D-glucopyranoside. It is a conjugate acid of a (2S)-3-hydroxyhexadecanoic acid(1-). It is an enanti"
107,"The molecule is a polyunsaturated fatty acyl-CoA that results from the formal condensation of the thiol group of coenzyme A with the carboxy group of (3Z,4Z,6Z,8Z,11Z,13Z)-docosapentaenoic acid. It derives from an all-cis-docosa-3,4,6,8,11,13-tetrahydrocysteine. It is a conjugate acid of a (1Z,2Z,7Z,10Z,14Z)-dihydro"
108,"The molecule is a polyunsaturated fatty acyl-CoA that results from the formal condensation of the thiol group of coenzyme A with the carboxy group of (2Z,8Z,11Z,14Z)-icosatetraenoic acid. It has a role as a human metabolite and a Saccharomyces cerevisiae metabolite. It derives from an alpha-D-glucopyranoside. It is a conjugate acid of a (1Z,7Z,10Z,13E,19Z)-octadecenoyl"
109,"The molecule is a monocarboxylic acid anion obtained by deprotonation of the phosphate and diphosphate OH groups of 3-hydroxyhexadecenoyl-CoA; major species at pH 7.3. It has a role as a human metabolite. It derives from a hexadecanoic acid. It is a conjugate base of a 3-[(1S)-hexadecanoyl-(1Z,2Z,4Z,6Z)-icosatetraenoate(1-). It is an enantiomer of a 4-"
110,"The molecule is a hydroxy fatty acyl-CoA that results from the formal condensation of the thiol group of coenzyme A with the carboxy group of (3Z,4Z,6Z,8Z,10Z,13Z)-icosatetraenoic acid. It has a role as a human metabolite and a Saccharomyces cerevisiae metabolite. It derives from an all-cis-icosapentaenoate. It is a conjugate acid of a (1Z,2Z,7Z,12Z,14Z)-"
111,"The molecule is an organophosphate oxoanion obtained by deprotonation of the phosphate and diphosphate OH groups of N-acetyl-D-glucosamine; major species at pH 7.3. It has a role as a Saccharomyces cerevisiae metabolite, an Escherichia coli metabolite and a mouse metabolite. It is a conjugate base of a N-(4-hydroxyhexadecanoyl)-D-glycero-1-phosphate(2-). It is an enantiomer of a (R)-N"
112,"The molecule is a polyunsaturated fatty acyl-CoA that results from the formal condensation of the thiol group of coenzyme A with the carboxy group of (3Z,4Z,6Z,8Z,10Z,13Z)-docosapentaenoic acid. It has a role as a human metabolite and a Saccharomyces cerevisiae metabolite. It derives from an all-cis-docosa-3,4,6,8,10,13-tetraenoate. It is a conjugate acid of a (3"
113,"The molecule is a polyunsaturated fatty acyl-CoA that results from the formal condensation of the thiol group of coenzyme A with the carboxy group of (7Z,10Z,13Z,16Z,19Z)-docosapentaenoic acid. It has a role as a human metabolite and a Saccharomyces cerevisiae metabolite. It derives from an all-cis-docosa-6,10,13,16,19-tetrahydrocystic fibrosis factor. It is a conjugate acid of a (7"
114,"The molecule is a polyunsaturated fatty acyl-CoA that results from the formal condensation of the thiol group of coenzyme A with the carboxy group of (7Z,11Z,13Z,16Z,19Z)-docosahexaenoic acid. It has a role as a human metabolite and a Saccharomyces cerevisiae metabolite. It derives from an all-conjugated alpha-D-glucopyranoside. It is a conjugate acid of a 3-hydroxyhexadecanoic acid(4-). It is"
115,"The molecule is a polyunsaturated fatty acyl-CoA that results from the formal condensation of the thiol group of coenzyme A with the carboxy group of (3Z,8Z,11Z,14Z)-icosatetraenoic acid. It has a role as a human metabolite and a Saccharomyces cerevisiae metabolite. It derives from an alpha-D-glucopyranoside. It is a conjugate acid of a (4Z,7Z,10Z,16Z,19Z)-octadecenoyl"
116,"The molecule is a polyunsaturated fatty acyl-CoA that results from the formal condensation of the thiol group of coenzyme A with the carboxy group of (2Z,4Z,6Z,8Z,10Z,13Z)-icosatetraenoic acid. It has a role as a human metabolite and a Saccharomyces cerevisiae metabolite. It derives from an all-cis-icosaccharide. It is a conjugate acid of a (1Z,3Z,7Z,12Z,14Z)-"
117,"The molecule is a hydroxy fatty acyl-CoA that results from the formal condensation of the thiol group of coenzyme A with the carboxy group of (3Z,4Z,6Z,10Z,13Z)-icosatetraenoic acid. It has a role as a human metabolite and a Saccharomyces cerevisiae metabolite. It is a monocarboxylic acid anion, a member of phenols, a 3-oxo-3-hydroxyflavonylglycerol and a polyphenol. It derives"
118,"The molecule is a polyunsaturated fatty acyl-CoA that results from the formal condensation of the thiol group of coenzyme A with the carboxy group of (7Z,10Z,13Z,16Z,19Z)-docosahexaenoic acid. It derives from an all-cis-docosa-7,10,13,16,19-tetrahydroacosanoic acid and a 3-oxo-3-hydroxy-alpha-D-glucopyranose. It is a conjugate acid of a ("
119,"The molecule is a polyunsaturated fatty acyl-CoA that results from the formal condensation of the thiol group of coenzyme A with the carboxy group of (2Z,8Z,11Z,14Z)-icosatetraenoic acid. It has a role as a human metabolite and a Saccharomyces cerevisiae metabolite. It derives from an alpha-D-glucopyranoside. It is a conjugate acid of a (2S)-3-hydroxyhexadecanoic acid(1-). It is an enanti"
120,"The molecule is a polyunsaturated fatty acyl-CoA that results from the formal condensation of the thiol group of coenzyme A with the carboxy group of (3Z,4Z,6Z,8Z,10Z,13Z)-docosahexaenoic acid. It derives from an all-cis-docosa-3,4,6,8,10,13-tetrahydrocystic fibrosis. It is a conjugate acid of a 3-hydroxyhexadecanoic acid(1-). It is an enantiomer"
121,"The molecule is an organophosphate oxoanion obtained by deprotonation of the phosphate and diphosphate OH groups of 3-hydroxy-D-glucopyranose; major species at pH 7.3. It has a role as a Saccharomyces cerevisiae metabolite. It is a conjugate base of a 3,4-dihydroxy-L-glycero-3-phosphate(2-). It is an enantiomer of a (R)-3-[(S)-1-(sulfonic acid)hexadecanoic"
122,"The molecule is a polyunsaturated fatty acyl-CoA that results from the formal condensation of the thiol group of coenzyme A with the carboxy group of (7Z,11Z,13Z,14Z)-docosapentaenoic acid. It has a role as a human metabolite and a Saccharomyces cerevisiae metabolite. It derives from an all-cis-docosa-6,11,13,14-tetraenoate. It is a conjugate acid of a 3-hydroxyhexadecanoic acid(1-"
123,"The molecule is a polyunsaturated fatty acyl-CoA that results from the formal condensation of the thiol group of coenzyme A with the carboxy group of (2Z,4Z,6Z,8Z,10Z,13Z)-docosapentaenoic acid. It has a role as a human metabolite and a Saccharomyces cerevisiae metabolite. It derives from an all-cis-docosa-2,4,6,8,10,13-tetraenoate. It is a conjugate acid of a (2"
124,"The molecule is a polyunsaturated fatty acyl-CoA that results from the formal condensation of the thiol group of coenzyme A with the carboxy group of (3Z,4Z,6Z,8Z,10Z,13Z)-docosapentaenoic acid. It has a role as a human metabolite and a Saccharomyces cerevisiae metabolite. It derives from an all-cis-docosa-3,4,6,8,10,13-tetraenoate. It is a conjugate acid of a (3"
125,"The molecule is a monocarboxylic acid anion obtained by deprotonation of the carboxy group of 3-hydroxybenzoic acid; major species at pH 7.3. It has a role as a human metabolite and a Saccharomyces cerevisiae metabolite. It is a conjugate base of a 3,4-dichloro-3-enoyl-CoA(4-). It is an enantiomer of a (1S)-3-hydroxyphenyl-2-enoic acid. It derives from a 3-"
126,"The molecule is a polyunsaturated fatty acyl-CoA that results from the formal condensation of the thiol group of coenzyme A with the carboxy group of (3Z,8Z,11Z,14Z)-icosatetraenoic acid. It has a role as a human metabolite and a Saccharomyces cerevisiae metabolite. It derives from an all-cis-icosapentaenoate. It is a conjugate acid of a (4Z,7Z,10Z,16Z,19Z)-octadecenoy"
127,"The molecule is a polyunsaturated fatty acyl-CoA that results from the formal condensation of the thiol group of coenzyme A with the carboxy group of (2Z,4Z,7Z,10Z,13Z)-icosatetraenoic acid. It has a role as a human metabolite and a Saccharomyces cerevisiae metabolite. It derives from an all-cis-icosaccharide. It is a conjugate acid of a (1Z,3Z,8Z,12Z,16Z,19Z)-"
128,"The molecule is a polyunsaturated fatty acyl-CoA that results from the formal condensation of the thiol group of coenzyme A with the carboxy group of (2Z,8Z,11Z,14Z)-icosatetraenoic acid. It has a role as a human metabolite and a Saccharomyces cerevisiae metabolite. It derives from an alpha-D-glucoside. It is a conjugate acid of a 3-hydroxyhexadecanoic acid(1-). It is an enantiomer of a 2-hyd"
129,"The molecule is a polyunsaturated fatty acyl-CoA that results from the formal condensation of the thiol group of coenzyme A with the carboxy group of (2Z,8Z,11Z,14Z)-icosatetraenoic acid. It has a role as a human metabolite and a Saccharomyces cerevisiae metabolite. It is a monocarboxylic acid anion, a member of alpha-hydroxyflavanones, a 3-oxo-1,4-dihydroxyflavone, a long-chain"
130,"The molecule is a polyunsaturated fatty acyl-CoA that results from the formal condensation of the thiol group of coenzyme A with the carboxy group of (9Z,11Z,14Z)-icosatetraenoic acid. It has a role as a human metabolite and a Saccharomyces cerevisiae metabolite. It derives from an all-cis-icosapentaenoate. It is a conjugate acid of a 3-hydroxyhexadecanoic acid(1-). It is an enantiomer of a 2-hyd"
131,"The molecule is a hydroxy fatty acyl-CoA that results from the formal condensation of the thiol group of coenzyme A with the carboxy group of (2Z,4Z,6Z,8Z,10Z,13Z)-icosatetraenoic acid. It has a role as a human metabolite and a Saccharomyces cerevisiae metabolite. It derives from an alpha-D-glucopyranoside. It is a conjugate acid of a (2S)-3-hydroxyoctadecanoic acid(1-)."
132,"The molecule is a polyunsaturated fatty acyl-CoA that results from the formal condensation of the thiol group of coenzyme A with the carboxy group of (7Z,11Z,13Z,16Z,19Z)-docosahexaenoic acid. It has a role as a human xenobiotic metabolite and a Saccharomyces cerevisiae metabolite. It derives from an all-cis-docosa-6,11,13,16,19-tetrahydrocystic fibrosis. It is a conjugate acid of a"
133,"The molecule is a polyunsaturated fatty acyl-CoA that results from the formal condensation of the thiol group of coenzyme A with the carboxy group of (3Z,4Z,6Z,8Z,10Z,13Z)-docosahexaenoic acid. It derives from an all-cis-docosa-3,4,6,8,10,13-tetrahydrocystic fibrosis. It is a conjugate acid of a 3-hydroxyhexadecanoic acid(1-). It is an enantiomer"
134,"The molecule is an organophosphate oxoanion obtained by deprotonation of the phosphate and diphosphate OH groups of 3-hydroxy-D-glucopyranose; major species at pH 7.3. It has a role as a human metabolite and a Saccharomyces cerevisiae metabolite. It is a conjugate base of a 3,4-dihydroxy-L-glycero-CoA(4-). It is an enantiomer of a (R)-3-hydroxyphenyl-2-enoic acid."
135,"The molecule is a hydroxy fatty acyl-CoA that results from the formal condensation of the thiol group of coenzyme A with the carboxy group of (3Z,4Z,6Z,8Z,10Z,13Z)-docosapentaenoic acid. It derives from an all-cis-docosa-3,4,6,8,10,13-tetrahydroflavone. It is a conjugate acid of a (1Z,2Z,7Z,11E,14Z)-hexadecenoy"
136,"The molecule is an organophosphate oxoanion obtained by deprotonation of the phosphate and diphosphate OH groups of 3-phosphate; major species at pH 7.3. It has a role as a Saccharomyces cerevisiae metabolite. It is a conjugate base of a 3,5-dihydroxy-D-glucopyranose(2-). It is an enantiomer of a 4-hydroxy-N-acetyl-alpha-L-fucosaminyl-(1->4)-glycero-CoA"
137,"The molecule is a monocarboxylic acid anion obtained by deprotonation of the phosphate and diphosphate OH groups of 3-hydroxyhexadecenoyl-CoA; major species at pH 7.3. It has a role as a human metabolite and a Saccharomyces cerevisiae metabolite. It derives from a hexadecanoic acid. It is a conjugate base of a 3-[(1S)-hexadecanoyl-(1Z,2Z,4Z)-3-hydroxydropyranoyl]-CoA"
138,"The molecule is an organophosphate oxoanion obtained by deprotonation of the phosphate and diphosphate OH groups of D-glucopyranose; major species at pH 7.3. It has a role as a human metabolite and a Saccharomyces cerevisiae metabolite. It is a monocarboxylic acid anion, a conjugate base of a D-glycero-1-phosphate(2-). It is an enantiomer of a L-glycysteine. It derives from a N-acetyl-D"
139,"The molecule is a monocarboxylic acid anion obtained by deprotonation of the phosphate and diphosphate OH groups of (2Z,8Z,11Z,14Z)-icosatetraenoyl-CoA; major species at pH 7.3. It is a conjugate base of a (1Z,7Z,10Z,12Z,13E)-icosahexaenoic acid. It derives from an all-cis-icosa-4,8,11,14-saturated fatty acyl ascorbate."
140,"The molecule is a polyunsaturated fatty acyl-CoA that results from the formal condensation of the thiol group of coenzyme A with the carboxy group of (3Z,4Z,6Z,8Z,10Z,13Z)-docosapentaenoic acid. It derives from an all-cis-docosa-3,4,6,8,10,13-tetrahydrocysteine. It is a conjugate acid of a 3-hydroxyhexadecanoic acid(1-). It is an enantiomer of"
141,"The molecule is a monocarboxylic acid anion obtained by deprotonation of the phosphate and diphosphate OH groups of 5-hydroxyhexadecenoyl-CoA; major species at pH 7.3. It has a role as a human metabolite. It is a conjugate base of a 5-[(7Z,8Z,10Z,13Z)-icosatetraenoic acid. It derives from a hydride of a (5Z,9Z,15Z)-isopropanoic acid.� It is an enanti"
142,"The molecule is a polyunsaturated fatty acyl-CoA that results from the formal condensation of the thiol group of coenzyme A with the carboxy group of (2Z,8Z,11Z,14Z)-icosatetraenoic acid. It has a role as a human metabolite and a Saccharomyces cerevisiae metabolite. It derives from an alpha-D-glucopyranoside. It is a conjugate acid of a (2S)-3-hydroxyhexadecanoic acid(1-). It is an enanti"
143,"The molecule is an organophosphate oxoanion obtained by deprotonation of the phosphate and diphosphate OH groups of 3-phosphate; major species at pH 7.3. It has a role as a Saccharomyces cerevisiae metabolite. It is a conjugate base of a 3,5-dihydroxy-D-glucopyranose(1-). It is an enantiomer of a 4-hydroxy-L-glycero-CoA(4+). It derives from a 3-Phosphate(2-)."
144,"The molecule is a polyunsaturated fatty acyl-CoA that results from the formal condensation of the thiol group of coenzyme A with the carboxy group of (2Z,4Z,6Z,8Z,10Z,13Z)-icosatetraenoic acid. It has a role as a human metabolite and a Saccharomyces cerevisiae metabolite. It derives from an all-conjugated alpha-D-glucopyranoside. It is a conjugate acid of a (1Z,3Z,7Z,11"
145,"The molecule is a polyunsaturated fatty acyl-CoA that results from the formal condensation of the thiol group of coenzyme A with the carboxy group of (3Z,8Z,11Z,14Z)-icosatetraenoic acid. It has a role as a human metabolite and a Saccharomyces cerevisiae metabolite. It derives from an alpha-D-glucopyranoside. It is a conjugate acid of a (4Z,7Z,10Z,13E,19Z)-octadecenoyl"
146,"The molecule is a polyunsaturated fatty acyl-CoA that results from the formal condensation of the thiol group of coenzyme A with the carboxy group of (3Z,4Z,6Z,8Z,10Z,13Z)-docosahexaenoic acid. It derives from an all-cis-docosa-3,4,6,8,10,13-tetrahydrocysteine. It is a conjugate acid of a (7Z,9Z,12Z,14Z,16Z,19Z)-hex"
147,"The molecule is a polyunsaturated fatty acyl-CoA that results from the formal condensation of the thiol group of coenzyme A with the carboxy group of (7Z,11Z,13Z,16Z,19Z)-docosapentaenoic acid. It has a role as a human metabolite and a Saccharomyces cerevisiae metabolite. It derives from an all-cis-docosa-6,11,13,16,19-tetrahydrocystic fibrosis factor. It is a conjugate acid of a (7"
148,"The molecule is an organophosphate oxoanion obtained by deprotonation of the phosphate and diphosphate OH groups of 3-phosphate; major species at pH 7.3. It has a role as a Saccharomyces cerevisiae metabolite. It is a conjugate base of a 3,3-dihydroxy-D-glucosamine(1-). It is an enantiomer of a 4-hydroxy-L-glycero-CoA(4-) and a 3-oxo-alpha-amino-2-enanti"
149,"The molecule is an organophosphate oxoanion obtained by deprotonation of the phosphate and diphosphate OH groups of 3-phosphate; major species at pH 7.3. It has a role as a Saccharomyces cerevisiae metabolite. It is a conjugate base of a 3,5-dihydroxy-D-glucopyranose(1-). It is an enantiomer of a 4-hydroxy-N-acetyl-alpha-amino-L-fucosaminyl-(1->4)-beta-D"
150,"The molecule is a polyunsaturated fatty acyl-CoA that results from the formal condensation of the thiol group of coenzyme A with the carboxy group of (3Z,4Z,6Z,8Z,10Z,13Z)-docosahexaenoic acid. It derives from an all-cis-docosa-3,4,6,8,10,13-tetrahydrocysteine. It is a conjugate acid of a 3-hydroxyhexadecanoic acid(1-). It is an enantiomer of"
151,"The molecule is a monocarboxylic acid anion obtained by deprotonation of the phosphate and diphosphate OH groups of 2,3-dihydroxy-1H-monochlorobenzoic acid; major species at pH 7.3. It has a role as a Saccharomyces cerevisiae metabolite. It is a conjugate base of a (2R,3R)-2,3,4-tetraenoic acid. It derives from a hydride of a 1,3a-diacyl-sn-glycer"
152,"The molecule is a polyunsaturated fatty acyl-CoA that results from the formal condensation of the thiol group of coenzyme A with the carboxy group of (2Z,8Z,11Z,14Z)-icosatetraenoic acid. It has a role as a human metabolite and a Saccharomyces cerevisiae metabolite. It derives from an alpha-D-glucopyranoside. It is a conjugate acid of a (2S)-3-hydroxyhexadecanoic acid(1-). It is an enanti"
153,"The molecule is a polyunsaturated fatty acyl-CoA that results from the formal condensation of the thiol group of coenzyme A with the carboxy group of (2Z,8Z,11Z,14Z)-icosatetraenoic acid. It has a role as a human metabolite and a Saccharomyces cerevisiae metabolite. It derives from an alpha-D-glucopyranoside. It is a conjugate acid of a (2S)-3-hydroxyhexadecanoic acid(1-). It is an enanti"
154,"The molecule is an organophosphate oxoanion obtained by deprotonation of the phosphate and diphosphate OH groups of D-glucopyranose; major species at pH 7.3. It has a role as a human metabolite and a Saccharomyces cerevisiae metabolite. It is a conjugate base of a D-glycero-1-phosphate(2-). It is an enantiomer of a N-glycysteine 2,6-dihydroxy-5-oxo-4-enzoic acid. It"
155,"The molecule is a polyunsaturated fatty acyl-CoA that results from the formal condensation of the thiol group of coenzyme A with the carboxy group of (7Z,11Z,13Z,16Z,19Z)-docosapentaenoic acid. It has a role as a human metabolite and a Saccharomyces cerevisiae metabolite. It derives from an all-cis-docosa-6,11,13,16,19-tetrahydrocystic fibrosis factor. It is a conjugate acid of a (7"
156,"The molecule is a polyunsaturated fatty acyl-CoA that results from the formal condensation of the thiol group of coenzyme A with the carboxy group of (3Z,4Z,6Z,8Z,10Z,13Z)-docosapentaenoic acid. It has a role as a human metabolite and a Saccharomyces cerevisiae metabolite. It derives from an all-cis-docosa-3,4,6,8,10,13-tetraenoate. It is a conjugate acid of a (3"
157,"The molecule is a polyunsaturated fatty acyl-CoA that results from the formal condensation of the thiol group of coenzyme A with the carboxy group of (7Z,10Z,13Z,16Z,19Z)-docosapentaenoic acid. It has a role as a human metabolite and a Saccharomyces cerevisiae metabolite. It derives from an all-cis-docosa-6,10,13,16,19-tetrahydrocystic fibrosis. It is a conjugate acid of a (9Z"
158,"The molecule is a polyunsaturated fatty acyl-CoA that results from the formal condensation of the thiol group of coenzyme A with the carboxy group of (7Z,10Z,13Z,16Z,19Z)-docosahexaenoic acid. It has a role as a human metabolite and a Saccharomyces cerevisiae metabolite. It derives from an all-cis-docosa-6,10,13,16,19-tetrahydropyranosyl ester. It is a conjugate acid of a (7"
159,"The molecule is an organophosphate oxoanion obtained by deprotonation of the phosphate and diphosphate OH groups of 3-hydroxy-D-glucopyranose; major species at pH 7.3. It has a role as a human metabolite and a Saccharomyces cerevisiae metabolite. It is a conjugate base of a 3,4-dihydroxy-L-glycero-3-phosphate(1-). It is an enantiomer of a 4-hydroxyphenyl-2-enoic acid."
160,"The molecule is a polyunsaturated fatty acyl-CoA that results from the formal condensation of the thiol group of coenzyme A with the carboxy group of (2Z,8Z,11Z,14Z)-icosatetraenoic acid. It has a role as a human metabolite and a Saccharomyces cerevisiae metabolite. It derives from an alpha-D-glucopyranoside. It is a conjugate acid of a (2S)-3-hydroxyhexadecanoic acid(1-). It is an enanti"
161,"The molecule is a polyunsaturated fatty acyl-CoA that results from the formal condensation of the thiol group of coenzyme A with the carboxy group of (7Z,11Z,13Z,16Z,19Z)-docosahexaenoic acid. It derives from an all-cis-docosa-7,11,13,16,19-tetrahydroacosapentaenoate. It is a conjugate acid of a 3-hydroxyhexadecanoic acid(1-). It is an enantiomer of a ("
162,"The molecule is a polyunsaturated fatty acyl-CoA that results from the formal condensation of the thiol group of coenzyme A with the carboxy group of (2Z,4Z,6Z,8Z,10Z,13Z)-docosahexaenoic acid. It derives from an all-cis-docosa-3,4,6,10,13-tetrahydrocysteine. It is a conjugate acid of a (1Z,5Z,7Z,12Z,14Z)-hexadecenoyl"
163,"The molecule is a polyunsaturated fatty acyl-CoA that results from the formal condensation of the thiol group of coenzyme A with the carboxy group of (3Z,4Z,6Z,10Z,13Z)-docosapentaenoic acid. It has a role as a human metabolite and a Saccharomyces cerevisiae metabolite. It derives from an all-cis-docosa-3,4,6,10,13-tetrahydroflavone. It is a conjugate acid of a (2Z,"
164,"The molecule is a polyunsaturated fatty acyl-CoA that results from the formal condensation of the thiol group of coenzyme A with the carboxy group of (7Z,11Z,13Z,16Z,19Z)-docosahexaenoic acid. It has a role as a human metabolite and a Saccharomyces cerevisiae metabolite. It derives from an all-cis-docosa-6,11,13,16,19-tetrahydropyranosyl ester. It is a conjugate acid of a (7"
165,"The molecule is a polyunsaturated fatty acyl-CoA that results from the formal condensation of the thiol group of coenzyme A with the carboxy group of (2Z,8Z,11Z,14Z)-icosatetraenoic acid. It has a role as a human metabolite and a Saccharomyces cerevisiae metabolite. It derives from an all-cis-icosaccharide. It is a conjugate acid of a 3-hydroxyhexadecanoic acid(1-). It is an enantiomer of a ("
166,"The molecule is a polyunsaturated fatty acyl-CoA that results from the formal condensation of the thiol group of coenzyme A with the carboxy group of (7Z,10Z,13Z,16Z,19Z)-docosahexaenoic acid. It has a role as a human metabolite and a Saccharomyces cerevisiae metabolite. It derives from an all-cis-docosa-6,10,13,16,19-tetrahydrocystic fibrosis factor. It is a conjugate acid of a (7"
167,"The molecule is an organophosphate oxoanion obtained by deprotonation of the phosphate and diphosphate OH groups of 2-phosphate; major species at pH 7.3. It has a role as a Saccharomyces cerevisiae metabolite. It is a conjugate base of a 2,3-dihydroxy-D-glucopyranose(2-). It is an enantiomer of a (R)-2-hydroxy-L-glycero-CoA(4-) and a (S)-1,2-dimethyl"
168,"The molecule is a polyunsaturated fatty acyl-CoA that results from the formal condensation of the thiol group of coenzyme A with the carboxy group of (7Z,10Z,13Z,16Z,19Z)-docosapentaenoic acid. It has a role as a human metabolite and a Saccharomyces cerevisiae metabolite. It derives from an all-cis-docosa-6,10,13,16,19-tetrahydrocystic fibrosis factor. It is a conjugate acid of a (7"
169,"The molecule is a polyunsaturated fatty acyl-CoA that results from the formal condensation of the thiol group of coenzyme A with the carboxy group of (3Z,4Z,6Z,10Z,13Z)-docosapentaenoic acid. It has a role as a human metabolite and a Saccharomyces cerevisiae metabolite. It derives from an all-cis-docosa-3,4,6,10,13-tetrahydrocystic fibrosis factor. It is a conjugate acid of a (3"
170,"The molecule is a polyunsaturated fatty acyl-CoA that results from the formal condensation of the thiol group of coenzyme A with the carboxy group of (7Z,11Z,13Z,16Z,19Z)-docosahexaenoic acid. It has a role as a human metabolite and a Saccharomyces cerevisiae metabolite. It derives from an all-cis-docosa-6,11,13,16,19-tetrahydrocystic fibrosis. It is a conjugate acid of a (9Z"
171,"The molecule is an organophosphate oxoanion obtained by deprotonation of the phosphate and diphosphate OH groups of N-acetyl-D-glucosamine; major species at pH 7.3. It has a role as a Saccharomyces cerevisiae metabolite, an Escherichia coli metabolite and a mouse metabolite. It is a conjugate base of a N-(4-hydroxyhexadecanoyl)-D-glycero-1-phosphate(2-). It is an enantiomer of a (R)-N"
172,"The molecule is a polyunsaturated fatty acyl-CoA that results from the formal condensation of the thiol group of coenzyme A with the carboxy group of (7Z,11Z,13Z,16Z,19Z)-docosahexaenoic acid. It has a role as a human metabolite and a Saccharomyces cerevisiae metabolite. It derives from an all-cis-docosa-6,11,13,16,19-tetrahydroacosapentaenoate. It is a conjugate acid of a ("
173,"The molecule is a polyunsaturated fatty acyl-CoA that results from the formal condensation of the thiol group of coenzyme A with the carboxy group of (2Z,8Z,11Z,14Z)-icosatetraenoic acid. It has a role as a human metabolite and a Saccharomyces cerevisiae metabolite. It derives from an alpha-D-glucopyranoside. It is a conjugate acid of a (2S)-4-hydroxyhexadecanoic acid(1-). It is an enanti"
174,"The molecule is an organophosphate oxoanion obtained by deprotonation of the phosphate and diphosphate OH groups of 3-phosphate; major species at pH 7.3. It has a role as a Saccharomyces cerevisiae metabolite. It is a conjugate base of a 3,5-dihydroxy-D-glucopyranose(1-). It is an enantiomer of a 4-hydroxy-L-glycero-CoA(4-) and a 3-methyl-alpha-amino-2-en"
175,"The molecule is a polyunsaturated fatty acyl-CoA that results from the formal condensation of the thiol group of coenzyme A with the carboxy group of (3Z,4Z,6Z,8Z,10Z,13Z)-docosapentaenoic acid. It derives from an all-cis-docosa-3,4,6,8,10,13-tetrahydrocystic fibrosis (CFS). It is a conjugate acid of a (7Z,9Z,14Z,16Z,19Z)-"
176,"The molecule is a monocarboxylic acid anion obtained by deprotonation of the phosphate and diphosphate OH groups of 3-hydroxybenzoic acid; major species at pH 7.3. It has a role as a Saccharomyces cerevisiae metabolite. It is a conjugate base of a 3-[(2Z,4Z,6Z)-octadecenoyl-sn-glycero-3-phosphochlorobutyric acid. It derives from a (1Z,5Z)-hexadecenoic acid."
177,"The molecule is a hydroxy fatty acyl-CoA that results from the formal condensation of the thiol group of coenzyme A with the carboxy group of (2Z,4Z,6Z,8Z,10Z,13Z)-icosatetraenoic acid. It has a role as a human metabolite and a Saccharomyces cerevisiae metabolite. It derives from an all-cis-icosapentaenoate. It is a conjugate acid of a 3-hydroxyhexadecanoic acid(1-). It is an"
178,"The molecule is a polyunsaturated fatty acyl-CoA that results from the formal condensation of the thiol group of coenzyme A with the carboxy group of (3Z,4Z,6Z,8Z,10Z,13Z)-docosapentaenoic acid. It derives from an all-cis-docosa-3,4,6,8,10,13-tetrahydrocystic fibrosis (CFS). It is a conjugate acid of a 3-hydroxyhexadecanoic acid(1-). it is an"
179,"The molecule is an organophosphate oxoanion obtained by deprotonation of the phosphate and diphosphate OH groups of 3-phosphate; major species at pH 7.3. It has a role as a Saccharomyces cerevisiae metabolite. It is a conjugate base of a 3,5-dihydroxy-D-glucopyranose(2-). It is an enantiomer of a 4-hydroxy-L-glycero-CoA. It derives from a 3-Phosphate(2-) and a D-"
180,"The molecule is an organophosphate oxoanion obtained by deprotonation of the phosphate and diphosphate OH groups of 3-phosphate; major species at pH 7.3. It has a role as a Saccharomyces cerevisiae metabolite. It is a conjugate base of a 3,5-dihydroxy-D-glucopyranose(2-). It is an enantiomer of a 4-hydroxy-L-phenyl-alpha-amino-4-enantioyl-sn-glycero-3-"
181,"The molecule is a polyunsaturated fatty acyl-CoA that results from the formal condensation of the thiol group of coenzyme A with the carboxy group of (3Z,6Z,8Z,11Z,13Z)-docosapentaenoic acid. It has a role as a human metabolite and a Saccharomyces cerevisiae metabolite. It derives from an all-cis-docosa-3,6,8,11,13-tetrahydroflavone. It is a conjugate acid of a (2Z,"
182,"The molecule is a monocarboxylic acid anion obtained by deprotonation of the phosphate and diphosphate OH groups of (2Z,8Z,11Z,14Z)-icosatetraenoyl-CoA; major species at pH 7.3. It is a conjugate base of a (1Z,7Z,12Z,13E)-icosahexaenoic acid. It derives from an all-cis-icosa-4,8,11,14,14-tetrapropyranopyranose."
183,"The molecule is a polyunsaturated fatty acyl-CoA that results from the formal condensation of the thiol group of coenzyme A with the carboxy group of (7Z,11Z,13Z,14Z)-docosapentaenoic acid. It has a role as a human metabolite and a Saccharomyces cerevisiae metabolite. It derives from an all-cis-docosa-6,11,13,14-tetrahydroflavone. It is a conjugate acid of a 3-hydroxyhexadecanoic acid"
184,"The molecule is a polyunsaturated fatty acyl-CoA that results from the formal condensation of the thiol group of coenzyme A with the carboxy group of (2Z,4Z,6Z,8Z,10Z,13Z)-icosatetraenoic acid. It has a role as a human metabolite and a Saccharomyces cerevisiae metabolite. It derives from an alpha-D-glucopyranoside. It is a conjugate acid of a (1Z,3Z,7Z,12Z,14Z)-"
185,"The molecule is a polyunsaturated fatty acyl-CoA that results from the formal condensation of the thiol group of coenzyme A with the carboxy group of (3Z,4Z,6Z,8Z,10Z,13Z)-docosapentaenoic acid. It has a role as a human metabolite and a Saccharomyces cerevisiae metabolite. It derives from an all-cis-docosa-3,4,6,8,10,13-tetraenoate. It is a conjugate acid of a (3"
186,"The molecule is a polyunsaturated fatty acyl-CoA that results from the formal condensation of the thiol group of coenzyme A with the carboxy group of (3Z,4Z,6Z,8Z,10Z,13Z)-docosahexaenoic acid. It derives from an all-cis-docosa-3,4,6,8,10,13-tetrahydrocysteine. It is a conjugate acid of a 3-hydroxyhexadecanoic acid(1-). It is an enantiomer of"
187,"The molecule is a polyunsaturated fatty acyl-CoA that results from the formal condensation of the thiol group of coenzyme A with the carboxy group of (7Z,10Z,13Z,16Z,19Z)-docosahexaenoic acid. It has a role as a human xenobiotic metabolite and a Saccharomyces cerevisiae metabolite. It derives from an all-cis-docosa-6,10,13,16,19-tetrahydroflavone. It is a conjugate acid of a ("
188,"The molecule is a monocarboxylic acid anion obtained by deprotonation of the phosphate and diphosphate OH groups of (2Z,8Z,11Z,14Z)-icosatetraenoyl-CoA; major species at pH 7.3. It is a conjugate base of a (1Z,7Z,12Z,13E)-icosahexadecanoic acid. It has a role as a Saccharomyces cerevisiae metabolite and an Escherichia coli metabolite. It derives from a (R)-ic"
189,"The molecule is a polyunsaturated fatty acyl-CoA that results from the formal condensation of the thiol group of coenzyme A with the carboxy group of (2Z,8Z,11Z,14Z)-icosatetraenoic acid. It has a role as a human metabolite and a Saccharomyces cerevisiae metabolite. It is a monocarboxylic acid anion, a non-steroidal anti-inflammatory drug, an organic heteropentacyclic compound and a member of alpha-hydroxy ketones. It derives from"
190,"The molecule is a hydroxy fatty acyl-CoA that results from the formal condensation of the thiol group of coenzyme A with the carboxy group of (2Z,4Z,6Z,8Z,10Z,13Z)-icosatetraenoic acid. It has a role as a human metabolite and a Saccharomyces cerevisiae metabolite. It derives from an all-cis-icosapentaenoate. It is a conjugate acid of a 3-hydroxyhexadecanoic acid(1-). It is an"
191,"The molecule is a polyunsaturated fatty acyl-CoA that results from the formal condensation of the thiol group of coenzyme A with the carboxy group of (7Z,11Z,13Z,16Z,19Z)-docosapentaenoic acid. It has a role as a human metabolite and a Saccharomyces cerevisiae metabolite. It derives from an all-cis-docosa-6,11,13,16,19-tetrahydrocystic fibrosis factor. It is a conjugate acid of a (7"
192,"The molecule is a polyunsaturated fatty acyl-CoA that results from the formal condensation of the thiol group of coenzyme A with the carboxy group of (7Z,11Z,13Z,14Z)-docosapentaenoic acid. It has a role as a human metabolite and a Saccharomyces cerevisiae metabolite. It derives from an all-cis-docosa-6,11,13,14-tetrahydroflavone. It is a conjugate acid of a 3-hydroxyhexadecanoic acid"
193,"The molecule is a polyunsaturated fatty acyl-CoA that results from the formal condensation of the thiol group of coenzyme A with the carboxy group of (2Z,8Z,11Z,14Z)-icosatetraenoic acid. It has a role as a human metabolite and a Saccharomyces cerevisiae metabolite. It derives from an alpha-D-glucoside. It is a conjugate acid of a 3-hydroxyhexadecanoic acid(1-). It is an enantiomer of a 2-hyd"
194,"The molecule is an organophosphate oxoanion obtained by deprotonation of the phosphate and diphosphate OH groups of 3-deoxy-D-glucopyranose; major species at pH 7.3. It has a role as a human metabolite and a Saccharomyces cerevisiae metabolite. It is a conjugate base of a 3,4-dihydroxyhexadecanoyl-sn-glycero-3-phosphacyl-CoA(4-). It is an enantiomer of a 4-hydroxyhex"
195,"The molecule is a polyunsaturated fatty acyl-CoA that results from the formal condensation of the thiol group of coenzyme A with the carboxy group of (7Z,11Z,13Z,16Z,19Z)-docosahexaenoic acid. It has a role as a human metabolite and a Saccharomyces cerevisiae metabolite. It derives from an all-cis-docosa-6,11,13,16,19-tetrahydropyranosyl ester. It is a conjugate acid of a (7"
196,"The molecule is a polyunsaturated fatty acyl-CoA that results from the formal condensation of the thiol group of coenzyme A with the carboxy group of (3Z,4Z,6Z,8Z,10Z,13Z)-docosapentaenoic acid. It has a role as a human metabolite and a Saccharomyces cerevisiae metabolite. It derives from an all-cis-docosa-3,4,6,8,10,13-tetraenoate. It is a conjugate acid of a (3"
197,"The molecule is a polyunsaturated fatty acyl-CoA that results from the formal condensation of the thiol group of coenzyme A with the carboxy group of (7Z,11Z,13Z,16Z,19Z)-docosapentaenoic acid. It has a role as a human metabolite and a Saccharomyces cerevisiae metabolite. It derives from an all-cis-docosa-6,11,13,16,19-tetrahydrocystic fibrosis factor. It is a conjugate acid of a (7"
198,"The molecule is an organophosphate oxoanion obtained by deprotonation of the phosphate and diphosphate OH groups of D-glucopyranose; major species at pH 7.3. It has a role as a human metabolite and a Saccharomyces cerevisiae metabolite. It is a conjugate base of a D-glycero-1-phosphate(2-). It is an enantiomer of a N-glycocarboxylamino-1,4-dihydroxy-6-enzoic acid. It"
199,"The molecule is a polyunsaturated fatty acyl-CoA that results from the formal condensation of the thiol group of coenzyme A with the carboxy group of (2Z,4Z,7Z,10Z,13Z)-icosatetraenoic acid. It has a role as a human metabolite and a Saccharomyces cerevisiae metabolite. It derives from an alpha-D-glucopyranoside. It is a conjugate acid of a (1Z,3Z,8Z,11Z)-octadecenoyl"
200,"The molecule is a polyunsaturated fatty acyl-CoA that results from the formal condensation of the thiol group of coenzyme A with the carboxy group of (3Z,4Z,6Z,8Z,10Z,13Z)-docosapentaenoic acid. It has a role as a human metabolite and a Saccharomyces cerevisiae metabolite. It derives from an all-cis-docosa-3,4,6,8,10,13-tetraenoate. It is a conjugate acid of a (3"
201,"The molecule is a polyunsaturated fatty acyl-CoA that results from the formal condensation of the thiol group of coenzyme A with the carboxy group of (3Z,4Z,6Z,8Z,10Z,13Z)-docosahexaenoic acid. It derives from an all-cis-docosa-3,4,6,8,10,13-tetrahydrocysteine. It is a conjugate acid of a 3-hydroxyhexadecanoic acid(1-). It is an enantiomer of"
202,"The molecule is an organophosphate oxoanion obtained by deprotonation of the phosphate and diphosphate OH groups of D-glucopyranose; major species at pH 7.3. It has a role as a human metabolite and a Saccharomyces cerevisiae metabolite. It is a conjugate base of a D-glycero-1-phosphate(2-). It is an enantiomer of a N-glycerylglycerol 1,2-dihydroxy-6-enoic acid. It derives from a D"
203,"The molecule is a polyunsaturated fatty acyl-CoA that results from the formal condensation of the thiol group of coenzyme A with the carboxy group of (2Z,4Z,7Z,10Z,13Z)-icosatetraenoic acid. It has a role as a human metabolite and a Saccharomyces cerevisiae metabolite. It derives from an all-cis-icosaccharide. It is a conjugate acid of a (1Z,3Z,8Z,12Z,16Z,19Z)-"
204,"The molecule is a polyunsaturated fatty acyl-CoA that results from the formal condensation of the thiol group of coenzyme A with the carboxy group of (7Z,11Z,13Z,16Z,19Z)-docosahexaenoic acid. It has a role as a human xenobiotic metabolite and a Saccharomyces cerevisiae metabolite. It derives from an all-cis-docosa-6,11,13,16,19-tetrahydrocystic fibrosis. It is a conjugate acid of a"
205,"The molecule is a polyunsaturated fatty acyl-CoA that results from the formal condensation of the thiol group of coenzyme A with the carboxy group of (3Z,4Z,6Z,8Z,10Z,13Z)-docosapentaenoic acid. It has a role as a human metabolite and a Saccharomyces cerevisiae metabolite. It derives from an all-cis-docosa-3,4,6,8,10,13-tetraenoate. It is a conjugate acid of a (3"
206,"The molecule is a monocarboxylic acid anion obtained by deprotonation of the phosphate and diphosphate OH groups of (2Z,8Z,11Z,14Z)-icosatetraenoic acid; major species at pH 7.3. It has a role as a human metabolite and a Saccharomyces cerevisiae metabolite. It is a conjugate base of a (4Z,7Z,10Z,12Z,16Z,19Z)-octadecenoyl-CoA(4-). It is an en"
207,The molecule is an organophosphate oxoanion obtained by deprotonation of the phosphate and diphosphate OH groups of N-acetyl-D-glucosamine; major species at pH 7.3. It has a role as a Saccharomyces cerevisiae metabolite. It is a conjugate base of a N-(4-hydroxyhexadecenoyl)-D-glycero-1-phosphate(2-). It is an enantiomer of a (R)-nucleosapentaenoic acid. It derives from a N
208,"The molecule is a polyunsaturated fatty acyl-CoA that results from the formal condensation of the thiol group of coenzyme A with the carboxy group of (2Z,4Z,6Z,8Z,10Z,13Z)-docosapentaenoic acid. It has a role as a human metabolite and a Saccharomyces cerevisiae metabolite. It derives from an all-cis-docosa-2,4,6,8,10,13-tetraenoate. It is a conjugate acid of a (2"
209,"The molecule is a polyunsaturated fatty acyl-CoA that results from the formal condensation of the thiol group of coenzyme A with the carboxy group of (3Z,4Z,6Z,8Z,10Z,13Z)-docosapentaenoic acid. It has a role as a human metabolite and a Saccharomyces cerevisiae metabolite. It derives from an all-cis-docosa-3,4,6,8,10,13-tetraenoate. It is a conjugate acid of a (3"
210,"The molecule is a polyunsaturated fatty acyl-CoA that results from the formal condensation of the thiol group of coenzyme A with the carboxy group of (2Z,8Z,11Z,14Z)-icosatetraenoic acid. It has a role as a human metabolite and a Saccharomyces cerevisiae metabolite. It derives from an alpha-D-glucoside. It is a conjugate acid of a 3-hydroxyhexadecanoic acid(1-). It is an enantiomer of a 2-hyd"
211,"The molecule is an organophosphate oxoanion obtained by deprotonation of the phosphate and diphosphate OH groups of 3-hydroxy-D-glucopyranose; major species at pH 7.3. It has a role as a human metabolite and a Saccharomyces cerevisiae metabolite. It is a conjugate base of a 3,4-dihydroxy-L-glycero-3-phosphate(1-). It is an enantiomer of a 4-hydroxyphenyl-2-enoic acid."
212,"The molecule is a monocarboxylic acid anion obtained by deprotonation of the phosphate and diphosphate OH groups of (3Z,8Z,11Z,13Z)-icosatetraenoyl-CoA; major species at pH 7.3. It is a conjugate base of a (7Z,9Z,12Z,14Z,16Z,19Z)-docosahexaenoic acid(1-). It is an enantiomer of a 3-hydroxyhexadecanoic acid. It derives from a (3"
213,"The molecule is a polyunsaturated fatty acyl-CoA that results from the formal condensation of the thiol group of coenzyme A with the carboxy group of (3Z,4Z,6Z,8Z,10Z,13Z)-icosatetraenoic acid. It has a role as a human metabolite and a Saccharomyces cerevisiae metabolite. It derives from an all-conjugated alpha-D-galactopyranose. It is a conjugate acid of a 3-hydroxyhexadecanoyl-Co"
214,"The molecule is a polyunsaturated fatty acyl-CoA that results from the formal condensation of the thiol group of coenzyme A with the carboxy group of (2Z,8Z,11Z,14Z)-icosatetraenoic acid. It has a role as a human metabolite and a Saccharomyces cerevisiae metabolite. It derives from an all-cis-icosaccharide. It is a conjugate acid of a (4Z,7Z,10Z,13E,19Z)-octadecenoyl"
215,"The molecule is a polyunsaturated fatty acyl-CoA that results from the formal condensation of the thiol group of coenzyme A with the carboxy group of (2Z,8Z,11Z,14Z)-icosatetraenoic acid. It has a role as a human metabolite and a Saccharomyces cerevisiae metabolite. It derives from an alpha-D-glucopyranoside. It is a conjugate acid of a (1Z,7Z,10Z,13E,15Z)-octadecenoyl"
216,"The molecule is a polyunsaturated fatty acyl-CoA that results from the formal condensation of the thiol group of coenzyme A with the carboxy group of (7Z,11Z,13Z,16Z,19Z)-docosahexaenoic acid. It has a role as a human metabolite and a Saccharomyces cerevisiae metabolite. It derives from an all-conjugated alpha-D-glucopyranoside. It is a conjugate acid of a 3-hydroxyhexadecanoic acid(4-). It is"
217,"The molecule is a polyunsaturated fatty acyl-CoA that results from the formal condensation of the thiol group of coenzyme A with the carboxy group of (7Z,11Z,13Z,16Z,19Z)-docosahexaenoic acid. It has a role as a human xenobiotic metabolite and a Saccharomyces cerevisiae metabolite. It derives from an all-cis-docosa-6,11,13,16,19-tetrahydroflavone. It is a conjugate acid of a ("
218,"The molecule is a hydroxy fatty acyl-CoA that results from the formal condensation of the thiol group of coenzyme A with the carboxy group of (2Z,4Z,6Z,8Z,10Z,13Z)-icosatetraenoic acid. It has a role as a human metabolite and a Saccharomyces cerevisiae metabolite. It derives from an all-cis-icosapentaenoate. It is a conjugate acid of a 3-hydroxyhexadecanoic acid(1-). It is an"
219,"The molecule is a monocarboxylic acid anion obtained by deprotonation of the phosphate and diphosphate OH groups of 3-hydroxybenzoic acid; major species at pH 7.3. It has a role as a Saccharomyces cerevisiae metabolite. It is a conjugate base of a 3-[(2Z,4Z)-hexadecenoyl-sn-glycero-3-phospho-D-glucopyranosyl]-L-cysteine(1-). It is an enantiomer of a"
220,"The molecule is an organophosphate oxoanion obtained by deprotonation of the phosphate and diphosphate OH groups of 3-phosphate; major species at pH 7.3. It has a role as a Saccharomyces cerevisiae metabolite. It is a conjugate base of a 3,5-dihydroxy-D-glucopyranose(2-). It is an enantiomer of a 4-hydroxy-N-acetyl-alpha-amino-L-fucosaminyl-(1->4)-beta-D"
221,"The molecule is a polyunsaturated fatty acyl-CoA that results from the formal condensation of the thiol group of coenzyme A with the carboxy group of (7Z,10Z,13Z,16Z,19Z)-docosapentaenoic acid. It has a role as a human metabolite and a Saccharomyces cerevisiae metabolite. It derives from an all-cis-docosa-6,10,13,16,19-tetrahydrocystic fibrosis factor. It is a conjugate acid of a (7"
222,"The molecule is a polyunsaturated fatty acyl-CoA that results from the formal condensation of the thiol group of coenzyme A with the carboxy group of (7Z,10Z,13Z,16Z,19Z)-docosapentaenoic acid. It has a role as a human metabolite and a Saccharomyces cerevisiae metabolite. It derives from an all-cis-docosa-6,10,13,16,19-tetrahydrocystic fibrosis factor. It is a conjugate acid of a (7"
223,"The molecule is a polyunsaturated fatty acyl-CoA that results from the formal condensation of the thiol group of coenzyme A with the carboxy group of (7Z,11Z,13Z,16Z,19Z)-docosahexaenoic acid. It has a role as a human metabolite and a Saccharomyces cerevisiae metabolite. It derives from an all-cis-docosa-6,11,13,16,19-tetrahydroacosapentaenoate. It is a conjugate acid of a ("
224,"The molecule is a polyunsaturated fatty acyl-CoA that results from the formal condensation of the thiol group of coenzyme A with the carboxy group of (3Z,4Z,6Z,8Z,10Z,13Z)-docosapentaenoic acid. It has a role as a human metabolite and a Saccharomyces cerevisiae metabolite. It derives from an all-cis-docosa-3,4,6,8,10,13-tetraenoate. It is a conjugate acid of a (3"
225,"The molecule is a polyunsaturated fatty acyl-CoA that results from the formal condensation of the thiol group of coenzyme A with the carboxy group of (7Z,11Z,13Z,16Z,19Z)-docosahexaenoic acid. It has a role as a human metabolite and a Saccharomyces cerevisiae metabolite. It derives from an all-conjugated alpha-D-glucopyranoside. It is a conjugate acid of a 3-hydroxyhexadecanoic acid(4-). It is"
226,"The molecule is a polyunsaturated fatty acyl-CoA that results from the formal condensation of the thiol group of coenzyme A with the carboxy group of (7Z,10Z,13Z,16Z,19Z)-docosahexaenoic acid. It has a role as a human metabolite and a Saccharomyces cerevisiae metabolite. It derives from an all-cis-docosa-6,10,13,16,19-tetrahydroacosapentaenoate. It is a conjugate acid of a ("
227,"The molecule is an organophosphate oxoanion obtained by deprotonation of the phosphate and diphosphate OH groups of 3-hydroxy-D-glucopyranose; major species at pH 7.3. It has a role as a human metabolite and a Saccharomyces cerevisiae metabolite. It is a conjugate base of a 3,4-dihydroxy-L-glycero-3-phosphate(1-). It is an enantiomer of a 4-hydroxyphenyl-2-enoic acid."
228,"The molecule is a hydroxy fatty acyl-CoA that results from the formal condensation of the thiol group of coenzyme A with the carboxy group of (7Z,11Z,13Z,16Z,19Z)-docosahexaenoic acid. It has a role as a human metabolite and a Saccharomyces cerevisiae metabolite. It derives from an all-cis-docosa-6,11,13,16,19-tetrahydroacosapentaenoate. It is a conjugate acid of a (7"
229,"The molecule is a polyunsaturated fatty acyl-CoA that results from the formal condensation of the thiol group of coenzyme A with the carboxy group of (7Z,11Z,13Z,16Z,19Z)-docosahexaenoic acid. It derives from an all-cis-docosa-7,11,13,16,19-tetrahydroflavone. It is a conjugate acid of a 3-hydroxyhexadecanoic acid(1-). It is an enantiomer of a (7R,"
230,"The molecule is a polyunsaturated fatty acyl-CoA that results from the formal condensation of the thiol group of coenzyme A with the carboxy group of (7Z,10Z,13Z,16Z,19Z)-docosahexaenoic acid. It derives from an all-cis-docosa-7,10,13,16,19-tetrahydro-6,11,14,20,22,23,24,24-trihydroxy-5-oxo-1,4-dihydrobenzoyl"
231,"The molecule is a polyunsaturated fatty acyl-CoA that results from the formal condensation of the thiol group of coenzyme A with the carboxy group of (3Z,4Z,6Z,8Z,10Z,13Z)-docosahexaenoic acid. It derives from an all-cis-docosa-3,4,6,8,10,13-tetrahydrocysteine. It is a conjugate acid of a 3-hydroxyhexadecanoic acid(1-). It is an enantiomer of"
232,"The molecule is a polyunsaturated fatty acyl-CoA that results from the formal condensation of the thiol group of coenzyme A with the carboxy group of (2Z,8Z,11Z,14Z)-icosatetraenoic acid. It has a role as a human metabolite and a Saccharomyces cerevisiae metabolite. It derives from an alpha-D-glucopyranoside. It is a conjugate acid of a (2S)-3-hydroxyhexadecanoic acid(1-). It is an enanti"
233,"The molecule is a polyunsaturated fatty acyl-CoA that results from the formal condensation of the thiol group of coenzyme A with the carboxy group of (3Z,4Z,6Z,8Z,10Z,13Z)-docosapentaenoic acid. It has a role as a human metabolite and a Saccharomyces cerevisiae metabolite. It derives from an all-cis-docosa-3,4,6,8,10,13-tetraenoate. It is a conjugate acid of a (3"
234,"The molecule is a monocarboxylic acid anion obtained by deprotonation of the phosphate and diphosphate OH groups of 3-hydroxyhexadecenoyl-CoA; major species at pH 7.3. It has a role as a human metabolite. It is a conjugate base of a 3-[(2Z,4Z)-3-(1Z,6Z)-icosatrienoic acid. It derives from a hydride of a (5Z)-octadecenoic acid.(1-). It is an enantiomer of"
235,"The molecule is a monocarboxylic acid anion obtained by deprotonation of the phosphate and diphosphate OH groups of (3Z,8Z,11Z,14Z)-icosatetraenoyl-CoA; major species at pH 7.3. It is a conjugate base of a (7Z,9Z,10Z,16Z,19Z)-octadecapentaenoic acid(1-). It is an enantiomer of an all-cis4,8,11,14-trienoic acid."
236,"The molecule is a polyunsaturated fatty acyl-CoA that results from the formal condensation of the thiol group of coenzyme A with the carboxy group of (3Z,4Z,6Z,8Z,10Z,13Z)-docosapentaenoic acid. It has a role as a human metabolite and a Saccharomyces cerevisiae metabolite. It derives from an all-cis-docosa-3,4,6,8,10,13-tetraenoate. It is a conjugate acid of a (3"
237,"The molecule is a polyunsaturated fatty acyl-CoA that results from the formal condensation of the thiol group of coenzyme A with the carboxy group of (7Z,11Z,13Z,14Z)-docosapentaenoic acid. It has a role as a human metabolite and a Saccharomyces cerevisiae metabolite. It derives from an all-cis-docosa-6,11,13,14-tetraenoate. It is a conjugate acid of a 3-hydroxyhexadecanoic acid(1-"
238,"The molecule is a polyunsaturated fatty acyl-CoA that results from the formal condensation of the thiol group of coenzyme A with the carboxy group of (3Z,4Z,6Z,8Z,10Z,13Z)-docosapentaenoic acid. It has a role as a human metabolite and a Saccharomyces cerevisiae metabolite. It derives from an all-cis-docosa-3,4,6,8,10,13-tetraenoate. It is a conjugate acid of a (3"
239,"The molecule is a polyunsaturated fatty acyl-CoA that results from the formal condensation of the thiol group of coenzyme A with the carboxy group of (3Z,4Z,6Z,8Z,10Z,13Z)-icosatetraenoic acid. It has a role as a human metabolite and a Saccharomyces cerevisiae metabolite. It derives from an alpha-D-glucopyranoside. It is a conjugate acid of a (1Z,2Z,7Z,12Z,14Z)-"
240,"The molecule is an organophosphate oxoanion obtained by deprotonation of the phosphate and diphosphate OH groups of 3-phosphate; major species at pH 7.3. It has a role as a Saccharomyces cerevisiae metabolite. It is a conjugate base of a 3,5-dihydroxy-D-glucopyranose(2-). It is an enantiomer of a 4-hydroxy-N-acetyl-alpha-amino-L-fucosaminyl-(1->4)-beta-D"
241,"The molecule is a polyunsaturated fatty acyl-CoA that results from the formal condensation of the thiol group of coenzyme A with the carboxy group of (3Z,8Z,11Z,14Z)-icosatetraenoic acid. It derives from an all-cis-icosapentaenoate. It is a conjugate acid of a (4Z,7Z,10Z,13E,16Z,19Z)-octadecenzoic acid(1-). It is an enantiomer of a 3-hydroxy"
242,"The molecule is an organophosphate oxoanion obtained by deprotonation of the phosphate and diphosphate OH groups of 3-phosphate; major species at pH 7.3. It has a role as a human metabolite and a Saccharomyces cerevisiae metabolite. It is a conjugate base of a 3,5-dihydroxy-D-glucopyranose(1-). It is an enantiomer of a 4-hydroxy-L-glycero-CoA(4-) and a 3-methyl-alpha-D"
243,"The molecule is a polyunsaturated fatty acyl-CoA that results from the formal condensation of the thiol group of coenzyme A with the carboxy group of (7Z,10Z,13Z,16Z,19Z)-docosahexaenoic acid. It has a role as a human xenobiotic metabolite and a Saccharomyces cerevisiae metabolite. It derives from an all-cis-docosa-6,10,13,16,19-tetrahydrocystic fibrosis. It is a conjugate acid of a"
244,"The molecule is a polyunsaturated fatty acyl-CoA that results from the formal condensation of the thiol group of coenzyme A with the carboxy group of (2Z,8Z,11Z,14Z)-icosatetraenoic acid. It has a role as a human metabolite and a Saccharomyces cerevisiae metabolite. It derives from an all-cis-icosaccharide. It is a conjugate acid of a (4Z,7Z,10Z,16Z,19Z)-octadecenoyl"
245,"The molecule is an organophosphate oxoanion obtained by deprotonation of the phosphate and diphosphate OH groups of 3-hydroxy-D-glucopyranose; major species at pH 7.3. It has a role as a human metabolite and a Saccharomyces cerevisiae metabolite. It is a conjugate base of a 3,4-dihydroxy-L-glycero-3-phosphate(2-). It is an enantiomer of a (S)-3-hydroxyphenyl-alpha-D"
246,"The molecule is a monocarboxylic acid anion obtained by deprotonation of the phosphate and diphosphate OH groups of 3-hydroxyhexadecenoyl-CoA; major species at pH 7.3. It has a role as a human metabolite and a Saccharomyces cerevisiae metabolite. It derives from a hexadecanoic acid. It is a conjugate base of a 3-[(2Z,4Z)-octadecanoyl]-CoA(4-). It is an enantiomer of a (R)-hexade"
247,"The molecule is a polyunsaturated fatty acyl-CoA that results from the formal condensation of the thiol group of coenzyme A with the carboxy group of (7Z,10Z,13Z,16Z,19Z)-docosahexaenoic acid. It has a role as a human metabolite and a Saccharomyces cerevisiae metabolite. It derives from an all-cis-docosa-6,10,13,16,19-tetrahydropyranosyl ester. It is a conjugate acid of a (7"
248,"The molecule is a monocarboxylic acid anion obtained by deprotonation of the phosphate and diphosphate OH groups of (3Z,4Z,7Z,10Z,13Z)-icosatetraenoic acid; major species at pH 7.3. It is a conjugate base of a (3R,4S)-icosa-3,4,7,10,13-tetraenoyl-CoA(4-). It is an enantiomer of a 3-hydroxyhexadecanoic acid. It derives from"
249,"The molecule is a polyunsaturated fatty acyl-CoA that results from the formal condensation of the thiol group of coenzyme A with the carboxy group of (7Z,11Z,13Z,16Z,19Z)-docosahexaenoic acid. It has a role as a human metabolite and a Saccharomyces cerevisiae metabolite. It derives from an all-cis-docosa-6,11,13,16,19-tetrahydrocystic fibrosis factor. It is a conjugate acid of a (7"
250,"The molecule is a monocarboxylic acid anion obtained by deprotonation of the phosphate and diphosphate OH groups of (2Z,8Z,11Z,14Z)-icosatetraenoyl-CoA; major species at pH 7.3. It is a conjugate base of a (1Z,7Z,10Z,13E)-icosahexadecanoic acid. It has a role as a Saccharomyces cerevisiae metabolite and an Escherichia coli metabolite. It derives from a (R)-ic"
251,"The molecule is a polyunsaturated fatty acyl-CoA that results from the formal condensation of the thiol group of coenzyme A with the carboxy group of (3Z,4Z,6Z,8Z,10Z,13Z)-icosatetraenoic acid. It has a role as a human metabolite and a Saccharomyces cerevisiae metabolite. It derives from an alpha-D-glucopyranoside. It is a conjugate acid of a (2Z,5Z,7Z,12Z,14Z)-"
252,"The molecule is a polyunsaturated fatty acyl-CoA that results from the formal condensation of the thiol group of coenzyme A with the carboxy group of (3Z,4Z,6Z,8Z,10Z,13Z)-icosatetraenoic acid. It has a role as a human metabolite and a Saccharomyces cerevisiae metabolite. It derives from an alpha-D-glucopyranoside. It is a conjugate acid of a (2Z,5Z,7Z,12Z,14Z)-"
253,"The molecule is a polyunsaturated fatty acyl-CoA that results from the formal condensation of the thiol group of coenzyme A with the carboxy group of (3Z,4Z,6Z,8Z,10Z,13Z)-docosapentaenoic acid. It has a role as a human metabolite and a Saccharomyces cerevisiae metabolite. It derives from an all-cis-docosa-3,4,6,8,10,13-tetraenoate. It is a conjugate acid of a (3"
254,"The molecule is a monocarboxylic acid anion obtained by deprotonation of the phosphate and diphosphate OH groups of 3-hydroxybenzoic acid; major species at pH 7.3. It has a role as a Saccharomyces cerevisiae metabolite. It is a conjugate base of a 3,4-dihydroxybenzoyl-sn-glycero-3-phosphocholine(1-). It is an enantiomer of a 4-oxo-D-glucopyranosyl-(1->2"
255,"The molecule is an organophosphate oxoanion obtained by deprotonation of the phosphate and diphosphate OH groups of 3-hydroxy-D-glucopyranose; major species at pH 7.3. It has a role as a human metabolite and a Saccharomyces cerevisiae metabolite. It is a conjugate base of a 3,4-dihydroxy-L-glycero-3-phosphate(1-). It is an enantiomer of a (R)-3-hydroxyphenyl-2-en"
256,"The molecule is an organophosphate oxoanion obtained by deprotonation of the phosphate and diphosphate OH groups of 3-hydroxybenzoic acid; major species at pH 7.3. It has a role as a human metabolite. It is a conjugate base of a 3,4-dihydroxybenzoyl-sn-glycero-3-phosphate(2-). It is an enantiomer of a (R)-3-[(S)-1-(sulfonic acid)hexadecanoic acid. It derives from a 3"
257,"The molecule is a polyunsaturated fatty acyl-CoA that results from the formal condensation of the thiol group of coenzyme A with the carboxy group of (3Z,4Z,6Z,7Z,10Z,13Z)-docosapentaenoic acid. It derives from an all-cis-docosa-3,4,6,7,10,13-tetrahydrocysteine. It is a conjugate acid of a 3-hydroxyhexadecanoic acid(1-). It is an enantiomer of"
258,"The molecule is an organophosphate oxoanion obtained by deprotonation of the phosphate and diphosphate OH groups of 3-hydroxy-D-glucopyranose; major species at pH 7.3. It has a role as a human metabolite and a Saccharomyces cerevisiae metabolite. It is a conjugate base of a 3,4-dihydroxy-L-glycero-3-phosphate(1-). It is an enantiomer of a 4-hydroxyphenyl-2-enoic acid."
259,"The molecule is an organophosphate oxoanion obtained by deprotonation of the phosphate and diphosphate OH groups of D-glucopyranose; major species at pH 7.3. It has a role as a human metabolite and a Saccharomyces cerevisiae metabolite. It is a conjugate base of a D-glycero-1-phosphate(2-). It is an enantiomer of a N-glycocarboxylamino-1,2-dihydroxy-6-enzoic acid. It"
260,"The molecule is a polyunsaturated fatty acyl-CoA that results from the formal condensation of the thiol group of coenzyme A with the carboxy group of (3Z,4Z,6Z,8Z,10Z,13Z)-docosapentaenoic acid. It has a role as a human metabolite and a Saccharomyces cerevisiae metabolite. It derives from an all-cis-docosa-3,4,6,8,10,13-tetraenoate. It is a conjugate acid of a (3"
261,"The molecule is a polyunsaturated fatty acyl-CoA that results from the formal condensation of the thiol group of coenzyme A with the carboxy group of (3Z,4Z,6Z,8Z,10Z,13Z)-docosapentaenoic acid. It has a role as a human metabolite and a Saccharomyces cerevisiae metabolite. It derives from an all-cis-docosa-3,4,6,8,10,13-tetraenoate. It is a conjugate acid of a (3"
262,"The molecule is a polyunsaturated fatty acyl-CoA that results from the formal condensation of the thiol group of coenzyme A with the carboxy group of (7Z,11Z,13Z,16Z,19Z)-docosapentaenoic acid. It has a role as a human metabolite and a Saccharomyces cerevisiae metabolite. It derives from an all-cis-docosa-6,11,13,16,19-tetrahydrocystic fibrosis factor. It is a conjugate acid of a (7"
263,"The molecule is a polyunsaturated fatty acyl-CoA that results from the formal condensation of the thiol group of coenzyme A with the carboxy group of (3Z,4Z,6Z,10Z,13Z)-docosapentaenoic acid. It has a role as a human metabolite and a Saccharomyces cerevisiae metabolite. It derives from an all-cis-docosa-3,4,6,10,13-tetrahydrocystic fibrosis factor. It is a conjugate acid of a (3"
264,"The molecule is an organophosphate oxoanion obtained by deprotonation of the phosphate and diphosphate OH groups of 3-hydroxy-D-glucopyranose; major species at pH 7.3. It has a role as a Saccharomyces cerevisiae metabolite and a mouse metabolite. It is a conjugate base of a 3,3-dihydroxy-L-glycero-CoA(4-). It is an enantiomer of a (R)-3-hydroxyphenyl-2-enoic acid."
265,"The molecule is a polyunsaturated fatty acyl-CoA that results from the formal condensation of the thiol group of coenzyme A with the carboxy group of (7Z,11Z,13Z,16Z,19Z)-docosahexaenoic acid. It derives from an all-cis-docosa-7,11,13,16,19-tetrahydroxyhexadecanoic acid and a 3-oxo-4-hydroxy-alpha-D-glucopyranose. It is a conjugate acid of a ("
266,"The molecule is an organophosphate oxoanion obtained by deprotonation of the phosphate and diphosphate OH groups of 2-deoxy-alpha-D-galactopyranose; major species at pH 7.3. It has a role as a Saccharomyces cerevisiae metabolite. It is a conjugate base of a 2,4-dihydroxyhexadecanoyl-sn-glycero-3-phosphate(2-). It is an enantiomer of a (S)-octadecanoic acid. It derives from"
267,"The molecule is a polyunsaturated fatty acyl-CoA that results from the formal condensation of the thiol group of coenzyme A with the carboxy group of (7Z,11Z,13Z,16Z,19Z)-docosahexaenoic acid. It has a role as a human xenobiotic metabolite and a Saccharomyces cerevisiae metabolite. It derives from an all-cis-docosa-6,11,13,16,19-tetrahydroflavone. It is a conjugate acid of a ("
268,"The molecule is an organophosphate oxoanion obtained by deprotonation of the phosphate and diphosphate OH groups of 3-phosphate; major species at pH 7.3. It has a role as a Saccharomyces cerevisiae metabolite. It is a conjugate base of a 3,5-dihydroxy-D-glucopyranose(2-). It is an enantiomer of a 4-hydroxy-L-phenyl-alpha-amino-1-enantioyl-sn-glycero-3-"
269,"The molecule is an organophosphate oxoanion obtained by deprotonation of the phosphate and diphosphate OH groups of 3-hydroxybenzoic acid; major species at pH 7.3. It has a role as a Saccharomyces cerevisiae metabolite. It is a conjugate base of a 3,4-dihydroxybenzoyl-sn-glycero-3-phosphate(2-). It is an enantiomer of a 4-hydroxyphenylbenzoate. It derives from a hydride of a"
270,"The molecule is a polyunsaturated fatty acyl-CoA that results from the formal condensation of the thiol group of coenzyme A with the carboxy group of (2Z,8Z,11Z,14Z)-icosatetraenoic acid. It has a role as a human metabolite and a Saccharomyces cerevisiae metabolite. It derives from an all-cis-icosaccharide. It is a conjugate acid of a (4Z,7Z,10Z,13E,19Z)-octadecenoyl"
271,"The molecule is a monocarboxylic acid anion obtained by deprotonation of the phosphate and diphosphate OH groups of 3-hydroxybenzoic acid; major species at pH 7.3. It has a role as a Saccharomyces cerevisiae metabolite. It is a conjugate base of a 3,4-dihydroxybenzoyl-sn-glycero-3-phosphohexadecanoic acid. It derives from a (1R)-3-[(1S)-2-(pyridin-1-yl"
272,"The molecule is a polyunsaturated fatty acyl-CoA that results from the formal condensation of the thiol group of coenzyme A with the carboxy group of (7Z,11Z,13Z,16Z,19Z)-docosahexaenoic acid. It has a role as a human metabolite and a Saccharomyces cerevisiae metabolite. It derives from an all-cis-docosa-6,11,13,16,19-tetrahydropyranosyl ester. It is a conjugate acid of a (7"
273,"The molecule is a polyunsaturated fatty acyl-CoA that results from the formal condensation of the thiol group of coenzyme A with the carboxy group of (2Z,4Z,6Z,8Z,10Z,13Z)-icosatetraenoic acid. It has a role as a human metabolite and a Saccharomyces cerevisiae metabolite. It derives from an alpha-D-glucopyranoside. It is a conjugate acid of a (2S)-3-hydroxyhexadecenoyl-Co"
274,"The molecule is a polyunsaturated fatty acyl-CoA that results from the formal condensation of the thiol group of coenzyme A with the carboxy group of (3Z,4Z,6Z,8Z,10Z,13Z)-docosapentaenoic acid. It has a role as a human metabolite and a Saccharomyces cerevisiae metabolite. It derives from an all-cis-docosa-3,4,6,8,10,13-tetraenoate. It is a conjugate acid of a (3"
275,"The molecule is a polyunsaturated fatty acyl-CoA that results from the formal condensation of the thiol group of coenzyme A with the carboxy group of (6Z,11Z,13Z,16Z,19Z)-docosahexaenoic acid. It has a role as a human xenobiotic metabolite and a Saccharomyces cerevisiae metabolite. It derives from an all-cis-docosa-6,11,13,16,19-tetrahydropyranosyl ester. It is a conjugate acid of"
276,"The molecule is a polyunsaturated fatty acyl-CoA that results from the formal condensation of the thiol group of coenzyme A with the carboxy group of (2Z,8Z,11Z,14Z)-icosatetraenoic acid. It has a role as a human metabolite and a Saccharomyces cerevisiae metabolite. It derives from an alpha-D-glucopyranoside. It is a conjugate acid of a (2S)-3-hydroxyhexadecanoic acid(1-). It is an enanti"
277,"The molecule is a polyunsaturated fatty acyl-CoA that results from the formal condensation of the thiol group of coenzyme A with the carboxy group of (3Z,4Z,6Z,8Z,10Z,13Z)-docosapentaenoic acid. It has a role as a human metabolite and a Saccharomyces cerevisiae metabolite. It derives from an all-cis-docosa-3,4,6,8,10,13-tetraenoate. It is a conjugate acid of a (3"
278,"The molecule is a polyunsaturated fatty acyl-CoA that results from the formal condensation of the thiol group of coenzyme A with the carboxy group of (2Z,8Z,11Z,14Z)-icosatetraenoic acid. It has a role as a human metabolite and a Saccharomyces cerevisiae metabolite. It derives from an all-cis-icosaccharide. It is a conjugate acid of a (4Z,7Z,10Z,13E,19Z)-octadecenoyl"
279,"The molecule is a polyunsaturated fatty acyl-CoA that results from the formal condensation of the thiol group of coenzyme A with the carboxy group of (2Z,4Z,6Z,8Z,10Z,13Z)-icosatetraenoic acid. It has a role as a human metabolite and a Saccharomyces cerevisiae metabolite. It derives from an alpha-D-glucopyranoside. It is a conjugate acid of a (2S)-3-hydroxyhexadecenoyl-Co"
280,"The molecule is an organophosphate oxoanion obtained by deprotonation of the phosphate and diphosphate OH groups of 3-hydroxy-3-oxanoic acid; major species at pH 7.3. It has a role as a Saccharomyces cerevisiae metabolite. It is a conjugate base of a 3-phosphate(2+). It is an enantiomer of a (S)-3-hydroxyphenyl-1,3-dihydroxy-6H-octadecenoyl-sn-glycero-"
281,"The molecule is an organophosphate oxoanion obtained by deprotonation of the phosphate and diphosphate OH groups of 3-hydroxy-D-glucopyranose; major species at pH 7.3. It has a role as a human metabolite and a Saccharomyces cerevisiae metabolite. It is a conjugate base of a 3,4-dihydroxy-L-glycero-3-phosphate(1-). It is an enantiomer of a 4-hydroxyphenyl-2-enoic acid."
282,"The molecule is a polyunsaturated fatty acyl-CoA that results from the formal condensation of the thiol group of coenzyme A with the carboxy group of (3Z,8Z,11Z,14Z)-icosatetraenoic acid. It has a role as a human metabolite and a Saccharomyces cerevisiae metabolite. It derives from an alpha-D-glucopyranoside. It is a conjugate acid of a (4Z,7Z,10Z,13E,19Z)-octadecenoyl"
283,"The molecule is a polyunsaturated fatty acyl-CoA that results from the formal condensation of the thiol group of coenzyme A with the carboxy group of (2Z,4Z,7Z,10Z,13Z)-icosatetraenoic acid. It derives from an all-cis-icosapentaenoate. It is a conjugate acid of a (1Z,3Z,8Z,11Z)-octadecenoyl-Coa(4-). It is an enantiomer of a 3-hydroxyhex"
284,"The molecule is a polyunsaturated fatty acyl-CoA that results from the formal condensation of the thiol group of coenzyme A with the carboxy group of (7Z,11Z,13Z,16Z,19Z)-docosahexaenoic acid. It has a role as a human metabolite and a Saccharomyces cerevisiae metabolite. It derives from an all-cis-docosa-6,11,13,16,19-tetrahydroacosapentaenoate. It is a conjugate acid of a ("
285,"The molecule is an organophosphate oxoanion obtained by deprotonation of the phosphate and diphosphate OH groups of D-glucopyranose; major species at pH 7.3. It has a role as a human metabolite and a Saccharomyces cerevisiae metabolite. It is a conjugate base of a D-glycero-1-phosphate(2-). It is an enantiomer of a N-glycysteine 2,6-dihydroxy-alpha-D-galactosyl-(1->4)-"
286,"The molecule is a polyunsaturated fatty acyl-CoA that results from the formal condensation of the thiol group of coenzyme A with the carboxy group of (7Z,11Z,13Z,16Z,19Z)-docosahexaenoic acid. It has a role as a human metabolite and a Saccharomyces cerevisiae metabolite. It derives from an all-conjugated alpha-D-glucopyranoside. It is a conjugate acid of a 3-hydroxyhexadecanoic acid(4-). It is"
287,"The molecule is an organophosphate oxoanion obtained by deprotonation of the phosphate and diphosphate OH groups of 3-hydroxy-D-glucopyranose; major species at pH 7.3. It has a role as a human metabolite and a Saccharomyces cerevisiae metabolite. It is a conjugate base of a 3,4-dihydroxy-L-glycero-3-phosphate(1-). It is an enantiomer of a 4-hydroxyphenyl-2-enoic acid."
288,"The molecule is an organophosphate oxoanion obtained by deprotonation of the phosphate and diphosphate OH groups of 3-hydroxy-D-glucopyranose; major species at pH 7.3. It has a role as a human metabolite and a Saccharomyces cerevisiae metabolite. It is a conjugate base of a 3,3-dihydroxyphenyl-2-enoyl-sn-glycero-3-phosphacyl-CoA(4-). It is an enantiomer of a 4"
289,"The molecule is an organophosphate oxoanion obtained by deprotonation of the phosphate and diphosphate OH groups of D-glucopyranose; major species at pH 7.3. It has a role as a human metabolite and a Saccharomyces cerevisiae metabolite. It is a conjugate base of a D-glycero-1-phosphate(2-). It is an enantiomer of a N-glycerylglycerol 1,2-dihydroxy-6-enoic acid. It derives from a D"
290,"The molecule is a polyunsaturated fatty acyl-CoA that results from the formal condensation of the thiol group of coenzyme A with the carboxy group of (7Z,11Z,13Z,16Z,19Z)-docosahexaenoic acid. It has a role as a human metabolite and a Saccharomyces cerevisiae metabolite. It derives from an all-cis-docosa-6,11,13,16,19-tetrahydrocystic fibrosis factor. It is a conjugate acid of a (7"
291,"The molecule is a polyunsaturated fatty acyl-CoA that results from the formal condensation of the thiol group of coenzyme A with the carboxy group of (7Z,10Z,13Z,16Z,19Z)-docosahexaenoic acid. It has a role as a human metabolite and a Saccharomyces cerevisiae metabolite. It derives from an all-cis-docosa-6,10,13,16,19-tetrahydroacosapentaenoate. It is a conjugate acid of a ("
292,"The molecule is a monocarboxylic acid anion obtained by deprotonation of the phosphate and diphosphate OH groups of (2Z,8Z,11Z,14Z)-icosatetraenoic acid; major species at pH 7.3. It has a role as a Saccharomyces cerevisiae metabolite. It is a conjugate base of a (22Z,23Z,24Z,26Z)-octadecenoyl-CoA(4-). It is an enantiomer of a 2-hydroxyhexadec"
293,"The molecule is a polyunsaturated fatty acyl-CoA that results from the formal condensation of the thiol group of coenzyme A with the carboxy group of (3Z,4Z,6Z,8Z,10Z,13Z)-docosahexaenoic acid. It derives from an all-cis-docosa-3,4,6,8,10,13-tetrahydrocysteine. It is a conjugate acid of a 3-hydroxyhexadecanoic acid(1-). It is an enantiomer of"
294,"The molecule is an organophosphate oxoanion obtained by deprotonation of the phosphate and diphosphate OH groups of 3-hydroxy-D-glucopyranose; major species at pH 7.3. It has a role as a human metabolite and a Saccharomyces cerevisiae metabolite. It is a conjugate base of a 3,4-dihydroxy-L-glycero-3-phosphate(1-). It is an enantiomer of a (R)-3-hydroxyphenyl-2-en"
295,"The molecule is a polyunsaturated fatty acyl-CoA that results from the formal condensation of the thiol group of coenzyme A with the carboxy group of (7Z,11Z,13Z,16Z,19Z)-docosahexaenoic acid. It has a role as a human metabolite and a Saccharomyces cerevisiae metabolite. It derives from an all-cis-docosa-6,11,13,16,19-tetrahydropyranosyl ester. It is a conjugate acid of a (7"
296,"The molecule is an organophosphate oxoanion obtained by deprotonation of the phosphate and diphosphate OH groups of 3-phosphate; major species at pH 7.3. It has a role as a Saccharomyces cerevisiae metabolite. It is a conjugate base of a 3,5-dihydroxy-D-galactopyranose(1-). It is an enantiomer of a 4-hydroxy-L-glutamic acid. It derives from a L-glycero-2-enantiobutyric acid"
297,"The molecule is a polyunsaturated fatty acyl-CoA that results from the formal condensation of the thiol group of coenzyme A with the carboxy group of (7Z,11Z,13Z,16Z,19Z)-docosahexaenoic acid. It has a role as a human metabolite and a Saccharomyces cerevisiae metabolite. It derives from an all-cis-docosa-6,11,13,16,19-tetrahydrocystic fibrosis factor. It is a conjugate acid of a (7"
298,"The molecule is a polyunsaturated fatty acyl-CoA that results from the formal condensation of the thiol group of coenzyme A with the carboxy group of (3Z,4Z,6Z,8Z,10Z,13Z)-icosatetraenoic acid. It has a role as a human metabolite and a Saccharomyces cerevisiae metabolite. It derives from an all-conjugated alpha-D-galactopyranose. It is a conjugate acid of a 3-hydroxyhexadecenoyl-"
299,"The molecule is a polyunsaturated fatty acyl-CoA that results from the formal condensation of the thiol group of coenzyme A with the carboxy group of (2Z,8Z,11Z,14Z)-icosatetraenoic acid. It has a role as a human metabolite and a Saccharomyces cerevisiae metabolite. It derives from an alpha-D-glucopyranoside. It is a conjugate acid of a (2S)-3-hydroxyhexadecanoic acid(1-). It is an enanti"
300,"The molecule is a polyunsaturated fatty acyl-CoA that results from the formal condensation of the thiol group of coenzyme A with the carboxy group of (7Z,10Z,13Z,14Z)-docosapentaenoic acid. It has a role as a human metabolite and a Saccharomyces cerevisiae metabolite. It derives from an all-cis-docosa-6,10,13,14-tetrahydroflavone. It is a conjugate acid of a 3-hydroxyhexadecanoic acid"
301,"The molecule is an organophosphate oxoanion obtained by deprotonation of the phosphate and diphosphate OH groups of D-glucopyranose; major species at pH 7.3. It has a role as a human metabolite and a Saccharomyces cerevisiae metabolite. It is a conjugate base of a D-glycero-1-phosphate(2-). It is an enantiomer of a N-glycysteine 1,2-dihydroxy-6-oxo-4-enzoic acid. It"
302,"The molecule is a monocarboxylic acid anion obtained by deprotonation of the phosphate and diphosphate OH groups of 3-hydroxybenzoic acid; major species at pH 7.3. It has a role as a Saccharomyces cerevisiae metabolite. It is a conjugate base of a 3-[(4Z,8Z,11Z)-octadecenoyl-sn-glycero-3-phospho-D-glucopyranosyl]-beta-L-fucosapentaenoic acid. It"
303,"The molecule is a hydroxy fatty acyl-CoA that results from the formal condensation of the thiol group of coenzyme A with the carboxy group of (3Z,4Z,6Z,8Z,10Z,13Z)-icosatetraenoic acid. It has a role as a human xenobiotic metabolite and a Saccharomyces cerevisiae metabolite. It derives from an all-cis-icosapentaenoate. It is a conjugate acid of a (5Z,7Z,11Z,14Z)-"
304,"The molecule is a polyunsaturated fatty acyl-CoA that results from the formal condensation of the thiol group of coenzyme A with the carboxy group of (2Z,4Z,6Z,8Z,10Z,13Z)-icosatetraenoic acid. It has a role as a human metabolite and a Saccharomyces cerevisiae metabolite. It derives from an all-conjugated alpha-D-glucopyranoside. It is a conjugate acid of a (1Z,3Z,7Z,11"
305,"The molecule is a polyunsaturated fatty acyl-CoA that results from the formal condensation of the thiol group of coenzyme A with the carboxy group of (3Z,7Z,10Z,13Z,14Z)-docosapentaenoic acid. It has a role as a human metabolite and a Saccharomyces cerevisiae metabolite. It derives from an alpha-D-glucopyranoside. It is a conjugate acid of a (4Z,8Z,12Z,16Z,19Z)-hexadecen"
306,"The molecule is an organophosphate oxoanion obtained by deprotonation of the phosphate and diphosphate OH groups of 3-hydroxy-D-glucopyranose; major species at pH 7.3. It has a role as a human metabolite and a Saccharomyces cerevisiae metabolite. It is a conjugate base of a 3,4-dihydroxy-L-glycero-CoA(4-). It is an enantiomer of a (R)-3-hydroxyphenyl-2-enoic acid."
307,"The molecule is a monocarboxylic acid anion obtained by deprotonation of the phosphate and diphosphate OH groups of (3Z,8Z,11Z,13Z)-icosatetraenoyl-CoA; major species at pH 7.3. It is a conjugate base of a (7Z,9Z,12Z,14Z,16Z,19Z)-docosahexaenoic acid(1-). It is an enantiomer of a 3-hydroxyhexadecanoic acid. It derives from a (3"
308,"The molecule is a polyunsaturated fatty acyl-CoA that results from the formal condensation of the thiol group of coenzyme A with the carboxy group of (3Z,8Z,11Z,14Z)-icosatetraenoic acid. It has a role as a human metabolite and a Saccharomyces cerevisiae metabolite. It derives from an alpha-D-glucopyranoside. It is a conjugate acid of a (4Z,7Z,10Z,16Z,19Z)-octadecenoyl"
309,"The molecule is a monocarboxylic acid anion obtained by deprotonation of the phosphate and diphosphate OH groups of 3-hydroxybenzoic acid; major species at pH 7.3. It has a role as a Saccharomyces cerevisiae metabolite. It is a conjugate base of a 3-[(2Z,4Z)-octadecenoyl-sn-glycero-3-phosphochlorobutyric acid. It derives from a (1Z,6Z)-hexadecanoic acid. The it is a"
310,"The molecule is an acyl-CoA that results from the formal condensation of the thiol group of coenzyme A with the carboxy group of (2Z,4Z,6Z,8Z,10Z,13Z)-icosatetraenoic acid. It has a role as a human metabolite and a Saccharomyces cerevisiae metabolite. It is a monocarboxylic acid anion, a cyclic aromatic ether, a member of phenols, a tertiary alpha-hydroxy ketone and a polyphenol. It derives from a"
311,"The molecule is an organophosphate oxoanion obtained by deprotonation of the phosphate and diphosphate OH groups of 3-phosphate; major species at pH 7.3. It has a role as a Saccharomyces cerevisiae metabolite. It is a conjugate base of a 3,5-dihydroxy-D-glucopyranose(1-). It is an enantiomer of a 4-hydroxy-L-glycero-CoA(4-) and a 3-methyl-N-acetyl-beta-D"
312,"The molecule is a polyunsaturated fatty acyl-CoA that results from the formal condensation of the thiol group of coenzyme A with the carboxy group of (7Z,10Z,13Z,16Z,19Z)-docosahexaenoic acid. It has a role as a human metabolite and a Saccharomyces cerevisiae metabolite. It derives from an all-cis-docosa-6,10,13,16,19-tetrahydropyranosyl ester. It is a conjugate acid of a (7"
313,"The molecule is a polyunsaturated fatty acyl-CoA that results from the formal condensation of the thiol group of coenzyme A with the carboxy group of (7Z,10Z,13Z,16Z,19Z)-docosapentaenoic acid. It has a role as a human metabolite and a Saccharomyces cerevisiae metabolite. It derives from an all-cis-docosa-6,10,13,16,19-tetrahydrocystic fibrosis factor. It is a conjugate acid of a (7"
314,"The molecule is an organophosphate oxoanion obtained by deprotonation of the phosphate and diphosphate OH groups of 3-hydroxy-D-glucopyranose; major species at pH 7.3. It is a conjugate base of a 3,4-dihydroxyphenyl-L-glycero-CoA(4-). It is an enantiomer of a (R)-3-[(S)-2-(sulfonic acid)hexadecenoyl]-L-tyrosine(1+). It derives from a"
315,"The molecule is a polyunsaturated fatty acyl-CoA that results from the formal condensation of the thiol group of coenzyme A with the carboxy group of (7Z,10Z,13Z,16Z,19Z)-docosapentaenoic acid. It has a role as a human metabolite and a Saccharomyces cerevisiae metabolite. It derives from an all-cis-docosa-6,10,13,16,19-tetrahydrocystic fibrosis factor. It is a conjugate acid of a (7"
316,"The molecule is an organophosphate oxoanion obtained by deprotonation of the phosphate and diphosphate OH groups of 3-phosphate; major species at pH 7.3. It has a role as a Saccharomyces cerevisiae metabolite. It is a conjugate base of a 3,5-dihydroxy-D-glucopyranose(1-). It is an enantiomer of a 4-hydroxy-L-phenyl-alpha-amino-4-oxo-2-enantioyl-sn-gly"
317,"The molecule is a monocarboxylic acid anion obtained by deprotonation of the phosphate and diphosphate OH groups of 3-hydroxybenzoic acid; major species at pH 7.3. It has a role as a Saccharomyces cerevisiae metabolite. It is a conjugate base of a 3-[(2Z,4Z)-octadecenoyl-sn-glycero-3-phospho-D-glucopyranosyl]-beta-L-fucosamine(1-). It is an enanti"
318,"The molecule is a polyunsaturated fatty acyl-CoA that results from the formal condensation of the thiol group of coenzyme A with the carboxy group of (7Z,11Z,14Z,16Z,19Z)-docosahexaenoic acid. It has a role as a human metabolite and a Saccharomyces cerevisiae metabolite. It derives from an all-cis-docosa-6,11,14,16,19-tetrahydrocystic fibrosis factor. It is a conjugate acid of a (7"
319,"The molecule is an organophosphate oxoanion obtained by deprotonation of the phosphate and diphosphate OH groups of 3-hydroxy-D-glucopyranose; major species at pH 7.3. It has a role as a human metabolite and a Saccharomyces cerevisiae metabolite. It is a conjugate base of a 3,4-dihydroxy-L-glycero-3-phosphate(1+). It is an enantiomer of a 4-hydroxyphenyl-2-enoic acid."
320,"The molecule is an organophosphate oxoanion obtained by deprotonation of the phosphate and diphosphate OH groups of 1,2-dihydroxyphenyl-3-en-1-ylphosphate; major species at pH 7.3. It has a role as a human metabolite and a Saccharomyces cerevisiae metabolite. It is a conjugate base of a N-acetyl-beta-D-glucosamine(1-). It is an enantiomer of a L-proto-L-glycerol. It"
321,"The molecule is a polyunsaturated fatty acyl-CoA that results from the formal condensation of the thiol group of coenzyme A with the carboxy group of (2Z,8Z,11Z,14Z)-icosatetraenoic acid. It has a role as a human metabolite and a Saccharomyces cerevisiae metabolite. It derives from an alpha-D-glucopyranoside. It is a conjugate acid of a (2S)-3-hydroxyhexadecanoic acid(1-). It is an enanti"
322,"The molecule is a polyunsaturated fatty acyl-CoA that results from the formal condensation of the thiol group of coenzyme A with the carboxy group of (2Z,4Z,6Z,8Z,10Z,13Z)-icosatetraenoic acid. It has a role as a human metabolite and a Saccharomyces cerevisiae metabolite. It derives from an alpha-D-glucopyranoside. It is a conjugate acid of a (2S)-3-hydroxyhexadecenoyl-Co"
323,"The molecule is a polyunsaturated fatty acyl-CoA that results from the formal condensation of the thiol group of coenzyme A with the carboxy group of (7Z,11Z,13Z,16Z)-docosapentaenoic acid. It has a role as a human metabolite and a Saccharomyces cerevisiae metabolite. It derives from an all-cis-docosa-6,11,13,16-tetrahydroflavone. It is a conjugate acid of a 3-hydroxyhexadecanoic acid"
324,"The molecule is a hydroxy fatty acyl-CoA that results from the formal condensation of the thiol group of coenzyme A with the carboxy group of (9Z,11Z,14Z)-icosatrienoic acid. It has a role as a human metabolite and a Saccharomyces cerevisiae metabolite. It derives from an alpha-D-glucopyranoside. It is a conjugate acid of a (9S)-4-hydroxyoctadecanoic acid(1-). It is an enantiomer of an (9"
325,"The molecule is a polyunsaturated fatty acyl-CoA that results from the formal condensation of the thiol group of coenzyme A with the carboxy group of (7Z,11Z,13Z,16Z,19Z)-docosapentaenoic acid. It has a role as a human metabolite and a Saccharomyces cerevisiae metabolite. It derives from an all-cis-docosa-6,11,13,16,19-tetrahydrocystic fibrosis factor. It is a conjugate acid of a (7"
326,"The molecule is an organophosphate oxoanion obtained by deprotonation of the phosphate and diphosphate OH groups of 3-phosphate; major species at pH 7.3. It has a role as a Saccharomyces cerevisiae metabolite, a mouse metabolite and a human metabolite. It is a conjugate base of a 3-Phosphate(2-) and an organic heterohexadecanoic acid. It derives from a hydride of an 11beta-D-glucopyranosyl-(1->4)-N-acetyl-"
327,"The molecule is a polyunsaturated fatty acyl-CoA that results from the formal condensation of the thiol group of coenzyme A with the carboxy group of (2Z,4Z,6Z,8Z,10Z,13Z)-icosatetraenoic acid. It has a role as a human metabolite and a Saccharomyces cerevisiae metabolite. It derives from an all-cis-icosaccharide. It is a conjugate acid of a 3-hydroxyhexadecanoic acid(1-). It is an"
328,"The molecule is a monocarboxylic acid anion obtained by deprotonation of the phosphate and diphosphate OH groups of 3-hydroxyhexadecenoyl-CoA; major species at pH 7.3. It has a role as a human metabolite. It derives from a hexadecanoic acid. It is a conjugate base of a 3-[(1S)-hexadecanoyl-(1Z,2Z,4Z)-triacyl-sn-glycero-3-phosphoethanolamine(1-). It is"
329,"The molecule is a polyunsaturated fatty acyl-CoA that results from the formal condensation of the thiol group of coenzyme A with the carboxy group of (3Z,4Z,6Z,8Z,10Z,13Z)-docosapentaenoic acid. It has a role as a human metabolite and a Saccharomyces cerevisiae metabolite. It derives from an all-cis-docosa-3,4,6,8,10,13-tetraenoate. It is a conjugate acid of a (3"
330,"The molecule is a monocarboxylic acid anion obtained by deprotonation of the phosphate and diphosphate OH groups of (3Z,8Z,11Z,14Z)-icosatetraenoyl-CoA; major species at pH 7.3. It is a conjugate base of a (7Z,9Z,10Z,13E)-icosahexaenoic acid(1-). It is an enantiomer of an all-cis4,8,11,14-tetradecanoic acid. It derives from"
331,"The molecule is a polyunsaturated fatty acyl-CoA that results from the formal condensation of the thiol group of coenzyme A with the carboxy group of (2Z,8Z,11Z,14Z)-icosatetraenoic acid. It has a role as a human metabolite and a Saccharomyces cerevisiae metabolite. It derives from an alpha-D-glucopyranoside. It is a conjugate acid of a (2S)-3-hydroxyhexadecanoic acid(1-). It is an enanti"
332,"The molecule is a polyunsaturated fatty acyl-CoA that results from the formal condensation of the thiol group of coenzyme A with the carboxy group of (2Z,4Z,6Z,10Z,13Z)-icosatetraenoic acid. It has a role as a human metabolite and a Saccharomyces cerevisiae metabolite. It derives from an alpha-D-glucopyranoside. It is a conjugate acid of a (2S)-3-hydroxyhexadecanoic acid(1-). It is"
333,"The molecule is a polyunsaturated fatty acyl-CoA that results from the formal condensation of the thiol group of coenzyme A with the carboxy group of (3Z,8Z,11Z,14Z)-icosatetraenoic acid. It has a role as a human metabolite and a Saccharomyces cerevisiae metabolite. It derives from an alpha-D-glucopyranoside. It is a conjugate acid of a (4Z,7Z,10Z,13E,19Z)-octadecenoyl"
334,"The molecule is an organophosphate oxoanion obtained by deprotonation of the phosphate and diphosphate OH groups of 3-hydroxy-D-glucopyranose; major species at pH 7.3. It has a role as a human metabolite and a Saccharomyces cerevisiae metabolite. It is a conjugate base of a 3,4-dihydroxy-L-glycero-3-phosphate(1+). It is an enantiomer of a 4-hydroxyphenyl-2-enoic acid."
335,"The molecule is a polyunsaturated fatty acyl-CoA that results from the formal condensation of the thiol group of coenzyme A with the carboxy group of (3Z,4Z,6Z,7Z,10Z,13Z)-docosapentaenoic acid. It derives from an all-cis-docosa-3,4,6,7,10,13-tetrahydrocysteine. It is a conjugate acid of a 3-hydroxyhexadecanoic acid(1-). It is an enantiomer of"
336,"The molecule is a polyunsaturated fatty acyl-CoA that results from the formal condensation of the thiol group of coenzyme A with the carboxy group of (3Z,4Z,6Z,8Z,10Z,13Z)-docosapentaenoic acid. It has a role as a human metabolite and a Saccharomyces cerevisiae metabolite. It derives from an all-cis-docosa-3,4,6,8,10,13-tetraenoate. It is a conjugate acid of a (3"
337,"The molecule is an organophosphate oxoanion obtained by deprotonation of the phosphate and diphosphate OH groups of D-glucopyranose; major species at pH 7.3. It has a role as a human metabolite and a Saccharomyces cerevisiae metabolite. It is a conjugate base of a D-glycero-1-phosphate(2-). It is an enantiomer of a N-glycocarboxylamino-1,2-dihydroxy-6-enzoic acid. It"
338,"The molecule is an organophosphate oxoanion obtained by deprotonation of the phosphate and diphosphate OH groups of 3-hydroxy-D-glucopyranose; major species at pH 7.3. It has a role as a Saccharomyces cerevisiae metabolite. It is a conjugate base of a 3,4-dihydroxy-L-glycero-3-phosphate(2-). It is an enantiomer of a 4-hydroxyphenyl-5-oxohexadecanoic acid. It"
339,"The molecule is an organophosphate oxoanion obtained by deprotonation of the phosphate and diphosphate OH groups of D-glucopyranose; major species at pH 7.3. It has a role as a human metabolite and a Saccharomyces cerevisiae metabolite. It is a conjugate base of a D-glycero-1-phosphate(2-). It is an enantiomer of a N-glycocarboxylamino-1,2-dihydroxy-6-enzoic acid. It"
340,"The molecule is a polyunsaturated fatty acyl-CoA that results from the formal condensation of the thiol group of coenzyme A with the carboxy group of (7Z,10Z,13Z,16Z,19Z)-docosahexaenoic acid. It has a role as a human metabolite and a Saccharomyces cerevisiae metabolite. It derives from an all-cis-docosa-6,10,13,16,19-tetrahydroacosapentaenoate. It is a conjugate acid of a ("
341,"The molecule is a polyunsaturated fatty acyl-CoA that results from the formal condensation of the thiol group of coenzyme A with the carboxy group of (7Z,10Z,13Z,16Z,19Z)-docosahexaenoic acid. It derives from an all-cis-docosa-7,10,13,16,19-tetrahydro-6,11,14,15,20,22,23,24,24-trihydroxy-5-oxo-1,4-dienoyl-Co"
342,"The molecule is a polyunsaturated fatty acyl-CoA that results from the formal condensation of the thiol group of coenzyme A with the carboxy group of (7Z,10Z,13Z,16Z,19Z)-docosahexaenoic acid. It has a role as a human metabolite and a Saccharomyces cerevisiae metabolite. It derives from an all-cis-docosa-6,10,13,16,19-tetrahydroacosapentaenoate. It is a conjugate acid of a ("
343,"The molecule is a polyunsaturated fatty acyl-CoA that results from the formal condensation of the thiol group of coenzyme A with the carboxy group of (2Z,8Z,11Z,14Z)-icosatetraenoic acid. It has a role as a human metabolite and a Saccharomyces cerevisiae metabolite. It derives from an alpha-D-glucopyranoside. It is a conjugate acid of a (2S)-3-hydroxyhexadecanoic acid(1-). It is an enanti"
344,"The molecule is a polyunsaturated fatty acyl-CoA that results from the formal condensation of the thiol group of coenzyme A with the carboxy group of (2Z,4Z,7Z,10Z,13Z)-icosatetraenoic acid. It has a role as a human metabolite and a Saccharomyces cerevisiae metabolite. It derives from an alpha-D-glucopyranoside. It is a conjugate acid of a (1Z,3Z,8Z,11Z)-octadecenoyl"
345,"The molecule is a polyunsaturated fatty acyl-CoA that results from the formal condensation of the thiol group of coenzyme A with the carboxy group of (7Z,11Z,13Z,14Z)-docosapentaenoic acid. It has a role as a human metabolite and a Saccharomyces cerevisiae metabolite. It derives from an all-cis-docosa-6,11,13,14-tetrahydroflavone. It is a conjugate acid of a 3-hydroxyhexadecanoic acid"
346,"The molecule is a polyunsaturated fatty acyl-CoA that results from the formal condensation of the thiol group of coenzyme A with the carboxy group of (3Z,8Z,11Z,14Z)-icosatetraenoic acid. It has a role as a human metabolite and a Saccharomyces cerevisiae metabolite. It derives from an alpha-D-glucopyranoside. It is a conjugate acid of a (4Z,7Z,10Z,16Z,19Z)-octadecenoyl"
347,"The molecule is a polyunsaturated fatty acyl-CoA that results from the formal condensation of the thiol group of coenzyme A with the carboxy group of (2Z,8Z,11Z,14Z)-icosatetraenoic acid. It has a role as a human metabolite and a Saccharomyces cerevisiae metabolite. It derives from an alpha-D-glucopyranoside. It is a conjugate acid of a (2S)-3-hydroxyhexadecanoic acid(1-). It is an enanti"
348,"The molecule is a polyunsaturated fatty acyl-CoA that results from the formal condensation of the thiol group of coenzyme A with the carboxy group of (3Z,4Z,6Z,10Z,13Z)-icosatetraenoic acid. It has a role as a human metabolite and a Saccharomyces cerevisiae metabolite. It derives from an all-cis-icosapentaenoate. It is a conjugate acid of a (7Z,8Z,12Z,14Z,16Z,19Z"
349,"The molecule is a polyunsaturated fatty acyl-CoA that results from the formal condensation of the thiol group of coenzyme A with the carboxy group of (7Z,10Z,13Z,16Z,19Z)-docosahexaenoic acid. It derives from an all-cis-docosa-7,10,13,16,19-tetrahydroacosapentaenoate. It is a conjugate acid of a 3-hydroxyhexadecanoic acid(1-). It is an enantiomer of a ("
350,"The molecule is an organophosphate oxoanion obtained by deprotonation of the phosphate and diphosphate OH groups of 3-hydroxy-D-glucopyranose; major species at pH 7.3. It has a role as a Saccharomyces cerevisiae metabolite. It is a conjugate base of a 3,4-dihydroxy-L-glycero-3-phosphate(2-). It is an enantiomer of a 4-hydroxyphenyl-6-enoic acid. It derives from a 3"
351,"The molecule is a monocarboxylic acid anion obtained by deprotonation of the phosphate and diphosphate OH groups of 3-hydroxybenzoic acid; major species at pH 7.3. It has a role as a Saccharomyces cerevisiae metabolite. It is a conjugate base of a 3,4-dihydroxybenzoyl-CoA(4-). It is an enantiomer of a (R)-3-[(S)-2-(sulfonic acid)hexadecanoic acid. It derives from a 3-"
352,"The molecule is a polyunsaturated fatty acyl-CoA that results from the formal condensation of the thiol group of coenzyme A with the carboxy group of (7Z,11Z,13Z,16Z,19Z)-docosahexaenoic acid. It has a role as a human metabolite and a Saccharomyces cerevisiae metabolite. It derives from an all-cis-docosa-6,11,13,16,19-tetrahydroflavone. It is a conjugate acid of a (9Z,"
353,"The molecule is an organophosphate oxoanion obtained by deprotonation of the phosphate and diphosphate OH groups of 3-hydroxy-D-glucopyranose; major species at pH 7.3. It has a role as a human metabolite and a Saccharomyces cerevisiae metabolite. It is a conjugate base of a 3,4-dihydroxy-L-glycero-3-phosphate(1-). It is an enantiomer of a 4-hydroxyphenyl-2-enoic acid."
354,"The molecule is a polyunsaturated fatty acyl-CoA that results from the formal condensation of the thiol group of coenzyme A with the carboxy group of (6Z,8Z,11Z,13Z,14Z)-docosapentaenoic acid. It has a role as a human metabolite and a Saccharomyces cerevisiae metabolite. It derives from an all-cis-docosa-6,8,11,13,14-tetrahydroflavone. It is a conjugate acid of a (4Z,"
355,The molecule is an organophosphate oxoanion obtained by deprotonation of the phosphate and diphosphate OH groups of N-acetyl-D-glucosamine; major species at pH 7.3. It has a role as a Saccharomyces cerevisiae metabolite and a mouse metabolite. It is a conjugate base of a N-[(1R)-N-(1S)-nucleopyrimidin-1-yl]-D-glycero-2-phosphochlorobenzoylecenzoic acid. It derives from a N
356,"The molecule is a polyunsaturated fatty acyl-CoA that results from the formal condensation of the thiol group of coenzyme A with the carboxy group of (7Z,11Z,13Z,14Z)-docosapentaenoic acid. It has a role as a human metabolite and a Saccharomyces cerevisiae metabolite. It derives from an all-conjugated alpha-D-glucopyranoside. It is a conjugate acid of a 3-hydroxyhexadecanoic acid(4-). It is an enanti"
357,"The molecule is an organophosphate oxoanion obtained by deprotonation of the phosphate and diphosphate OH groups of 3-phosphate; major species at pH 7.3. It has a role as a Saccharomyces cerevisiae metabolite. It is a conjugate base of a 3,5-dihydroxy-D-glucopyranose(2-). It is an enantiomer of a 4-hydroxyphenyl-L-glycero-CoA(4+). It derives from a (1S)-3-"
358,"The molecule is a monocarboxylic acid anion obtained by deprotonation of the phosphate and diphosphate OH groups of 3-hydroxybenzoic acid; major species at pH 7.3. It has a role as a Saccharomyces cerevisiae metabolite. It is a conjugate base of a 3,4-dihydroxybenzoyl-sn-glycero-3-phosphohexadecanoic acid. It derives from a (1R)-3-[(1S)-2-(pyridin-1-yl"
359,"The molecule is a hydroxy fatty acyl-CoA that results from the formal condensation of the thiol group of coenzyme A with the carboxy group of (2Z,4Z,6Z,8Z,10Z,13Z)-icosatetraenoic acid. It has a role as a human metabolite and a Saccharomyces cerevisiae metabolite. It derives from an all-cis-icosaccharide. It is a conjugate acid of a (3Z,5Z,9Z,14Z)-octadecen"
360,"The molecule is a polyunsaturated fatty acyl-CoA that results from the formal condensation of the thiol group of coenzyme A with the carboxy group of (7Z,11Z,13Z,16Z,19Z)-docosahexaenoic acid. It has a role as a human metabolite and a Saccharomyces cerevisiae metabolite. It derives from an all-cis-docosa-6,11,13,16,19-tetrahydrocystic fibrosis factor. It is a conjugate acid of a (7"
361,"The molecule is a polyunsaturated fatty acyl-CoA that results from the formal condensation of the thiol group of coenzyme A with the carboxy group of (2Z,8Z,11Z,14Z)-icosatetraenoic acid. It has a role as a human metabolite and a Saccharomyces cerevisiae metabolite. It is an organic heterotricyclic compound, a monocarboxylic acid and a member of phenols. It derives from an all-cis-icos-4,8,11,14"
362,"The molecule is a polyunsaturated fatty acyl-CoA that results from the formal condensation of the thiol group of coenzyme A with the carboxy group of (3Z,4Z,6Z,8Z,10Z,13Z)-docosapentaenoic acid. It has a role as a human metabolite and a Saccharomyces cerevisiae metabolite. It derives from an all-cis-docosa-3,4,6,8,10,13-tetraenoate. It is a conjugate acid of a (3"
363,"The molecule is an organophosphate oxoanion obtained by deprotonation of the phosphate and diphosphate OH groups of 3-phosphate; major species at pH 7.3. It has a role as a human metabolite and a Saccharomyces cerevisiae metabolite. It is a conjugate base of a 3,5-dihydroxy-D-glucopyranose(2-). It is an enantiomer of a 4-hydroxy-N-acetyl-alpha-amino-L-fucosamine zwitterion"
364,"The molecule is a polyunsaturated fatty acyl-CoA that results from the formal condensation of the thiol group of coenzyme A with the carboxy group of (2Z,4Z,6Z,8Z,10Z,13Z)-icosatetraenoic acid. It has a role as a human metabolite and a Saccharomyces cerevisiae metabolite. It derives from an alpha-D-glucopyranoside. It is a conjugate acid of a (2S)-3-hydroxyhexadecenoyl-Co"
365,"The molecule is a hydroxy fatty acyl-CoA that results from the formal condensation of the thiol group of coenzyme A with the carboxy group of (2Z,8Z,11Z,14Z)-icosatetraenoic acid. It derives from an all-cis-icosapentaenoate. It is a conjugate acid of a (4Z,7Z,10Z,13E,19Z)-octadecenzoic acid(1-). It is an enantiomer of a 3-hydroxy-3-hyd"
366,"The molecule is a polyunsaturated fatty acyl-CoA that results from the formal condensation of the thiol group of coenzyme A with the carboxy group of (3Z,4Z,6Z,8Z,10Z,13Z)-icosatetraenoic acid. It has a role as a human metabolite and a Saccharomyces cerevisiae metabolite. It derives from an alpha-D-glucopyranoside. It is a conjugate acid of a (1Z,2Z,7Z,12Z,14Z)-"
367,"The molecule is a polyunsaturated fatty acyl-CoA that results from the formal condensation of the thiol group of coenzyme A with the carboxy group of (7Z,10Z,13Z,16Z,19Z)-docosapentaenoic acid. It has a role as a human metabolite and a Saccharomyces cerevisiae metabolite. It derives from an all-cis-docosa-6,10,13,16,19-tetrahydrocystic fibrosis factor. It is a conjugate acid of a (7"
368,"The molecule is a polyunsaturated fatty acyl-CoA that results from the formal condensation of the thiol group of coenzyme A with the carboxy group of (2Z,8Z,11Z,14Z)-icosatetraenoic acid. It has a role as a human metabolite and a Saccharomyces cerevisiae metabolite. It derives from an alpha-D-glucopyranoside. It is a conjugate acid of a (2S)-3-hydroxyhexadecanoic acid(1-). It is an enanti"
369,"The molecule is a polyunsaturated fatty acyl-CoA that results from the formal condensation of the thiol group of coenzyme A with the carboxy group of (7Z,11Z,13Z,14Z)-docosapentaenoic acid. It has a role as a human metabolite and a Saccharomyces cerevisiae metabolite. It derives from an alpha-D-glucopyranoside. It is a conjugate acid of a 3-hydroxyhexadecanoic acid(1-). It is an enantiomer of a (7"
370,"The molecule is a monocarboxylic acid anion obtained by deprotonation of the phosphate and diphosphate OH groups of (3Z,8Z,11Z,14Z)-icosatetraenoyl-CoA; major species at pH 7.3. It is a conjugate base of a (7Z,9Z,10Z,16Z,19Z)-octadecapentaenoic acid(1-). It is an enantiomer of a 3-hydroxyhexadecanoic acid. It derives from a (2Z,"
371,"The molecule is an organophosphate oxoanion obtained by deprotonation of the phosphate and diphosphate OH groups of 3-phosphate; major species at pH 7.3. It has a role as a Saccharomyces cerevisiae metabolite. It is a conjugate base of a 3,5-dihydroxy-D-glucopyranose(2-). It is an enantiomer of a 4-hydroxy-N-acetyl-alpha-amino-1-O-methyl-beta-L-fucosamine."
372,"The molecule is a polyunsaturated fatty acyl-CoA that results from the formal condensation of the thiol group of coenzyme A with the carboxy group of (2Z,8Z,11Z,13Z)-icosatetraenoic acid. It has a role as a human metabolite and a Saccharomyces cerevisiae metabolite. It derives from an alpha-D-glucopyranoside. It is a conjugate acid of a (1Z,4Z,15Z)-octadecenoyl-Coa(4-"
373,"The molecule is a hydroxy fatty acyl-CoA that results from the formal condensation of the thiol group of coenzyme A with the carboxy group of (3Z,4Z,6Z,8Z,10Z,13Z)-docosapentaenoic acid. It has a role as a human metabolite and a Saccharomyces cerevisiae metabolite. It derives from an all-cis-docosa-3,4,6,8,10,13-tetrahydroflavone. It is a conjugate acid of a"
374,"The molecule is an organophosphate oxoanion obtained by deprotonation of the phosphate and diphosphate OH groups of 3-hydroxy-D-glucopyranose; major species at pH 7.3. It has a role as a human metabolite and a Saccharomyces cerevisiae metabolite. It is a conjugate base of a 3,4-dihydroxy-L-glycero-3-phosphate(2-). It is an enantiomer of a (R)-3-[(S)-hexadecenoyl"
375,"The molecule is a polyunsaturated fatty acyl-CoA that results from the formal condensation of the thiol group of coenzyme A with the carboxy group of (7Z,11Z,13Z,16Z,19Z)-docosahexaenoic acid. It derives from an all-cis-docosa-7,11,13,16,19-tetrahydroacosanoic acid and a 3-hydroxy-alpha-D-glucopyranose. It is a conjugate acid of a (9Z,10Z"
376,"The molecule is a polyunsaturated fatty acyl-CoA that results from the formal condensation of the thiol group of coenzyme A with the carboxy group of (7Z,11Z,13Z,16Z,19Z)-docosapentaenoic acid. It has a role as a human metabolite and a Saccharomyces cerevisiae metabolite. It derives from an all-cis-docosa-6,11,13,16,19-tetrahydrocystic fibrosis factor. It is a conjugate acid of a (7"
377,"The molecule is an organophosphate oxoanion obtained by deprotonation of the phosphate and diphosphate OH groups of D-glucopyranose; major species at pH 7.3. It has a role as a human metabolite and a Saccharomyces cerevisiae metabolite. It is a conjugate base of a D-glycero-1-phosphate(2-). It is an enantiomer of a N-glycocarboxylamino-1,2-dihydroxy-6-enzoic acid. It"
378,"The molecule is a polyunsaturated fatty acyl-CoA that results from the formal condensation of the thiol group of coenzyme A with the carboxy group of (7Z,10Z,13Z,16Z,19Z)-docosahexaenoic acid. It has a role as a human xenobiotic metabolite and a Saccharomyces cerevisiae metabolite. It derives from an all-cis-docosa-6,10,13,16,19-tetrahydrocystic fibrosis. It is a conjugate acid of a"
379,"The molecule is a monocarboxylic acid anion obtained by deprotonation of the phosphate and diphosphate OH groups of (2Z,8Z,11Z,14Z)-icosatetraenoic acid; major species at pH 7.3. It has a role as a Saccharomyces cerevisiae metabolite and a mouse metabolite. It is a conjugate base of a (4Z,7Z,10Z,13E,16Z,17Z-tetraenoyl-CoA). It is an enantiomer of"
380,The molecule is an organophosphate oxoanion obtained by deprotonation of the phosphate and diphosphate OH groups of N-acetyl-D-glucosamine; major species at pH 7.3. It has a role as a Saccharomyces cerevisiae metabolite and a mouse metabolite. It is a conjugate base of a N-(4-hydroxyhexadecenzoic acid). It is an enantiomer of a (R)-nucleosamine(1+). It derives from a N-octadecanoylglycerol.
381,"The molecule is a polyunsaturated fatty acyl-CoA that results from the formal condensation of the thiol group of coenzyme A with the carboxy group of (7Z,10Z,13Z,16Z,19Z)-docosahexaenoic acid. It has a role as a human metabolite and a Saccharomyces cerevisiae metabolite. It derives from an all-cis-docosa-6,10,13,16,19-tetrahydropyranosyl ester. It is a conjugate acid of a (7"
382,"The molecule is a monocarboxylic acid anion obtained by deprotonation of the phosphate and diphosphate OH groups of (3Z,6Z,10Z,13Z)-icosatetraenoic acid; major species at pH 7.3. It is a conjugate base of a (2Z,4Z,8Z,11E,14S)-icosa-3,6,10,13-tetraenoyl-CoA(4-). It is an enantiomer of a 3-hydroxybenzoic acid."
383,"The molecule is an organophosphate oxoanion obtained by deprotonation of the phosphate and diphosphate OH groups of D-glucopyranose; major species at pH 7.3. It has a role as a human metabolite and a Saccharomyces cerevisiae metabolite. It is a monocarboxylic acid anion, a conjugate base of a D-glycero-1-phosphate(2-). It derives from a N-acetyl-beta-D-Glucosaminyl-(1->4)-N-"
384,"The molecule is a polyunsaturated fatty acyl-CoA that results from the formal condensation of the thiol group of coenzyme A with the carboxy group of (7Z,11Z,13Z,16Z,19Z)-docosahexaenoic acid. It has a role as a human xenobiotic metabolite and a Saccharomyces cerevisiae metabolite. It derives from an all-cis-docosa-6,11,13,16,19-tetrahydrocystic fibrosis. It is a conjugate acid of a"
385,"The molecule is a polyunsaturated fatty acyl-CoA that results from the formal condensation of the thiol group of coenzyme A with the carboxy group of (3Z,4Z,6Z,8Z,10Z,13Z)-docosapentaenoic acid. It has a role as a human metabolite and a Saccharomyces cerevisiae metabolite. It derives from an all-cis-docosa-3,4,6,8,10,13-tetraenoate. It is a conjugate acid of a (3"
386,"The molecule is a monocarboxylic acid anion obtained by deprotonation of the phosphate and diphosphate OH groups of (3Z,8Z,11Z,13Z)-icosatetraenoyl-CoA; major species at pH 7.3. It is a conjugate base of a (7Z,9Z,12Z,15Z)-isobutane(1-). It is an enantiomer of a 3-hydroxybenzoic acid. It derives from a (4Z,6Z,10Z,14Z"
387,"The molecule is a polyunsaturated fatty acyl-CoA that results from the formal condensation of the thiol group of coenzyme A with the carboxy group of (2Z,4Z,6Z,8Z,10Z,13Z)-icosatetraenoic acid. It has a role as a human metabolite and a Saccharomyces cerevisiae metabolite. It derives from an all-conjugated alpha-D-glucopyranoside. It is a conjugate acid of a (1Z,3Z,7Z,11"
388,"The molecule is a polyunsaturated fatty acyl-CoA that results from the formal condensation of the thiol group of coenzyme A with the carboxy group of (3Z,4Z,6Z,8Z,10Z,13Z)-docosahexaenoic acid. It derives from an all-cis-docosa-3,4,6,8,10,13-tetrahydrocysteine. It is a conjugate acid of a 3-hydroxyhexadecanoic acid(1-). It is an enantiomer of"
389,"The molecule is a polyunsaturated fatty acyl-CoA that results from the formal condensation of the thiol group of coenzyme A with the carboxy group of (2Z,4Z,6Z,8Z,10Z,13Z)-docosapentaenoic acid. It derives from an all-cis-docosa-3,4,6,10,13-tetrahydrocystic fibrosis (CFS). It is a conjugate acid of a 3-hydroxyhexadecanoic acid(1-). it is an enanti"
390,"The molecule is a polyunsaturated fatty acyl-CoA that results from the formal condensation of the thiol group of coenzyme A with the carboxy group of (3Z,8Z,11Z,14Z)-icosatetraenoic acid. It has a role as a human metabolite and a Saccharomyces cerevisiae metabolite. It is a monocarboxylic acid anion, a 3-oxo-4-hydroxyacyl-sn-glycero-3-phosphohexadecanoic acid and a long-"
391,"The molecule is a polyunsaturated fatty acyl-CoA that results from the formal condensation of the thiol group of coenzyme A with the carboxy group of (3Z,4Z,6Z,10Z,13Z)-icosatetraenoic acid. It has a role as a human metabolite and a Saccharomyces cerevisiae metabolite. It derives from an all-cis-icosapentaenoate. It is a conjugate acid of a (7Z,8Z,12Z,15Z)-octadecenoy"
392,"The molecule is a polyunsaturated fatty acyl-CoA that results from the formal condensation of the thiol group of coenzyme A with the carboxy group of (3Z,4Z,6Z,8Z,11Z,13Z)-docosapentaenoic acid. It derives from an all-cis-docosa-3,4,6,8,11,13-tetrahydrocystic fibrosis (CFS). It is a conjugate acid of a (7Z,9Z,10Z,14Z,15Z)-"
393,"The molecule is a polyunsaturated fatty acyl-CoA that results from the formal condensation of the thiol group of coenzyme A with the carboxy group of (2Z,4Z,6Z,8Z,10Z,13Z)-icosatetraenoic acid. It has a role as a human metabolite and a Saccharomyces cerevisiae metabolite. It derives from an all-conjugated alpha-D-glucopyranoside. It is a conjugate acid of a (1Z,3Z,7Z,11"
394,"The molecule is a polyunsaturated fatty acyl-CoA that results from the formal condensation of the thiol group of coenzyme A with the carboxy group of (2Z,4Z,6Z,8Z,10Z,13Z)-icosatetraenoic acid. It has a role as a human metabolite and a Saccharomyces cerevisiae metabolite. It derives from an alpha-D-glucopyranoside. It is a conjugate acid of a (1Z,3Z,7Z,12Z,14Z)-"
395,"The molecule is a monocarboxylic acid anion obtained by deprotonation of the phosphate and diphosphate OH groups of (2Z,8Z,11Z,14Z)-icosatetraenoic acid; major species at pH 7.3. It has a role as a human metabolite and a Saccharomyces cerevisiae metabolite. It is a conjugate base of a (4Z,7Z,10Z,12Z,16Z,19Z)-octadecenoyl-CoA(4-). It is an en"
396,"The molecule is a polyunsaturated fatty acyl-CoA that results from the formal condensation of the thiol group of coenzyme A with the carboxy group of (3Z,6Z,8Z,11Z,13Z)-docosapentaenoic acid. It has a role as a human metabolite and a Saccharomyces cerevisiae metabolite. It derives from an all-cis-docosa-3,6,8,11,13-tetrahydroflavone. It is a conjugate acid of a (2Z,"
397,"The molecule is an organophosphate oxoanion obtained by deprotonation of the phosphate and diphosphate OH groups of 3-hydroxybenzoic acid; major species at pH 7.3. It has a role as a human metabolite. It is a conjugate base of a 3,4-dihydroxybenzoyl-sn-glycero-3-phosphate(2-). It is an enantiomer of a 4-hydroxyphenylbenzoate. It derives from a hydride of a (R)-3-hyd"
398,"The molecule is a polyunsaturated fatty acyl-CoA that results from the formal condensation of the thiol group of coenzyme A with the carboxy group of (7Z,11Z,13Z,16Z,19Z)-docosahexaenoic acid. It has a role as a human xenobiotic metabolite and a Saccharomyces cerevisiae metabolite. It derives from an all-cis-docosa-6,11,13,16,19-tetrahydroflavone. It is a conjugate acid of a ("
399,"The molecule is an organophosphate oxoanion obtained by deprotonation of the phosphate and diphosphate OH groups of 3-phosphate; major species at pH 7.3. It has a role as a Saccharomyces cerevisiae metabolite. It is a conjugate base of a 3,5-dihydroxy-D-glucopyranose(2-). It is an enantiomer of a 4-hydroxy-L-phenyl-alpha-amino-1-enantioyl-sn-glycero-3-"
400,"The molecule is an organophosphate oxoanion obtained by deprotonation of the phosphate and diphosphate OH groups of D-glucopyranose; major species at pH 7.3. It has a role as a Saccharomyces cerevisiae metabolite. It is a conjugate base of a D-glycero-1-phosphate(2-). It is an enantiomer of a N-glycysteine 2,6-dihydroxy-5-oxo-4-enantioyl-CoA(4-)."
401,"The molecule is a polyunsaturated fatty acyl-CoA that results from the formal condensation of the thiol group of coenzyme A with the carboxy group of (3Z,4Z,6Z,8Z,10Z,13Z)-docosahexaenoic acid. It derives from an all-cis-docosa-3,4,6,8,10,13-tetrahydroxyhexadecanoic acid and a 3-oxo-2,4-dihydroxyflavone. It is a conjugate acid of a"
402,"The molecule is a monocarboxylic acid anion obtained by deprotonation of the phosphate and diphosphate OH groups of 3-hydroxyhexadecenoyl-CoA; major species at pH 7.3. It has a role as a Saccharomyces cerevisiae metabolite. It derives from a hexadecanoic acid. It is a conjugate base of a 3-[(1S)-hexadecanoyl]-CoA(4-). It is an enantiomer of a 4,6-dihydroxyphenylhexade"
403,"The molecule is a monocarboxylic acid anion obtained by deprotonation of the phosphate and diphosphate OH groups of 3-hydroxybenzoic acid; major species at pH 7.3. It has a role as a Saccharomyces cerevisiae metabolite. It is a conjugate base of a 3-[(2Z,4Z)-octadecenoyl-sn-glycero-3-phospho-D-glucopyranosyl]-beta-L-fucosiduronic acid. It derives from a 3"
404,"The molecule is a polyunsaturated fatty acyl-CoA that results from the formal condensation of the thiol group of coenzyme A with the carboxy group of (2Z,8Z,11Z,14Z)-icosatetraenoic acid. It has a role as a human metabolite and a Saccharomyces cerevisiae metabolite. It derives from an alpha-D-glucopyranoside. It is a conjugate acid of a (2S)-4-hydroxyhexadecanoic acid(1-). It is an enanti"
405,The molecule is an organophosphate oxoanion obtained by deprotonation of the phosphate and diphosphate OH groups of D-glucopyranose; major species at pH 7.3. It has a role as a human metabolite and a Saccharomyces cerevisiae metabolite. It is a conjugate base of a D-galactobacterium(1-). It is an enantiomer of a N-acetyl-D-glycero-2-phosphate(2-) and an O-acyl-CoA(4-).
406,"The molecule is a monocarboxylic acid anion obtained by deprotonation of the carboxy group of 3-hydroxybenzoic acid; major species at pH 7.3. It has a role as a human metabolite and a Saccharomyces cerevisiae metabolite. It is a conjugate base of a 3,4-dichloro-3-enoyl-CoA(4-). It is an enantiomer of a (1S)-3-hydroxyphenyl-2-enoic acid. It derives from a 3-"
407,"The molecule is a hydroxy fatty acyl-CoA that results from the formal condensation of the thiol group of coenzyme A with the carboxy group of (2Z,4Z,7Z,10Z,13Z)-icosatetraenoic acid. It has a role as a human metabolite and a Saccharomyces cerevisiae metabolite. It is a monocarboxylic acid anion, a 3-oxo-3-hydroxyflavone, a long-chain triglyceride and a member of phenols. It derives from a"
408,"The molecule is a polyunsaturated fatty acyl-CoA that results from the formal condensation of the thiol group of coenzyme A with the carboxy group of (2Z,4Z,6Z,8Z,10Z,13Z)-icosatetraenoic acid. It has a role as a human metabolite and a Saccharomyces cerevisiae metabolite. It derives from an all-conjugated alpha-D-glucopyranoside. It is a conjugate acid of a (1Z,3Z,7Z,11"
409,"The molecule is a polyunsaturated fatty acyl-CoA that results from the formal condensation of the thiol group of coenzyme A with the carboxy group of (3Z,4Z,6Z,8Z,10Z,13Z)-docosapentaenoic acid. It has a role as a human metabolite and a Saccharomyces cerevisiae metabolite. It derives from an all-cis-docosa-3,4,6,8,10,13-tetrahydroflavone. It is a conjugate acid of"
410,"The molecule is a polyunsaturated fatty acyl-CoA that results from the formal condensation of the thiol group of coenzyme A with the carboxy group of (2Z,4Z,6Z,10Z,13Z)-icosatetraenoic acid. It has a role as a human metabolite and a Saccharomyces cerevisiae metabolite. It derives from an alpha-D-glucopyranoside. It is a conjugate acid of a (1Z,3Z,8Z,14Z)-octadecenoyl"
411,"The molecule is a polyunsaturated fatty acyl-CoA that results from the formal condensation of the thiol group of coenzyme A with the carboxy group of (3Z,4Z,6Z,8Z,11Z,13Z)-docosapentaenoic acid. It derives from an all-cis-docosa-3,4,6,8,11,13-tetrahydrocysteine. It is a conjugate acid of a 3-hydroxyhexadecanoic acid(1-). It is an enantiomer of"
412,"The molecule is an organophosphate oxoanion obtained by deprotonation of the phosphate and diphosphate OH groups of 3-hydroxy-D-glucopyranose; major species at pH 7.3. It has a role as a human metabolite and a Saccharomyces cerevisiae metabolite. It is a conjugate base of a 3,4-dihydroxy-L-glycero-3-phosphate(1-). It is an enantiomer of a 4-hydroxyphenyl-2-enoic acid."
413,"The molecule is a polyunsaturated fatty acyl-CoA that results from the formal condensation of the thiol group of coenzyme A with the carboxy group of (7Z,11Z,13Z,16Z,19Z)-docosahexaenoic acid. It has a role as a human metabolite and a Saccharomyces cerevisiae metabolite. It derives from an all-cis-docosa-6,11,13,16,19-tetrahydrocystic fibrosis factor. It is a conjugate acid of a (7"
414,"The molecule is a polyunsaturated fatty acyl-CoA that results from the formal condensation of the thiol group of coenzyme A with the carboxy group of (3Z,4Z,6Z,8Z,10Z,13Z)-docosapentaenoic acid. It derives from an all-cis-docosa-3,4,6,8,10,13-tetrahydrocystic fibrosis (CFS). It is a conjugate acid of a (7Z,9Z,12Z,14Z,15Z)-"
415,"The molecule is an organophosphate oxoanion obtained by deprotonation of the phosphate and diphosphate OH groups of 3-phosphate; major species at pH 7.3. It has a role as a Saccharomyces cerevisiae metabolite. It is a conjugate base of a 3,5-dihydroxy-D-glucopyranose(1-). It is an enantiomer of a 4-hydroxy-N-acetyl-alpha-amino-L-fucosapenta-(1->4)-beta-D"
416,"The molecule is a polyunsaturated fatty acyl-CoA that results from the formal condensation of the thiol group of coenzyme A with the carboxy group of (7Z,10Z,13Z,16Z,19Z)-docosahexaenoic acid. It derives from an all-cis-docosa-6,10,13,16,19-tetrahydroacosanoic acid and a 3-hydroxy-alpha-D-glucopyranose. It is a conjugate acid of a (11Z,14Z"
417,"The molecule is a monocarboxylic acid anion obtained by deprotonation of the phosphate and diphosphate OH groups of (3Z,8Z,11Z,14Z)-icosatetraenoic acid; major species at pH 7.3. It has a role as a Saccharomyces cerevisiae metabolite. It is a conjugate base of a (7Z,9Z,10Z,16Z,17E,19Z)-octadecenoyl-cero-CoA(4-). It is an enantiomer"
418,"The molecule is a polyunsaturated fatty acyl-CoA that results from the formal condensation of the thiol group of coenzyme A with the carboxy group of (3Z,4Z,6Z,8Z,10Z,13Z)-docosapentaenoic acid. It has a role as a human metabolite and a Saccharomyces cerevisiae metabolite. It derives from an all-cis-docosa-3,4,6,8,10,13-tetraenoate. It is a conjugate acid of a (3"
419,"The molecule is an organophosphate oxoanion obtained by deprotonation of the phosphate and diphosphate OH groups of 2-phosphate; major species at pH 7.3. It has a role as a Saccharomyces cerevisiae metabolite. It is a conjugate base of a 2,3-dihydroxyflavone(1-). It is an enantiomer of a 1,2-diacyl-sn-glycero-3H-piperidin-1-carboxylic acid. It derives from a 2-"
420,"The molecule is a polyunsaturated fatty acyl-CoA that results from the formal condensation of the thiol group of coenzyme A with the carboxy group of (7Z,10Z,13Z,16Z,19Z)-docosahexaenoic acid. It has a role as a human metabolite and a Saccharomyces cerevisiae metabolite. It derives from an all-cis-docosa-6,10,13,16,19-tetrahydropyranosyl ester. It is a conjugate acid of a (7"
421,"The molecule is an organophosphate oxoanion obtained by deprotonation of the phosphate and diphosphate OH groups of 3-hydroxybenzoic acid; major species at pH 7.3. It has a role as a Saccharomyces cerevisiae metabolite. It is a conjugate base of a 3,4-dihydroxybenzoyl-sn-glycero-3-phosphate(2-). It is an enantiomer of a (R)-3-hydroxymethoxybenzoate. It derives from a 3-"
422,"The molecule is a monocarboxylic acid anion obtained by deprotonation of the phosphate and diphosphate OH groups of (3Z,8Z,11Z,13Z)-icosatetraenoyl-CoA; major species at pH 7.3. It is a conjugate base of a (7Z,9Z,12Z,14Z,16Z,19Z)-cisapentaenoic acid(1-). It is an enantiomer of a 3-hydroxyhexadecanoic acid. It derives from a (3"
423,"The molecule is a monocarboxylic acid anion obtained by deprotonation of the phosphate and diphosphate OH groups of (3Z,8Z,11Z,14Z)-icosatetraenoyl-CoA; major species at pH 7.3. It is a conjugate base of a (2Z,7Z,10Z,12Z,16Z,19Z)-octadecapentaenoic acid(1-). It is an enantiomer of an (4Z,9Z,13E,20Z)-hexade"
424,"The molecule is a polyunsaturated fatty acyl-CoA that results from the formal condensation of the thiol group of coenzyme A with the carboxy group of (7Z,10Z,13Z,16Z,19Z)-docosahexaenoic acid. It has a role as a human metabolite and a Saccharomyces cerevisiae metabolite. It derives from an all-cis-docosa-6,10,13,16,19-tetrahydropyranosyl ester. It is a conjugate acid of a (7"
425,"The molecule is a polyunsaturated fatty acyl-CoA that results from the formal condensation of the thiol group of coenzyme A with the carboxy group of (7Z,11Z,13Z,16Z,19Z)-docosahexaenoic acid. It has a role as a human metabolite and a Saccharomyces cerevisiae metabolite. It derives from an all-cis-docosa-6,11,13,16,19-tetrahydropyranosyl ester. It is a conjugate acid of a (7"
426,"The molecule is a hydroxy fatty acyl-CoA that results from the formal condensation of the thiol group of coenzyme A with the carboxy group of (2Z,4Z,6Z,8Z,10Z,13Z)-icosatetraenoic acid. It has a role as a human metabolite and a Saccharomyces cerevisiae metabolite. It is a monocarboxylic acid anion, a 3-oxo-3-hydroxyflavanone, a member of phenols and a polyphenol. It derives from"
427,"The molecule is an organophosphate oxoanion obtained by deprotonation of the phosphate and diphosphate OH groups of 3-deoxy-D-glucopyranose; major species at pH 7.3. It has a role as a human metabolite and a Saccharomyces cerevisiae metabolite. It is a conjugate base of a 3,4-dihydroxyhexadecanoyl-sn-glycero-3-phosphacyl-CoA(4-). It is an enantiomer of a 4-hydroxyhex"
428,"The molecule is a polyunsaturated fatty acyl-CoA that results from the formal condensation of the thiol group of coenzyme A with the carboxy group of (2Z,8Z,11Z,14Z)-icosatetraenoic acid. It has a role as a human metabolite and a Saccharomyces cerevisiae metabolite. It derives from an all-cis-icosaccharide. It is a conjugate acid of a (4Z,7Z,10Z,16Z,19Z)-octadecenoyl"
429,"The molecule is a polyunsaturated fatty acyl-CoA that results from the formal condensation of the thiol group of coenzyme A with the carboxy group of (3Z,4Z,6Z,8Z,10Z,13Z)-icosatetraenoic acid. It has a role as a human metabolite and a Saccharomyces cerevisiae metabolite. It derives from an alpha-D-glucopyranoside. It is a conjugate acid of a (2Z,5Z,7Z,12Z,14Z)-"
430,"The molecule is a polyunsaturated fatty acyl-CoA that results from the formal condensation of the thiol group of coenzyme A with the carboxy group of (3Z,4Z,6Z,8Z,10Z,13Z)-docosapentaenoic acid. It has a role as a human metabolite and a Saccharomyces cerevisiae metabolite. It derives from an all-cis-docosa-3,4,6,8,10,13-tetraenoate. It is a conjugate acid of a (3"
431,"The molecule is an organophosphate oxoanion obtained by deprotonation of the phosphate and diphosphate OH groups of 3-phosphate; major species at pH 7.3. It has a role as a Saccharomyces cerevisiae metabolite. It is a conjugate base of a 3,5-dihydroxy-D-galactopyranose(1-). It is an enantiomer of a 4-hydroxy-L-glutamic acid. It derives from a L-glycero-2-enantioylglycer"
432,"The molecule is a polyunsaturated fatty acyl-CoA that results from the formal condensation of the thiol group of coenzyme A with the carboxy group of (3Z,4Z,6Z,8Z,10Z,13Z)-docosapentaenoic acid. It has a role as a human metabolite and a Saccharomyces cerevisiae metabolite. It derives from an all-cis-docosa-3,4,6,8,10,13-tetraenoate. It is a conjugate acid of a (3"
433,"The molecule is a polyunsaturated fatty acyl-CoA that results from the formal condensation of the thiol group of coenzyme A with the carboxy group of (3Z,4Z,6Z,8Z,10Z,13Z)-docosahexaenoic acid. It derives from an all-cis-docosa-3,4,6,8,10,13-tetrahydrocysteine. It is a conjugate acid of a 3-hydroxyhexadecanoic acid(1-). It is an enantiomer of"
434,"The molecule is a polyunsaturated fatty acyl-CoA that results from the formal condensation of the thiol group of coenzyme A with the carboxy group of (2Z,4Z,6Z,8Z,10Z,13Z)-icosatetraenoic acid. It has a role as a human metabolite and a Saccharomyces cerevisiae metabolite. It derives from an alpha-D-glucopyranoside. It is a conjugate acid of a (1Z,3Z,7Z,12Z,14Z)-"
435,"The molecule is a monocarboxylic acid anion obtained by deprotonation of the phosphate and diphosphate OH groups of (2Z,8Z,11Z,13Z)-icosatetraenoyl-CoA; major species at pH 7.3. It is a conjugate base of a (1Z,7Z,12Z,14Z)-octadecapentaenoic acid(2-). It is an enantiomer of a (-)-tetradecanoic acid. It derives from a (4Z,6Z,15"
436,"The molecule is a polyunsaturated fatty acyl-CoA that results from the formal condensation of the thiol group of coenzyme A with the carboxy group of (3Z,4Z,6Z,8Z,10Z,13Z)-docosahexaenoic acid. It derives from an all-cis-docosa-3,4,6,8,10,13-tetrahydrocystic fibrosis. It is a conjugate acid of a 3-hydroxyhexadecanoic acid(1-). It is an enantiomer"
437,"The molecule is a polyunsaturated fatty acyl-CoA that results from the formal condensation of the thiol group of coenzyme A with the carboxy group of (3Z,4Z,6Z,8Z,11Z,13Z)-docosapentaenoic acid. It derives from an all-cis-docosa-3,4,6,8,11,13-tetrahydrocysteine. It is a conjugate acid of a 3-hydroxyhexadecanoic acid(1-). It is an enantiomer of"
438,"The molecule is an organophosphate oxoanion obtained by deprotonation of the phosphate and diphosphate OH groups of 3-oxo-3-hydroxyphenyl-alpha-D-glucopyranose; major species at pH 7.3. It has a role as a Saccharomyces cerevisiae metabolite. It is a conjugate base of a 3,4-dihydroxyhexadecanoyl-sn-glycero-2-phosphocholine(1-). It is an enantiomer of a 4-ox"
439,"The molecule is a polyunsaturated fatty acyl-CoA that results from the formal condensation of the thiol group of coenzyme A with the carboxy group of (2Z,4Z,6Z,8Z,10Z,13Z)-icosatetraenoic acid. It has a role as a human metabolite and a Saccharomyces cerevisiae metabolite. It is a monocarboxylic acid anion, a non-steroidal anti-inflammatory drug, an organic heteropentacyclic compound and a member of phenols. It"
440,"The molecule is a polyunsaturated fatty acyl-CoA that results from the formal condensation of the thiol group of coenzyme A with the carboxy group of (3Z,4Z,6Z,8Z,10Z,13Z)-docosahexaenoic acid. It derives from an all-cis-docosa-3,4,6,8,10,13-tetrahydrocysteine. It is a conjugate acid of a 3-hydroxyhexadecanoic acid(1-). It is an enantiomer of"
441,"The molecule is a polyunsaturated fatty acyl-CoA that results from the formal condensation of the thiol group of coenzyme A with the carboxy group of (7Z,10Z,13Z,14Z,16Z)-docosapentaenoic acid. It has a role as a human metabolite and a Saccharomyces cerevisiae metabolite. It derives from an all-cis-docosa-6,10,13,14,16-tetrahydrocystic fibrosis factor. It is a conjugate acid of a (7"
442,"The molecule is a polyunsaturated fatty acyl-CoA that results from the formal condensation of the thiol group of coenzyme A with the carboxy group of (2Z,4Z,6Z,8Z,10Z,13Z)-icosatetraenoic acid. It has a role as a human metabolite and a Saccharomyces cerevisiae metabolite. It derives from an alpha-D-glucopyranoside. It is a conjugate acid of a (1Z,3Z,7Z,12Z,14Z)-"
443,"The molecule is an organophosphate oxoanion obtained by deprotonation of the phosphate and diphosphate OH groups of 2-deoxy-alpha-D-galactopyranose; major species at pH 7.3. It has a role as a Saccharomyces cerevisiae metabolite. It is a conjugate base of a 2,4-dihydroxyhexadecanoyl-sn-glycero-3-phosphate(2-). It is an enantiomer of a (S)-octadecanoic acid. It derives from"
444,"The molecule is an organophosphate oxoanion obtained by deprotonation of the phosphate and diphosphate OH groups of 3-hydroxy-D-glucopyranose; major species at pH 7.3. It has a role as a human metabolite and a Saccharomyces cerevisiae metabolite. It is a conjugate base of a 3,4-dihydroxy-L-glycero-3-phosphate(1+). It is an enantiomer of a 4-hydroxyphenyl-2-enoic acid."
445,"The molecule is a polyunsaturated fatty acyl-CoA that results from the formal condensation of the thiol group of coenzyme A with the carboxy group of (3Z,4Z,6Z,8Z,10Z,13Z)-docosahexaenoic acid. It derives from an all-cis-docosa-3,4,6,8,10,13-tetrahydrocysteine. It is a conjugate acid of a 3-hydroxyhexadecanoic acid(1-). It is an enantiomer of"
446,"The molecule is a dicarboxylic acid anion obtained by deprotonation of the phosphate and diphosphate OH groups of 3-hydroxybenzoic acid; major species at pH 7.3. It has a role as a Saccharomyces cerevisiae metabolite. It is a conjugate base of a 3,4-dichloro-2-enoyl-sn-glycero-3-phosphocholine(1-). It is an enantiomer of a 4-methylbenzoate. It derives from a hydride of"
447,"The molecule is an organophosphate oxoanion obtained by deprotonation of the phosphate and diphosphate OH groups of 1,2-dihydroxy-1H-octadecanoyl-sn-glycero-3-phosphocholine; major species at pH 7.3. It has a role as a Saccharomyces cerevisiae metabolite. It is a conjugate base of a N-acetyl-beta-D-galactopyranose(1-). It is an enantiomer of a D-glucosamine."
448,"The molecule is a polyunsaturated fatty acyl-CoA that results from the formal condensation of the thiol group of coenzyme A with the carboxy group of (7Z,11Z,13Z,16Z,19Z)-docosapentaenoic acid. It derives from an all-cis-docosa-6,11,13,16,19-tetrahydrocystic fibrosis. It is a conjugate acid of a 3-hydroxyhexadecanoic acid(1-). It is an enantiomer of a3-hyd"
449,"The molecule is a polyunsaturated fatty acyl-CoA that results from the formal condensation of the thiol group of coenzyme A with the carboxy group of (7Z,10Z,13Z,16Z,19Z)-docosahexaenoic acid. It has a role as a human xenobiotic metabolite and a Saccharomyces cerevisiae metabolite. It derives from an all-cis-docosa-6,10,13,16,19-tetrahydrocystic fibrosis. It is a conjugate acid of a"
450,"The molecule is a polyunsaturated fatty acyl-CoA that results from the formal condensation of the thiol group of coenzyme A with the carboxy group of (2Z,4Z,6Z,8Z,10Z,13Z)-icosatetraenoic acid. It has a role as a human metabolite and a Saccharomyces cerevisiae metabolite. It derives from an alpha-D-glucopyranoside. It is a conjugate acid of a (1Z,3Z,7Z,12Z,14Z)-"
451,"The molecule is a monocarboxylic acid anion obtained by deprotonation of the phosphate and diphosphate OH groups of 3-hydroxybenzoic acid; major species at pH 7.3. It has a role as a Saccharomyces cerevisiae metabolite. It is a conjugate base of a 3,4-dihydroxybenzoyl-sn-glycero-3-phosphohexadecanoic acid. It derives from a (1R)-3-[(S)-2-(sulfonic acid)oxy]-sn-"
452,"The molecule is a polyunsaturated fatty acyl-CoA that results from the formal condensation of the thiol group of coenzyme A with the carboxy group of (2Z,4Z,6Z,10Z,13Z)-icosatetraenoic acid. It has a role as a human metabolite and a Saccharomyces cerevisiae metabolite. It derives from an alpha-D-glucopyranoside. It is a conjugate acid of a (1Z,3Z,8Z,11Z)-octadecenoyl"
453,"The molecule is a monocarboxylic acid anion obtained by deprotonation of the phosphate and diphosphate OH groups of 3-hydroxyhexadecenoyl-CoA; major species at pH 7.3. It derives from a hexadecanoic acid. It is a conjugate base of a 3-[(S)-hexadecanoyl-(1Z,2Z,4Z,6Z)-icosatetraenoic acid.(1-). It is an enantiomer of a 4-[(R)-octadecanoate(1Z"
454,"The molecule is a polyunsaturated fatty acyl-CoA that results from the formal condensation of the thiol group of coenzyme A with the carboxy group of (3Z,4Z,6Z,8Z,10Z,13Z)-docosapentaenoic acid. It derives from an all-cis-docosa-3,4,6,8,10,13-tetrahydrocysteine. It is a conjugate acid of a 3-hydroxyhexadecanoic acid(1-). It is an enantiomer of"
455,"The molecule is a polyunsaturated fatty acyl-CoA that results from the formal condensation of the thiol group of coenzyme A with the carboxy group of (2Z,4Z,6Z,8Z,10Z,13Z)-icosatetraenoic acid. It has a role as a human metabolite and a Saccharomyces cerevisiae metabolite. It derives from an alpha-D-glucopyranoside. It is a conjugate acid of a (2S)-3-hydroxyhexadecenoyl-Co"
456,"The molecule is a monocarboxylic acid anion obtained by deprotonation of the phosphate and diphosphate OH groups of (3Z,8Z,11Z,14Z)-icosatetraenoyl-CoA; major species at pH 7.3. It is a conjugate base of a (2Z,7Z,10Z,12Z,16Z,19Z)-octadecapentaenoic acid(1-). It is an enantiomer of a 3-hydroxyhexadecanoic acid. It derives from a ("
457,"The molecule is a polyunsaturated fatty acyl-CoA that results from the formal condensation of the thiol group of coenzyme A with the carboxy group of (7Z,10Z,13Z,16Z,19Z)-docosahexaenoic acid. It has a role as a human metabolite and a Saccharomyces cerevisiae metabolite. It derives from an all-cis-docosa-6,10,13,16,19-tetrahydropyranosyl ester. It is a conjugate acid of a (7"
458,"The molecule is a monocarboxylic acid anion obtained by deprotonation of the phosphate and diphosphate OH groups of 3-hydroxyhexadecenoyl-CoA; major species at pH 7.3. It has a role as a human metabolite. It derives from a hexadecanoic acid. It is a conjugate base of a 3-[(1S)-hexadecanoyl-(1Z,2Z,4Z,6Z)-icosatetraenoate(1-). It is an enantiomer of a 4-"
459,"The molecule is an organophosphate oxoanion obtained by deprotonation of the phosphate and diphosphate OH groups of 3-hydroxy-D-glucopyranose; major species at pH 7.3. It has a role as a human metabolite and a Saccharomyces cerevisiae metabolite. It is a conjugate base of a 3,4-dihydroxy-L-glycero-3-phosphate(1-). It is an enantiomer of a (R)-3-hydroxyphenyl-2-en"
460,"The molecule is a monocarboxylic acid anion obtained by deprotonation of the phosphate and diphosphate OH groups of 3-hydroxyhexadecenoyl-CoA; major species at pH 7.3. It has a role as a human metabolite. It derives from a hexadecanoic acid. It is a conjugate base of a 3-[(1S)-hexadecanoyl-(1Z,2Z,4Z,6Z)-icosatetraenoate(1-). It is an enantiomer of a 4-"
461,"The molecule is a polyunsaturated fatty acyl-CoA that results from the formal condensation of the thiol group of coenzyme A with the carboxy group of (3Z,8Z,11Z,14Z)-icosatetraenoic acid. It has a role as a human metabolite and a Saccharomyces cerevisiae metabolite. It derives from an alpha-D-glucopyranoside. It is a conjugate acid of a (4Z,7Z,10Z,13E,19Z)-octadecenoyl"
462,"The molecule is a dicarboxylic acid anion obtained by deprotonation of the phosphate and diphosphate OH groups of 3-hydroxyhexadecenoyl-CoA; major species at pH 7.3. It has a role as a Saccharomyces cerevisiae metabolite. It derives from a hexadecanoic acid. It is a conjugate base of a 3-[(2Z,4Z)-octadecanoyl]-CoA(4-). It is an enantiomer of a (1Z,5Z)-3-hyd"
463,"The molecule is a polyunsaturated fatty acyl-CoA that results from the formal condensation of the thiol group of coenzyme A with the carboxy group of (2Z,4Z,6Z,8Z,10Z,13Z)-icosatetraenoic acid. It has a role as a human metabolite and a Saccharomyces cerevisiae metabolite. It derives from an alpha-D-glucopyranoside. It is a conjugate acid of a (1Z,3Z,7Z,12Z,14Z)-"
464,"The molecule is a monocarboxylic acid anion obtained by deprotonation of the phosphate and diphosphate OH groups of 3-hydroxyhexadecenoyl-CoA; major species at pH 7.3. It has a role as a human metabolite. It is a conjugate base of a 3,4-dihydroxyphenylhexadecanoic acid. It derives from a hydride of a (1R)-3-[(S)-2-(sulfo-L-glucopyranosyl)-alpha-D-gl"
465,"The molecule is a polyunsaturated fatty acyl-CoA that results from the formal condensation of the thiol group of coenzyme A with the carboxy group of (2Z,8Z,11Z,14Z)-icosatetraenoic acid. It has a role as a human metabolite and a Saccharomyces cerevisiae metabolite. It derives from an alpha-D-glucopyranoside. It is a conjugate acid of a (2S)-3-hydroxyhexadecanoic acid(1-). It is an enanti"
466,"The molecule is a polyunsaturated fatty acyl-CoA that results from the formal condensation of the thiol group of coenzyme A with the carboxy group of (3Z,8Z,11Z,14Z)-icosatetraenoic acid. It has a role as a human metabolite and a Saccharomyces cerevisiae metabolite. It derives from an all-cis-icosaccharide. It is a conjugate acid of a (4Z,7Z,10Z,16Z,19Z)-octadecenoyl"
467,"The molecule is a hydroxy fatty acyl-CoA that results from the formal condensation of the thiol group of coenzyme A with the carboxy group of (2Z,4Z,6Z,8Z,10Z,13Z)-icosatetraenoic acid. It has a role as a human metabolite and a Saccharomyces cerevisiae metabolite. It derives from an all-cis-icosapentaenoate. It is a conjugate acid of a 3-hydroxyhexadecanoic acid(1-). It is an"
468,"The molecule is an organophosphate oxoanion obtained by deprotonation of the phosphate and diphosphate OH groups of 3-hydroxy-D-glucopyranose; major species at pH 7.3. It has a role as a human metabolite and a Saccharomyces cerevisiae metabolite. It is a conjugate base of a 3,4-dihydroxy-L-glycero-3-phosphate(2-). It is an enantiomer of a 4-hydroxyphenyl-6-enoic acid."
469,"The molecule is a polyunsaturated fatty acyl-CoA that results from the formal condensation of the thiol group of coenzyme A with the carboxy group of (3Z,4Z,6Z,8Z,10Z,13Z)-docosapentaenoic acid. It derives from an all-cis-docosa-3,4,6,8,10,13-tetrahydrocystic fibrosis. It is a conjugate acid of a 3-hydroxyhexadecanoic acid(1-). It is an enantiomer"
470,"The molecule is a polyunsaturated fatty acyl-CoA that results from the formal condensation of the thiol group of coenzyme A with the carboxy group of (3Z,4Z,6Z,8Z,10Z,13Z)-docosapentaenoic acid. It has a role as a human metabolite and a Saccharomyces cerevisiae metabolite. It derives from an all-cis-docosa-3,4,6,8,10,13-tetraenoate. It is a conjugate acid of a (3"
471,"The molecule is a polyunsaturated fatty acyl-CoA that results from the formal condensation of the thiol group of coenzyme A with the carboxy group of (3Z,8Z,11Z,14Z)-icosatetraenoic acid. It has a role as a human metabolite and a Saccharomyces cerevisiae metabolite. It derives from an alpha-D-glucopyranoside. It is a conjugate acid of a (4Z,7Z,10Z,13E,19Z)-octadecenoyl"
472,"The molecule is a hydroxy fatty acyl-CoA that results from the formal condensation of the thiol group of coenzyme A with the carboxy group of (3Z,4Z,6Z,8Z,10Z,13Z)-icosatetraenoic acid. It has a role as a human metabolite and a Saccharomyces cerevisiae metabolite. It derives from an all-cis-icosapentaenoate. It is a conjugate acid of a (1Z,2Z,7Z,12Z,14Z)-"
473,"The molecule is an organophosphate oxoanion obtained by deprotonation of the phosphate and diphosphate OH groups of 1-phosphate; major species at pH 7.3. It has a role as a human metabolite and a Saccharomyces cerevisiae metabolite. It is a conjugate base of a 1,5-dihydroxy-2-oxo-1H-pyridine-4-carboxylic acid. It derives from a 1-Phosphate(2-) and a 2-hydroxy-alpha-D-gluc"
474,"The molecule is a polyunsaturated fatty acyl-CoA that results from the formal condensation of the thiol group of coenzyme A with the carboxy group of (2Z,8Z,11Z,14Z)-icosatetraenoic acid. It has a role as a human metabolite and a Saccharomyces cerevisiae metabolite. It derives from an alpha-D-glucopyranoside. It is a conjugate acid of a (4Z,7Z,10Z,13E,19Z)-octadecenoyl"
475,"The molecule is a polyunsaturated fatty acyl-CoA that results from the formal condensation of the thiol group of coenzyme A with the carboxy group of (7Z,11Z,13Z,16Z,19Z)-docosahexaenoic acid. It derives from an all-cis-docosa-7,11,13,16,19-tetrahydroacosapentaenoate. It is a conjugate acid of a 3-hydroxyhexadecanoic acid(1-). It is an enantiomer of a ("
476,"The molecule is a polyunsaturated fatty acyl-CoA that results from the formal condensation of the thiol group of coenzyme A with the carboxy group of (3Z,4Z,6Z,8Z,10Z,13Z)-docosapentaenoic acid. It has a role as a human metabolite and a Saccharomyces cerevisiae metabolite. It derives from an all-cis-docosa-3,4,6,8,10,13-tetraenoate. It is a conjugate acid of a (3"
477,"The molecule is a polyunsaturated fatty acyl-CoA that results from the formal condensation of the thiol group of coenzyme A with the carboxy group of (3Z,4Z,6Z,8Z,10Z,13Z)-docosapentaenoic acid. It derives from an all-cis-docosa-3,4,6,8,10,13-tetrahydrocystic fibrosis (CFS). It is a conjugate acid of a (1Z,2Z,7Z,12Z,14Z)-"
478,"The molecule is an organophosphate oxoanion obtained by deprotonation of the phosphate and diphosphate OH groups of 3-deoxy-D-glucopyranose; major species at pH 7.3. It has a role as a human metabolite and a Saccharomyces cerevisiae metabolite. It is a conjugate base of a 3,4-dihydroxyhexadecanoyl-sn-glycero-3-phosphatidylcholine(1-). It is an enantiomer of a 4-hydroxyhex"
479,"The molecule is a polyunsaturated fatty acyl-CoA that results from the formal condensation of the thiol group of coenzyme A with the carboxy group of (7Z,11Z,13Z,16Z,19Z)-docosapentaenoic acid. It has a role as a human metabolite and a Saccharomyces cerevisiae metabolite. It derives from an all-cis-docosa-6,11,13,16,19-tetrahydrocystic fibrosis factor. It is a conjugate acid of a (7"
480,"The molecule is a polyunsaturated fatty acyl-CoA that results from the formal condensation of the thiol group of coenzyme A with the carboxy group of (7Z,11Z,13Z,16Z,19Z)-docosahexaenoic acid. It has a role as a human xenobiotic metabolite and a Saccharomyces cerevisiae metabolite. It derives from an all-cis-docosa-6,11,13,16,19-tetrahydroflavone. It is a conjugate acid of a ("
481,"The molecule is an organophosphate oxoanion obtained by deprotonation of the phosphate and diphosphate OH groups of 3-hydroxy-D-glucopyranose; major species at pH 7.3. It has a role as a Saccharomyces cerevisiae metabolite. It is a conjugate base of a 3,4-dihydroxyphenyl-L-glycero-CoA(4-). It is an enantiomer of a (R)-3-[(S)-2-(sulfonic acid)hexadecanoic"
482,"The molecule is a polyunsaturated fatty acyl-CoA that results from the formal condensation of the thiol group of coenzyme A with the carboxy group of (3Z,4Z,6Z,8Z,10Z,13Z)-icosatetraenoic acid. It has a role as a human metabolite and a Saccharomyces cerevisiae metabolite. It derives from an all-conjugated alpha-D-glucopyranoside. It is a conjugate acid of a (2Z,5Z,9Z,14"
483,"The molecule is a monocarboxylic acid anion obtained by deprotonation of the phosphate and diphosphate OH groups of (3Z,8Z,11Z,14Z)-icosatetraenoyl-CoA; major species at pH 7.3. It is a conjugate base of a (3R,8S)-icosa-3,8,11,14-tetradecanoic acid(1-). It is an enantiomer of a 3-hydroxy-3-hydroxyphenyl-2-enoic acid"
484,"The molecule is a hydroxy fatty acyl-CoA that results from the formal condensation of the thiol group of coenzyme A with the carboxy group of (3Z,4Z,6Z,8Z,10Z,13Z)-docosapentaenoic acid. It derives from an all-cis-docosa-3,4,6,8,10,13-tetrahydroflavone. It is a conjugate acid of a 3-hydroxyhexadecanoic acid(1-). It is an enantiomer of a"
485,"The molecule is a polyunsaturated fatty acyl-CoA that results from the formal condensation of the thiol group of coenzyme A with the carboxy group of (7Z,10Z,13Z,16Z,19Z)-docosahexaenoic acid. It has a role as a human metabolite and a Saccharomyces cerevisiae metabolite. It derives from an all-cis-docosa-6,10,13,16,19-tetrahydroflavone. It is a conjugate acid of a (9Z,"
486,"The molecule is an organophosphate oxoanion obtained by deprotonation of the phosphate and diphosphate OH groups of 3-hydroxy-D-glucopyranose; major species at pH 7.3. It has a role as a human metabolite and a Saccharomyces cerevisiae metabolite. It is a conjugate base of a 3,4-dihydroxy-L-glycero-3-phosphate(1-). It is an enantiomer of a 4-hydroxyphenyl-2-enoic acid."
487,"The molecule is a polyunsaturated fatty acyl-CoA that results from the formal condensation of the thiol group of coenzyme A with the carboxy group of (3Z,4Z,6Z,8Z,10Z,13Z)-docosahexaenoic acid. It derives from an all-cis-docosa-3,4,6,8,10,13-tetrahydrocysteine. It is a conjugate acid of a 3-hydroxyhexadecanoic acid(1-). It is an enantiomer of"
488,"The molecule is a polyunsaturated fatty acyl-CoA that results from the formal condensation of the thiol group of coenzyme A with the carboxy group of (7Z,11Z,13Z,16Z,19Z)-docosahexaenoic acid. It has a role as a human metabolite and a Saccharomyces cerevisiae metabolite. It derives from an all-conjugated alpha-D-glucopyranoside. It is a conjugate acid of a 3-hydroxyhexadecanoic acid(4-). It is"
489,"The molecule is a polyunsaturated fatty acyl-CoA that results from the formal condensation of the thiol group of coenzyme A with the carboxy group of (7Z,10Z,13Z,16Z,19Z)-docosapentaenoic acid. It has a role as a human metabolite and a Saccharomyces cerevisiae metabolite. It derives from an all-cis-docosa-6,10,13,16,19-tetrahydrocystic fibrosis factor. It is a conjugate acid of a (7"
490,"The molecule is a hydroxy fatty acid anion obtained by deprotonation of the phosphate and diphosphate OH groups of 3-hydroxyhexadecenoyl-CoA; major species at pH 7.3. It has a role as a human metabolite and a Saccharomyces cerevisiae metabolite. It derives from a hexadecanoic acid. It is a conjugate base of a 3-[(2Z,4Z)-octadecanoyl-(1Z,8Z,11Z)-icosatetraenoate(1-). It is"
491,"The molecule is a polyunsaturated fatty acyl-CoA that results from the formal condensation of the thiol group of coenzyme A with the carboxy group of (7Z,10Z,13Z,16Z,19Z)-docosapentaenoic acid. It has a role as a human metabolite and a Saccharomyces cerevisiae metabolite. It derives from an all-cis-docosa-6,10,13,16,19-tetrahydrocystic fibrosis factor. It is a conjugate acid of a (7"
492,"The molecule is a polyunsaturated fatty acyl-CoA that results from the formal condensation of the thiol group of coenzyme A with the carboxy group of (3Z,4Z,6Z,8Z,10Z,13Z)-icosatetraenoic acid. It has a role as a human metabolite and a Saccharomyces cerevisiae metabolite. It derives from an alpha-D-glucopyranoside. It is a conjugate acid of a (2Z,5Z,7Z,12Z,14Z)-"
493,"The molecule is a polyunsaturated fatty acyl-CoA that results from the formal condensation of the thiol group of coenzyme A with the carboxy group of (7Z,11Z,13Z,16Z,19Z)-docosahexaenoic acid. It has a role as a human metabolite and a Saccharomyces cerevisiae metabolite. It derives from an all-conjugated alpha-D-glucopyranoside. It is a conjugate acid of a (3Z,10Z,14Z,20Z)-hexade"
494,"The molecule is a polyunsaturated fatty acyl-CoA that results from the formal condensation of the thiol group of coenzyme A with the carboxy group of (7Z,10Z,13Z,16Z,19Z)-docosahexaenoic acid. It has a role as a human metabolite and a Saccharomyces cerevisiae metabolite. It derives from an all-cis-docosa-6,10,13,16,19-tetrahydropyranosyl ester. It is a conjugate acid of a (7"
495,"The molecule is a polyunsaturated fatty acyl-CoA that results from the formal condensation of the thiol group of coenzyme A with the carboxy group of (7Z,11Z,13Z,16Z,19Z)-docosahexaenoic acid. It has a role as a human metabolite and a Saccharomyces cerevisiae metabolite. It derives from an all-cis-docosa-6,11,13,16,19-tetrahydroflavone. It is a conjugate acid of a (9Z,"
496,"The molecule is an organophosphate oxoanion obtained by deprotonation of the phosphate and diphosphate OH groups of 3-phosphate; major species at pH 7.3. It has a role as a Saccharomyces cerevisiae metabolite. It is a conjugate base of a 3,5-dihydroxy-D-glucopyranose(2-). It is an enantiomer of a 4-hydroxy-N-acetyl-alpha-L-fucosaminyl-(1->4)-glycero-CoA"
497,"The molecule is a polyunsaturated fatty acyl-CoA that results from the formal condensation of the thiol group of coenzyme A with the carboxy group of (7Z,10Z,13Z,16Z,19Z)-docosahexaenoic acid. It has a role as a human metabolite and a Saccharomyces cerevisiae metabolite. It derives from an all-cis-docosa-6,10,13,16,19-tetrahydropyranosyl ester. It is a conjugate acid of a (7"
498,"The molecule is a polyunsaturated fatty acyl-CoA that results from the formal condensation of the thiol group of coenzyme A with the carboxy group of (7Z,11Z,13Z,16Z,19Z)-docosahexaenoic acid. It has a role as a human metabolite and a Saccharomyces cerevisiae metabolite. It derives from an all-cis-docosa-6,11,13,16,19-tetrahydropyranosyl ester. It is a conjugate acid of a (7"
499,"The molecule is a polyunsaturated fatty acyl-CoA that results from the formal condensation of the thiol group of coenzyme A with the carboxy group of (2Z,4Z,6Z,8Z,10Z,13Z)-docosapentaenoic acid. It derives from an all-cis-docosa-3,4,6,10,13-tetrahydrocystic fibrosis (CFS). It is a conjugate acid of a 3-hydroxyhexadecanoic acid(1-). it is an enanti"
500,"The molecule is an organophosphate oxoanion obtained by deprotonation of the phosphate and diphosphate OH groups of N-acetyl-beta-D-glucosamine; major species at pH 7.3. It has a role as a Saccharomyces cerevisiae metabolite, an Escherichia coli metabolite and a mouse metabolite. It is a conjugate base of a N-(4-hydroxyhexanoicarboxylic acid). It is an enantiomer of a (S)-nucleosaccharide(1+). It"
501,"The molecule is a hydroxy fatty acyl-CoA that results from the formal condensation of the thiol group of coenzyme A with the carboxy group of (2Z,4Z,7Z,10Z,13Z)-icosatetraenoic acid. It has a role as a human metabolite and a Saccharomyces cerevisiae metabolite. It is a monocarboxylic acid anion, a 3-oxo-3-hydroxyflavanone, a long-chain fatty amide and a member of phenols. It derives from"
502,"The molecule is an organophosphate oxoanion obtained by deprotonation of the phosphate and diphosphate OH groups of 3-phosphate; major species at pH 7.3. It has a role as a human metabolite and a Saccharomyces cerevisiae metabolite. It is a conjugate base of a 3,5-dihydroxy-D-glucopyranose(2-). It is an enantiomer of a 4-hydroxy-L-glycero-CoA. It derives from a (1S)-3-ph"
503,"The molecule is an organophosphate oxoanion obtained by deprotonation of the phosphate and diphosphate OH groups of 2-deoxy-alpha-D-galactopyranose; major species at pH 7.3. It is a conjugate base of a 2,4-dihydroxyhexadecanoyl-sn-glycero-3-phosphatidyl-CoA(4-). It is an enantiomer of a 1,2-diacyl-beta-L-fucosyl-(1->2)-alpha-"
504,"The molecule is a polyunsaturated fatty acyl-CoA that results from the formal condensation of the thiol group of coenzyme A with the carboxy group of (2Z,8Z,11Z,14Z)-icosatetraenoic acid. It has a role as a human metabolite and a Saccharomyces cerevisiae metabolite. It derives from an alpha-D-glucopyranoside. It is a conjugate acid of a (2S)-3-hydroxyhexadecanoic acid(1-). It is an enanti"
505,"The molecule is a polyunsaturated fatty acyl-CoA that results from the formal condensation of the thiol group of coenzyme A with the carboxy group of (2Z,8Z,11Z,14Z)-icosatetraenoic acid. It has a role as a human metabolite and a Saccharomyces cerevisiae metabolite. It derives from an alpha-D-glucopyranoside. It is a conjugate acid of a (2S)-3-hydroxyhexadecanoic acid(1-). It is an enanti"
506,"The molecule is an organophosphate oxoanion obtained by deprotonation of the phosphate and diphosphate OH groups of 3-deoxy-D-glucopyranose; major species at pH 7.3. It has a role as a human metabolite and a Saccharomyces cerevisiae metabolite. It is a conjugate base of a 3,4-dihydroxyhexadecanoyl-sn-glycero-3-phosphacyl-CoA(4-). It is an enantiomer of a 4-hydroxyhex"
507,"The molecule is a polyunsaturated fatty acyl-CoA that results from the formal condensation of the thiol group of coenzyme A with the carboxy group of (7Z,10Z,13Z,16Z,19Z)-docosapentaenoic acid. It has a role as a human metabolite and a Saccharomyces cerevisiae metabolite. It derives from an all-cis-docosa-6,10,13,16,19-tetrahydrocystic fibrosis. It is a conjugate acid of a (9Z"
508,"The molecule is an organophosphate oxoanion obtained by deprotonation of the phosphate and diphosphate OH groups of 3-hydroxy-D-glucopyranose; major species at pH 7.3. It has a role as a human metabolite and a Saccharomyces cerevisiae metabolite. It is a conjugate base of a 3,4-dihydroxy-L-glycero-3-phosphate(2-). It is an enantiomer of a 4-hydroxyphenyl-N-acetyl-alpha"
509,"The molecule is a polyunsaturated fatty acyl-CoA that results from the formal condensation of the thiol group of coenzyme A with the carboxy group of (3Z,4Z,6Z,8Z,10Z,13Z)-icosatetraenoic acid. It has a role as a human metabolite and a Saccharomyces cerevisiae metabolite. It derives from an all-cis-icos-3,4,6,8,10,13-octadecenoea. It is a conjugate acid of a"
510,"The molecule is a monocarboxylic acid anion obtained by deprotonation of the phosphate and diphosphate OH groups of 4-hydroxyhexadecenoyl-CoA; major species at pH 7.3. It has a role as a human metabolite. It derives from a hexadecanoic acid. It is a conjugate base of a 4-[(1Z,2Z)-octadecanoyl]-CoA(4-). It is an enantiomer of a 5-(methoxyphenyl)-D-glucosamine."
511,"The molecule is a polyunsaturated fatty acyl-CoA that results from the formal condensation of the thiol group of coenzyme A with the carboxy group of (7Z,10Z,13Z,14Z)-docosapentaenoic acid. It has a role as a human metabolite and a Saccharomyces cerevisiae metabolite. It derives from an all-cis-docosa-6,10,13,14-tetrahydrocysteine. It is a conjugate acid of a 3-hydroxyhexadecanoic acid"
512,"The molecule is a polyunsaturated fatty acyl-CoA that results from the formal condensation of the thiol group of coenzyme A with the carboxy group of (7Z,11Z,13Z,16Z,19Z)-docosahexaenoic acid. It derives from an all-cis-docosa-7,11,13,16,19-tetrahydroacosapentaenoate. It is a conjugate acid of a 3-hydroxyhexadecanoic acid(1-). It is an enantiomer of a ("
513,"The molecule is a monocarboxylic acid anion obtained by deprotonation of the carboxy group of 3-hydroxybenzoic acid; major species at pH 7.3. It has a role as a human metabolite and a Saccharomyces cerevisiae metabolite. It is a conjugate base of a 3,4-dichloro-3-enoyl-CoA(4-). It is an enantiomer of a (R)-3-hydroxyphenyl-2-enoic acid. It derives from a benzoic"
514,"The molecule is a polyunsaturated fatty acyl-CoA that results from the formal condensation of the thiol group of coenzyme A with the carboxy group of (7Z,11Z,13Z,16Z,19Z)-docosahexaenoic acid. It derives from an all-cis-docosa-7,11,13,16,19-tetrahydro-4-hydroxyhexadecanoic acid and a hexadecanoate. It is a conjugate acid of a (9Z,10Z,14Z,20Z"
515,"The molecule is an organophosphate oxoanion obtained by deprotonation of the phosphate and diphosphate OH groups of 3-hydroxy-D-glucopyranose; major species at pH 7.3. It has a role as a human metabolite and a Saccharomyces cerevisiae metabolite. It is a conjugate base of a 3,4-dihydroxy-L-glycero-3-phosphate(1+). It is an enantiomer of a 4-hydroxyphenyl-2-enoic acid."
516,"The molecule is a polyunsaturated fatty acyl-CoA that results from the formal condensation of the thiol group of coenzyme A with the carboxy group of (3Z,4Z,6Z,8Z,10Z,13Z)-docosapentaenoic acid. It has a role as a human metabolite and a Saccharomyces cerevisiae metabolite. It derives from an all-cis-docosa-3,4,6,8,10,13-tetraenoate. It is a conjugate acid of a (3"
517,"The molecule is a polyunsaturated fatty acyl-CoA that results from the formal condensation of the thiol group of coenzyme A with the carboxy group of (9Z,11Z,14Z)-icosatrienoic acid. It has a role as a human metabolite and a Saccharomyces cerevisiae metabolite. It derives from an all-cis-icosaccharide. It is a conjugate acid of a 3-hydroxyhexadecanoic acid(4-). It is an enantiomer of a (9S)-3"
518,"The molecule is a polyunsaturated fatty acyl-CoA that results from the formal condensation of the thiol group of coenzyme A with the carboxy group of (2Z,8Z,11Z,14Z)-icosatetraenoic acid. It has a role as a human metabolite and a Saccharomyces cerevisiae metabolite. It derives from an alpha-D-glucopyranoside. It is a conjugate acid of a (2S)-3-hydroxyhexadecanoic acid(1-). It is an enanti"
519,"The molecule is a polyunsaturated fatty acyl-CoA that results from the formal condensation of the thiol group of coenzyme A with the carboxy group of (3Z,4Z,6Z,8Z,10Z,13Z)-icosatetraenoic acid. It has a role as a human metabolite and a Saccharomyces cerevisiae metabolite. It derives from an all-cis-icosapentaenoate. It is a conjugate acid of a (5Z,7Z,12Z,14Z,16Z"
520,"The molecule is an acyl-CoA that results from the formal condensation of the thiol group of coenzyme A with the carboxy group of (3Z,4Z,6Z,8Z,10Z,13Z)-icosatetraenoic acid. It is a conjugate acid of a (7Z,9Z,12Z,15Z)-octadecapentaenoate(1-). It is an enantiomer of an alpha-amino-D-glucopyranosyl-(1->2)-alpha-L-fuc"
521,"The molecule is a polyunsaturated fatty acyl-CoA that results from the formal condensation of the thiol group of coenzyme A with the carboxy group of (3Z,4Z,6Z,8Z,10Z,13Z)-docosapentaenoic acid. It has a role as a human metabolite and a Saccharomyces cerevisiae metabolite. It derives from an all-cis-docosa-3,4,6,8,10,13-tetraenoate. It is a conjugate acid of a (3"
522,"The molecule is a monocarboxylic acid anion obtained by deprotonation of the phosphate and diphosphate OH groups of (5Z,8Z,11Z,13Z)-icosatetraenoyl-CoA; major species at pH 7.3. It is a conjugate base of a 3-hydroxy-L-isopropylamine(1-). It is an enantiomer of a 4-hydroxyphenyl-6,8,11,13-tetraenoic acid. It derives from a L-is"
523,"The molecule is a polyunsaturated fatty acyl-CoA that results from the formal condensation of the thiol group of coenzyme A with the carboxy group of (2Z,8Z,11Z,14Z)-icosatetraenoic acid. It has a role as a human metabolite and a Saccharomyces cerevisiae metabolite. It derives from an alpha-D-glucopyranoside. It is a conjugate acid of a (1Z,9Z,13Z,16Z,19Z)-octadecenoyl"
524,"The molecule is a polyunsaturated fatty acyl-CoA that results from the formal condensation of the thiol group of coenzyme A with the carboxy group of (3Z,4Z,6Z,8Z,10Z,13Z)-icosatetraenoic acid. It has a role as a human metabolite and a Saccharomyces cerevisiae metabolite. It derives from an alpha-D-glucopyranoside. It is a conjugate acid of a (2Z,5Z,7Z,12Z,14Z)-"
525,"The molecule is an organophosphate oxoanion obtained by deprotonation of the phosphate and diphosphate OH groups of D-glucopyranose; major species at pH 7.3. It has a role as a human metabolite and a Saccharomyces cerevisiae metabolite. It is a conjugate base of a D-glycero-1-phosphate(2-). It is an enantiomer of a N-glycysteine 2,6-dihydroxy-5-oxo-4-enzoic acid. It"
526,"The molecule is an organophosphate oxoanion obtained by deprotonation of the phosphate and diphosphate OH groups of 3-hydroxy-D-glucopyranose; major species at pH 7.3. It has a role as a human metabolite and a Saccharomyces cerevisiae metabolite. It is a conjugate base of a 3,4-dihydroxy-L-glycero-CoA(4-). It is an enantiomer of a (S)-3-hydroxyphenyl-2-enoic acid."
527,"The molecule is a polyunsaturated fatty acyl-CoA that results from the formal condensation of the thiol group of coenzyme A with the carboxy group of (3Z,4Z,6Z,8Z,10Z,13Z)-docosahexaenoic acid. It derives from an all-cis-docosa-3,4,6,8,10,13-tetrahydroflavone. It is a conjugate acid of a 3-hydroxyhexadecanoic acid(1-). It is an enantiomer of"
528,"The molecule is an organophosphate oxoanion obtained by deprotonation of the phosphate and diphosphate OH groups of D-glucopyranose; major species at pH 7.3. It has a role as a human metabolite and a Saccharomyces cerevisiae metabolite. It is a conjugate base of a D-glycero-1-phosphate(2-). It is an enantiomer of a N-glycysteine 1,2-dihydroxy-5-oxo-6-enantioyl-sn"
529,"The molecule is a monocarboxylic acid anion obtained by deprotonation of the phosphate and diphosphate OH groups of (2Z,8Z,11Z,14Z)-icosatetraenoyl-CoA; major species at pH 7.3. It is a conjugate base of a (1Z,7Z,10Z,12Z,13E)-icosahexaenoic acid. It has a role as a Saccharomyces cerevisiae metabolite and an Escherichia coli metabolite. It derives from a ("
530,"The molecule is a monocarboxylic acid anion obtained by deprotonation of the phosphate and diphosphate OH groups of (3Z,6Z,10Z,13Z)-icosatetraenoic acid; major species at pH 7.3. It has a role as a human metabolite and a Saccharomyces cerevisiae metabolite. It is a conjugate base of a (9Z,8Z,12Z,15Z)-cis-icosa-4,10,13-tetraenoyl-CoA(4"
531,"The molecule is a polyunsaturated fatty acyl-CoA that results from the formal condensation of the thiol group of coenzyme A with the carboxy group of (7Z,11Z,13Z,16Z,19Z)-docosahexaenoic acid. It has a role as a human xenobiotic metabolite and a Saccharomyces cerevisiae metabolite. It derives from an all-cis-docosa-6,11,13,16,19-tetrahydrocystic fibrosis. It is a conjugate acid of a"
532,"The molecule is a polyunsaturated fatty acyl-CoA that results from the formal condensation of the thiol group of coenzyme A with the carboxy group of (3Z,4Z,6Z,8Z,10Z,13Z)-docosahexaenoic acid. It derives from an all-cis-docosa-3,4,6,8,10,13-tetrahydrocysteine. It is a conjugate acid of a 3-hydroxyhexadecanoic acid(1-). It is an enantiomer of"
533,"The molecule is an organophosphate oxoanion obtained by deprotonation of the phosphate and diphosphate OH groups of 3-hydroxy-D-glucopyranose; major species at pH 7.3. It has a role as a human metabolite and a Saccharomyces cerevisiae metabolite. It is a conjugate base of a 3,4-dihydroxy-L-glycero-3-phosphate(1-). It is an enantiomer of a 4-hydroxyphenyl-2-enoic acid."
534,"The molecule is a polyunsaturated fatty acyl-CoA that results from the formal condensation of the thiol group of coenzyme A with the carboxy group of (3Z,4Z,6Z,8Z,10Z,13Z)-docosahexaenoic acid. It derives from an all-cis-docosa-3,4,6,8,10,13-tetrahydroxyhexadecanoic acid and a 3-hydroxy-alpha-D-glucopyranose. It is a conjugate acid of a ("
535,"The molecule is a polyunsaturated fatty acyl-CoA that results from the formal condensation of the thiol group of coenzyme A with the carboxy group of (2Z,8Z,11Z,14Z)-icosatetraenoic acid. It has a role as a human metabolite and a Saccharomyces cerevisiae metabolite. It derives from an alpha-D-glucopyranoside. It is a conjugate acid of a (2S)-3-hydroxyhexadecanoic acid(1-). It is an enanti"
536,"The molecule is a monocarboxylic acid anion obtained by deprotonation of the phosphate and diphosphate OH groups of (2Z,8Z,11Z,14Z)-icosatetraenoyl-CoA; major species at pH 7.3. It is a conjugate base of a (1Z,7Z,10Z,13E)-icosahexadecanoic acid. It has a role as a Saccharomyces cerevisiae metabolite and an Escherichia coli metabolite. It derives from a (R)-ic"
537,"The molecule is a polyunsaturated fatty acyl-CoA that results from the formal condensation of the thiol group of coenzyme A with the carboxy group of (7Z,10Z,13Z,16Z,19Z)-docosapentaenoic acid. It has a role as a human metabolite and a Saccharomyces cerevisiae metabolite. It derives from an all-cis-docosa-6,10,13,16,19-tetrahydrocystic fibrosis factor. It is a conjugate acid of a (7"
538,"The molecule is a polyunsaturated fatty acyl-CoA that results from the formal condensation of the thiol group of coenzyme A with the carboxy group of (3Z,8Z,11Z,14Z)-icosatetraenoic acid. It has a role as a human metabolite and a Saccharomyces cerevisiae metabolite. It derives from an alpha-D-glucopyranoside. It is a conjugate acid of a (4Z,7Z,10Z,16Z,19Z)-octadecenoyl"
539,"The molecule is a 3-oxo monocarboxylic acid anion obtained by deprotonation of the carboxy group; major species at pH 7.3. It has a role as a human metabolite and a Saccharomyces cerevisiae metabolite. It is a conjugate base of a 3,4-dihydroxyhexadecanoic acid. It derives from a hydride of a (2S)-3-(1S)-octadecanoyl-sn-glycero-3-phosphoethanolamine(1-). It is"
540,"The molecule is an organophosphate oxoanion obtained by deprotonation of the phosphate and diphosphate OH groups of 3-phosphate; major species at pH 7.3. It has a role as a Saccharomyces cerevisiae metabolite. It is a conjugate base of a 3,3-dihydroxy-D-glucosamine(1+). It is an enantiomer of a 4-hydroxy-L-glycero-CoA(4-) and a 3-oxo-alpha-amino-2-O-"
541,"The molecule is a polyunsaturated fatty acyl-CoA that results from the formal condensation of the thiol group of coenzyme A with the carboxy group of (2Z,4Z,6Z,8Z,10Z,13Z)-icosatetraenoic acid. It has a role as a human metabolite and a Saccharomyces cerevisiae metabolite. It derives from an alpha-D-glucopyranoside. It is a conjugate acid of a (1Z,3Z,7Z,12Z,14Z)-"
542,"The molecule is a polyunsaturated fatty acyl-CoA that results from the formal condensation of the thiol group of coenzyme A with the carboxy group of (3Z,8Z,11Z,14Z)-icosatetraenoic acid. It has a role as a human metabolite and a Saccharomyces cerevisiae metabolite. It derives from an alpha-D-glucopyranoside. It is a conjugate acid of a (4Z,7Z,10Z,13E,19Z)-octadecenoyl"
543,"The molecule is a polyunsaturated fatty acyl-CoA that results from the formal condensation of the thiol group of coenzyme A with the carboxy group of (7Z,11Z,13Z,16Z,19Z)-docosahexaenoic acid. It has a role as a human xenobiotic metabolite and a Saccharomyces cerevisiae metabolite. It derives from an all-cis-docosa-6,11,13,16,19-tetrahydrocystic fibrosis. It is a conjugate acid of a"
544,"The molecule is an organophosphate oxoanion obtained by deprotonation of the phosphate and diphosphate OH groups of 3-deoxy-D-glucopyranose; major species at pH 7.3. It is a conjugate base of a 3,4-dihydroxyhexadecanoyl-sn-glycero-3-phosphacyl-CoA(4-). It is an enantiomer of a 4-hydroxymethylhexadecanoic acid. It derives from a (1S)-3-[(2S)-"
545,"The molecule is a monocarboxylic acid anion obtained by deprotonation of the phosphate and diphosphate OH groups of (3Z,8Z,11Z,14Z)-icosatetraenoic acid; major species at pH 7.3. It is a conjugate base of a (7Z,9Z,10Z,13E)-icosa-3,8,11,14-tetraenoyl-CoA(4-). It is an enantiomer of a 3-hydroxyisopropanoic acid. It"
546,"The molecule is an amino trisaccharide consisting of alpha-D-galactopyranosyl-(1->4)-N-acetyl-alpha-L-fucosaminyl residue joined in sequence by (1->3) glycosidic bonds. It has a role as a human metabolite and a Saccharomyces cerevisiae metabolite. It derives from a galactose. It is a conjugate acid of a 1,2-dihydroxyhexadecanoic acid(1-). It is an enantiomer of a 2-deoxyhexade"
547,"The molecule is a hydroxy fatty acyl-CoA that results from the formal condensation of the thiol group of coenzyme A with the carboxy group of (2Z,4Z,6Z,8Z,10Z,13Z)-icosatetraenoic acid. It has a role as a human metabolite and a Saccharomyces cerevisiae metabolite. It derives from an all-cis-icosaccharide. It is a conjugate acid of a (3Z,5Z,9Z,14Z)-octadecen"
548,"The molecule is a monocarboxylic acid anion obtained by deprotonation of the phosphate and diphosphate OH groups of (3Z,8Z,11Z,14Z)-icosatetraenoyl-CoA; major species at pH 7.3. It is a conjugate base of a (2Z,7Z,10Z,12Z,16Z,19Z)-octadecapentaenoic acid(1-). It is an enantiomer of a 3-hydroxytetradecanoic acid. It derives from a"
549,"The molecule is an organophosphate oxoanion obtained by deprotonation of the phosphate and diphosphate OH groups of 3-phosphate; major species at pH 7.3. It has a role as a human metabolite and a Saccharomyces cerevisiae metabolite. It is a conjugate base of a 3,5-dihydroxy-D-galactopyranose(1-). It is an enantiomer of a 4-hydroxy-L-glycero-CoA. It derives from a L-glutamic acid."
550,"The molecule is a polyunsaturated fatty acyl-CoA that results from the formal condensation of the thiol group of coenzyme A with the carboxy group of (3Z,4Z,6Z,8Z,10Z,13Z)-docosapentaenoic acid. It derives from an all-cis-docosa-3,4,6,8,10,13-tetrahydrocysteine. It is a conjugate acid of a (1Z,2Z,5Z,9Z,11E,13S)-doc"
551,"The molecule is a polyunsaturated fatty acyl-CoA that results from the formal condensation of the thiol group of coenzyme A with the carboxy group of (3Z,4Z,6Z,8Z,10Z,13Z)-docosahexaenoic acid. It derives from an all-cis-docosa-3,4,6,8,10,13-tetrahydrocysteine. It is a conjugate acid of a 3-hydroxyhexadecanoic acid(1-). It is an enantiomer of"
552,"The molecule is a polyunsaturated fatty acyl-CoA that results from the formal condensation of the thiol group of coenzyme A with the carboxy group of (3Z,4Z,6Z,8Z,10Z,13Z)-docosahexaenoic acid. It derives from an all-cis-docosa-3,4,6,8,10,13-tetrahydroxy-alpha-D-glucopyranose. It is a conjugate acid of a 3-hydroxyhexadecanoic acid(1-"
553,"The molecule is a hydroxy fatty acyl-CoA that results from the formal condensation of the thiol group of coenzyme A with the carboxy group of (2Z,4Z,6Z,8Z,10Z,13Z)-icosatetraenoic acid. It has a role as a human metabolite and a Saccharomyces cerevisiae metabolite. It is a monocarboxylic acid anion, a member of phenols, a 3-oxo-3-hydroxyflavone, a long-chain triglyceride and a"
554,"The molecule is a polyunsaturated fatty acyl-CoA that results from the formal condensation of the thiol group of coenzyme A with the carboxy group of (7Z,10Z,13Z,16Z,19Z)-docosapentaenoic acid. It has a role as a human metabolite and a Saccharomyces cerevisiae metabolite. It derives from an all-cis-docosa-6,10,13,16,19-tetrahydrocystic fibrosis factor. It is a conjugate acid of a (7"
555,"The molecule is an organophosphate oxoanion obtained by deprotonation of the phosphate and diphosphate OH groups of 3-phosphate; major species at pH 7.3. It has a role as a Saccharomyces cerevisiae metabolite. It is a conjugate base of a 3,5-dihydroxy-D-glucopyranose(1-). It is an enantiomer of a 4-hydroxy-L-glycero-CoA(4-) and a 3-oxo-2-enantioyl-"
556,"The molecule is a polyunsaturated fatty acyl-CoA that results from the formal condensation of the thiol group of coenzyme A with the carboxy group of (3Z,4Z,6Z,8Z,10Z,13Z)-docosapentaenoic acid. It has a role as a human metabolite and a Saccharomyces cerevisiae metabolite. It derives from an all-cis-docosa-3,4,6,8,10,13-tetraenoate. It is a conjugate acid of a (3"
557,"The molecule is a polyunsaturated fatty acyl-CoA that results from the formal condensation of the thiol group of coenzyme A with the carboxy group of (7Z,11Z,13Z,16Z,19Z)-docosahexaenoic acid. It has a role as a human metabolite and a Saccharomyces cerevisiae metabolite. It derives from an all-cis-docosa-6,11,13,16,19-tetrahydropyranosyl ester. It is a conjugate acid of a (7"
558,"The molecule is a monocarboxylic acid anion obtained by deprotonation of the phosphate and diphosphate OH groups of 3-hydroxyhexadecenoyl-CoA; major species at pH 7.3. It has a role as a human metabolite. It is a conjugate base of a 3,4-dihydroxyphenylhexadecanoic acid. It derives from a hydride of a (1R)-3-[(S)-2-(sulfoheptadecenoic acid)hexadecanoyl]-Co"
559,"The molecule is a polyunsaturated fatty acyl-CoA that results from the formal condensation of the thiol group of coenzyme A with the carboxy group of (3Z,8Z,11Z,14Z)-icosatetraenoic acid. It has a role as a human metabolite and a Saccharomyces cerevisiae metabolite. It derives from an alpha-D-glucopyranoside. It is a conjugate acid of a (4Z,7Z,10Z,16Z,19Z)-octadecenoyl"
560,"The molecule is an organophosphate oxoanion obtained by deprotonation of the phosphate and diphosphate OH groups of D-glucopyranose; major species at pH 7.3. It has a role as a Saccharomyces cerevisiae metabolite. It is a conjugate base of a D-glycero-2-phosphate(2-). It is an enantiomer of a N-glycocarboxylamino-1,2-dihydroxy-6-deoxy-alpha-D-galactopyr"
561,"The molecule is a polyunsaturated fatty acyl-CoA that results from the formal condensation of the thiol group of coenzyme A with the carboxy group of (3Z,4Z,6Z,8Z,10Z,13Z)-docosahexaenoic acid. It derives from an all-cis-docosa-3,4,6,8,10,13-tetrahydrocysteine. It is a conjugate acid of a 3-hydroxyhexadecanoic acid(1-). It is an enantiomer of"
562,"The molecule is a polyunsaturated fatty acyl-CoA that results from the formal condensation of the thiol group of coenzyme A with the carboxy group of (2Z,4Z,6Z,8Z,10Z,13Z)-icosatetraenoic acid. It has a role as a human metabolite and a Saccharomyces cerevisiae metabolite. It derives from an all-cis-icosaccharide. It is a conjugate acid of a 3-hydroxyhexadecanoic acid(1-). It is an"
563,"The molecule is a polyunsaturated fatty acyl-CoA that results from the formal condensation of the thiol group of coenzyme A with the carboxy group of (2Z,4Z,6Z,8Z,10Z,13Z)-icosatetraenoic acid. It has a role as a human metabolite and a Saccharomyces cerevisiae metabolite. It derives from an alpha-D-glucopyranoside. It is a conjugate acid of a (2S)-3-hydroxyhexadecenoyl-Co"
564,"The molecule is a polyunsaturated fatty acyl-CoA that results from the formal condensation of the thiol group of coenzyme A with the carboxy group of (3Z,4Z,6Z,8Z,10Z,13Z)-docosapentaenoic acid. It has a role as a human metabolite and a Saccharomyces cerevisiae metabolite. It derives from an all-cis-docosa-3,4,6,8,10,13-tetraenoate. It is a conjugate acid of a (3"
565,"The molecule is a polyunsaturated fatty acyl-CoA that results from the formal condensation of the thiol group of coenzyme A with the carboxy group of (7Z,11Z,13Z,16Z,19Z)-docosahexaenoic acid. It has a role as a human metabolite and a Saccharomyces cerevisiae metabolite. It derives from an all-conjugated alpha-D-glucopyranoside. It is a conjugate acid of a 3-hydroxyhexadecanoic acid(4-). It is"
566,"The molecule is an organophosphate oxoanion obtained by deprotonation of the phosphate and diphosphate OH groups of 3-phosphate; major species at pH 7.3. It has a role as a human metabolite and a Saccharomyces cerevisiae metabolite. It is a conjugate base of a 3,5-dihydroxy-D-glucopyranose(1-). It is an enantiomer of a 4-hydroxy-L-glycero-CoA(4-) and a 3-methyl-alpha-D"
567,"The molecule is a monocarboxylic acid anion obtained by deprotonation of the phosphate and diphosphate OH groups of (2Z,4Z,7Z,10Z,13Z)-icosatetraenoic acid; major species at pH 7.3. It is a conjugate base of a (2E,4S)-icosa-6,7,10,13-tetraenoyl-CoA(4-). It is an enantiomer of a 3-hydroxyhexadecanoic acid. It derives from a ("
568,"The molecule is a polyunsaturated fatty acyl-CoA that results from the formal condensation of the thiol group of coenzyme A with the carboxy group of (7Z,10Z,13Z,16Z,19Z)-docosapentaenoic acid. It has a role as a human metabolite and a Saccharomyces cerevisiae metabolite. It derives from an all-cis-docosa-6,10,13,16,19-tetrahydrocystic fibrosis factor. It is a conjugate acid of a (7"
569,"The molecule is a polyunsaturated fatty acyl-CoA that results from the formal condensation of the thiol group of coenzyme A with the carboxy group of (2Z,4Z,6Z,8Z,10Z,13Z)-icosatetraenoic acid. It has a role as a human metabolite and a Saccharomyces cerevisiae metabolite. It derives from an alpha-D-glucopyranoside. It is a conjugate acid of a (2S)-3-hydroxyhexadecenoyl-Co"
570,"The molecule is a polyunsaturated fatty acyl-CoA that results from the formal condensation of the thiol group of coenzyme A with the carboxy group of (3Z,4Z,6Z,8Z,10Z,13Z)-docosapentaenoic acid. It has a role as a human metabolite and a Saccharomyces cerevisiae metabolite. It derives from an all-cis-docosa-3,4,6,8,10,13-tetraenoate. It is a conjugate acid of a (3"
571,"The molecule is a polyunsaturated fatty acyl-CoA that results from the formal condensation of the thiol group of coenzyme A with the carboxy group of (3Z,8Z,11Z,14Z)-icosatetraenoic acid. It has a role as a human metabolite and a Saccharomyces cerevisiae metabolite. It is a monocarboxylic acid anion, a member of alpha-hydroxyflavanones, a 3-oxo-2,4-dihydroxyflavone, a long-chain"
572,"The molecule is an organophosphate oxoanion obtained by deprotonation of the phosphate and diphosphate OH groups of 3-phosphate; major species at pH 7.3. It has a role as a Saccharomyces cerevisiae metabolite. It is a conjugate base of a 3,5-dihydroxy-D-glucopyranose(1-). It is an enantiomer of a 4-hydroxy-L-glycero-CoA(4-) and a 3-oxo-2-enoic acid. It"
573,"The molecule is a polyunsaturated fatty acyl-CoA that results from the formal condensation of the thiol group of coenzyme A with the carboxy group of (3Z,4Z,6Z,8Z,10Z,13Z)-docosapentaenoic acid. It derives from an all-cis-docosa-3,4,6,8,10,13-tetrahydrocystic fibrosis (CFS). It is a conjugate acid of a 3-hydroxyhexadecanoic acid(1-). it is an"
574,"The molecule is a polyunsaturated fatty acyl-CoA that results from the formal condensation of the thiol group of coenzyme A with the carboxy group of (3Z,4Z,6Z,10Z,13Z)-docosapentaenoic acid. It has a role as a human metabolite and a Saccharomyces cerevisiae metabolite. It derives from an all-cis-docosa-3,4,6,10,13-tetrahydrocystic fibrosis factor. It is a conjugate acid of a (3"
575,"The molecule is a polyunsaturated fatty acyl-CoA that results from the formal condensation of the thiol group of coenzyme A with the carboxy group of (2Z,4Z,7Z,10Z,13Z)-icosatetraenoic acid. It has a role as a human metabolite and a Saccharomyces cerevisiae metabolite. It derives from an all-conjugated alpha-D-galactopyranose. It is a conjugate acid of a (1Z,3Z,8Z,11Z)-oct"
576,"The molecule is a polyunsaturated fatty acyl-CoA that results from the formal condensation of the thiol group of coenzyme A with the carboxy group of (2Z,8Z,11Z,14Z)-icosatetraenoic acid. It has a role as a human metabolite and a Saccharomyces cerevisiae metabolite. It derives from an alpha-D-glucopyranoside. It is a conjugate acid of a (2S)-3-hydroxyhexadecanoic acid(1-). It is an enanti"
577,"The molecule is a polyunsaturated fatty acyl-CoA that results from the formal condensation of the thiol group of coenzyme A with the carboxy group of (3Z,6Z,8Z,11Z,13Z)-docosapentaenoic acid. It derives from an all-cis-docosa-3,6,8,11,13-tetrahydrocysteine. It is a conjugate acid of a 3-hydroxyhexadecanoic acid(1-). It is an enantiomer of a (3R,"
578,"The molecule is an organophosphate oxoanion obtained by deprotonation of the phosphate and diphosphate OH groups of 3-phosphate; major species at pH 7.3. It has a role as a Saccharomyces cerevisiae metabolite. It is a conjugate base of a 3,5-dihydroxy-D-glucopyranose(2-). It is an enantiomer of a 4-hydroxy-L-glycero-CoA. It derives from a 3-Phosphate(2-) and a D-"
579,The molecule is an organophosphate oxoanion obtained by deprotonation of the phosphate and diphosphate OH groups of D-glucosamine; major species at pH 7.3. It has a role as a Saccharomyces cerevisiae metabolite. It is a conjugate base of a D-Glucose(1+). It is an enantiomer of a N-acetyl-beta-D-Gal-(1->2)-alpha-L-galactopyranosine(1-)glycero-CoA(4-). It derives from
580,"The molecule is a polyunsaturated fatty acyl-CoA that results from the formal condensation of the thiol group of coenzyme A with the carboxy group of (3Z,4Z,6Z,8Z,10Z,13Z)-icosatetraenoic acid. It has a role as a human metabolite and a Saccharomyces cerevisiae metabolite. It derives from an all-cis-icosapentaenoate. It is a conjugate acid of a 3-hydroxyhexadecanoic acid(1-). It is"
581,"The molecule is a polyunsaturated fatty acyl-CoA that results from the formal condensation of the thiol group of coenzyme A with the carboxy group of (2Z,8Z,11Z,14Z)-icosatetraenoic acid. It has a role as a human metabolite and a Saccharomyces cerevisiae metabolite. It derives from an alpha-D-glucopyranoside. It is a conjugate acid of a (1Z,4Z,15Z)-cisanoate(2-). It is an en"
582,"The molecule is a polyunsaturated fatty acyl-CoA that results from the formal condensation of the thiol group of coenzyme A with the carboxy group of (3Z,4Z,6Z,8Z,10Z,13Z)-docosahexaenoic acid. It derives from an all-cis-docosa-3,4,6,8,10,13-tetrahydrocysteine. It is a conjugate acid of a 3-hydroxyhexadecanoic acid(1-). It is an enantiomer of"
583,"The molecule is a polyunsaturated fatty acyl-CoA that results from the formal condensation of the thiol group of coenzyme A with the carboxy group of (3Z,8Z,11Z,14Z)-icosatetraenoic acid. It has a role as a human metabolite and a Saccharomyces cerevisiae metabolite. It derives from an alpha-D-glucopyranoside. It is a conjugate acid of a (4Z,7Z,10Z,16Z,19Z)-octadecenoyl"
584,"The molecule is a polyunsaturated fatty acyl-CoA that results from the formal condensation of the thiol group of coenzyme A with the carboxy group of (7Z,11Z,13Z,16Z,19Z)-docosapentaenoic acid. It has a role as a human metabolite and a Saccharomyces cerevisiae metabolite. It derives from an all-cis-docosa-6,11,13,16,19-tetrahydrocystic fibrosis factor. It is a conjugate acid of a (7"
585,"The molecule is a polyunsaturated fatty acyl-CoA that results from the formal condensation of the thiol group of coenzyme A with the carboxy group of (2Z,8Z,11Z,14Z)-icosatetraenoic acid. It has a role as a human metabolite and a Saccharomyces cerevisiae metabolite. It derives from an all-cis-icosaccharide. It is a conjugate acid of a (4Z,7Z,10Z,13E,19Z)-octadecenoyl"
586,"The molecule is an acyl-CoA that results from the formal condensation of the thiol group of coenzyme A with the carboxy group of (3Z,4Z,6Z,8Z,10Z,13Z)-icosatetraenoic acid. It has a role as a human metabolite and a Saccharomyces cerevisiae metabolite. It is a monocarboxylic acid anion, a cyclic aromatic ether, a member of phenols, a tertiary alpha-hydroxy ketone and a secondary amino compound. It derives from a"
587,"The molecule is a polyunsaturated fatty acyl-CoA that results from the formal condensation of the thiol group of coenzyme A with the carboxy group of (7Z,11Z,13Z,16Z,19Z)-docosahexaenoic acid. It has a role as a human xenobiotic metabolite and a Saccharomyces cerevisiae metabolite. It derives from an all-cis-docosa-6,11,13,16,19-tetrahydrocystic fibrosis. It is a conjugate acid of a"
588,"The molecule is a polyunsaturated fatty acyl-CoA that results from the formal condensation of the thiol group of coenzyme A with the carboxy group of (3Z,4Z,6Z,8Z,11Z,13Z)-docosapentaenoic acid. It derives from an all-cis-docosa-3,4,6,8,11,13-tetrahydrocysteine. It is a conjugate acid of a (7Z,9Z,10Z,14Z,16Z,17E,19"
589,"The molecule is a polyunsaturated fatty acyl-CoA that results from the formal condensation of the thiol group of coenzyme A with the carboxy group of (7Z,11Z,13Z,16Z,19Z)-docosahexaenoic acid. It derives from an all-cis-docosa-7,11,13,16,19-tetrahydroacosapentaenoate. It is a conjugate acid of a 3-hydroxyhexadecanoic acid(1-). It is an enantiomer of a ("
590,"The molecule is a polyunsaturated fatty acyl-CoA that results from the formal condensation of the thiol group of coenzyme A with the carboxy group of (3Z,4Z,6Z,8Z,10Z,13Z)-docosapentaenoic acid. It has a role as a human metabolite and a Saccharomyces cerevisiae metabolite. It derives from an all-cis-docosa-3,4,6,8,10,13-tetraenoate. It is a conjugate acid of a (3"
591,"The molecule is a polyunsaturated fatty acyl-CoA that results from the formal condensation of the thiol group of coenzyme A with the carboxy group of (7Z,10Z,13Z,16Z,19Z)-docosapentaenoic acid. It has a role as a human metabolite and a Saccharomyces cerevisiae metabolite. It derives from an all-cis-docosa-6,10,13,16,19-tetrahydrocystic fibrosis factor. It is a conjugate acid of a (7"
592,"The molecule is a polyunsaturated fatty acyl-CoA that results from the formal condensation of the thiol group of coenzyme A with the carboxy group of (2Z,4Z,6Z,8Z,10Z,13Z)-icosatetraenoic acid. It has a role as a human metabolite and a Saccharomyces cerevisiae metabolite. It derives from an all-conjugated alpha-D-glucopyranoside. It is a conjugate acid of a (1Z,3Z,7Z,11"
593,"The molecule is a polyunsaturated fatty acyl-CoA that results from the formal condensation of the thiol group of coenzyme A with the carboxy group of (3Z,4Z,6Z,8Z,10Z,13Z)-icosatetraenoic acid. It has a role as a human metabolite and a Saccharomyces cerevisiae metabolite. It derives from an alpha-D-glucopyranoside. It is a conjugate acid of a (2Z,5Z,7Z,12Z,14Z)-"
594,"The molecule is a polyunsaturated fatty acyl-CoA that results from the formal condensation of the thiol group of coenzyme A with the carboxy group of (7Z,11Z,13Z,16Z,19Z)-docosapentaenoic acid. It has a role as a human metabolite and a Saccharomyces cerevisiae metabolite. It derives from an all-cis-docosa-6,11,13,16,19-tetrahydrocystic fibrosis factor. It is a conjugate acid of a (7"
595,"The molecule is a polyunsaturated fatty acyl-CoA that results from the formal condensation of the thiol group of coenzyme A with the carboxy group of (3Z,4Z,6Z,8Z,10Z,13Z)-docosapentaenoic acid. It has a role as a human metabolite and a Saccharomyces cerevisiae metabolite. It derives from an all-cis-docosa-3,4,6,8,10,13-tetraenoate. It is a conjugate acid of a (3"
596,"The molecule is a polyunsaturated fatty acyl-CoA that results from the formal condensation of the thiol group of coenzyme A with the carboxy group of (2Z,4Z,6Z,8Z,10Z,13Z)-docosapentaenoic acid. It has a role as a human metabolite and a Saccharomyces cerevisiae metabolite. It derives from an all-cis-docosa-2,4,6,8,10,13-tetraenoate. It is a conjugate acid of a (2"
597,"The molecule is a polyunsaturated fatty acyl-CoA that results from the formal condensation of the thiol group of coenzyme A with the carboxy group of (2Z,4Z,7Z,10Z,13Z)-icosatetraenoic acid. It has a role as a human metabolite and a Saccharomyces cerevisiae metabolite. It derives from an all-conjugated alpha-D-glucopyranoside. It is a conjugate acid of a (1Z,3Z,8Z,11Z)-oct"
598,"The molecule is a polyunsaturated fatty acyl-CoA that results from the formal condensation of the thiol group of coenzyme A with the carboxy group of (7Z,10Z,13Z,16Z,19Z)-docosahexaenoic acid. It has a role as a human metabolite and a Saccharomyces cerevisiae metabolite. It derives from an all-conjugated alpha-D-glucopyranoside. It is a conjugate acid of a 3-hydroxyhexadecanoic acid(4-). It is"
599,"The molecule is an organophosphate oxoanion obtained by deprotonation of the phosphate and diphosphate OH groups of 1,2-dihydroxy-1H-octadecanoyl-sn-glycero-3-phosphocholine; major species at pH 7.3. It has a role as a Saccharomyces cerevisiae metabolite. It is a conjugate base of a N-acetyl-beta-D-galactopyranose(1-). It is an enantiomer of a D-glucosamine."
600,"The molecule is an organophosphate oxoanion obtained by deprotonation of the phosphate and diphosphate OH groups of 3-hydroxy-D-glucopyranose; major species at pH 7.3. It has a role as a human metabolite and a Saccharomyces cerevisiae metabolite. It is a conjugate base of a 3,4-dihydroxy-L-glycero-3-phosphate(1-). It is an enantiomer of a 4-hydroxyphenyl-2-enoic acid."
601,"The molecule is a monocarboxylic acid anion obtained by deprotonation of the carboxy group of 2-hydroxybenzoic acid; major species at pH 7.3. It has a role as a human metabolite and a Saccharomyces cerevisiae metabolite. It is a conjugate base of a 2,3-dichloro-2-enoyl-CoA(4-). It is an enantiomer of a (S)-1,2-tetraenoic acid. It derives from a (R)-2-hyd"
602,"The molecule is a polyunsaturated fatty acyl-CoA that results from the formal condensation of the thiol group of coenzyme A with the carboxy group of (3Z,4Z,6Z,8Z,10Z,13Z)-docosahexaenoic acid. It derives from an all-cis-docosa-3,4,6,8,10,13-tetrahydroxyhexadecanoic acid and a hexadecanoate. It is a conjugate acid of a (7Z,9Z,12Z,14Z"
603,"The molecule is an organophosphate oxoanion obtained by deprotonation of the phosphate and diphosphate OH groups of 3-phosphate; major species at pH 7.3. It has a role as a human metabolite and a Saccharomyces cerevisiae metabolite. It is a conjugate base of a 3,5-dihydroxy-D-galactopyranose(1-). It is an enantiomer of a 4-hydroxy-L-glutamic acid. It derives from a L-glycero-CoA."
604,"The molecule is a polyunsaturated fatty acyl-CoA that results from the formal condensation of the thiol group of coenzyme A with the carboxy group of (2Z,4Z,6Z,10Z,13Z)-icosatetraenoic acid. It has a role as a human metabolite and a Saccharomyces cerevisiae metabolite. It derives from an all-cis-icosaccharide. It is a conjugate acid of a (1Z,3Z,8Z,12Z,16Z,19Z)-"
605,"The molecule is a polyunsaturated fatty acyl-CoA that results from the formal condensation of the thiol group of coenzyme A with the carboxy group of (6Z,8Z,11Z,14Z)-icosatetraenoic acid. It has a role as a human metabolite and a Saccharomyces cerevisiae metabolite. It derives from an alpha-D-glucopyranoside. It is a conjugate acid of a (4Z,7Z,10Z,13E,19Z)-octadecenoyl"
606,"The molecule is a hydroxy fatty acyl-CoA that results from the formal condensation of the thiol group of coenzyme A with the carboxy group of (2Z,8Z,11Z,14Z)-icosatetraenoic acid. It has a role as a human metabolite and a Saccharomyces cerevisiae metabolite. It is a monocarboxylic acid anion, a member of alpha-hydroxyflavones, a 3-oxo-Delta(1+). It derives from a (2S)-octadecen"
607,"The molecule is a polyunsaturated fatty acyl-CoA that results from the formal condensation of the thiol group of coenzyme A with the carboxy group of (2Z,4Z,7Z,10Z,13Z)-icosatetraenoic acid. It has a role as a human metabolite and a Saccharomyces cerevisiae metabolite. It is a monocarboxylic acid anion, a member of alpha-hydroxyflavones, a trans-glycero-3-phosphochlorobutyric acid and a"
608,"The molecule is a polyunsaturated fatty acyl-CoA that results from the formal condensation of the thiol group of coenzyme A with the carboxy group of (3Z,4Z,6Z,8Z,10Z,13Z)-docosapentaenoic acid. It has a role as a human metabolite and a Saccharomyces cerevisiae metabolite. It derives from an all-cis-docosa-3,4,6,8,10,13-tetraenoate. It is a conjugate acid of a (3"
609,The molecule is an organophosphate oxoanion obtained by deprotonation of the phosphate and diphosphate OH groups of N-acetyl-D-glucosamine; major species at pH 7.3. It has a role as a human metabolite and a Saccharomyces cerevisiae metabolite. It is a conjugate base of a N-(4-hydroxyhexadecenoyl)-D-glycero-1-phosphate(2-). It is an enantiomer of a (R)-nucleosapentaenoic acid.
610,"The molecule is an organophosphate oxoanion obtained by deprotonation of the phosphate and diphosphate OH groups of N-acetyl-D-glucosamine; major species at pH 7.3. It has a role as a Saccharomyces cerevisiae metabolite, an Escherichia coli metabolite and a mouse metabolite. It is a conjugate base of a N-(4-hydroxyhexadecenoyl)-D-glycero-1-phosphopyranose(2-). It is an enantiomer of a"
611,"The molecule is an organophosphate oxoanion obtained by deprotonation of the phosphate and diphosphate OH groups of D-glucopyranose; major species at pH 7.3. It has a role as a human metabolite and a Saccharomyces cerevisiae metabolite. It is a conjugate base of a D-glycero-1-phosphate(2-). It is an enantiomer of a N-glycysteine 1,2-dihydroxy-6-deoxy-alpha-D-galactopyr"
612,"The molecule is a polyunsaturated fatty acyl-CoA that results from the formal condensation of the thiol group of coenzyme A with the carboxy group of (3Z,4Z,6Z,8Z,10Z,13Z)-docosahexaenoic acid. It derives from an all-cis-docosa-3,4,6,8,10,13-tetrahydrocysteine. It is a conjugate acid of a 3-hydroxyhexadecanoic acid(1-). It is an enantiomer of"
613,"The molecule is an organophosphate oxoanion obtained by deprotonation of the phosphate and diphosphate OH groups of 3-hydroxyhexadecenoyl-CoA; major species at pH 7.3. It has a role as a Saccharomyces cerevisiae metabolite. It derives from a hexadecanoic acid. It is a conjugate base of a 3-[(1S)-octadecanoyl]-CoA(4-). It is an enantiomer of a 4-(2Z,6Z,8Z,10Z,13"
614,"The molecule is a polyunsaturated fatty acyl-CoA that results from the formal condensation of the thiol group of coenzyme A with the carboxy group of (3Z,4Z,6Z,8Z,10Z,13Z)-docosapentaenoic acid. It has a role as a human metabolite and a Saccharomyces cerevisiae metabolite. It derives from an all-cis-docosa-3,4,6,8,10,13-tetraenoate. It is a conjugate acid of a (3"
615,"The molecule is a monocarboxylic acid anion obtained by deprotonation of the phosphate and diphosphate OH groups of 3-hydroxyhexadecenoyl-CoA; major species at pH 7.3. It has a role as a human metabolite. It is a conjugate base of a 3-[(2Z)-hexadecanoyl]-CoA. It derives from a hexadecanoic acid. It contains a 3-(4Z,6Z,8Z,10Z,13Z,14Z,16Z,19Z)-oct"
616,"The molecule is a monocarboxylic acid anion obtained by deprotonation of the phosphate and diphosphate OH groups of 3-hydroxybenzoic acid; major species at pH 7.3. It has a role as a Saccharomyces cerevisiae metabolite. It is a conjugate base of a 3,4-dihydroxybenzoyl-sn-glycero-3-phosphohexadecanoic acid. It derives from a (1R)-3-[(1S)-2-(pyridin-1-yl"
617,"The molecule is an organophosphate oxoanion obtained by deprotonation of the phosphate and diphosphate OH groups of 3-phosphate; major species at pH 7.3. It has a role as a Saccharomyces cerevisiae metabolite. It is a conjugate base of a 3,5-dihydroxy-D-glucopyranose(1-). It is an enantiomer of a 4-hydroxy-L-glycero-CoA(4-) and a 3-oxo-2-enantioyl-"
618,"The molecule is a polyunsaturated fatty acyl-CoA that results from the formal condensation of the thiol group of coenzyme A with the carboxy group of (7Z,8Z,11Z,13Z)-docosapentaenoic acid. It has a role as a human metabolite and a Saccharomyces cerevisiae metabolite. It derives from an all-cis-docosa-6,8,11,13-trienoate. It is a conjugate acid of a 3-hydroxyhexadecanoic acid(4-)."
619,"The molecule is a polyunsaturated fatty acyl-CoA that results from the formal condensation of the thiol group of coenzyme A with the carboxy group of (3Z,4Z,6Z,8Z,10Z,13Z)-icosatetraenoic acid. It has a role as a human metabolite and a Saccharomyces cerevisiae metabolite. It derives from an alpha-D-glucopyranoside. It is a conjugate acid of a (3S)-2-hydroxyhexadecenoyl-Co"
620,"The molecule is a hydroxy fatty acyl-CoA that results from the formal condensation of the thiol group of coenzyme A with the carboxy group of (2Z,8Z,11Z,14Z)-icosatetraenoic acid. It has a role as a human metabolite and a Saccharomyces cerevisiae metabolite. It is a monocarboxylic acid anion, a 3-oxo-3-hydroxyflavanone, a long-chain fatty amide and a member of phenols. It derives from a (2"
621,"The molecule is a polyunsaturated fatty acyl-CoA that results from the formal condensation of the thiol group of coenzyme A with the carboxy group of (2Z,4Z,6Z,8Z,10Z,13Z)-icosatetraenoic acid. It has a role as a human metabolite and a Saccharomyces cerevisiae metabolite. It derives from an all-conjugated alpha-D-glucopyranoside. It is a conjugate acid of a (1Z,3Z,7Z,11"
622,"The molecule is a polyunsaturated fatty acyl-CoA that results from the formal condensation of the thiol group of coenzyme A with the carboxy group of (3Z,4Z,6Z,8Z,10Z,13Z)-docosapentaenoic acid. It has a role as a human metabolite and a Saccharomyces cerevisiae metabolite. It derives from an all-cis-docosa-3,4,6,8,10,13-tetraenoate. It is a conjugate acid of a (3"
623,"The molecule is a polyunsaturated fatty acyl-CoA that results from the formal condensation of the thiol group of coenzyme A with the carboxy group of (3Z,4Z,6Z,8Z,10Z,13Z)-docosapentaenoic acid. It has a role as a human metabolite and a Saccharomyces cerevisiae metabolite. It derives from an all-cis-docosa-3,4,6,8,10,13-tetraenoate. It is a conjugate acid of a (3"
624,"The molecule is a polyunsaturated fatty acyl-CoA that results from the formal condensation of the thiol group of coenzyme A with the carboxy group of (7Z,10Z,13Z,16Z,19Z)-docosahexaenoic acid. It has a role as a human metabolite and a Saccharomyces cerevisiae metabolite. It derives from an all-cis-docosa-6,10,13,16,19-tetrahydrocystic fibrosis factor. It is a conjugate acid of a (7"
625,"The molecule is a polyunsaturated fatty acyl-CoA that results from the formal condensation of the thiol group of coenzyme A with the carboxy group of (7Z,10Z,13Z,16Z,19Z)-docosahexaenoic acid. It has a role as a human metabolite and a Saccharomyces cerevisiae metabolite. It derives from an all-cis-docosa-6,10,13,16,19-tetrahydrocystic fibrosis factor. It is a conjugate acid of a (7"
626,"The molecule is a polyunsaturated fatty acyl-CoA that results from the formal condensation of the thiol group of coenzyme A with the carboxy group of (2Z,4Z,6Z,8Z,10Z,13Z)-icosatetraenoic acid. It has a role as a human metabolite and a Saccharomyces cerevisiae metabolite. It derives from an alpha-D-glucopyranoside. It is a conjugate acid of a (1Z,3Z,7Z,12Z,14Z)-"
627,"The molecule is a polyunsaturated fatty acyl-CoA that results from the formal condensation of the thiol group of coenzyme A with the carboxy group of (3Z,4Z,6Z,8Z,10Z,13Z)-docosapentaenoic acid. It has a role as a human metabolite and a Saccharomyces cerevisiae metabolite. It derives from an all-cis-docosa-3,4,6,8,10,13-tetraenoate. It is a conjugate acid of a (3"
628,"The molecule is a polyunsaturated fatty acyl-CoA that results from the formal condensation of the thiol group of coenzyme A with the carboxy group of (3Z,4Z,6Z,8Z,10Z,13Z)-docosapentaenoic acid. It has a role as a human metabolite and a Saccharomyces cerevisiae metabolite. It derives from an all-cis-docosa-3,4,6,8,10,13-tetraenoate. It is a conjugate acid of a (3"
629,The molecule is an organophosphate oxoanion obtained by deprotonation of the phosphate and diphosphate OH groups of D-glucopyranose; major species at pH 7.3. It has a role as a human metabolite and a Saccharomyces cerevisiae metabolite. It is a conjugate base of a D-glycero-CoA(4-). It is an enantiomer of a N-acetyl-D-Glucosamine 1-phosphate zwitterion. It derives from a D-(1->2)-
630,"The molecule is an organophosphate oxoanion obtained by deprotonation of the phosphate and diphosphate OH groups of 3-phosphate; major species at pH 7.3. It has a role as a Saccharomyces cerevisiae metabolite, a mouse metabolite and a human metabolite. It is a conjugate base of a 3-Phosphate(2-) and an organic heterohexadecanoic acid. It derives from a hydride of an 11beta-D-glucopyranosyl-(1->4)-N-acetyl-"
631,"The molecule is a polyunsaturated fatty acyl-CoA that results from the formal condensation of the thiol group of coenzyme A with the carboxy group of (3Z,4Z,6Z,8Z,10Z,13Z)-docosahexaenoic acid. It derives from an all-cis-docosa-3,4,6,8,10,13-tetrahydrocysteine. It is a conjugate acid of a 3-hydroxyhexadecanoic acid(1-). It is an enantiomer of"
632,"The molecule is an organophosphate oxoanion obtained by deprotonation of the phosphate and diphosphate OH groups of 3-deoxy-D-glucopyranose; major species at pH 7.3. It is a conjugate base of a 3,4-dihydroxyhexadecanoyl-sn-glycero-3-phosphacyl-CoA(4-). It is an enantiomer of a 4-hydroxymethylhexadecanoic acid. It has a role as a Saccharomyces cerevisiae metabol"
633,"The molecule is an organophosphate oxoanion obtained by deprotonation of the phosphate and diphosphate OH groups of 3-hydroxybenzoic acid; major species at pH 7.3. It has a role as a Saccharomyces cerevisiae metabolite. It is a conjugate base of a 3,4-dihydroxybenzoyl-sn-glycero-3-phosphate(2-). It is an enantiomer of a (R)-3-hydroxymethoxybenzoate. It derives from a 3-"
634,"The molecule is a polyunsaturated fatty acyl-CoA that results from the formal condensation of the thiol group of coenzyme A with the carboxy group of (7Z,10Z,13Z,16Z,19Z)-docosahexaenoic acid. It has a role as a human xenobiotic metabolite and a Saccharomyces cerevisiae metabolite. It derives from an all-cis-docosa-6,10,13,16,19-tetrahydroflavone. It is a conjugate acid of a ("
635,"The molecule is a polyunsaturated fatty acyl-CoA that results from the formal condensation of the thiol group of coenzyme A with the carboxy group of (3Z,8Z,11Z,14Z)-icosatetraenoic acid. It has a role as a human metabolite and a Saccharomyces cerevisiae metabolite. It derives from an alpha-D-glucopyranoside. It is a conjugate acid of a (4Z,7Z,10Z,13E,19Z)-octadecenoyl"
636,"The molecule is an organophosphate oxoanion obtained by deprotonation of the phosphate and diphosphate OH groups of 3-hydroxy-D-glucopyranose; major species at pH 7.3. It has a role as a human metabolite and a Saccharomyces cerevisiae metabolite. It is a conjugate base of a 3,4-dihydroxy-L-glycero-3-phosphate(2-). It is an enantiomer of a 4-hydroxyphenyl-6-enoic acid."
637,"The molecule is a polyunsaturated fatty acyl-CoA that results from the formal condensation of the thiol group of coenzyme A with the carboxy group of (3Z,8Z,11Z,14Z)-icosatetraenoic acid. It has a role as a human metabolite and a Saccharomyces cerevisiae metabolite. It is an organic heterotricyclic compound, a monocarboxylic acid and a member of phenols. It derives from an all-cis-ciosa-3,8,11,14"
638,"The molecule is an organophosphate oxoanion obtained by deprotonation of the phosphate and diphosphate OH groups of 3-deoxy-D-glucopyranose; major species at pH 7.3. It is a conjugate base of a 3,4-dihydroxyhexadecanoyl-sn-glycero-3-phosphatidyl-CoA(4-). It is an enantiomer of a 4-hydroxymethylhexadecanoic acid. It derives from a (1S)-2-hydroxyhex"
639,"The molecule is an organophosphate oxoanion obtained by deprotonation of the phosphate and diphosphate OH groups of N-acetyl-D-glucosamine; major species at pH 7.3. It has a role as a Saccharomyces cerevisiae metabolite, an Escherichia coli metabolite and a mouse metabolite. It is a conjugate base of a N-(4-hydroxyhexadecenoyl)-D-glycero-1-phosphopyranose(2-). It is an enantiomer of a"
640,"The molecule is a monocarboxylic acid anion obtained by deprotonation of the phosphate and diphosphate OH groups of (3Z,8Z,11Z,14Z)-icosatetraenoyl-CoA; major species at pH 7.3. It is a conjugate base of a (7Z,9Z,10Z,16Z,19Z)-octadecapentaenoic acid. It has a role as a Saccharomyces cerevisiae metabolite and an Escherichia coli metabolite. It derives from a"
641,"The molecule is a polyunsaturated fatty acyl-CoA that results from the formal condensation of the thiol group of coenzyme A with the carboxy group of (3Z,4Z,6Z,8Z,10Z,13Z)-icosatetraenoic acid. It has a role as a human metabolite and a Saccharomyces cerevisiae metabolite. It derives from an all-cis-icosapentaenoate. It is a conjugate acid of a (1Z,2Z,7Z,12Z,14Z"
642,"The molecule is a polyunsaturated fatty acyl-CoA that results from the formal condensation of the thiol group of coenzyme A with the carboxy group of (2Z,4Z,6Z,8Z,10Z,13Z)-icosatetraenoic acid. It has a role as a human metabolite and a Saccharomyces cerevisiae metabolite. It derives from an alpha-D-glucopyranoside. It is a conjugate acid of a (1Z,3Z,7Z,12Z,14Z)-"
643,"The molecule is a hydroxy fatty acyl-CoA that results from the formal condensation of the thiol group of coenzyme A with the carboxy group of (7Z,10Z,13Z,16Z,19Z)-docosahexaenoic acid. It has a role as a human xenobiotic metabolite and a Saccharomyces cerevisiae metabolite. It derives from an all-cis-docosa-6,10,13,16,19-tetrahydroflavone. It is a conjugate acid of a (7"
644,"The molecule is an organophosphate oxoanion obtained by deprotonation of the phosphate and diphosphate OH groups of 3-hydroxy-D-glucopyranose; major species at pH 7.3. It has a role as a human metabolite and a Saccharomyces cerevisiae metabolite. It is a conjugate base of a 3,4-dihydroxy-L-glycero-3-phosphate(1-). It is an enantiomer of a (R)-3-hydroxyphenyl-2-en"
645,"The molecule is a polyunsaturated fatty acyl-CoA that results from the formal condensation of the thiol group of coenzyme A with the carboxy group of (7Z,10Z,13Z,16Z,19Z)-docosahexaenoic acid. It has a role as a human metabolite and a Saccharomyces cerevisiae metabolite. It derives from an all-cis-docosa-6,10,13,16,19-tetrahydrocystic fibrosis factor. It is a conjugate acid of a (7"
646,"The molecule is a polyunsaturated fatty acyl-CoA that results from the formal condensation of the thiol group of coenzyme A with the carboxy group of (7Z,10Z,13Z,16Z,19Z)-docosahexaenoic acid. It derives from an all-cis-docosa-7,10,13,16,19-tetrahydroacosapentaenoate. It is a conjugate acid of a 3-hydroxyhexadecanoic acid(1-). It is an enantiomer of a ("
647,"The molecule is a monocarboxylic acid anion obtained by deprotonation of the phosphate and diphosphate OH groups of (2Z,8Z,11Z,13Z)-icosatetraenoic acid; major species at pH 7.3. It is a conjugate base of a (2R,8S)-icosa-4,8,11,13-tetraenoyl-CoA(4-). It is an enantiomer of a 3-hydroxyhexadecanoic acid. It derives from a hydride of"
648,"The molecule is a polyunsaturated fatty acyl-CoA that results from the formal condensation of the thiol group of coenzyme A with the carboxy group of (3Z,4Z,6Z,8Z,10Z,13Z)-docosahexaenoic acid. It derives from an all-cis-docosa-3,4,6,8,10,13-tetrahydrocysteine. It is a conjugate acid of a 3-hydroxyhexadecanoic acid(1-). It is an enantiomer of"
649,"The molecule is a polyunsaturated fatty acyl-CoA that results from the formal condensation of the thiol group of coenzyme A with the carboxy group of (2Z,8Z,11Z,14Z)-icosatetraenoic acid. It has a role as a human metabolite and a Saccharomyces cerevisiae metabolite. It derives from an alpha-D-glucopyranoside. It is a conjugate acid of a (2S)-3-hydroxyhexadecanoic acid(1-). It is an enanti"
650,"The molecule is a polyunsaturated fatty acyl-CoA that results from the formal condensation of the thiol group of coenzyme A with the carboxy group of (7Z,8Z,11Z,13Z)-docosapentaenoic acid. It has a role as a human metabolite and a Saccharomyces cerevisiae metabolite. It derives from an all-cis-docosa-6,8,11,13-tetrahydrocysteine. It is a conjugate acid of a 3-hydroxyhexadecanoic acid"
651,"The molecule is a polyunsaturated fatty acyl-CoA that results from the formal condensation of the thiol group of coenzyme A with the carboxy group of (7Z,11Z,13Z,16Z,19Z)-docosahexaenoic acid. It has a role as a human metabolite and a Saccharomyces cerevisiae metabolite. It derives from an all-cis-docosa-6,11,13,16,19-tetrahydrocystic fibrosis factor. It is a conjugate acid of a (7"
652,"The molecule is an organophosphate oxoanion obtained by deprotonation of the phosphate and diphosphate OH groups of 3-hydroxy-D-glucopyranose; major species at pH 7.3. It has a role as a human metabolite and a Saccharomyces cerevisiae metabolite. It is a conjugate base of a 3,4-dihydroxy-L-glycero-CoA(4-). It is an enantiomer of a (R)-3-hydroxyphenyl-2-enoic acid."
653,"The molecule is an organophosphate oxoanion obtained by deprotonation of the phosphate and diphosphate OH groups of 3-phosphate; major species at pH 7.3. It has a role as a Saccharomyces cerevisiae metabolite. It is a conjugate base of a 3,3-dihydroxy-D-glucosamine(1-). It is an enantiomer of a 4-hydroxy-L-phenyl-alpha-amino-2-oxo-4-enantioyl-sn-glycero"
654,"The molecule is a monocarboxylic acid anion obtained by deprotonation of the phosphate and diphosphate OH groups of 3-hydroxybenzoic acid; major species at pH 7.3. It has a role as a Saccharomyces cerevisiae metabolite. It is a conjugate base of a 3-[(2Z,4Z)-octadecenoyl-sn-glycero-3-phospho-D-glucopyranosyl]-L-cysteine(1-). It is an enantiomer of a"
655,"The molecule is an organophosphate oxoanion obtained by deprotonation of the phosphate and diphosphate OH groups of 3-deoxy-D-glucopyranose; major species at pH 7.3. It has a role as a human metabolite and a Saccharomyces cerevisiae metabolite. It is a conjugate base of a 3,4-dihydroxyhexadecanoyl-sn-glycero-3-phosphacyl-Co(4-). It is an enantiomer of a (R)-3-de"
656,"The molecule is a polyunsaturated fatty acyl-CoA that results from the formal condensation of the thiol group of coenzyme A with the carboxy group of (2Z,4Z,6Z,10Z,13Z)-icosatetraenoic acid. It has a role as a human metabolite and a Saccharomyces cerevisiae metabolite. It derives from an alpha-D-glucopyranoside. It is a conjugate acid of a (1Z,3Z,8Z,11Z)-octadecenoyl"
657,"The molecule is a polyunsaturated fatty acyl-CoA that results from the formal condensation of the thiol group of coenzyme A with the carboxy group of (3Z,4Z,6Z,8Z,10Z,13Z)-docosahexaenoic acid. It derives from an all-cis-docosa-3,4,6,8,10,13-tetrahydrobenzoic acid and a 3-hydroxy-alpha-D-glucopyranose. It is a conjugate acid of a (3"
658,"The molecule is a polyunsaturated fatty acyl-CoA that results from the formal condensation of the thiol group of coenzyme A with the carboxy group of (7Z,11Z,13Z,16Z,19Z)-docosahexaenoic acid. It has a role as a human metabolite and a Saccharomyces cerevisiae metabolite. It derives from an all-conjugated alpha-D-glucopyranoside. It is a conjugate acid of a 3-hydroxyhexadecanoic acid(4-). It is"
659,"The molecule is a monocarboxylic acid anion obtained by deprotonation of the phosphate and diphosphate OH groups of 3-hydroxybenzoic acid; major species at pH 7.3. It has a role as a Saccharomyces cerevisiae metabolite. It is a conjugate base of a 3-[(2Z,4Z)-hexadecenoyl-sn-glycero-3-phospho-D-glucopyranosyl]-L-cysteine(1-). It is an enantiomer of a"
660,"The molecule is an organophosphate oxoanion obtained by deprotonation of the phosphate and diphosphate OH groups of D-glucopyranose; major species at pH 7.3. It has a role as a human metabolite and a Saccharomyces cerevisiae metabolite. It is a conjugate base of a D-glycero-1-phosphate(2-). It is an enantiomer of a N-glycysteine 1,2-dihydroxy-5-oxo-4-enzoic acid. It"
661,"The molecule is a polyunsaturated fatty acyl-CoA that results from the formal condensation of the thiol group of coenzyme A with the carboxy group of (3Z,4Z,6Z,8Z,10Z,13Z)-docosahexaenoic acid. It derives from an all-cis-docosa-3,4,6,8,10,13-tetrahydrocysteine. It is a conjugate acid of a 3-hydroxyhexadecanoic acid(1-). It is an enantiomer of"
662,"The molecule is an organophosphate oxoanion obtained by deprotonation of the phosphate and diphosphate OH groups of 3-phosphate; major species at pH 7.3. It has a role as a Saccharomyces cerevisiae metabolite. It is a conjugate base of a 3,5-dihydroxy-D-glucopyranose(2-). It is an enantiomer of a 4-hydroxy-N-acetyl-alpha-L-fucosapenta-(1->4)-glycero-CoA"
663,"The molecule is a polyunsaturated fatty acyl-CoA that results from the formal condensation of the thiol group of coenzyme A with the carboxy group of (3Z,4Z,6Z,8Z,10Z,13Z)-docosahexaenoic acid. It derives from an all-cis-docosa-3,4,6,8,10,13-tetrahydroacosapentaenoate. It is a conjugate acid of a 3-hydroxyhexadecanoic acid(1-). It is an en"
664,"The molecule is a polyunsaturated fatty acyl-CoA that results from the formal condensation of the thiol group of coenzyme A with the carboxy group of (6Z,8Z,11Z,13Z,14Z)-docosapentaenoic acid. It has a role as a human metabolite and a Saccharomyces cerevisiae metabolite. It derives from an all-cis-docosa-6,8,11,13,14-tetrahydroflavone. It is a conjugate acid of a (4Z,"
665,"The molecule is a polyunsaturated fatty acyl-CoA that results from the formal condensation of the thiol group of coenzyme A with the carboxy group of (2Z,8Z,11Z,14Z)-icosatetraenoic acid. It has a role as a human metabolite and a Saccharomyces cerevisiae metabolite. It derives from an alpha-D-glucopyranoside. It is a conjugate acid of a (2S)-3-hydroxyhexadecanoic acid(1-). It is an enanti"
666,"The molecule is a polyunsaturated fatty acyl-CoA that results from the formal condensation of the thiol group of coenzyme A with the carboxy group of (2Z,4Z,6Z,8Z,10Z,13Z)-icosatetraenoic acid. It has a role as a human metabolite and a Saccharomyces cerevisiae metabolite. It derives from an all-cis-icosaccharide. It is a conjugate acid of a (1Z,3Z,7Z,12Z,14Z)-"
667,"The molecule is an organophosphate oxoanion obtained by deprotonation of the phosphate and diphosphate OH groups of 3-deoxy-D-glucopyranose; major species at pH 7.3. It is a conjugate base of a 3,4-dihydroxyhexadecanoyl-sn-glycero-3-phosphacyl-CoA(4-). It is an enantiomer of a 4-hydroxymethylhexadecanoic acid. It derives from a (1S)-3-[(2S)-"
668,"The molecule is a polyunsaturated fatty acyl-CoA that results from the formal condensation of the thiol group of coenzyme A with the carboxy group of (3Z,4Z,6Z,8Z,10Z,13Z)-docosapentaenoic acid. It has a role as a human metabolite and a Saccharomyces cerevisiae metabolite. It derives from an all-cis-docosa-3,4,6,8,10,13-tetraenoate. It is a conjugate acid of a (3"
669,"The molecule is an organophosphate oxoanion obtained by deprotonation of the phosphate and diphosphate OH groups of 3-hydroxy-D-glucopyranose; major species at pH 7.3. It has a role as a human metabolite and a Saccharomyces cerevisiae metabolite. It is a conjugate base of a 3,4-dihydroxy-L-glycero-3-phosphate(2-). It is an enantiomer of a (R)-3-[(S)-1-(sulfonic acid"
670,"The molecule is a polyunsaturated fatty acyl-CoA that results from the formal condensation of the thiol group of coenzyme A with the carboxy group of (2Z,4Z,7Z,10Z,13Z)-icosatetraenoic acid. It has a role as a human metabolite and a Saccharomyces cerevisiae metabolite. It derives from an alpha-D-glucopyranoside. It is a conjugate acid of a (1Z,3Z,8Z,11Z)-octadecenoyl"
671,"The molecule is a polyunsaturated fatty acyl-CoA that results from the formal condensation of the thiol group of coenzyme A with the carboxy group of (7Z,10Z,13Z,16Z,19Z)-docosapentaenoic acid. It has a role as a human metabolite and a Saccharomyces cerevisiae metabolite. It derives from an all-cis-docosa-6,10,13,16,19-tetrahydrocystic fibrosis factor. It is a conjugate acid of a (7"
672,"The molecule is a polyunsaturated fatty acyl-CoA that results from the formal condensation of the thiol group of coenzyme A with the carboxy group of (3Z,4Z,6Z,8Z,10Z,13Z)-docosahexaenoic acid. It derives from an all-cis-docosa-3,4,6,8,10,13-tetrahydrocysteine. It is a conjugate acid of a 3-hydroxyhexadecanoic acid(1-). It is an enantiomer of"
673,"The molecule is a polyunsaturated fatty acyl-CoA that results from the formal condensation of the thiol group of coenzyme A with the carboxy group of (3Z,4Z,6Z,8Z,10Z,13Z)-icosatetraenoic acid. It has a role as a human metabolite and a Saccharomyces cerevisiae metabolite. It derives from an alpha-D-glucopyranoside. It is a conjugate acid of a (3S)-2-hydroxyhexadecenoyl-Co"
674,"The molecule is a polyunsaturated fatty acyl-CoA that results from the formal condensation of the thiol group of coenzyme A with the carboxy group of (2Z,8Z,11Z,14Z)-icosatetraenoic acid. It has a role as a human metabolite and a Saccharomyces cerevisiae metabolite. It derives from an alpha-D-glucopyranoside. It is a conjugate acid of a (2S)-3-hydroxyhexadecanoic acid(1-). It is an enanti"
675,"The molecule is an organophosphate oxoanion obtained by deprotonation of the phosphate and diphosphate OH groups of 3-hydroxy-D-glucopyranose; major species at pH 7.3. It has a role as a Saccharomyces cerevisiae metabolite. It is a conjugate base of a 3,4-dihydroxy-L-glycero-3-phosphate(2-). It is an enantiomer of a 4-hydroxyphenyl-5-oxohexadecanoic acid. It"
676,"The molecule is a polyunsaturated fatty acyl-CoA that results from the formal condensation of the thiol group of coenzyme A with the carboxy group of (7Z,11Z,13Z,16Z,19Z)-docosahexaenoic acid. It has a role as a human metabolite and a Saccharomyces cerevisiae metabolite. It derives from an all-conjugated alpha-D-glucopyranoside. It is a conjugate acid of a 3-hydroxyhexadecanoic acid(4-). It is"
677,"The molecule is a polyunsaturated fatty acyl-CoA that results from the formal condensation of the thiol group of coenzyme A with the carboxy group of (3Z,8Z,11Z,14Z)-icosatetraenoic acid. It has a role as a human metabolite and a Saccharomyces cerevisiae metabolite. It derives from an alpha-D-glucopyranoside. It is a conjugate acid of a (4Z,7Z,10Z,16Z,19Z)-octadecenoyl"
678,"The molecule is a polyunsaturated fatty acyl-CoA that results from the formal condensation of the thiol group of coenzyme A with the carboxy group of (7Z,11Z,13Z,16Z,19Z)-docosahexaenoic acid. It has a role as a human metabolite and a Saccharomyces cerevisiae metabolite. It derives from an all-conjugated alpha-D-glucopyranoside. It is a conjugate acid of a 3-hydroxyhexadecanoic acid(4-). It is"
679,"The molecule is a polyunsaturated fatty acyl-CoA that results from the formal condensation of the thiol group of coenzyme A with the carboxy group of (7Z,11Z,13Z,16Z,19Z)-docosapentaenoic acid. It has a role as a human metabolite and a Saccharomyces cerevisiae metabolite. It derives from an all-cis-docosa-6,11,13,16,19-tetrahydrocystic fibrosis. It is a conjugate acid of a (9Z"
680,"The molecule is a monocarboxylic acid anion obtained by deprotonation of the phosphate and diphosphate OH groups of (3Z,8Z,11Z,14Z)-icosatetraenoyl-CoA; major species at pH 7.3. It is a conjugate base of a (2Z,7Z,10Z,12Z,16Z,19Z)-octadecapentaenoic acid(1-). It is an enantiomer of a 3-hydroxyhexadecanoic acid. It derives from a ("
681,"The molecule is an organophosphate oxoanion obtained by deprotonation of the phosphate and diphosphate OH groups of N-acetyl-D-glucosamine; major species at pH 7.3. It has a role as a Saccharomyces cerevisiae metabolite, an Escherichia coli metabolite and a mouse metabolite. It is a conjugate base of a N-(4-hydroxyhexadecanoyl)-D-glycero-1-phosphate(2-). It is an enantiomer of a (R)-N"
682,"The molecule is a polyunsaturated fatty acyl-CoA that results from the formal condensation of the thiol group of coenzyme A with the carboxy group of (7Z,10Z,13Z,16Z,19Z)-docosapentaenoic acid. It has a role as a human metabolite and a Saccharomyces cerevisiae metabolite. It derives from an all-cis-docosa-6,10,13,16,19-tetrahydrocystic fibrosis factor. It is a conjugate acid of a (7"
683,"The molecule is an organophosphate oxoanion obtained by deprotonation of the phosphate and diphosphate OH groups of 3-phosphate; major species at pH 7.3. It has a role as a Saccharomyces cerevisiae metabolite. It is a conjugate base of a 3,5-dihydroxy-D-galactopyranose(1-). It is an enantiomer of a 4-hydroxy-L-glutamic acid. It derives from a L-glycero-2-enantiobutyric acid"
684,"The molecule is a polyunsaturated fatty acyl-CoA that results from the formal condensation of the thiol group of coenzyme A with the carboxy group of (7Z,11Z,13Z,16Z,19Z)-docosapentaenoic acid. It has a role as a human metabolite and a Saccharomyces cerevisiae metabolite. It derives from an all-cis-docosa-6,11,13,16,19-tetrahydrocystic fibrosis factor. It is a conjugate acid of a (7"
685,"The molecule is a polyunsaturated fatty acyl-CoA that results from the formal condensation of the thiol group of coenzyme A with the carboxy group of (3Z,4Z,6Z,8Z,10Z,13Z)-docosapentaenoic acid. It has a role as a human metabolite and a Saccharomyces cerevisiae metabolite. It derives from an all-cis-docosa-3,4,6,8,10,13-tetraenoate. It is a conjugate acid of a (3"
686,"The molecule is a hydroxy fatty acid anion that is the conjugate base of (3Z,4Z,6Z,8Z,10Z)-icosatetraenoic acid, obtained by deprotonation of the carboxy group; major species at pH 7.3. It has a role as a human metabolite and a Saccharomyces cerevisiae metabolite. It is a long-chain fatty acyl-CoA(4-) aldehyde and a monounsaturated fatty acids anion. It derives from an all-cis-coenzyme"
687,"The molecule is an organophosphate oxoanion obtained by deprotonation of the phosphate and diphosphate OH groups of 3-hydroxy-D-glucopyranose; major species at pH 7.3. It has a role as a human metabolite and a Saccharomyces cerevisiae metabolite. It is a conjugate base of a 3,4-dihydroxy-L-glycero-3-phosphate(2-). It is an enantiomer of a (R)-3-hydroxyphenyl-alpha-D"
688,"The molecule is a monocarboxylic acid anion obtained by deprotonation of the phosphate and diphosphate OH groups of 3-hydroxyhexadecenoyl-CoA; major species at pH 7.3. It has a role as a human metabolite and a Saccharomyces cerevisiae metabolite. It derives from a hexadecanoic acid. It is a conjugate base of a 3-[(2Z,4Z)-octadecanoyl]-CoA(4-). It is an enantiomer of a (R)-hexade"
689,"The molecule is a polyunsaturated fatty acyl-CoA that results from the formal condensation of the thiol group of coenzyme A with the carboxy group of (3Z,4Z,6Z,7Z,10Z,13Z)-docosapentaenoic acid. It derives from an all-cis-docosa-3,4,6,7,10,13-tetrahydrocysteine. It is a conjugate acid of a 3-hydroxyhexadecanoic acid(1-). It is an enantiomer of"
690,"The molecule is an organophosphate oxoanion obtained by deprotonation of the phosphate and diphosphate OH groups of 3-phosphate; major species at pH 7.3. It has a role as a Saccharomyces cerevisiae metabolite. It is a conjugate base of a 3,5-dihydroxy-D-glucopyranose(2-). It is an enantiomer of a 4-hydroxy-L-phenyl-alpha-amino-1-enantioyl-sn-glycero-3-"
691,"The molecule is a monocarboxylic acid anion obtained by deprotonation of the phosphate and diphosphate OH groups of (2Z,8Z,11Z,14Z)-icosatetraenoic acid; major species at pH 7.3. It has a role as a Saccharomyces cerevisiae metabolite and a mouse metabolite. It is a conjugate base of a (4Z,7Z,10Z,13E,16Z,17Z-tetraenoyl-CoA). It is an enantiomer of"
692,"The molecule is a polyunsaturated fatty acyl-CoA that results from the formal condensation of the thiol group of coenzyme A with the carboxy group of (2Z,8Z,11Z,14Z)-icosatetraenoic acid. It has a role as a human metabolite and a Saccharomyces cerevisiae metabolite. It derives from an all-cis-icosaccharide. It is a conjugate acid of a (4Z,7Z,10Z,13E,19Z)-octadecenoyl"
693,"The molecule is an organophosphate oxoanion obtained by deprotonation of the phosphate and diphosphate OH groups of 3-hydroxy-D-glucopyranose; major species at pH 7.3. It has a role as a human metabolite and a Saccharomyces cerevisiae metabolite. It is a conjugate base of a 3,4-dihydroxy-L-glycero-3-phosphate(2-). It is an enantiomer of a (R)-3-[(S)-octadecenoyl"
694,"The molecule is a polyunsaturated fatty acyl-CoA that results from the formal condensation of the thiol group of coenzyme A with the carboxy group of (2Z,8Z,11Z,14Z)-icosatetraenoic acid. It has a role as a human metabolite and a Saccharomyces cerevisiae metabolite. It derives from an alpha-D-glucopyranoside. It is a conjugate acid of a (2S)-3-hydroxyhexadecanoic acid(1-). It is an enanti"
695,"The molecule is a polyunsaturated fatty acyl-CoA that results from the formal condensation of the thiol group of coenzyme A with the carboxy group of (3Z,4Z,6Z,8Z,11Z,13Z)-docosapentaenoic acid. It derives from an all-cis-docosa-3,4,6,8,11,13-tetrahydrocystic fibrosis (CFS). It is a conjugate acid of a (7Z,9Z,10Z,14Z,15Z)-"
696,"The molecule is a polyunsaturated fatty acyl-CoA that results from the formal condensation of the thiol group of coenzyme A with the carboxy group of (3Z,4Z,6Z,8Z,10Z,13Z)-docosahexaenoic acid. It derives from an all-cis-docosa-3,4,6,8,10,13-tetrahydrocysteine. It is a conjugate acid of a 3-hydroxyhexadecanoic acid(1-). It is an enantiomer of"
697,"The molecule is a polyunsaturated fatty acyl-CoA that results from the formal condensation of the thiol group of coenzyme A with the carboxy group of (7Z,10Z,13Z,16Z,19Z)-docosapentaenoic acid. It has a role as a human metabolite and a Saccharomyces cerevisiae metabolite. It derives from an all-cis-docosa-6,10,13,16,19-tetrahydrocystic fibrosis factor. It is a conjugate acid of a (7"
698,"The molecule is a polyunsaturated fatty acyl-CoA that results from the formal condensation of the thiol group of coenzyme A with the carboxy group of (3Z,4Z,6Z,7Z,10Z,13Z)-docosapentaenoic acid. It derives from an all-cis-docosa-3,4,6,7,10,13-tetrahydrocystic fibrosis. It is a conjugate acid of a 3-hydroxyhexadecanoic acid(1-). It is an enantiomer"
699,"The molecule is a polyunsaturated fatty acyl-CoA that results from the formal condensation of the thiol group of coenzyme A with the carboxy group of (3Z,4Z,6Z,8Z,10Z,13Z)-docosapentaenoic acid. It derives from an all-cis-docosa-3,4,6,8,10,13-tetrahydrocysteine. It is a conjugate acid of a 3-hydroxyhexadecanoic acid(1-). It is an enantiomer of"
700,"The molecule is a hydroxy fatty acyl-CoA that results from the formal condensation of the thiol group of coenzyme A with the carboxy group of (2Z,4Z,6Z,8Z,10Z,13Z)-icosatetraenoic acid. It has a role as a human metabolite and a Saccharomyces cerevisiae metabolite. It derives from an all-cis-icosaccharide. It is a conjugate acid of a (1Z,3Z,7Z,11Z)-octadecen"
701,"The molecule is an organophosphate oxoanion obtained by deprotonation of the phosphate and diphosphate OH groups of 3-phosphate; major species at pH 7.3. It has a role as a Saccharomyces cerevisiae metabolite. It is a conjugate base of a 3,3-dihydroxy-D-glucosamine(1+). It is an enantiomer of a 4-hydroxy-L-glycero-CoA(4-) and a 3-oxo-alpha-amino-2-O-"
702,"The molecule is a polyunsaturated fatty acyl-CoA that results from the formal condensation of the thiol group of coenzyme A with the carboxy group of (3Z,4Z,6Z,8Z,10Z,13Z)-docosapentaenoic acid. It has a role as a human metabolite and a Saccharomyces cerevisiae metabolite. It derives from an all-cis-docosa-3,4,6,8,10,13-tetraenoate. It is a conjugate acid of a (3"
703,"The molecule is an organophosphate oxoanion obtained by deprotonation of the phosphate and diphosphate OH groups of 3-phosphate; major species at pH 7.3. It has a role as a Saccharomyces cerevisiae metabolite. It is a conjugate base of a 3,3-dihydroxy-D-glucosamine(1-). It is an enantiomer of a 4-hydroxy-L-phenyl-alpha-amino-2-oxo-4-enantioyl-sn-glycero"
704,"The molecule is a polyunsaturated fatty acyl-CoA that results from the formal condensation of the thiol group of coenzyme A with the carboxy group of (7Z,11Z,13Z,16Z,19Z)-docosahexaenoic acid. It has a role as a human metabolite and a Saccharomyces cerevisiae metabolite. It derives from an all-cis-docosa-6,11,13,16,19-tetrahydrocystic fibrosis factor. It is a conjugate acid of a (7"
705,"The molecule is a polyunsaturated fatty acyl-CoA that results from the formal condensation of the thiol group of coenzyme A with the carboxy group of (2Z,8Z,11Z,14Z)-icosatetraenoic acid. It has a role as a human metabolite and a Saccharomyces cerevisiae metabolite. It derives from an alpha-D-glucopyranoside. It is a conjugate acid of a (4Z,7Z,10Z,13E,19Z)-octadecenoyl"
706,"The molecule is a polyunsaturated fatty acyl-CoA that results from the formal condensation of the thiol group of coenzyme A with the carboxy group of (7Z,11Z,14Z,16Z)-docosapentaenoic acid. It derives from an all-cis-docosa-6,11,14,16-tetrahydro-4-en-1-ol. It is a conjugate acid of a 3-oxo-3-hydroxyhexadecanoic acid(1-). It is an enantiomer of"
707,"The molecule is a polyunsaturated fatty acyl-CoA that results from the formal condensation of the thiol group of coenzyme A with the carboxy group of (2Z,4Z,7Z,10Z,13Z)-docosapentaenoic acid. It derives from an all-cis-docosa-3,4,7,10,13-tetrahydrocystic fibrosis (CFS). It is a conjugate acid of a 3-hydroxyhexadecanoic acid(1-). it is an enantiomer of a"
708,"The molecule is a polyunsaturated fatty acyl-CoA that results from the formal condensation of the thiol group of coenzyme A with the carboxy group of (3Z,4Z,6Z,10Z,13Z)-docosapentaenoic acid. It has a role as a human metabolite and a Saccharomyces cerevisiae metabolite. It derives from an all-cis-docosa-3,4,6,10,13-tetrahydrocystic fibrosis factor. It is a conjugate acid of a (3"
709,"The molecule is a polyunsaturated fatty acyl-CoA that results from the formal condensation of the thiol group of coenzyme A with the carboxy group of (3Z,4Z,6Z,10Z,13Z)-docosapentaenoic acid. It has a role as a human metabolite and a Saccharomyces cerevisiae metabolite. It derives from an all-cis-docosa-3,4,6,10,13-tetrahydrocystic fibrosis factor. It is a conjugate acid of a (3"
710,The molecule is an organophosphate oxoanion obtained by deprotonation of the phosphate and diphosphate OH groups of 3-hydroxy-4-oxo-3-enoic acid; major species at pH 7.3. It has a role as a Saccharomyces cerevisiae metabolite. It is a conjugate base of a 3-phosphate(2+). It is an enantiomer of a (S)-octadecenoyl-sn-glycerol. It derives from a hexadecanoic acid. It contains a (R)-
711,"The molecule is an organophosphate oxoanion obtained by deprotonation of the phosphate and diphosphate OH groups of D-glucopyranose; major species at pH 7.3. It has a role as a human metabolite and a Saccharomyces cerevisiae metabolite. It is a conjugate base of a D-glycero-1-phosphate(2-). It is an enantiomer of a N-glycysteine 2,6-dihydroxy-5-oxo-4-enzoic acid. It"
712,"The molecule is an organophosphate oxoanion obtained by deprotonation of the phosphate and diphosphate OH groups of D-glucopyranose; major species at pH 7.3. It has a role as a human metabolite and a Saccharomyces cerevisiae metabolite. It is a conjugate base of a D-glycero-1-phosphate(2-). It is an enantiomer of a N-glycysteine 1,6-dihydroxy-5-oxo-4-enzoic acid. It"
713,"The molecule is a polyunsaturated fatty acyl-CoA that results from the formal condensation of the thiol group of coenzyme A with the carboxy group of (2Z,4Z,6Z,8Z,10Z,13Z)-icosatetraenoic acid. It has a role as a human metabolite and a Saccharomyces cerevisiae metabolite. It derives from an alpha-D-glucopyranoside. It is a conjugate acid of a (1Z,3Z,7Z,12Z,14Z)-"
714,"The molecule is a polyunsaturated fatty acyl-CoA that results from the formal condensation of the thiol group of coenzyme A with the carboxy group of (2Z,4Z,6Z,10Z,13Z)-icosatetraenoic acid. It has a role as a human metabolite and a Saccharomyces cerevisiae metabolite. It derives from an all-cis-icos-3,4,6,10,13-tetrahydroflavone. It is a conjugate acid of a (1Z"
715,"The molecule is a polyunsaturated fatty acyl-CoA that results from the formal condensation of the thiol group of coenzyme A with the carboxy group of (3Z,4Z,6Z,8Z,10Z,13Z)-icosatetraenoic acid. It has a role as a human metabolite and a Saccharomyces cerevisiae metabolite. It derives from an all-conjugated alpha-D-galactopyranose. It is a conjugate acid of a 3-hydroxyhexadecenoyl-"
716,"The molecule is a polyunsaturated fatty acyl-CoA that results from the formal condensation of the thiol group of coenzyme A with the carboxy group of (3Z,4Z,6Z,8Z,10Z,13Z)-docosapentaenoic acid. It derives from an all-cis-docosa-3,4,6,8,10,13-tetrahydrocystic fibrosis (CFS). It is a conjugate acid of a 3-hydroxyhexadecanoic acid(1-). it is an"
717,"The molecule is an organophosphate oxoanion obtained by deprotonation of the phosphate and diphosphate OH groups of 3-phosphate; major species at pH 7.3. It has a role as a Saccharomyces cerevisiae metabolite. It is a conjugate base of a 3,3-dihydroxy-D-glucosamine(1-). It is an enantiomer of a 4-hydroxy-L-glycero-CoA(4-) and a 3-methyl-alpha-amino-2-enoic acid"
718,"The molecule is a polyunsaturated fatty acyl-CoA that results from the formal condensation of the thiol group of coenzyme A with the carboxy group of (7Z,11Z,13Z,16Z,19Z)-docosahexaenoic acid. It has a role as a human xenobiotic metabolite and a Saccharomyces cerevisiae metabolite. It derives from an all-cis-docosa-6,11,13,16,19-tetrahydroflavone. It is a conjugate acid of a ("
719,"The molecule is a polyunsaturated fatty acyl-CoA that results from the formal condensation of the thiol group of coenzyme A with the carboxy group of (7Z,11Z,13Z,16Z,19Z)-docosahexaenoic acid. It has a role as a human metabolite and a Saccharomyces cerevisiae metabolite. It derives from an all-cis-docosa-6,11,13,16,19-tetrahydrocystic fibrosis factor. It is a conjugate acid of a (7"
720,"The molecule is a polyunsaturated fatty acyl-CoA that results from the formal condensation of the thiol group of coenzyme A with the carboxy group of (7Z,11Z,13Z,16Z,19Z)-docosapentaenoic acid. It has a role as a human metabolite and a Saccharomyces cerevisiae metabolite. It derives from an all-cis-docosa-6,11,13,16,19-tetrahydrocystic fibrosis factor. It is a conjugate acid of a (7"
721,"The molecule is a hydroxy fatty acyl-CoA that results from the formal condensation of the thiol group of coenzyme A with the carboxy group of (3Z,4Z,6Z,8Z,10Z,13Z)-docosapentaenoic acid. It has a role as a human metabolite and a Saccharomyces cerevisiae metabolite. It derives from an all-cis-docosa-3,4,6,8,10,13-tetrahydroflavone. It is a conjugate acid of a"
722,The molecule is an organophosphate oxoanion obtained by deprotonation of the phosphate and diphosphate OH groups of 3-hydroxy-3-oxanoic acid; major species at pH 7.3. It has a role as a human metabolite and a Saccharomyces cerevisiae metabolite. It is a conjugate base of a 3-[(1S)-3-(hydroxyhexadecenzoic acid)hexadecanoyl]-beta-D-galactopyranose(2-). It derives from a hexadecanoic acid.
723,"The molecule is a polyunsaturated fatty acyl-CoA that results from the formal condensation of the thiol group of coenzyme A with the carboxy group of (7Z,11Z,13Z,16Z,19Z)-docosapentaenoic acid. It has a role as a human metabolite and a Saccharomyces cerevisiae metabolite. It derives from an all-cis-docosa-6,11,13,16,19-tetrahydrocystic fibrosis factor. It is a conjugate acid of a (7"
724,"The molecule is a polyunsaturated fatty acyl-CoA that results from the formal condensation of the thiol group of coenzyme A with the carboxy group of (7Z,10Z,13Z,16Z,19Z)-docosapentaenoic acid. It has a role as a human metabolite and a Saccharomyces cerevisiae metabolite. It derives from an all-cis-docosa-6,10,13,16,19-tetrahydrocystic fibrosis factor. It is a conjugate acid of a (7"
725,"The molecule is a polyunsaturated fatty acyl-CoA that results from the formal condensation of the thiol group of coenzyme A with the carboxy group of (7Z,11Z,13Z,16Z,19Z)-docosahexaenoic acid. It has a role as a human metabolite and a Saccharomyces cerevisiae metabolite. It derives from an all-cis-docosa-6,11,13,16,19-tetrahydroflavone. It is a conjugate acid of a (9Z,"
726,"The molecule is a hydroxy fatty acyl-CoA that results from the formal condensation of the thiol group of coenzyme A with the carboxy group of (3Z,4Z,6Z,8Z,10Z,13Z)-icosatetraenoic acid. It has a role as a human metabolite and a Saccharomyces cerevisiae metabolite. It derives from an all-cis-icosapentaenoate. It is a conjugate acid of a (5Z,7Z,12Z,16Z,19Z)-"
727,"The molecule is a dicarboxylic acid anion obtained by deprotonation of the carboxy group of 3-hydroxybenzoic acid; major species at pH 7.3. It has a role as a human metabolite and a Saccharomyces cerevisiae metabolite. It is a conjugate base of a 3,3-dichloro-3-enoyl-CoA(4-). It is an enantiomer of a 4-hydroxyphenyl-2-enoic acid. It derives from a (R)-3-hyd"
728,"The molecule is a polyunsaturated fatty acyl-CoA that results from the formal condensation of the thiol group of coenzyme A with the carboxy group of (3Z,4Z,6Z,8Z,10Z,13Z)-docosapentaenoic acid. It has a role as a human metabolite and a Saccharomyces cerevisiae metabolite. It derives from an all-cis-docosa-3,4,6,8,10,13-tetraenoate. It is a conjugate acid of a (3"
729,"The molecule is a polyunsaturated fatty acyl-CoA that results from the formal condensation of the thiol group of coenzyme A with the carboxy group of (3Z,8Z,11Z,14Z)-icosatetraenoic acid. It has a role as a human metabolite and a Saccharomyces cerevisiae metabolite. It is a monocarboxylic acid anion, a member of alpha-hydroxyflavones, a non-steroidal anti-inflammatory drug and an organochloroblastster compound. It derives from"
730,"The molecule is a polyunsaturated fatty acyl-CoA that results from the formal condensation of the thiol group of coenzyme A with the carboxy group of (3Z,4Z,6Z,8Z,10Z,13Z)-icosatetraenoic acid. It has a role as a human metabolite and a Saccharomyces cerevisiae metabolite. It derives from an alpha-D-glucopyranoside. It is a conjugate acid of a (2Z,5Z,7Z,12Z,14Z)-"
731,"The molecule is a monocarboxylic acid anion obtained by deprotonation of the phosphate and diphosphate OH groups of (2Z,8Z,11Z,14Z)-icosatetraenoic acid; major species at pH 7.3. It has a role as a human metabolite and a Saccharomyces cerevisiae metabolite. It is a conjugate base of a (4Z,7Z,10Z,12Z,16Z,19Z)-octadecenoyl-CoA(4-). It is an en"
732,"The molecule is a polyunsaturated fatty acyl-CoA that results from the formal condensation of the thiol group of coenzyme A with the carboxy group of (2Z,8Z,11Z,14Z)-icosatetraenoic acid. It has a role as a human metabolite and a Saccharomyces cerevisiae metabolite. It derives from an all-cis-icosaccharide. It is a conjugate acid of a (4Z,7Z,10Z,16Z,19Z)-octadecenoyl"
733,"The molecule is an organophosphate oxoanion obtained by deprotonation of the phosphate and diphosphate OH groups of D-glucopyranose; major species at pH 7.3. It has a role as a human metabolite and a Saccharomyces cerevisiae metabolite. It is a monocarboxylic acid anion, a conjugate base of a D-glycero-1-phosphate(2-). It is an enantiomer of a N-glycysteine. It derives from a 2-hydroxy-D"
734,"The molecule is a polyunsaturated fatty acyl-CoA that results from the formal condensation of the thiol group of coenzyme A with the carboxy group of (2Z,4Z,6Z,8Z,10Z,13Z)-icosatetraenoic acid. It has a role as a human metabolite and a Saccharomyces cerevisiae metabolite. It derives from an all-cis-icosaccharide. It is a conjugate acid of a (1Z,3Z,7Z,12Z,14Z)-"
735,"The molecule is an organophosphate oxoanion obtained by deprotonation of the phosphate and diphosphate OH groups of 3-phosphate; major species at pH 7.3. It has a role as a Saccharomyces cerevisiae metabolite. It is a conjugate base of a 3,5-dihydroxy-D-glucopyranose(1-). It is an enantiomer of a 4-hydroxy-L-glycero-CoA(4-) and a 3-methyl-alpha-amino-2-en"
736,"The molecule is a polyunsaturated fatty acyl-CoA that results from the formal condensation of the thiol group of coenzyme A with the carboxy group of (3Z,4Z,6Z,8Z,10Z,13Z)-docosapentaenoic acid. It has a role as a human metabolite and a Saccharomyces cerevisiae metabolite. It derives from an all-cis-docosa-3,4,6,8,10,13-tetrahydroflavone. It is a conjugate acid of"
737,"The molecule is a polyunsaturated fatty acyl-CoA that results from the formal condensation of the thiol group of coenzyme A with the carboxy group of (3Z,4Z,6Z,7Z,10Z,13Z)-docosapentaenoic acid. It derives from an all-cis-docosa-3,4,6,7,10,13-tetrahydrocystic fibrosis (CFS). It is a conjugate acid of a (5Z,8Z,11Z,14Z,15Z)-"
738,"The molecule is a polyunsaturated fatty acyl-CoA that results from the formal condensation of the thiol group of coenzyme A with the carboxy group of (2Z,4Z,7Z,10Z,13Z)-icosatetraenoic acid. It has a role as a human metabolite and a Saccharomyces cerevisiae metabolite. It derives from an alpha-D-glucopyranoside. It is a conjugate acid of a (1Z,3Z,8Z,11Z)-octadecenoyl"
739,"The molecule is an organophosphate oxoanion obtained by deprotonation of the phosphate and diphosphate OH groups of 3-phosphate; major species at pH 7.3. It has a role as a Saccharomyces cerevisiae metabolite. It is a conjugate base of a 3,5-dihydroxy-D-glucopyranose(1-). It is an enantiomer of a 4-hydroxy-L-phenyl-alpha-amino-2-oxo-4-enantioyl-sn-gly"
740,"The molecule is a monocarboxylic acid anion obtained by deprotonation of the phosphate and diphosphate OH groups of (3Z,8Z,11Z,14Z)-icosatetraenoic acid; major species at pH 7.3. It has a role as a Saccharomyces cerevisiae metabolite. It is a conjugate base of a (7Z,9Z,10Z,16Z,17E,19Z)-octadecenoyl-cero-CoA(4-). It is an enantiomer"
741,"The molecule is a polyunsaturated fatty acyl-CoA that results from the formal condensation of the thiol group of coenzyme A with the carboxy group of (3Z,4Z,6Z,8Z,10Z,13Z)-docosapentaenoic acid. It has a role as a human metabolite and a Saccharomyces cerevisiae metabolite. It derives from an all-cis-docosa-3,4,6,8,10,13-tetraenoate. It is a conjugate acid of a (3"
742,"The molecule is a polyunsaturated fatty acyl-CoA that results from the formal condensation of the thiol group of coenzyme A with the carboxy group of (2Z,8Z,11Z,14Z)-icosatetraenoic acid. It has a role as a human metabolite and a Saccharomyces cerevisiae metabolite. It derives from an alpha-D-glucopyranoside. It is a conjugate acid of a (2S)-3-hydroxyhexadecanoic acid(1-). It is an enanti"
743,The molecule is an organophosphate oxoanion obtained by deprotonation of the phosphate and diphosphate OH groups of N-acetyl-beta-D-glucosamine; major species at pH 7.3. It has a role as a Saccharomyces cerevisiae metabolite. It is a conjugate base of a N-(4-hydroxyhexadecenzoic acid)carbonylglyceroate(2-). It is an enantiomer of a (S)-nucleosapentaenoic acid. It derives from a N-
744,"The molecule is a monocarboxylic acid anion obtained by deprotonation of the phosphate and diphosphate OH groups of (3Z,8Z,11Z)-icosatetraenoic acid; major species at pH 7.3. It has a role as a human metabolite. It is a conjugate base of a (7Z,9Z,12Z,15Z)-cisoyl-CoA(4-). It is an enantiomer of a Cis-3,8,11,15-trienoic acid. It"
745,"The molecule is an organophosphate oxoanion obtained by deprotonation of the phosphate and diphosphate OH groups of 3-phosphate; major species at pH 7.3. It has a role as a Saccharomyces cerevisiae metabolite. It is a conjugate base of a 3,5-dihydroxy-D-glucopyranose(1-). It is an enantiomer of a 4-hydroxy-N-acetyl-alpha-amino-L-fucosiduranosine zwitterion. It"
746,"The molecule is a polyunsaturated fatty acyl-CoA that results from the formal condensation of the thiol group of coenzyme A with the carboxy group of (2Z,8Z,11Z,14Z)-icosatetraenoic acid. It has a role as a human metabolite and a Saccharomyces cerevisiae metabolite. It derives from an alpha-D-glucopyranoside. It is a conjugate acid of a (2S)-3-hydroxyhexadecanoic acid(1-). It is an enanti"
747,"The molecule is a polyunsaturated fatty acyl-CoA that results from the formal condensation of the thiol group of coenzyme A with the carboxy group of (2Z,4Z,6Z,8Z,10Z,13Z)-icosatetraenoic acid. It has a role as a human metabolite and a Saccharomyces cerevisiae metabolite. It derives from an all-conjugated alpha-D-glucopyranoside. It is a conjugate acid of a (1Z,3Z,7Z,11"
748,"The molecule is a polyunsaturated fatty acyl-CoA that results from the formal condensation of the thiol group of coenzyme A with the carboxy group of (7Z,11Z,13Z,16Z,19Z)-docosapentaenoic acid. It has a role as a human metabolite and a Saccharomyces cerevisiae metabolite. It derives from an all-cis-docosa-6,11,13,16,19-tetrahydrocystic fibrosis factor. It is a conjugate acid of a (7"
749,"The molecule is an organophosphate oxoanion obtained by deprotonation of the phosphate and diphosphate OH groups of 3-phosphate; major species at pH 7.3. It has a role as a Saccharomyces cerevisiae metabolite. It is a conjugate base of a 3,5-dihydroxy-D-glucopyranose(2-). It is an enantiomer of a 4-hydroxy-L-glycero-CoA. It derives from a 3-Phosphate(2-) and a D-"
750,"The molecule is a polyunsaturated fatty acyl-CoA that results from the formal condensation of the thiol group of coenzyme A with the carboxy group of (3Z,8Z,11Z,14Z)-icosatetraenoic acid. It has a role as a human metabolite and a Saccharomyces cerevisiae metabolite. It derives from an alpha-D-glucopyranoside. It is a conjugate acid of a (4Z,7Z,10Z,16Z,19Z)-octadecenoyl"
751,"The molecule is a hydroxy fatty acyl-CoA that results from the formal condensation of the thiol group of coenzyme A with the carboxy group of (3Z,4Z,6Z,8Z,10Z,13Z)-docosapentaenoic acid. It has a role as a human metabolite and a Saccharomyces cerevisiae metabolite. It derives from an all-cis-docosa-3,4,6,8,10,13-tetrahydroflavone. It is a conjugate acid of a"
752,"The molecule is a polyunsaturated fatty acyl-CoA that results from the formal condensation of the thiol group of coenzyme A with the carboxy group of (3Z,4Z,6Z,8Z,11Z,13Z)-docosapentaenoic acid. It derives from an all-cis-docosa-3,4,6,8,11,13-tetrahydrocysteine. It is a conjugate acid of a (1Z,2Z,7Z,10Z,14Z)-dihydro"
753,"The molecule is a polyunsaturated fatty acyl-CoA that results from the formal condensation of the thiol group of coenzyme A with the carboxy group of (3Z,4Z,6Z,8Z,10Z,13Z)-docosapentaenoic acid. It has a role as a human metabolite and a Saccharomyces cerevisiae metabolite. It derives from an all-cis-docosa-3,4,6,8,10,13-tetraenoate. It is a conjugate acid of a (3"
754,"The molecule is a monocarboxylic acid anion obtained by deprotonation of the phosphate and diphosphate OH groups of (2Z,8Z,11Z,14Z)-icosatetraenoic acid; major species at pH 7.3. It has a role as a human metabolite and a Saccharomyces cerevisiae metabolite. It is a conjugate base of a (4Z,7Z,10Z,12Z,16Z,19Z)-octadecenoyl-CoA(4-). It is an en"
755,"The molecule is a polyunsaturated fatty acyl-CoA that results from the formal condensation of the thiol group of coenzyme A with the carboxy group of (3Z,4Z,6Z,8Z,10Z,13Z)-docosapentaenoic acid. It has a role as a human metabolite and a Saccharomyces cerevisiae metabolite. It derives from an all-cis-docosa-3,4,6,8,10,13-tetraenoate. It is a conjugate acid of a (3"
756,"The molecule is a polyunsaturated fatty acyl-CoA that results from the formal condensation of the thiol group of coenzyme A with the carboxy group of (3Z,4Z,6Z,8Z,10Z,13Z)-icosatetraenoic acid. It has a role as a human metabolite and a Saccharomyces cerevisiae metabolite. It derives from an all-conjugated alpha-D-glucopyranoside. It is a conjugate acid of a (1Z,2Z,7Z,11"
757,"The molecule is a polyunsaturated fatty acyl-CoA that results from the formal condensation of the thiol group of coenzyme A with the carboxy group of (3Z,4Z,6Z,8Z,10Z,13Z)-docosapentaenoic acid. It has a role as a human metabolite and a Saccharomyces cerevisiae metabolite. It derives from an all-cis-docosa-3,4,6,8,10,13-tetraenoate. It is a conjugate acid of a (3"
758,"The molecule is an organophosphate oxoanion obtained by deprotonation of the phosphate and diphosphate OH groups of D-glucopyranose; major species at pH 7.3. It has a role as a Saccharomyces cerevisiae metabolite. It is a conjugate base of a D-glycero-1-phosphate(2-). It is an enantiomer of a N-glycocarboxylamino-1,2-dihydroxy-6-enantioyl-sn-glycysteine"
759,"The molecule is an organophosphate oxoanion obtained by deprotonation of the phosphate and diphosphate OH groups of 3-deoxy-D-glucopyranose; major species at pH 7.3. It has a role as a Saccharomyces cerevisiae metabolite. It is a conjugate base of a 3,4-dihydroxyhexadecanoyl-sn-glycero-3-phosphacyl-CoA(4-). It is an enantiomer of a (R)-3-(2-hydroxyhex"
760,"The molecule is a polyunsaturated fatty acyl-CoA that results from the formal condensation of the thiol group of coenzyme A with the carboxy group of (3Z,4Z,6Z,8Z,10Z,13Z)-docosapentaenoic acid. It has a role as a human metabolite and a Saccharomyces cerevisiae metabolite. It derives from an all-cis-docosa-3,4,6,8,10,13-tetraenoate. It is a conjugate acid of a (3"
761,"The molecule is a polyunsaturated fatty acyl-CoA that results from the formal condensation of the thiol group of coenzyme A with the carboxy group of (2Z,4Z,7Z,10Z,13Z)-icosatetraenoic acid. It has a role as a human metabolite and a Saccharomyces cerevisiae metabolite. It derives from an all-cis-icosaccharide. It is a conjugate acid of a (1Z,3Z,8Z,12Z,16Z,19Z)-"
762,"The molecule is a polyunsaturated fatty acyl-CoA that results from the formal condensation of the thiol group of coenzyme A with the carboxy group of (7Z,10Z,13Z,16Z,19Z)-docosahexaenoic acid. It has a role as a human metabolite and a Saccharomyces cerevisiae metabolite. It derives from an all-cis-docosa-6,10,13,16,19-tetrahydropyranosyl ester. It is a conjugate acid of a (7"
763,"The molecule is a polyunsaturated fatty acyl-CoA that results from the formal condensation of the thiol group of coenzyme A with the carboxy group of (2Z,4Z,6Z,8Z,10Z,13Z)-icosatetraenoic acid. It has a role as a human metabolite and a Saccharomyces cerevisiae metabolite. It derives from an alpha-D-glucopyranoside. It is a conjugate acid of a (1Z,3Z,7Z,12Z,14Z)-"
764,"The molecule is a monocarboxylic acid anion obtained by deprotonation of the phosphate and diphosphate OH groups of 3-hydroxyhexadecenoyl-CoA; major species at pH 7.3. It has a role as a human metabolite. It derives from a hexadecanoic acid. It is a conjugate base of a 3-[(1S)-hexadecanoyl-(1Z,2Z,4Z,6Z)-icosatetraenoate(1-). It is an enantiomer of a 4-"
765,"The molecule is a polyunsaturated fatty acyl-CoA that results from the formal condensation of the thiol group of coenzyme A with the carboxy group of (3Z,4Z,6Z,10Z,13Z)-docosapentaenoic acid. It has a role as a human metabolite and a Saccharomyces cerevisiae metabolite. It derives from an all-cis-docosa-3,4,6,10,13-tetrahydropyranosyl ester. It is a conjugate acid of a (3"
766,"The molecule is an organophosphate oxoanion obtained by deprotonation of the phosphate and diphosphate OH groups of 3-deoxy-D-glucopyranose; major species at pH 7.3. It is a conjugate base of a 3,4-dihydroxyhexadecanoyl-sn-glycero-3-phosphatidyl-CoA(4-). It is an enantiomer of a 4-hydroxymethylhexadecanoic acid. It derives from a (1S)-2-hydroxyhex"
767,The molecule is an organophosphate oxoanion obtained by deprotonation of the phosphate and diphosphate OH groups of D-glucosamine; major species at pH 7.3. It has a role as a Saccharomyces cerevisiae metabolite. It is a conjugate base of a D-Glucose(1+). It is an enantiomer of a N-acetyl-beta-D-Gal-(1-)glycero-2-phosphopyranoyl-sn-glycerol (the alpha-hydroxy derivative). It
768,"The molecule is a polyunsaturated fatty acyl-CoA that results from the formal condensation of the thiol group of coenzyme A with the carboxy group of (2Z,4Z,6Z,8Z,10Z,13Z)-icosatetraenoic acid. It has a role as a human metabolite and a Saccharomyces cerevisiae metabolite. It derives from an all-cis-icosaccharide. It is a conjugate acid of a 3-hydroxyhexadecanoic acid(1-). It is an"
769,"The molecule is a polyunsaturated fatty acyl-CoA that results from the formal condensation of the thiol group of coenzyme A with the carboxy group of (2Z,8Z,11Z,14Z)-icosatetraenoic acid. It has a role as a human metabolite and a Saccharomyces cerevisiae metabolite. It derives from an alpha-D-glucopyranoside. It is a conjugate acid of a (1Z,7Z,10Z,13E,19Z)-octadecenoyl"
770,"The molecule is a polyunsaturated fatty acyl-CoA that results from the formal condensation of the thiol group of coenzyme A with the carboxy group of (3Z,4Z,6Z,8Z,10Z,13Z)-docosapentaenoic acid. It derives from an all-cis-docosa-3,4,6,8,10,13-tetrahydrocystic fibrosis (CFS). It is a conjugate acid of a (1Z,2Z,7Z,11E,14Z)-"
771,"The molecule is a polyunsaturated fatty acyl-CoA that results from the formal condensation of the thiol group of coenzyme A with the carboxy group of (2Z,4Z,6Z,8Z,10Z,13Z)-icosatetraenoic acid. It has a role as a human metabolite and a Saccharomyces cerevisiae metabolite. It derives from an alpha-D-glucopyranoside. It is a conjugate acid of a (1Z,3Z,7Z,12Z,14Z)-"
772,"The molecule is a polyunsaturated fatty acyl-CoA that results from the formal condensation of the thiol group of coenzyme A with the carboxy group of (3Z,8Z,11Z,14Z)-icosatetraenoic acid. It has a role as a human metabolite and a Saccharomyces cerevisiae metabolite. It derives from an alpha-D-glucoside. It is a conjugate acid of a (4Z,7Z,10Z,16Z,19Z)-octadecenoyl-Co"
773,"The molecule is a polyunsaturated fatty acyl-CoA that results from the formal condensation of the thiol group of coenzyme A with the carboxy group of (3Z,4Z,6Z,8Z,10Z,13Z)-docosapentaenoic acid. It has a role as a human metabolite and a Saccharomyces cerevisiae metabolite. It derives from an all-cis-docosa-3,4,6,8,10,13-tetrahydroflavone. It is a conjugate acid of"
774,"The molecule is a polyunsaturated fatty acyl-CoA that results from the formal condensation of the thiol group of coenzyme A with the carboxy group of (2Z,8Z,11Z,14Z)-icosatetraenoic acid. It has a role as a human metabolite and a Saccharomyces cerevisiae metabolite. It derives from an alpha-D-glucopyranoside. It is a conjugate acid of a (2S)-3-hydroxyhexadecanoic acid(1-). It is an enanti"
775,"The molecule is a polyunsaturated fatty acyl-CoA that results from the formal condensation of the thiol group of coenzyme A with the carboxy group of (7Z,10Z,13Z,16Z,19Z)-docosahexaenoic acid. It has a role as a human metabolite and a Saccharomyces cerevisiae metabolite. It derives from an all-cis-docosa-6,10,13,16,19-tetrahydropyranosyl ester. It is a conjugate acid of a (7"
776,"The molecule is an organophosphate oxoanion obtained by deprotonation of the phosphate and diphosphate OH groups of 3-hydroxy-D-glucopyranose; major species at pH 7.3. It has a role as a human metabolite and a Saccharomyces cerevisiae metabolite. It is a conjugate base of a 3,4-dihydroxy-L-glycero-3-phosphate(1-). It is an enantiomer of a 4-hydroxyphenyl-2-enoic acid."
777,"The molecule is a monocarboxylic acid anion obtained by deprotonation of the phosphate and diphosphate OH groups of (2Z,8Z,11Z)-icosatetraenoic acid; major species at pH 7.3. It has a role as a human metabolite and a Saccharomyces cerevisiae metabolite. It is a conjugate base of a (4Z,7Z,12Z,14Z,16Z,19Z)-octadecenoyl-CoA(4-). It is an enantiomer of"
778,"The molecule is a monocarboxylic acid anion obtained by deprotonation of the phosphate and diphosphate OH groups of (3Z,6Z,10Z,13Z)-icosatetraenoic acid; major species at pH 7.3. It is a conjugate base of a (7Z,8Z,12Z,15Z)-tetraenoyl-CoA(4-). It is an enantiomer of a 3-hydroxyhexadecanoic acid. It derives from a (1Z,5Z,14Z"
779,"The molecule is a polyunsaturated fatty acyl-CoA that results from the formal condensation of the thiol group of coenzyme A with the carboxy group of (7Z,11Z,13Z,16Z,19Z)-docosahexaenoic acid. It derives from an all-cis-docosa-7,11,13,16,19-tetrahydro-4-hydroxyhexadecanoic acid and a 3-oxo-3-acyl-sn-glycerol. It is a conjugate acid of a ("
780,"The molecule is a polyunsaturated fatty acyl-CoA that results from the formal condensation of the thiol group of coenzyme A with the carboxy group of (2Z,4Z,7Z,10Z,13Z)-icosatetraenoic acid. It has a role as a human metabolite and a Saccharomyces cerevisiae metabolite. It derives from an all-cis-icosaccharide. It is a conjugate acid of a (1Z,3Z,8Z,12Z,16Z,19Z)-"
781,"The molecule is an organophosphate oxoanion obtained by deprotonation of the phosphate and diphosphate OH groups of 3-phosphate; major species at pH 7.3. It has a role as a Saccharomyces cerevisiae metabolite. It is a conjugate base of a 3,5-dihydroxy-D-glucopyranose(1-). It is an enantiomer of a 4-hydroxy-N-acetyl-alpha-L-fucosaminyl-(1->2)-beta-amino-D"
782,"The molecule is an organophosphate oxoanion obtained by deprotonation of the phosphate and diphosphate OH groups of 3-phosphate; major species at pH 7.3. It has a role as a Saccharomyces cerevisiae metabolite. It is a conjugate base of a 3,5-dihydroxy-D-galactopyranose(1-). It is an enantiomer of a 4-hydroxy-L-glutamic acid. It derives from a L-glycero-2-enantiobutyric acid"
783,"The molecule is an organophosphate oxoanion obtained by deprotonation of the phosphate and diphosphate OH groups of 1-phosphate; major species at pH 7.3. It has a role as a human metabolite. It is a conjugate base of a 1-Phosphate(2-). It is an enantiomer of a 2,3-diacyl-sn-glycero-3-(1Z)-octadecenoyl-CoA(4-) and a 3-hydroxy-alpha-D-glucopyranose"
784,"The molecule is a polyunsaturated fatty acyl-CoA that results from the formal condensation of the thiol group of coenzyme A with the carboxy group of (7Z,8Z,11Z,13Z,14Z)-docosapentaenoic acid. It has a role as a human metabolite and a Saccharomyces cerevisiae metabolite. It derives from an alpha-D-glucopyranoside. It is a conjugate acid of a 3-hydroxyhexadecanoic acid(4-). It is an enantiomer of"
785,"The molecule is a polyunsaturated fatty acyl-CoA that results from the formal condensation of the thiol group of coenzyme A with the carboxy group of (2Z,8Z,11Z,14Z)-icosatetraenoic acid. It has a role as a human metabolite and a Saccharomyces cerevisiae metabolite. It is a monocarboxylic acid anion, a member of alpha-hydroxyflavones, a trans-glycero-3-phosphochlorobenzymes and a non-proteinogenic"
786,"The molecule is a polyunsaturated fatty acyl-CoA that results from the formal condensation of the thiol group of coenzyme A with the carboxy group of (3Z,4Z,6Z,8Z,11Z,13Z)-docosapentaenoic acid. It derives from an all-cis-docosa-3,4,6,8,11,13-tetrahydroflavone. It is a conjugate acid of a 3-hydroxyhexadecanoic acid(1-). It is an enantiomer of"
787,"The molecule is a polyunsaturated fatty acyl-CoA that results from the formal condensation of the thiol group of coenzyme A with the carboxy group of (7Z,11Z,13Z,14Z)-docosapentaenoic acid. It has a role as a human metabolite and a Saccharomyces cerevisiae metabolite. It derives from an all-cis-docosa-6,11,13,14-tetrahydroflavone. It is a conjugate acid of a 3-hydroxyhexadecanoic acid"
788,"The molecule is a monocarboxylic acid anion obtained by deprotonation of the phosphate and diphosphate OH groups of 3-hydroxybenzoic acid; major species at pH 7.3. It has a role as a Saccharomyces cerevisiae metabolite. It is a conjugate base of a 3-[(2Z,4Z)-octadecenoyl-sn-glycero-3-phospho-D-glucopyranosyl]-beta-L-fucosiduronic acid. It derives from a 3"
789,"The molecule is a polyunsaturated fatty acyl-CoA that results from the formal condensation of the thiol group of coenzyme A with the carboxy group of (2Z,8Z,11Z,14Z)-icosatetraenoic acid. It derives from an all-cis-icosapentaenoate. It is a conjugate acid of a 3-hydroxyhexadecanoic acid(1-). It is an enantiomer of a (2R,8E,11S)-icosa-6,11,14-tet"
790,"The molecule is a polyunsaturated fatty acyl-CoA that results from the formal condensation of the thiol group of coenzyme A with the carboxy group of (7Z,11Z,13Z,16Z,19Z)-docosahexaenoic acid. It has a role as a human metabolite and a Saccharomyces cerevisiae metabolite. It derives from an all-cis-docosa-6,11,13,16,19-tetrahydrocystic fibrosis factor. It is a conjugate acid of a (7"
791,"The molecule is a polyunsaturated fatty acyl-CoA that results from the formal condensation of the thiol group of coenzyme A with the carboxy group of (3Z,8Z,11Z,13Z)-docosapentaenoic acid. It derives from an all-cis-docosa-3,8,11,13-tetraenoate. It is a conjugate acid of a 3-hydroxyhexadecanoic acid(1-). It is an enantiomer of a (3R,8E,11S)-docose"
792,"The molecule is a polyunsaturated fatty acyl-CoA that results from the formal condensation of the thiol group of coenzyme A with the carboxy group of (7Z,11Z,13Z,16Z,19Z)-docosahexaenoic acid. It has a role as a human metabolite and a Saccharomyces cerevisiae metabolite. It derives from an all-cis-docosa-6,11,13,16,19-tetrahydro-4-en-1-ol. It is a conjugate acid of"
793,"The molecule is a polyunsaturated fatty acyl-CoA that results from the formal condensation of the thiol group of coenzyme A with the carboxy group of (7Z,10Z,13Z,14Z)-docosapentaenoic acid. It has a role as a human metabolite and a Saccharomyces cerevisiae metabolite. It derives from an all-cis-docosa-6,10,13,14-tetraenoate. It is a conjugate acid of a 3-hydroxyhexadecanoic acid(1-"
794,"The molecule is a polyunsaturated fatty acyl-CoA that results from the formal condensation of the thiol group of coenzyme A with the carboxy group of (2Z,4Z,7Z,10Z,13Z)-icosatetraenoic acid. It has a role as a human metabolite and a Saccharomyces cerevisiae metabolite. It derives from an alpha-D-glucopyranoside. It is a conjugate acid of a (1Z,3Z,8Z,11Z)-octadecenoyl"
795,"The molecule is a polyunsaturated fatty acyl-CoA that results from the formal condensation of the thiol group of coenzyme A with the carboxy group of (3Z,4Z,6Z,8Z,10Z,13Z)-docosahexaenoic acid. It derives from an all-cis-docosa-3,4,6,8,10,13-tetrahydrocysteine. It is a conjugate acid of a 3-hydroxyhexadecanoic acid(1-). It is an enantiomer of"
796,"The molecule is a polyunsaturated fatty acyl-CoA that results from the formal condensation of the thiol group of coenzyme A with the carboxy group of (2Z,4Z,6Z,8Z,10Z,13Z)-icosatetraenoic acid. It has a role as a human metabolite and a Saccharomyces cerevisiae metabolite. It derives from an alpha-D-glucopyranoside. It is a conjugate acid of a (1Z,3Z,7Z,12Z,14Z)-"
797,"The molecule is a monocarboxylic acid anion obtained by deprotonation of the phosphate and diphosphate OH groups of 3-hydroxyhexadecenoyl-CoA; major species at pH 7.3. It has a role as a human metabolite and a Saccharomyces cerevisiae metabolite. It derives from a hexadecanoic acid. It is a conjugate base of a 3-[(2Z,4Z)-octadecanoyl]-CoA(4-). It is an enantiomer of a (R)-hexade"
798,"The molecule is a polyunsaturated fatty acyl-CoA that results from the formal condensation of the thiol group of coenzyme A with the carboxy group of (2Z,8Z,11Z,14Z)-icosatetraenoic acid. It has a role as a human metabolite and a Saccharomyces cerevisiae metabolite. It derives from an alpha-D-glucopyranoside. It is a conjugate acid of a (2S)-3-hydroxyhexadecanoic acid(1-). It is an enanti"
799,"The molecule is a polyunsaturated fatty acyl-CoA that results from the formal condensation of the thiol group of coenzyme A with the carboxy group of (3Z,4Z,6Z,8Z,10Z,13Z)-docosapentaenoic acid. It has a role as a human metabolite and a Saccharomyces cerevisiae metabolite. It derives from an all-cis-docosa-3,4,6,8,10,13-tetraenoate. It is a conjugate acid of a (3"
800,"The molecule is a polyunsaturated fatty acyl-CoA that results from the formal condensation of the thiol group of coenzyme A with the carboxy group of (6Z,8Z,11Z,13Z)-docosapentaenoic acid. It has a role as a human metabolite and a Saccharomyces cerevisiae metabolite. It derives from an all-cis-docosa-6,8,11,13-tetrahydrocystic fibrosis. It is a conjugate acid of a 3-hydroxyhexadecanoic"
801,"The molecule is a monocarboxylic acid anion obtained by deprotonation of the phosphate and diphosphate OH groups of (3Z,8Z,11Z,14Z)-icosatetraenoic acid; major species at pH 7.3. It has a role as a Saccharomyces cerevisiae metabolite. It is a conjugate base of a (7Z,9Z,10Z,12Z,16Z,19Z)-octadecenoyl-cero-CoA(4-). It is an enantiomer"
802,"The molecule is a polyunsaturated fatty acyl-CoA that results from the formal condensation of the thiol group of coenzyme A with the carboxy group of (3Z,4Z,6Z,8Z,11Z,13Z)-docosapentaenoic acid. It derives from an all-cis-docosa-3,4,6,8,11,13-tetrahydrocysteine. It is a conjugate acid of a 3-hydroxyhexadecanoic acid(1-). It is an enantiomer of"
803,"The molecule is a polyunsaturated fatty acyl-CoA that results from the formal condensation of the thiol group of coenzyme A with the carboxy group of (2Z,4Z,6Z,8Z,10Z,13Z)-icosatetraenoic acid. It has a role as a human metabolite and a Saccharomyces cerevisiae metabolite. It derives from an alpha-D-glucopyranoside. It is a conjugate acid of a (1Z,3Z,7Z,12Z,14Z)-"
804,"The molecule is a polyunsaturated fatty acyl-CoA that results from the formal condensation of the thiol group of coenzyme A with the carboxy group of (3Z,4Z,6Z,8Z,10Z,13Z)-docosapentaenoic acid. It has a role as a human metabolite and a Saccharomyces cerevisiae metabolite. It derives from an all-cis-docosa-3,4,6,8,10,13-tetrahydrocystic fibrosis. It is a conjugate acid"
805,"The molecule is a polyunsaturated fatty acyl-CoA that results from the formal condensation of the thiol group of coenzyme A with the carboxy group of (2Z,4Z,7Z,10Z,13Z)-icosatetraenoic acid. It has a role as a human metabolite and a Saccharomyces cerevisiae metabolite. It derives from an alpha-D-glucopyranoside. It is a conjugate acid of a (1Z,3Z,8Z,11Z)-octadecenoyl"
806,"The molecule is an organophosphate oxoanion obtained by deprotonation of the phosphate and diphosphate OH groups of D-glucopyranose; major species at pH 7.3. It has a role as a human metabolite and a Saccharomyces cerevisiae metabolite. It is a conjugate base of a D-glycero-1-phosphate(2-). It is an enantiomer of a N-glycysteine 1,2-dihydroxy-6-oxo-4-enzoic acid. It"
807,"The molecule is a polyunsaturated fatty acyl-CoA that results from the formal condensation of the thiol group of coenzyme A with the carboxy group of (7Z,10Z,13Z,16Z,19Z)-docosahexaenoic acid. It has a role as a human metabolite and a Saccharomyces cerevisiae metabolite. It derives from an all-cis-docosa-6,10,13,16,19-tetrahydroflavone. It is a conjugate acid of a (9Z,"
808,"The molecule is an organophosphate oxoanion obtained by deprotonation of the phosphate and diphosphate OH groups of 3-deoxy-D-glucopyranose; major species at pH 7.3. It has a role as a human metabolite and a Saccharomyces cerevisiae metabolite. It is a conjugate base of a 3,4-dihydroxyhexadecanoyl-sn-glycero-3-phosphatidylcholine(1-). It is an enantiomer of a 4-hydroxyhex"
809,"The molecule is a polyunsaturated fatty acyl-CoA that results from the formal condensation of the thiol group of coenzyme A with the carboxy group of (7Z,10Z,13Z,16Z,19Z)-docosapentaenoic acid. It has a role as a human metabolite and a Saccharomyces cerevisiae metabolite. It derives from an all-cis-docosa-6,10,13,16,19-tetrahydrocystic fibrosis factor. It is a conjugate acid of a (7"
810,"The molecule is a polyunsaturated fatty acyl-CoA that results from the formal condensation of the thiol group of coenzyme A with the carboxy group of (2Z,8Z,11Z,14Z)-icosatetraenoic acid. It has a role as a human metabolite and a Saccharomyces cerevisiae metabolite. It derives from an alpha-D-glucopyranoside. It is a conjugate acid of a (2S)-3-hydroxyhexadecanoic acid(1-). It is an enanti"
811,"The molecule is an organophosphate oxoanion obtained by deprotonation of the phosphate and diphosphate OH groups of 3-hydroxy-D-glucopyranose; major species at pH 7.3. It has a role as a human metabolite and a Saccharomyces cerevisiae metabolite. It is a conjugate base of a 3,4-dihydroxy-L-glycero-3-phosphate(1-). It is an enantiomer of a 4-hydroxyphenyl-2-enoic acid."
812,"The molecule is a polyunsaturated fatty acyl-CoA that results from the formal condensation of the thiol group of coenzyme A with the carboxy group of (3Z,4Z,6Z,8Z,10Z,13Z)-icosatetraenoic acid. It has a role as a human metabolite and a Saccharomyces cerevisiae metabolite. It derives from an alpha-D-glucopyranoside. It is a conjugate acid of a (2Z,5Z,9Z,12Z,14Z)-"
813,"The molecule is an organophosphate oxoanion obtained by deprotonation of the phosphate and diphosphate OH groups of 3-phosphate; major species at pH 7.3. It has a role as a Saccharomyces cerevisiae metabolite. It is a conjugate base of a 3,3-dihydroxy-D-glucosamine(1-). It is an enantiomer of a 4-hydroxy-L-glycero-CoA(4-) and a 3-oxo-2-enoic acid. It derives from"
814,"The molecule is a monocarboxylic acid anion obtained by deprotonation of the phosphate and diphosphate OH groups of 3-hydroxybenzoic acid; major species at pH 7.3. It has a role as a Saccharomyces cerevisiae metabolite. It is a conjugate base of a 3,4-dihydroxybenzoyl-sn-glycero-3-phosphohexadecanoic acid. It derives from a (1R)-3-[(S)-2-(sulfonic acid)oxy]-sn-"
815,"The molecule is a monocarboxylic acid anion obtained by deprotonation of the phosphate and diphosphate OH groups of (2Z,8Z,11Z,14Z)-icosatetraenoyl-CoA; major species at pH 7.3. It is a conjugate base of a (1Z,7Z,10Z,12Z,13E)-icosahexaenoic acid. It has a role as a Saccharomyces cerevisiae metabolite and an Escherichia coli metabolite. It derives from a ("
816,"The molecule is a polyunsaturated fatty acyl-CoA that results from the formal condensation of the thiol group of coenzyme A with the carboxy group of (2Z,8Z,11Z,14Z)-icosatetraenoic acid. It has a role as a human metabolite and a Saccharomyces cerevisiae metabolite. It derives from an alpha-D-glucopyranoside. It is a conjugate acid of a (2S)-3-hydroxyhexadecanoic acid(1-). It is an enanti"
817,The molecule is an organophosphate oxoanion obtained by deprotonation of the phosphate and diphosphate OH groups of N-acetyl-D-glucosamine; major species at pH 7.3. It has a role as a Saccharomyces cerevisiae metabolite and a mouse metabolite. It is a conjugate base of a N-[(1R)-N-(1S)-nucleopyrimidin-1-yl]-D-glycero-2-phosphochlorobenzoyl-CoA(4-). It is an
818,"The molecule is a polyunsaturated fatty acyl-CoA that results from the formal condensation of the thiol group of coenzyme A with the carboxy group of (2Z,4Z,6Z,8Z,10Z,13Z)-icosatetraenoic acid. It has a role as a human metabolite and a Saccharomyces cerevisiae metabolite. It derives from an alpha-D-glucopyranoside. It is a conjugate acid of a (1Z,3Z,7Z,12Z,14Z)-"
819,"The molecule is a polyunsaturated fatty acyl-CoA that results from the formal condensation of the thiol group of coenzyme A with the carboxy group of (3Z,4Z,6Z,8Z,10Z,13Z)-icosatetraenoic acid. It has a role as a human metabolite and a Saccharomyces cerevisiae metabolite. It derives from an alpha-D-glucopyranoside. It is a conjugate acid of a (2Z,5Z,7Z,12Z,14Z)-"
820,"The molecule is a polyunsaturated fatty acyl-CoA that results from the formal condensation of the thiol group of coenzyme A with the carboxy group of (7Z,11Z,13Z,16Z,19Z)-docosapentaenoic acid. It has a role as a human metabolite and a Saccharomyces cerevisiae metabolite. It derives from an all-cis-docosa-6,11,13,16,19-tetrahydrocystic fibrosis factor. It is a conjugate acid of a (7"
821,"The molecule is a polyunsaturated fatty acyl-CoA that results from the formal condensation of the thiol group of coenzyme A with the carboxy group of (7Z,10Z,13Z,16Z,19Z)-docosapentaenoic acid. It has a role as a human metabolite and a Saccharomyces cerevisiae metabolite. It derives from an all-cis-docosa-6,10,13,16,19-tetrahydrocystic fibrosis factor. It is a conjugate acid of a (7"
822,"The molecule is a polyunsaturated fatty acyl-CoA that results from the formal condensation of the thiol group of coenzyme A with the carboxy group of (2Z,8Z,11Z,13Z)-icosatetraenoic acid. It has a role as a human metabolite and a Saccharomyces cerevisiae metabolite. It derives from an alpha-D-glucoside. It is a conjugate acid of a 3-hydroxyhexadecanoic acid(1-). It is an enantiomer of a 2-hyd"
823,"The molecule is a polyunsaturated fatty acyl-CoA that results from the formal condensation of the thiol group of coenzyme A with the carboxy group of (2Z,8Z,11Z,14Z)-icosatetraenoic acid. It has a role as a human metabolite and a Saccharomyces cerevisiae metabolite. It derives from an alpha-D-glucopyranoside. It is a conjugate acid of a (2S)-3-hydroxyhexadecanoic acid(1-). It is an enanti"
824,"The molecule is a polyunsaturated fatty acyl-CoA that results from the formal condensation of the thiol group of coenzyme A with the carboxy group of (2Z,8Z,11Z,14Z)-icosatetraenoic acid. It has a role as a human metabolite and a Saccharomyces cerevisiae metabolite. It derives from an alpha-D-glucopyranoside. It is a conjugate acid of a (2S)-3-hydroxyhexadecanoic acid(1-). It is an enanti"
825,"The molecule is a polyunsaturated fatty acyl-CoA that results from the formal condensation of the thiol group of coenzyme A with the carboxy group of (7Z,11Z,13Z,16Z,19Z)-docosahexaenoic acid. It derives from an all-cis-docosa-7,11,13,16,19-tetrahydroflavone. It is a conjugate acid of a 3-hydroxyhexadecanoic acid(1-). It is an enantiomer of a (7R,"
826,"The molecule is an organophosphate oxoanion obtained by deprotonation of the phosphate and diphosphate OH groups of D-glucopyranose; major species at pH 7.3. It has a role as a human metabolite and a Saccharomyces cerevisiae metabolite. It is a conjugate base of a D-glycero-1-phosphate(2-). It is an enantiomer of a N-glycocarboxylic acid. It derives from an 11-oxo-6,7-tetrahyd"
827,"The molecule is a polyunsaturated fatty acyl-CoA that results from the formal condensation of the thiol group of coenzyme A with the carboxy group of (6Z,8Z,11Z,13Z,14Z)-docosapentaenoic acid. It has a role as a human metabolite and a Saccharomyces cerevisiae metabolite. It derives from an all-cis-docosa-6,8,11,13,14-tetrahydroflavone. It is a conjugate acid of a (4Z,"
828,"The molecule is a polyunsaturated fatty acyl-CoA that results from the formal condensation of the thiol group of coenzyme A with the carboxy group of (6Z,8Z,11Z,13Z)-docosapentaenoic acid. It has a role as a human metabolite and a Saccharomyces cerevisiae metabolite. It derives from an all-cis-docosa-6,8,11,13-tetrahydroflavone. It is a conjugate acid of a 3-hydroxyhexadecanoic acid"
829,"The molecule is a polyunsaturated fatty acyl-CoA that results from the formal condensation of the thiol group of coenzyme A with the carboxy group of (3Z,4Z,6Z,8Z,10Z,13Z)-docosahexaenoic acid. It derives from an all-cis-docosa-3,4,6,8,10,13-tetrahydrocysteine. It is a conjugate acid of a 3-hydroxyhexadecanoic acid(1-). It is an enantiomer of"
830,"The molecule is a polyunsaturated fatty acyl-CoA that results from the formal condensation of the thiol group of coenzyme A with the carboxy group of (2Z,8Z,11Z,14Z)-icosatetraenoic acid. It has a role as a human metabolite and a Saccharomyces cerevisiae metabolite. It derives from an alpha-L-fucoside. It is a conjugate acid of a (4Z,7Z,10Z,13E,19Z)-octadecenoyl-Co"
831,"The molecule is a hydroxy fatty acyl-CoA that results from the formal condensation of the thiol group of coenzyme A with the carboxy group of (3Z,4Z,6Z,8Z,10Z,13Z)-docosapentaenoic acid. It has a role as a human metabolite and a Saccharomyces cerevisiae metabolite. It derives from an all-cis-docosa-3,4,6,8,10,13-tetrahydroflavone. It is a conjugate acid of a"
832,"The molecule is an organophosphate oxoanion obtained by deprotonation of the phosphate and diphosphate OH groups of 3-phosphate; major species at pH 7.3. It has a role as a Saccharomyces cerevisiae metabolite. It is a conjugate base of a 3,5-dihydroxy-D-glucopyranose(2-). It is an enantiomer of a 4-hydroxy-N-acetyl-alpha-amino-L-fucosaminyl-(1->4)-beta-D"
833,"The molecule is an organophosphate oxoanion obtained by deprotonation of the phosphate and diphosphate OH groups of 3-hydroxy-D-glucopyranose; major species at pH 7.3. It has a role as a human metabolite and a Saccharomyces cerevisiae metabolite. It is a conjugate base of a 3,4-dihydroxyhexadecanoyl-CoA(4-). It is an enantiomer of a (R)-3-methylhexadecanoic acid. It derives from a 3-"
834,"The molecule is a hydroxy fatty acyl-CoA that results from the formal condensation of the thiol group of coenzyme A with the carboxy group of (2Z,8Z,11Z,14Z)-icosatetraenoic acid. It has a role as a human metabolite and a Saccharomyces cerevisiae metabolite. It is a monocarboxylic acid anion, a 3-oxo-4-hydroxyflavanone, a member of phenols, a non-proteinogenic amino compound and a polyunsaturated fatty ac"
835,"The molecule is a polyunsaturated fatty acyl-CoA that results from the formal condensation of the thiol group of coenzyme A with the carboxy group of (3Z,4Z,6Z,8Z,10Z,13Z)-docosahexaenoic acid. It derives from an all-cis-docosa-3,4,6,8,10,13-tetrahydroflavone. It is a conjugate acid of a 3-hydroxyhexadecanoic acid(1-). It is an enantiomer of"
836,"The molecule is a polyunsaturated fatty acyl-CoA that results from the formal condensation of the thiol group of coenzyme A with the carboxy group of (2Z,8Z,11Z,14Z)-icosatetraenoic acid. It derives from an alpha-D-glucopyranose. It is a conjugate acid of a (4Z,7Z,10Z,16Z,19Z)-3-hydroxyhexadecenoylcysteine(1-). It is an enantiomer of an (2"
837,"The molecule is a hydroxy monocarboxylic acid anion obtained by deprotonation of the phosphate and diphosphate OH groups of (3Z,6Z,10Z,13Z)-icosatetraenoic acid; major species at pH 7.3. It is a conjugate base of a (2Z,4Z,8Z,12Z,16Z,19Z)-octadecenoyl-CoA(4-). It is an enantiomer of a 3-hydroxy-D-glucopyranose. It"
838,"The molecule is an organophosphate oxoanion obtained by deprotonation of the phosphate and diphosphate OH groups of 3-phosphate; major species at pH 7.3. It has a role as a Saccharomyces cerevisiae metabolite. It is a conjugate base of a 3,5-dihydroxy-D-glucopyranose(1-). It is an enantiomer of a 4-hydroxy-L-glycero-CoA(4-) and a 3-methyl-alpha-amino-2-en"
839,"The molecule is a polyunsaturated fatty acyl-CoA that results from the formal condensation of the thiol group of coenzyme A with the carboxy group of (7Z,10Z,13Z,16Z,19Z)-docosapentaenoic acid. It derives from an all-cis-docosa-6,10,13,16,19-tetrahydroflavone. It is a conjugate acid of a 3-oxo-3-hydroxyhexadecanoic acid(1-). It is an enantiomer of"
840,"The molecule is an organophosphate oxoanion obtained by deprotonation of the phosphate and diphosphate OH groups of 3-hydroxy-D-glucopyranose; major species at pH 7.3. It has a role as a Saccharomyces cerevisiae metabolite. It is a conjugate base of a 3,4-dihydroxy-L-glycero-3-phosphate(1-). It is an enantiomer of a (S)-octadecenoylglycerol. It derives from a 3-"
841,"The molecule is a polyunsaturated fatty acyl-CoA that results from the formal condensation of the thiol group of coenzyme A with the carboxy group of (3Z,4Z,6Z,8Z,10Z,13Z)-docosapentaenoic acid. It derives from an all-cis-docosa-3,4,6,8,10,13-tetrahydrocystic fibrosis (CFS). It is a conjugate acid of a (5Z,7Z,9Z,11Z,14Z)-"
842,"The molecule is a polyunsaturated fatty acyl-CoA that results from the formal condensation of the thiol group of coenzyme A with the carboxy group of (3Z,4Z,6Z,8Z,10Z,13Z)-docosahexaenoic acid. It derives from an all-cis-docosa-3,4,6,8,10,13-tetrahydrocysteine. It is a conjugate acid of a 3-hydroxyhexadecanoic acid(1-). It is an enantiomer of"
843,The molecule is an organophosphate oxoanion obtained by deprotonation of the phosphate and diphosphate OH groups of N-acetyl-D-glucosamine; major species at pH 7.3. It has a role as a human metabolite and a Saccharomyces cerevisiae metabolite. It is a conjugate base of a N-(4-hydroxyhexadecenoyl)-D-glycero-1-phosphate(2-). It is an enantiomer of a (S)-nucleosapentaenoic acid.
844,"The molecule is a polyunsaturated fatty acyl-CoA that results from the formal condensation of the thiol group of coenzyme A with the carboxy group of (7Z,11Z,13Z,16Z,19Z)-docosapentaenoic acid. It has a role as a human metabolite and a Saccharomyces cerevisiae metabolite. It derives from an all-cis-docosa-6,11,13,16,19-tetrahydrocystic fibrosis factor. It is a conjugate acid of a (7"
845,"The molecule is a hydroxy fatty acyl-CoA that results from the formal condensation of the thiol group of coenzyme A with the carboxy group of (3Z,4Z,6Z,10Z,13Z)-icosatetraenoic acid. It has a role as a human metabolite and a Saccharomyces cerevisiae metabolite. It is a monocarboxylic acid anion, a member of alpha-hydroxy fatty acids and a polyunsaturated fatty amide. It derives from an all-cis-octadecanoic"
846,"The molecule is a polyunsaturated fatty acyl-CoA that results from the formal condensation of the thiol group of coenzyme A with the carboxy group of (3Z,4Z,6Z,8Z,10Z,13Z)-docosahexaenoic acid. It derives from an all-cis-docosa-3,4,6,8,10,13-tetrahydrocysteine. It is a conjugate acid of a 3-hydroxyhexadecanoic acid(1-). It is an enantiomer of"
847,The molecule is an organophosphate oxoanion obtained by deprotonation of the phosphate and diphosphate OH groups of N-acetyl-beta-D-glucopyranose; major species at pH 7.3. It has a role as a human metabolite. It is a conjugate base of a N-(4-hydroxyhexacosanoic acid)carbonylglyceroate(2-). It is an enantiomer of a (R)-nucleosapentaenoic acid 3-phosphate. It derives from a N-
848,"The molecule is an organophosphate oxoanion obtained by deprotonation of the phosphate and diphosphate OH groups of N-acetyl-D-glucosamine; major species at pH 7.3. It has a role as a Saccharomyces cerevisiae metabolite, an Escherichia coli metabolite and a mouse metabolite. It is a conjugate base of a N-(4-hydroxyhexadecanoyl)-D-glycero-1-phosphate(2-). It is an enantiomer of a (R)-N"
849,"The molecule is an organophosphate oxoanion obtained by deprotonation of the phosphate and diphosphate OH groups of 3-phosphate; major species at pH 7.3. It has a role as a Saccharomyces cerevisiae metabolite. It is a conjugate base of a 3,3-dihydroxy-D-glucopyranose(1-). It is an enantiomer of a 4-hydroxy-L-phenyl-alpha-amino-2-enantioyl-sn-glycero-3-"
850,"The molecule is a monocarboxylic acid anion obtained by deprotonation of the phosphate and diphosphate OH groups of (2Z,8Z,11Z)-icosatetraenoic acid; major species at pH 7.3. It has a role as a human metabolite and a Saccharomyces cerevisiae metabolite. It is a conjugate base of a (22Z,23Z,24Z,25Z)-cisoyl-CoA(4-). It is an enantiomer of a 2-hydroxyhexadecano"
851,"The molecule is a polyunsaturated fatty acyl-CoA that results from the formal condensation of the thiol group of coenzyme A with the carboxy group of (3Z,4Z,6Z,8Z,10Z,13Z)-docosahexaenoic acid. It derives from an all-cis-docosa-3,4,6,8,10,13-tetrahydroxyhexadecanoic acid and a hexadecanoate. It is a conjugate acid of a (7Z,9Z,12Z,14Z"
852,"The molecule is a polyunsaturated fatty acyl-CoA that results from the formal condensation of the thiol group of coenzyme A with the carboxy group of (2Z,8Z,11Z,14Z)-icosatetraenoic acid. It has a role as a human metabolite and a Saccharomyces cerevisiae metabolite. It derives from an alpha-D-glucopyranoside. It is a conjugate acid of a (1Z,9Z,15Z)-cisanoate(2-). It is an en"
853,"The molecule is a polyunsaturated fatty acyl-CoA that results from the formal condensation of the thiol group of coenzyme A with the carboxy group of (2Z,4Z,6Z,8Z,10Z,13Z)-icosatetraenoic acid. It has a role as a human metabolite and a Saccharomyces cerevisiae metabolite. It derives from an alpha-D-glucopyranoside. It is a conjugate acid of a (2S)-3-hydroxyhexadecenoyl-Co"
854,"The molecule is a polyunsaturated fatty acyl-CoA that results from the formal condensation of the thiol group of coenzyme A with the carboxy group of (3Z,8Z,11Z,13Z)-docosapentaenoic acid. It has a role as a human metabolite and a Saccharomyces cerevisiae metabolite. It derives from an all-cis-docosa-3,8,11,13-tetrahydroflavone. It is a conjugate acid of a (4Z,7Z,12Z"
855,"The molecule is a hydroxy fatty acyl-CoA that results from the formal condensation of the thiol group of coenzyme A with the carboxy group of (3Z,4Z,6Z,8Z,10Z,13Z)-icosatetraenoic acid. It has a role as a human metabolite and a Saccharomyces cerevisiae metabolite. It derives from an all-cis-icosapentaenoate. It is a conjugate acid of a (7Z,9Z,12Z,16Z,19Z)-"
856,"The molecule is a polyunsaturated fatty acyl-CoA that results from the formal condensation of the thiol group of coenzyme A with the carboxy group of (7Z,11Z,13Z,16Z,19Z)-docosahexaenoic acid. It derives from an all-cis-docosa-7,11,13,16,19-tetrahydroacosanoic acid and a 3-hydroxy-alpha-D-glucopyranose. It is a conjugate acid of a (9Z,10Z"
857,"The molecule is a polyunsaturated fatty acyl-CoA that results from the formal condensation of the thiol group of coenzyme A with the carboxy group of (7Z,11Z,13Z,16Z,19Z)-docosahexaenoic acid. It has a role as a human xenobiotic metabolite and a Saccharomyces cerevisiae metabolite. It derives from an all-cis-docosa-6,11,13,16,19-tetrahydroflavone. It is a conjugate acid of a ("
858,"The molecule is a polyunsaturated fatty acyl-CoA that results from the formal condensation of the thiol group of coenzyme A with the carboxy group of (3Z,4Z,6Z,8Z,10Z,13Z)-docosapentaenoic acid. It has a role as a human metabolite and a Saccharomyces cerevisiae metabolite. It derives from an all-cis-docosa-3,4,6,8,10,13-tetraenoate. It is a conjugate acid of a (3"
859,"The molecule is a hydroxy fatty acyl-CoA that results from the formal condensation of the thiol group of coenzyme A with the carboxy group of (2Z,4Z,6Z,8Z,10Z,13Z)-icosatetraenoic acid. It has a role as a human metabolite and a Saccharomyces cerevisiae metabolite. It derives from an all-cis-icosapentaenoate. It is a conjugate acid of a 3-hydroxyhexadecanoic acid(1-). It is an"
860,"The molecule is an organophosphate oxoanion obtained by deprotonation of the phosphate and diphosphate OH groups of N-acetyl-D-glucosamine; major species at pH 7.3. It has a role as a Saccharomyces cerevisiae metabolite, an Escherichia coli metabolite and a mouse metabolite. It is a conjugate base of a N-(4-hydroxyhexadecenoyl)-D-glycero-CoA(4-). It is an enantiomer of a (R)-N-acet"
861,"The molecule is a polyunsaturated fatty acyl-CoA that results from the formal condensation of the thiol group of coenzyme A with the carboxy group of (3Z,4Z,6Z,8Z,10Z,13Z)-docosahexaenoic acid. It derives from an all-cis-docosa-3,4,6,8,10,13-tetrahydrocysteine. It is a conjugate acid of a 3-hydroxyhexadecanoic acid(1-). It is an enantiomer of"
862,"The molecule is a polyunsaturated fatty acyl-CoA that results from the formal condensation of the thiol group of coenzyme A with the carboxy group of (3Z,4Z,6Z,8Z,10Z,13Z)-docosahexaenoic acid. It derives from an all-cis-docosa-3,4,6,8,10,13-tetrahydrocysteine. It is a conjugate acid of a (1Z,2Z,5Z,12Z,14Z)-dihydro"
863,"The molecule is a polyunsaturated fatty acyl-CoA that results from the formal condensation of the thiol group of coenzyme A with the carboxy group of (7Z,10Z,13Z,16Z,19Z)-docosahexaenoic acid. It has a role as a human metabolite and a Saccharomyces cerevisiae metabolite. It derives from an all-cis-docosa-6,10,13,16,19-tetrahydrocystic fibrosis factor. It is a conjugate acid of a (7"
864,"The molecule is a polyunsaturated fatty acyl-CoA that results from the formal condensation of the thiol group of coenzyme A with the carboxy group of (3Z,4Z,6Z,8Z,10Z,13Z)-docosapentaenoic acid. It derives from an all-cis-docosa-3,4,6,8,10,13-tetrahydrocysteine. It is a conjugate acid of a 3-hydroxyhexadecanoic acid(1-). It is an enantiomer of"
865,"The molecule is a monocarboxylic acid anion obtained by deprotonation of the phosphate and diphosphate OH groups of (7Z,10Z,13Z,14Z)-icosatetraenoic acid; major species at pH 7.3. It has a role as a human metabolite and a Saccharomyces cerevisiae metabolite. It is a polyunsaturated fatty acyl-CoA(4+). It derives from an all-cis-icos-6,10,13,14,14-tetraenoyl-"
866,"The molecule is a polyunsaturated fatty acyl-CoA that results from the formal condensation of the thiol group of coenzyme A with the carboxy group of (2Z,8Z,11Z,14Z)-icosatetraenoic acid. It has a role as a human metabolite and a Saccharomyces cerevisiae metabolite. It derives from an alpha-D-glucopyranoside. It is a conjugate acid of a (4Z,7Z,10Z,13E,19Z)-octadecenoyl"
867,"The molecule is a polyunsaturated fatty acyl-CoA that results from the formal condensation of the thiol group of coenzyme A with the carboxy group of (7Z,11Z,13Z,14Z)-docosapentaenoic acid. It has a role as a human metabolite and a Saccharomyces cerevisiae metabolite. It derives from an all-cis-docosa-6,11,13,14-tetraenoate. It is a conjugate acid of a 3-hydroxyhexadecanoic acid(1-"
868,"The molecule is a polyunsaturated fatty acyl-CoA that results from the formal condensation of the thiol group of coenzyme A with the carboxy group of (2Z,4Z,6Z,8Z,10Z,13Z)-icosatetraenoic acid. It has a role as a human metabolite and a Saccharomyces cerevisiae metabolite. It derives from an alpha-D-glucopyranoside. It is a conjugate acid of a (1Z,3Z,7Z,12Z,14Z)-"
869,"The molecule is a polyunsaturated fatty acyl-CoA that results from the formal condensation of the thiol group of coenzyme A with the carboxy group of (7Z,11Z,13Z,16Z,19Z)-docosapentaenoic acid. It has a role as a human metabolite and a Saccharomyces cerevisiae metabolite. It derives from an all-cis-docosa-6,11,13,16,19-tetrahydrocystic fibrosis factor. It is a conjugate acid of a (7"
870,"The molecule is a polyunsaturated fatty acyl-CoA that results from the formal condensation of the thiol group of coenzyme A with the carboxy group of (7Z,11Z,13Z,16Z,19Z)-docosapentaenoic acid. It has a role as a human metabolite and a Saccharomyces cerevisiae metabolite. It derives from an all-cis-docosa-6,11,13,16,19-tetrahydrocystic fibrosis. It is a conjugate acid of a (9Z"
871,The molecule is an organophosphate oxoanion obtained by deprotonation of the phosphate and diphosphate OH groups of D-glucopyranose; major species at pH 7.3. It has a role as a human metabolite and a Saccharomyces cerevisiae metabolite. It is a conjugate base of a D-Glucoplasma genitalium(1+). It is an enantiomer of a N-acetyl-D-glycero-2-phosphochlorobenzoylecoumaric acid. It derives from a D
872,"The molecule is a polyunsaturated fatty acyl-CoA that results from the formal condensation of the thiol group of coenzyme A with the carboxy group of (3Z,4Z,6Z,10Z,13Z)-docosapentaenoic acid. It derives from an all-cis-docosa-2,4,6,10,13-tetrahydrocysteine. It is a conjugate acid of a 3-hydroxyhexadecanoic acid(1-). It is an enantiomer of a (3R,"
873,"The molecule is a polyunsaturated fatty acyl-CoA that results from the formal condensation of the thiol group of coenzyme A with the carboxy group of (7Z,11Z,13Z,16Z,19Z)-docosahexaenoic acid. It has a role as a human metabolite and a Saccharomyces cerevisiae metabolite. It derives from an all-conjugated alpha-D-glucopyranoside. It is a conjugate acid of a 3-hydroxyhexadecanoic acid(4-). It is"
874,"The molecule is a polyunsaturated fatty acyl-CoA that results from the formal condensation of the thiol group of coenzyme A with the carboxy group of (3Z,4Z,6Z,8Z,10Z,13Z)-docosahexaenoic acid. It derives from an all-cis-docosa-3,4,6,8,10,13-tetrahydroacosanoic acid and a 3-hydroxy-alpha-D-glucopyranose. It is a conjugate acid of a ("
875,"The molecule is an organophosphate oxoanion obtained by deprotonation of the phosphate and diphosphate OH groups of 3-hydroxy-D-glucopyranose; major species at pH 7.3. It has a role as a human metabolite and a Saccharomyces cerevisiae metabolite. It is a conjugate base of a 3,4-dihydroxy-L-glycero-CoA(4-). It is an enantiomer of a (R)-3-hydroxyphenyl-2-enoic acid."
876,"The molecule is a polyunsaturated fatty acyl-CoA that results from the formal condensation of the thiol group of coenzyme A with the carboxy group of (7Z,11Z,13Z,14Z)-docosapentaenoic acid. It has a role as a human metabolite and a Saccharomyces cerevisiae metabolite. It derives from an all-cis-docosa-6,11,13,14-tetraenoate. It is a conjugate acid of a 3-hydroxyhexadecanoic acid(1-"
877,"The molecule is a polyunsaturated fatty acyl-CoA that results from the formal condensation of the thiol group of coenzyme A with the carboxy group of (3Z,4Z,6Z,8Z,10Z,13Z)-docosapentaenoic acid. It has a role as a human metabolite and a Saccharomyces cerevisiae metabolite. It derives from an all-cis-docosa-3,4,6,8,10,13-tetraenoate. It is a conjugate acid of a (3"
878,"The molecule is a polyunsaturated fatty acyl-CoA that results from the formal condensation of the thiol group of coenzyme A with the carboxy group of (7Z,10Z,13Z,16Z,19Z)-docosahexaenoic acid. It derives from an all-cis-docosa-7,10,13,16,19-tetrahydro-6,11,14,15,20,22,23,24,24-trihydroxy-5-oxo-1,4-dienoyl-Co"
879,"The molecule is a polyunsaturated fatty acyl-CoA that results from the formal condensation of the thiol group of coenzyme A with the carboxy group of (3Z,8Z,11Z,14Z)-icosatetraenoic acid. It has a role as a human metabolite and a Saccharomyces cerevisiae metabolite. It derives from an alpha-L-fucoside. It is a conjugate acid of a (4Z,7Z,10Z,16Z,19Z)-octadecenoyl-Co"
880,"The molecule is an organophosphate oxoanion obtained by deprotonation of the phosphate and diphosphate OH groups of 3-phosphate; major species at pH 7.3. It has a role as a human metabolite and a Saccharomyces cerevisiae metabolite. It is a conjugate base of a 3,5-dihydroxy-D-glucopyranose(1-). It is an enantiomer of a 4-hydroxy-L-glycero-CoA(4-) and a 3-methyl-alpha-D"
881,"The molecule is a monocarboxylic acid anion obtained by deprotonation of the phosphate and diphosphate OH groups of (2Z,8Z,11Z,13Z)-icosatetraenoic acid; major species at pH 7.3. It has a role as a Saccharomyces cerevisiae metabolite and a mouse metabolite. It is a conjugate base of a (22Z,23Z,24Z,26Z)-octadecenoyl-cero-CoA(4-). It is an enantiomer of"
882,"The molecule is a monocarboxylic acid anion obtained by deprotonation of the phosphate and diphosphate OH groups of (3Z,8Z,11Z,14Z)-icosatetraenoyl-CoA; major species at pH 7.3. It is a conjugate base of a (2Z,7Z,10Z,12Z,16Z,19Z)-octadecapentaenoic acid(1-). It is an enantiomer of an (4Z,9Z,13E,20Z)-hexade"
883,"The molecule is an organophosphate oxoanion obtained by deprotonation of the phosphate and diphosphate OH groups of D-glucopyranose; major species at pH 7.3. It has a role as a human metabolite and a Saccharomyces cerevisiae metabolite. It is a conjugate base of a D-glycero-1-phosphate(2-). It is an enantiomer of a N-glycocarboxylamino-1,2-dihydroxy-6-enzoic acid. It"
884,"The molecule is an organophosphate oxoanion obtained by deprotonation of the phosphate and diphosphate OH groups of D-glucopyranose; major species at pH 7.3. It has a role as a Saccharomyces cerevisiae metabolite. It is a conjugate base of a D-glycero-1-phosphate(2-). It is an enantiomer of a N-glycocarboxylamino-1,4-dihydroxy-6-enantioyl-sn-glycysteine"
885,"The molecule is a polyunsaturated fatty acyl-CoA that results from the formal condensation of the thiol group of coenzyme A with the carboxy group of (7Z,10Z,13Z,16Z,19Z)-docosapentaenoic acid. It has a role as a human metabolite and a Saccharomyces cerevisiae metabolite. It derives from an all-cis-docosa-6,10,13,16,19-tetrahydrocystic fibrosis. It is a conjugate acid of a (9Z"
886,"The molecule is a polyunsaturated fatty acyl-CoA that results from the formal condensation of the thiol group of coenzyme A with the carboxy group of (2Z,8Z,11Z,14Z)-icosatetraenoic acid. It has a role as a human metabolite and a Saccharomyces cerevisiae metabolite. It derives from an alpha-D-galactopyranoside. It is a conjugate acid of a (2S)-3-hydroxyhexadecanoic acid(1-). It is an enanti"
887,"The molecule is a polyunsaturated fatty acyl-CoA that results from the formal condensation of the thiol group of coenzyme A with the carboxy group of (3Z,4Z,6Z,8Z,10Z,13Z)-docosapentaenoic acid. It has a role as a human metabolite and a Saccharomyces cerevisiae metabolite. It derives from an all-cis-docosa-3,4,6,8,10,13-tetraenoate. It is a conjugate acid of a (3"
888,"The molecule is a polyunsaturated fatty acyl-CoA that results from the formal condensation of the thiol group of coenzyme A with the carboxy group of (7Z,11Z,13Z,16Z,19Z)-docosapentaenoic acid. It has a role as a human metabolite and a Saccharomyces cerevisiae metabolite. It derives from an all-cis-docosa-6,11,13,16,19-tetrahydrocystic fibrosis factor. It is a conjugate acid of a (7"
889,"The molecule is a polyunsaturated fatty acyl-CoA that results from the formal condensation of the thiol group of coenzyme A with the carboxy group of (2Z,4Z,6Z,8Z,10Z,13Z)-icosatetraenoic acid. It has a role as a human metabolite and a Saccharomyces cerevisiae metabolite. It derives from an alpha-D-glucopyranoside. It is a conjugate acid of a (2S)-3-hydroxyhexadecenoyl-Co"
890,"The molecule is a polyunsaturated fatty acyl-CoA that results from the formal condensation of the thiol group of coenzyme A with the carboxy group of (7Z,10Z,13Z,16Z,19Z)-docosahexaenoic acid. It derives from an all-cis-docosa-7,10,13,16,19-tetrahydro-6,11,14,15,20,21,22,23,24,25,26,27,29,30,31,32,34,35,36"
891,"The molecule is an acyl-CoA that results from the formal condensation of the thiol group of coenzyme A with the carboxy group of (3Z,4Z,6Z,10Z,13Z)-icosatetraenoic acid. It has a role as a human metabolite and a Saccharomyces cerevisiae metabolite. It is a monocarboxylic acid anion, a beta-D-glucopyranoside, a polyunsaturated fatty acyl ester and a member of phenols. It derives from a (3"
892,"The molecule is a polyunsaturated fatty acyl-CoA that results from the formal condensation of the thiol group of coenzyme A with the carboxy group of (7Z,11Z,13Z,16Z,19Z)-docosahexaenoic acid. It has a role as a human xenobiotic metabolite and a Saccharomyces cerevisiae metabolite. It derives from an all-cis-docosa-6,11,13,16,19-tetrahydrocystic fibrosis. It is a conjugate acid of a"
893,"The molecule is a polyunsaturated fatty acyl-CoA that results from the formal condensation of the thiol group of coenzyme A with the carboxy group of (2Z,8Z,11Z,14Z)-icosatetraenoic acid. It has a role as a human metabolite and a Saccharomyces cerevisiae metabolite. It derives from an alpha-D-glucopyranoside. It is a conjugate acid of a (2S)-3-hydroxyhexadecanoic acid(1-). It is an enanti"
894,"The molecule is an organophosphate oxoanion obtained by deprotonation of the phosphate and diphosphate OH groups of 3-hydroxy-D-glucopyranose; major species at pH 7.3. It has a role as a human metabolite and a Saccharomyces cerevisiae metabolite. It is a conjugate base of a 3,4-dihydroxy-L-glycero-3-phosphate(1-). It is an enantiomer of a 4-hydroxyphenyl-2-enoic acid."
895,"The molecule is a polyunsaturated fatty acyl-CoA that results from the formal condensation of the thiol group of coenzyme A with the carboxy group of (3Z,4Z,6Z,8Z,10Z,13Z)-docosahexaenoic acid. It derives from an all-cis-docosa-3,4,6,8,10,13-tetrahydrocysteine. It is a conjugate acid of a (1Z,2Z,5Z,9Z,11E,13S)-doc"
896,"The molecule is a polyunsaturated fatty acyl-CoA that results from the formal condensation of the thiol group of coenzyme A with the carboxy group of (3Z,4Z,6Z,8Z,10Z,13Z)-docosapentaenoic acid. It has a role as a human metabolite and a Saccharomyces cerevisiae metabolite. It derives from an all-cis-docosa-3,4,6,8,10,13-tetraenoate. It is a conjugate acid of a (3"
897,"The molecule is a polyunsaturated fatty acyl-CoA that results from the formal condensation of the thiol group of coenzyme A with the carboxy group of (2Z,8Z,11Z,14Z)-icosatetraenoic acid. It derives from an all-cis-icosapentaenoate. It is a conjugate acid of a (4Z,7Z,10Z,13E,19Z)-octadecenzoic acid(1-). It is an enantiomer of a 3-hydroxyhexadec"
898,"The molecule is a polyunsaturated fatty acyl-CoA that results from the formal condensation of the thiol group of coenzyme A with the carboxy group of (3Z,4Z,6Z,8Z,10Z,13Z)-docosapentaenoic acid. It derives from an all-cis-docosa-3,4,6,8,10,13-tetrahydrocysteine. It is a conjugate acid of a 3-hydroxyhexadecanoic acid(1-). It is an enantiomer of"
899,"The molecule is a polyunsaturated fatty acyl-CoA that results from the formal condensation of the thiol group of coenzyme A with the carboxy group of (2Z,8Z,11Z,14Z)-icosatetraenoic acid. It has a role as a human metabolite and a Saccharomyces cerevisiae metabolite. It derives from an alpha-D-glucopyranoside. It is a conjugate acid of a (2S)-3-hydroxyhexadecanoic acid(1-). It is an enanti"
900,"The molecule is a polyunsaturated fatty acyl-CoA that results from the formal condensation of the thiol group of coenzyme A with the carboxy group of (3Z,4Z,6Z,8Z,10Z,13Z)-docosahexaenoic acid. It derives from an all-cis-docosa-3,4,6,8,10,13-tetrahydrocysteine. It is a conjugate acid of a 3-hydroxyhexadecanoic acid(1-). It is an enantiomer of"
901,"The molecule is a polyunsaturated fatty acyl-CoA that results from the formal condensation of the thiol group of coenzyme A with the carboxy group of (3Z,4Z,6Z,8Z,10Z,13Z)-docosapentaenoic acid. It derives from an all-cis-docosa-3,4,6,8,10,13-tetrahydrocysteine. It is a conjugate acid of a (7Z,9Z,12Z,16Z,19Z)-hexadecen"
902,"The molecule is a polyunsaturated fatty acyl-CoA that results from the formal condensation of the thiol group of coenzyme A with the carboxy group of (7Z,11Z,14Z,16Z)-docosapentaenoic acid. It has a role as a human metabolite and a Saccharomyces cerevisiae metabolite. It derives from an all-cis-docosa-6,11,14,16-tetrahydroflavone. It is a conjugate acid of a 3-hydroxyhexadecanoic acid"
903,"The molecule is a polyunsaturated fatty acyl-CoA that results from the formal condensation of the thiol group of coenzyme A with the carboxy group of (2Z,4Z,6Z,8Z,10Z,13Z)-docosapentaenoic acid. It has a role as a human metabolite and a Saccharomyces cerevisiae metabolite. It derives from an all-cis-docosa-2,4,6,8,10,13-tetraenoate. It is a conjugate acid of a (2"
904,"The molecule is a polyunsaturated fatty acyl-CoA that results from the formal condensation of the thiol group of coenzyme A with the carboxy group of (7Z,11Z,13Z,14Z)-docosapentaenoic acid. It has a role as a human metabolite and a Saccharomyces cerevisiae metabolite. It derives from an all-cis-docosa-6,11,13,14-tetrahydroflavone. It is a conjugate acid of a 3-hydroxyhexadecanoic acid"
905,"The molecule is a polyunsaturated fatty acyl-CoA that results from the formal condensation of the thiol group of coenzyme A with the carboxy group of (2Z,8Z,11Z,14Z)-icosatetraenoic acid. It has a role as a human metabolite and a Saccharomyces cerevisiae metabolite. It derives from an all-cis-icosaccharide. It is a conjugate acid of a (4Z,7Z,10Z,13E,19Z)-octadecenoyl"
906,The molecule is an organophosphate oxoanion obtained by deprotonation of the phosphate and diphosphate OH groups of N-acetyl-D-glucosamine; major species at pH 7.3. It has a role as a Saccharomyces cerevisiae metabolite. It is a conjugate base of a N-(4-hydroxyhexadecenoyl)-D-glycero-CoA(4-). It is an enantiomer of a (R)-N-acetylamino-alpha-L-amino-beta-D
907,"The molecule is a polyunsaturated fatty acyl-CoA that results from the formal condensation of the thiol group of coenzyme A with the carboxy group of (9Z,11Z,14Z,16Z)-icosatetraenoic acid. It has a role as a human metabolite and a Saccharomyces cerevisiae metabolite. It derives from an all-cis-icos-9,11,14,16-trienoate. It is a conjugate acid of a monocarboxylic acid(1-). It"
908,"The molecule is a polyunsaturated fatty acyl-CoA that results from the formal condensation of the thiol group of coenzyme A with the carboxy group of (7Z,10Z,13Z,16Z,19Z)-docosahexaenoic acid. It has a role as a human metabolite and a Saccharomyces cerevisiae metabolite. It derives from an all-cis-docosa-6,10,13,16,19-tetrahydrocystic fibrosis factor. It is a conjugate acid of a (7"
909,"The molecule is a polyunsaturated fatty acyl-CoA that results from the formal condensation of the thiol group of coenzyme A with the carboxy group of (2Z,8Z,11Z,14Z)-icosatetraenoic acid. It has a role as a human metabolite and a Saccharomyces cerevisiae metabolite. It derives from an all-cis-icosaccharide. It is a conjugate acid of a (4Z,7Z,10Z,16Z,19Z)-octadecenoyl"
910,"The molecule is an organophosphate oxoanion obtained by deprotonation of the phosphate and diphosphate OH groups of D-glucopyranose; major species at pH 7.3. It has a role as a human metabolite and a Saccharomyces cerevisiae metabolite. It is a conjugate base of a D-glycero-1-phosphate(2-). It is an enantiomer of a N-glycysteine 1,2-dihydroxy-5-oxo-6-enzoic acid. It"
911,"The molecule is a polyunsaturated fatty acyl-CoA that results from the formal condensation of the thiol group of coenzyme A with the carboxy group of (7Z,11Z,13Z,14Z)-docosapentaenoic acid. It has a role as a human metabolite and a Saccharomyces cerevisiae metabolite. It derives from an all-cis-docosa-6,11,13,14-tetrahydroflavone. It is a conjugate acid of a 3-hydroxyhexadecanoic acid"
912,"The molecule is a polyunsaturated fatty acyl-CoA that results from the formal condensation of the thiol group of coenzyme A with the carboxy group of (3Z,4Z,6Z,7Z,10Z,13Z)-docosapentaenoic acid. It derives from an all-cis-docosa-3,4,6,7,10,13-tetrahydrocysteine. It is a conjugate acid of a (1Z,2Z,5Z,8Z,11E,13S)-doc"
913,"The molecule is a monocarboxylic acid anion obtained by deprotonation of the phosphate and diphosphate OH groups of (3Z,8Z,11Z,14Z)-icosatetraenoic acid; major species at pH 7.3. It has a role as a Saccharomyces cerevisiae metabolite. It is a conjugate base of a (7Z,9Z,10Z,16Z,17E,19Z)-octadecenoyl-cero-CoA(4-). It is an enantiomer"
914,"The molecule is a polyunsaturated fatty acyl-CoA that results from the formal condensation of the thiol group of coenzyme A with the carboxy group of (3Z,4Z,6Z,8Z,10Z,13Z)-docosahexaenoic acid. It derives from an all-cis-docosa-3,4,6,8,10,13-tetrahydrocysteine. It is a conjugate acid of a 3-hydroxyhexadecanoic acid(1-). It is an enantiomer of"
915,"The molecule is a polyunsaturated fatty acyl-CoA that results from the formal condensation of the thiol group of coenzyme A with the carboxy group of (3Z,4Z,6Z,8Z,10Z,13Z)-docosapentaenoic acid. It derives from an all-cis-docosa-3,4,6,8,10,13-tetrahydrocystic fibrosis (CFS). It is a conjugate acid of a 3-hydroxyhexadecanoic acid(1-). it is an"
916,"The molecule is a polyunsaturated fatty acyl-CoA that results from the formal condensation of the thiol group of coenzyme A with the carboxy group of (7Z,11Z,13Z,16Z,19Z)-docosapentaenoic acid. It has a role as a human metabolite and a Saccharomyces cerevisiae metabolite. It derives from an all-cis-docosa-6,11,13,16,19-tetrahydrocystic fibrosis factor. It is a conjugate acid of a (7"
917,"The molecule is a polyunsaturated fatty acyl-CoA that results from the formal condensation of the thiol group of coenzyme A with the carboxy group of (7Z,10Z,13Z,16Z,19Z)-docosahexaenoic acid. It has a role as a human metabolite and a Saccharomyces cerevisiae metabolite. It derives from an all-cis-docosa-6,10,13,16,19-tetrahydroacosapentaenoate. It is a conjugate acid of a ("
918,"The molecule is a polyunsaturated fatty acyl-CoA that results from the formal condensation of the thiol group of coenzyme A with the carboxy group of (2Z,4Z,6Z,8Z,10Z,13Z)-icosatetraenoic acid. It has a role as a human metabolite and a Saccharomyces cerevisiae metabolite. It derives from an all-conjugated alpha-D-glucopyranoside. It is a conjugate acid of a (1Z,3Z,7Z,11"
919,"The molecule is a polyunsaturated fatty acyl-CoA that results from the formal condensation of the thiol group of coenzyme A with the carboxy group of (3Z,4Z,6Z,8Z,10Z,13Z)-docosapentaenoic acid. It has a role as a human metabolite and a Saccharomyces cerevisiae metabolite. It derives from an all-cis-docosa-3,4,6,8,10,13-tetraenoate. It is a conjugate acid of a (3"
920,"The molecule is a polyunsaturated fatty acyl-CoA that results from the formal condensation of the thiol group of coenzyme A with the carboxy group of (2Z,4Z,6Z,8Z,10Z,13Z)-icosatetraenoic acid. It has a role as a human metabolite and a Saccharomyces cerevisiae metabolite. It derives from an alpha-D-glucopyranoside. It is a conjugate acid of a (1Z,3Z,7Z,12Z,14Z)-"
921,"The molecule is an organophosphate oxoanion obtained by deprotonation of the phosphate and diphosphate OH groups of 3-hydroxy-D-glucopyranose; major species at pH 7.3. It has a role as a Saccharomyces cerevisiae metabolite. It is a conjugate base of a 3,4-dihydroxy-L-glycero-3-phosphate(1-). It is an enantiomer of a 4-hydroxyphenyl-2-enoic acid. It derives from a 3"
922,The molecule is an organophosphate oxoanion obtained by deprotonation of the phosphate and diphosphate OH groups of 3-hydroxyhexadecenoic acid; major species at pH 7.3. It has a role as a Saccharomyces cerevisiae metabolite. It derives from a hexadecanoic acid. It is a conjugate base of a 3-[(1S)-hexadecanoyl-sn-glycero-3-phosphoethanolamine(2-). It is an enantiomer of a (R)-octadecano
923,"The molecule is a polyunsaturated fatty acyl-CoA that results from the formal condensation of the thiol group of coenzyme A with the carboxy group of (3Z,4Z,6Z,8Z,10Z,13Z)-docosapentaenoic acid. It has a role as a human metabolite and a Saccharomyces cerevisiae metabolite. It derives from an all-cis-docosa-3,4,6,8,10,13-tetraenoate. It is a conjugate acid of a (3"
924,"The molecule is a monocarboxylic acid anion obtained by deprotonation of the phosphate and diphosphate OH groups of 3-hydroxyhexadecenoyl-CoA; major species at pH 7.3. It has a role as a human metabolite. It derives from a hexadecanoic acid. It is a conjugate base of a 3-[(1S)-hexadecanoyl-(1Z,2Z,4Z)-pyrrolidin-1-yl]-beta-D-glucopyranose(1-)."
925,"The molecule is an organophosphate oxoanion obtained by deprotonation of the phosphate and diphosphate OH groups of 3-phosphate; major species at pH 7.3. It has a role as a Saccharomyces cerevisiae metabolite. It is a conjugate base of a 3,5-dihydroxy-D-glucopyranose(2-). It is an enantiomer of a 4-hydroxy-L-glycero-CoA(4-) and a 3-oxo-1-enantioyl-"
926,"The molecule is a polyunsaturated fatty acyl-CoA that results from the formal condensation of the thiol group of coenzyme A with the carboxy group of (3Z,8Z,11Z,14Z)-icosatetraenoic acid. It has a role as a human metabolite and a Saccharomyces cerevisiae metabolite. It derives from an alpha-D-glucopyranoside. It is a conjugate acid of a (4Z,7Z,10Z,13E,19Z)-octadecenoyl"
927,"The molecule is an organophosphate oxoanion obtained by deprotonation of the phosphate and diphosphate OH groups of 3-hydroxy-D-glucopyranose; major species at pH 7.3. It has a role as a human metabolite and a Saccharomyces cerevisiae metabolite. It is a conjugate base of a 3,3-dihydroxy-L-glycero-CoA(4-). It is an enantiomer of a (R)-3-hydroxyphenyl-2-enoic acid."
928,"The molecule is an organophosphate oxoanion obtained by deprotonation of the phosphate and diphosphate OH groups of 3-hydroxybenzoic acid; major species at pH 7.3. It has a role as a human metabolite and a Saccharomyces cerevisiae metabolite. It is a conjugate base of a 3,4-dihydroxybenzoyl-sn-glycero-3-phosphate(2-). It is an enantiomer of a 4-hydroxyphenylbenzoate. It derives from a"
929,"The molecule is a polyunsaturated fatty acyl-CoA that results from the formal condensation of the thiol group of coenzyme A with the carboxy group of (7Z,11Z,14Z,16Z,19Z)-docosahexaenoic acid. It has a role as a human metabolite and a Saccharomyces cerevisiae metabolite. It derives from an all-cis-docosa-6,11,14,16,19-tetrahydroflavone. It is a conjugate acid of a (9Z,"
930,"The molecule is a polyunsaturated fatty acyl-CoA that results from the formal condensation of the thiol group of coenzyme A with the carboxy group of (3Z,4Z,6Z,8Z,10Z,13Z)-docosahexaenoic acid. It derives from an all-cis-docosa-3,4,6,8,10,13-tetrahydrocysteine. It is a conjugate acid of a 3-hydroxyhexadecanoic acid(1-). It is an enantiomer of"
931,"The molecule is an organophosphate oxoanion obtained by deprotonation of the phosphate and diphosphate OH groups of 3-phosphate; major species at pH 7.3. It has a role as a Saccharomyces cerevisiae metabolite. It is a conjugate base of a 3,5-dihydroxy-D-glucopyranose(1-). It is an enantiomer of a 4-hydroxy-L-glycero-CoA(4-) and a 3-oxo-2-enantioyl-"
932,"The molecule is a monocarboxylic acid anion obtained by deprotonation of the phosphate and diphosphate OH groups of 3-hydroxybenzoic acid; major species at pH 7.3. It has a role as a Saccharomyces cerevisiae metabolite. It is a conjugate base of a 3-[(2Z,4Z)-octadecenoyl-sn-glycero-3-phosphoethanolamine(1-). It is an enantiomer of a (S)-3-[(R)-3-(R)-"
933,"The molecule is a polyunsaturated fatty acyl-CoA that results from the formal condensation of the thiol group of coenzyme A with the carboxy group of (3Z,4Z,6Z,8Z,10Z,13Z)-docosapentaenoic acid. It has a role as a human metabolite and a Saccharomyces cerevisiae metabolite. It derives from an all-cis-docosa-3,4,6,8,10,13-tetraenoate. It is a conjugate acid of a (3"
934,"The molecule is a polyunsaturated fatty acyl-CoA that results from the formal condensation of the thiol group of coenzyme A with the carboxy group of (7Z,11Z,13Z,16Z,19Z)-docosahexaenoic acid. It has a role as a human metabolite and a Saccharomyces cerevisiae metabolite. It derives from an all-cis-docosa-6,11,13,16,19-tetrahydropyranosyl ester. It is a conjugate acid of a (7"
935,"The molecule is an organophosphate oxoanion obtained by deprotonation of the phosphate and diphosphate OH groups of 3-hydroxy-D-glucopyranose; major species at pH 7.3. It has a role as a human metabolite and a Saccharomyces cerevisiae metabolite. It is a conjugate base of a 3,4-dihydroxy-L-glycero-3-phosphate(1-). It is an enantiomer of a 4-hydroxyphenyl-2-enoic acid."
936,"The molecule is a polyunsaturated fatty acyl-CoA that results from the formal condensation of the thiol group of coenzyme A with the carboxy group of (3Z,4Z,6Z,8Z,10Z,13Z)-docosahexaenoic acid. It derives from an all-cis-docosa-3,4,6,8,10,13-tetrahydrobenzoic acid and a 3-hydroxy-alpha-D-glucopyranose. It is a conjugate acid of a (3"
937,"The molecule is a polyunsaturated fatty acyl-CoA that results from the formal condensation of the thiol group of coenzyme A with the carboxy group of (7Z,11Z,13Z,16Z,19Z)-docosahexaenoic acid. It has a role as a human metabolite and a Saccharomyces cerevisiae metabolite. It derives from an all-cis-docosa-6,11,13,16,19-tetrahydrocystic fibrosis factor. It is a conjugate acid of a (7"
938,"The molecule is a polyunsaturated fatty acyl-CoA that results from the formal condensation of the thiol group of coenzyme A with the carboxy group of (7Z,11Z,13Z,16Z,19Z)-docosahexaenoic acid. It has a role as a human metabolite and a Saccharomyces cerevisiae metabolite. It derives from an all-conjugated alpha-D-glucopyranoside. It is a conjugate acid of a 3-hydroxyhexadecanoic acid(4-). It is"
939,"The molecule is a polyunsaturated fatty acyl-CoA that results from the formal condensation of the thiol group of coenzyme A with the carboxy group of (3Z,4Z,6Z,8Z,10Z,13Z)-docosahexaenoic acid. It derives from an all-cis-docosa-3,4,6,8,10,13-tetrahydroflavone. It is a conjugate acid of a (7Z,9Z,12Z,14Z,15Z,16Z,19"
940,"The molecule is a polyunsaturated fatty acyl-CoA that results from the formal condensation of the thiol group of coenzyme A with the carboxy group of (2Z,8Z,11Z,13Z)-icosatetraenoic acid. It has a role as a human metabolite and a Saccharomyces cerevisiae metabolite. It is a monocarboxylic acid anion, a non-steroidal anti-inflammatory drug, an organic heteropentacyclic compound and a member of alpha-hydroxy ketones. It derives from"
941,The molecule is an organophosphate oxoanion obtained by deprotonation of the phosphate and diphosphate OH groups of N-acetyl-D-glucosamine; major species at pH 7.3. It has a role as a human metabolite and a Saccharomyces cerevisiae metabolite. It is a conjugate base of a N-(4-hydroxyhexadecenzoic acid)glycerol(1-). It is an enantiomer of a (R)-nucleosamine 1-phosphate(2-) and a N-
942,"The molecule is a polyunsaturated fatty acyl-CoA that results from the formal condensation of the thiol group of coenzyme A with the carboxy group of (3Z,4Z,6Z,8Z,10Z,13Z)-docosapentaenoic acid. It has a role as a human metabolite and a Saccharomyces cerevisiae metabolite. It derives from an all-cis-docosa-3,4,6,8,10,13-tetraenoate. It is a conjugate acid of a (3"
943,"The molecule is a polyunsaturated fatty acyl-CoA that results from the formal condensation of the thiol group of coenzyme A with the carboxy group of (3Z,4Z,6Z,8Z,10Z,13Z)-docosapentaenoic acid. It has a role as a human metabolite and a Saccharomyces cerevisiae metabolite. It derives from an all-cis-docosa-3,4,6,8,10,13-tetraenoate. It is a conjugate acid of a (3"
944,"The molecule is an organophosphate oxoanion obtained by deprotonation of the phosphate and diphosphate OH groups of 3-hydroxy-D-glucopyranose; major species at pH 7.3. It has a role as a human metabolite and a Saccharomyces cerevisiae metabolite. It is a conjugate base of a 3,4-dihydroxy-L-glycero-3-phosphate(1-). It is an enantiomer of a 4-hydroxyphenyl-2-enoic acid."
945,"The molecule is a polyunsaturated fatty acyl-CoA that results from the formal condensation of the thiol group of coenzyme A with the carboxy group of (3Z,4Z,6Z,8Z,10Z,13Z)-docosahexaenoic acid. It derives from an all-cis-docosa-3,4,6,8,10,13-tetrahydrocysteine. It is a conjugate acid of a 3-hydroxyhexadecanoic acid(1-). It is an enantiomer of"
946,"The molecule is a polyunsaturated fatty acyl-CoA that results from the formal condensation of the thiol group of coenzyme A with the carboxy group of (3Z,4Z,6Z,8Z,10Z,13Z)-docosahexaenoic acid. It derives from an all-cis-docosa-3,4,6,8,10,13-tetrahydroxyhexadecanoic acid and a hexadecanoate. It is a conjugate acid of a (7Z,9Z,12Z,14Z"
947,"The molecule is an organophosphate oxoanion obtained by deprotonation of the phosphate and diphosphate OH groups of 3-hydroxy-D-glucopyranose; major species at pH 7.3. It has a role as a human metabolite and a Saccharomyces cerevisiae metabolite. It is a conjugate base of a 3,4-dihydroxy-L-glycero-3-phosphate(1+). It is an enantiomer of a 4-hydroxyphenyl-2-enoic acid."
948,"The molecule is an organophosphate oxoanion obtained by deprotonation of the phosphate and diphosphate OH groups of 3-hydroxy-D-glucopyranose; major species at pH 7.3. It has a role as a human metabolite and a Saccharomyces cerevisiae metabolite. It is a conjugate base of a 3,4-dihydroxy-L-glycero-CoA(4-). It is an enantiomer of a (R)-3-hydroxyphenyl-2-enoic acid."
949,"The molecule is a polyunsaturated fatty acyl-CoA that results from the formal condensation of the thiol group of coenzyme A with the carboxy group of (3Z,4Z,6Z,8Z,10Z,13Z)-docosapentaenoic acid. It has a role as a human metabolite and a Saccharomyces cerevisiae metabolite. It derives from an all-cis-docosa-3,4,6,8,10,13-tetraenoate. It is a conjugate acid of a (3"
950,"The molecule is a monocarboxylic acid anion obtained by deprotonation of the phosphate and diphosphate OH groups of (3Z,8Z,11Z,14Z)-icosatetraenoyl-CoA; major species at pH 7.3. It is a conjugate base of a (7Z,9Z,10Z,16Z,19Z)-octadecapentaenoic acid(1-). It is an enantiomer of a 3-hydroxyhexadecanoic acid. It derives from a (2Z,"
951,"The molecule is a polyunsaturated fatty acyl-CoA that results from the formal condensation of the thiol group of coenzyme A with the carboxy group of (3Z,4Z,6Z,8Z,10Z,13Z)-docosapentaenoic acid. It has a role as a human metabolite and a Saccharomyces cerevisiae metabolite. It derives from an all-cis-docosa-3,4,6,8,10,13-tetraenoate. It is a conjugate acid of a (3"
952,"The molecule is a polyunsaturated fatty acyl-CoA that results from the formal condensation of the thiol group of coenzyme A with the carboxy group of (3Z,4Z,6Z,8Z,10Z,13Z)-docosahexaenoic acid. It derives from an all-cis-docosa-3,4,6,8,10,13-tetrahydrocysteine. It is a conjugate acid of a 3-hydroxyhexadecanoic acid(1-). It is an enantiomer of"
953,"The molecule is a polyunsaturated fatty acyl-CoA that results from the formal condensation of the thiol group of coenzyme A with the carboxy group of (9Z,11Z,14Z)-icosatetraenoic acid. It derives from an all-cis-icosapentaenoate. It is a conjugate acid of a 3-hydroxyhexadecanoic acid(1-). It is an enantiomer of a (9S)-octadecanoyl-Coa(4-),3-sulfoheptano"
954,"The molecule is a polyunsaturated fatty acyl-CoA that results from the formal condensation of the thiol group of coenzyme A with the carboxy group of (3Z,8Z,11Z,13Z,14Z)-docosapentaenoic acid. It has a role as a human metabolite and a Saccharomyces cerevisiae metabolite. It derives from an alpha-D-glucopyranoside. It is a conjugate acid of a (4Z,7Z,10Z,16Z,19Z)-hexadecen"
955,"The molecule is a polyunsaturated fatty acyl-CoA that results from the formal condensation of the thiol group of coenzyme A with the carboxy group of (7Z,11Z,13Z,16Z,19Z)-docosahexaenoic acid. It derives from an all-cis-docosa-7,11,13,16,19-tetrahydroacosapentaenoate. It is a conjugate acid of a 3-hydroxyhexadecanoic acid(1-). It is an enantiomer of a ("
956,"The molecule is a polyunsaturated fatty acyl-CoA that results from the formal condensation of the thiol group of coenzyme A with the carboxy group of (2Z,8Z,11Z,14Z)-icosatetraenoic acid. It has a role as a human metabolite and a Saccharomyces cerevisiae metabolite. It derives from an alpha-D-glucopyranoside. It is a conjugate acid of a (2S)-3-hydroxyhexadecanoic acid(1-). It is an enanti"
957,"The molecule is a polyunsaturated fatty acyl-CoA that results from the formal condensation of the thiol group of coenzyme A with the carboxy group of (2Z,4Z,7Z,10Z,13Z)-docosapentaenoic acid. It has a role as a human metabolite and a Saccharomyces cerevisiae metabolite. It derives from an all-cis-docosa-3,4,7,10,13-tetrahydrocystic fibrosis factor. It is a conjugate acid of a (2"
958,"The molecule is an organophosphate oxoanion obtained by deprotonation of the phosphate and diphosphate OH groups of 2-phosphate; major species at pH 7.3. It has a role as a Saccharomyces cerevisiae metabolite. It is a conjugate base of a 2,3-dihydroxy-D-glucopyranose(2-). It is an enantiomer of a (R)-2-hydroxy-N-acetyl-alpha-L-fucosaminyl-(1->4)-beta-D"
959,"The molecule is an organophosphate oxoanion obtained by deprotonation of the phosphate and diphosphate OH groups of 3-hydroxy-D-glucopyranose; major species at pH 7.3. It has a role as a human metabolite and a Saccharomyces cerevisiae metabolite. It is a conjugate base of a 3,4-dihydroxy-L-glycero-3-phosphate(1-). It is an enantiomer of a 4-hydroxyphenyl-2-enoic acid."
960,"The molecule is a polyunsaturated fatty acyl-CoA that results from the formal condensation of the thiol group of coenzyme A with the carboxy group of (3Z,4Z,6Z,8Z,10Z,13Z)-icosatetraenoic acid. It has a role as a human metabolite and a Saccharomyces cerevisiae metabolite. It is a monocarboxylic acid anion, a member of alpha-hydroxyflavones, a 3-oxo-L-cysteine, a long-chain"
961,"The molecule is a monocarboxylic acid anion obtained by deprotonation of the phosphate and diphosphate OH groups of (3Z,8Z,11Z,14Z)-icosatetraenoic acid; major species at pH 7.3. It has a role as a human metabolite and a Saccharomyces cerevisiae metabolite. It is a conjugate base of a (7Z,9Z,10Z,16Z,17E,19Z)-octadecenoyl-CoA(4-). It is an en"
962,"The molecule is a monocarboxylic acid anion obtained by deprotonation of the phosphate and diphosphate OH groups of 3-hydroxybenzoic acid; major species at pH 7.3. It has a role as a Saccharomyces cerevisiae metabolite. It is a conjugate base of a 3,4-dihydroxybenzoyl-CoA(4-). It is an enantiomer of a (R)-3-[(S)-2-(sulfonic acid)hexadecanoic acid. It derives from a 3-"
963,"The molecule is a polyunsaturated fatty acyl-CoA that results from the formal condensation of the thiol group of coenzyme A with the carboxy group of (7Z,11Z,13Z,16Z,19Z)-docosahexaenoic acid. It derives from an all-cis-docosa-7,11,13,16,19-tetrahydroacosapentaenoate. It is a conjugate acid of a 3-hydroxyhexadecanoic acid(1-). It is an enantiomer of a ("
964,"The molecule is an organophosphate oxoanion obtained by deprotonation of the phosphate and diphosphate OH groups of N-acetyl-D-glucosamine; major species at pH 7.3. It has a role as a human metabolite, a Saccharomyces cerevisiae metabolite and an Escherichia coli metabolite. It is a conjugate base of a N-(4-hydroxyhexadecenoyl)-D-glycero-1-phosphate(2-). It is an enantiomer of a D-gly"
965,"The molecule is a polyunsaturated fatty acyl-CoA that results from the formal condensation of the thiol group of coenzyme A with the carboxy group of (7Z,11Z,13Z,16Z,19Z)-docosahexaenoic acid. It derives from an all-cis-docosa-7,11,13,16,19-tetrahydrobenzoic acid and a 3-hydroxy-alpha-D-glucopyranose. It is a conjugate acid of a (9Z,10Z,"
966,"The molecule is a monocarboxylic acid anion obtained by deprotonation of the phosphate and diphosphate OH groups of (3Z,8Z,11Z,14Z)-icosatetraenoic acid; major species at pH 7.3. It has a role as a Saccharomyces cerevisiae metabolite. It is a conjugate base of a (7Z,9Z,10Z,16Z,17E,19Z)-octadecenoyl-CoA(4-). It is an enantiomer of an ("
967,"The molecule is a polyunsaturated fatty acyl-CoA that results from the formal condensation of the thiol group of coenzyme A with the carboxy group of (3Z,4Z,6Z,8Z,10Z,13Z)-docosapentaenoic acid. It has a role as a human metabolite and a Saccharomyces cerevisiae metabolite. It derives from an all-cis-docosa-3,4,6,8,10,13-tetraenoate. It is a conjugate acid of a (3"
968,"The molecule is a polyunsaturated fatty acyl-CoA that results from the formal condensation of the thiol group of coenzyme A with the carboxy group of (2Z,8Z,11Z,14Z)-icosatetraenoic acid. It has a role as a human metabolite and a Saccharomyces cerevisiae metabolite. It derives from an alpha-L-fucoside. It is a conjugate acid of a (4Z,7Z,10Z,16Z,19Z)-octadecenoyl-Co"
969,"The molecule is an organophosphate oxoanion obtained by deprotonation of the phosphate and diphosphate OH groups of 3-hydroxyhexadecenoyl-CoA; major species at pH 7.3. It has a role as a Saccharomyces cerevisiae metabolite. It derives from a hexadecanoic acid. It is a conjugate base of a 3-[(1S)-hexadecanoyl]-CoA(4-). It is an enantiomer of a 4,6-dichloro-3-oxohexade"
970,"The molecule is a monocarboxylic acid anion obtained by deprotonation of the phosphate and diphosphate OH groups of 3-hydroxybenzoic acid; major species at pH 7.3. It has a role as a Saccharomyces cerevisiae metabolite. It is a conjugate base of a 3-[(2Z,4Z)-octadecenoyl-sn-glycero-3-phospho-D-glucopyranosyl]-L-cysteine(1-). It is an enantiomer of a"
971,"The molecule is a polyunsaturated fatty acyl-CoA that results from the formal condensation of the thiol group of coenzyme A with the carboxy group of (2Z,4Z,7Z,10Z,13Z)-icosatetraenoic acid. It has a role as a human metabolite and a Saccharomyces cerevisiae metabolite. It derives from an all-cis-icosaccharide. It is a conjugate acid of a (1Z,3Z,8Z,12Z,16Z,19Z)-"
972,"The molecule is a hydroxy fatty acyl-CoA that results from the formal condensation of the thiol group of coenzyme A with the carboxy group of (2Z,4Z,6Z,10Z,13Z)-icosatetraenoic acid. It has a role as a human metabolite and a Saccharomyces cerevisiae metabolite. It is a monocarboxylic acid anion, a 3-oxo-3-hydroxyflavone, a member of phenols, a polyphenol and a long-chain fatty ac"
973,"The molecule is a monocarboxylic acid anion obtained by deprotonation of the phosphate and diphosphate OH groups of 3-hydroxybenzoic acid; major species at pH 7.3. It has a role as a Saccharomyces cerevisiae metabolite. It is a conjugate base of a 3-[(2Z,4Z)-octadecenoyl-sn-glycero-3-phospho-D-glucopyranosyl]-beta-L-fucosapentaenoic acid. It derives from a"
974,"The molecule is a polyunsaturated fatty acyl-CoA that results from the formal condensation of the thiol group of coenzyme A with the carboxy group of (2Z,8Z,11Z,14Z)-icosatetraenoic acid. It has a role as a human metabolite and a Saccharomyces cerevisiae metabolite. It derives from an alpha-D-glucopyranoside. It is a conjugate acid of a (2S)-3-hydroxyhexadecanoic acid(1-). It is an enanti"
975,"The molecule is a polyunsaturated fatty acyl-CoA that results from the formal condensation of the thiol group of coenzyme A with the carboxy group of (2Z,8Z,11Z,14Z)-icosatetraenoic acid. It has a role as a human metabolite and a Saccharomyces cerevisiae metabolite. It derives from an alpha-D-glucopyranoside. It is a conjugate acid of a (2S)-3-hydroxyhexadecanoic acid(1-). It is an enanti"
976,"The molecule is a monocarboxylic acid anion obtained by deprotonation of the phosphate and diphosphate OH groups of (2Z,8Z,11Z,14Z)-icosatetraenoic acid; major species at pH 7.3. It has a role as a human metabolite and a Saccharomyces cerevisiae metabolite. It is a conjugate base of a (4Z,7Z,10Z,12Z,16Z,19Z)-octadecenoyl-CoA(4-). It is an en"
977,"The molecule is a polyunsaturated fatty acyl-CoA that results from the formal condensation of the thiol group of coenzyme A with the carboxy group of (6Z,8Z,11Z,13Z,14Z)-docosapentaenoic acid. It has a role as a human metabolite and a Saccharomyces cerevisiae metabolite. It derives from an all-cis-docosa-6,8,11,13,14-tetrahydroflavone. It is a conjugate acid of a (4Z,"
978,"The molecule is an organophosphate oxoanion obtained by deprotonation of the phosphate and diphosphate OH groups of 3-deoxy-D-glucopyranose; major species at pH 7.3. It is a conjugate base of a 3,4-dihydroxyhexadecanoyl-sn-glycero-3-phosphacyl-CoA(4-). It is an enantiomer of a 4-hydroxymethylhexadecanoic acid. It has a role as a human xenobiotic metabolite. It"
979,"The molecule is a polyunsaturated fatty acyl-CoA that results from the formal condensation of the thiol group of coenzyme A with the carboxy group of (7Z,10Z,13Z,14Z)-docosapentaenoic acid. It has a role as a human metabolite and a Saccharomyces cerevisiae metabolite. It derives from an alpha-D-glucopyranoside. It is a conjugate acid of a 3-hydroxyhexadecanoic acid(1-). It is an enantiomer of a (7"
980,"The molecule is a polyunsaturated fatty acyl-CoA that results from the formal condensation of the thiol group of coenzyme A with the carboxy group of (3Z,4Z,6Z,8Z,10Z,13Z)-docosapentaenoic acid. It has a role as a human metabolite and a Saccharomyces cerevisiae metabolite. It derives from an all-cis-docosa-3,4,6,8,10,13-tetraenoate. It is a conjugate acid of a (3"
981,"The molecule is an organophosphate oxoanion obtained by deprotonation of the phosphate and diphosphate OH groups of 3-hydroxybenzoic acid; major species at pH 7.3. It has a role as a Saccharomyces cerevisiae metabolite. It is a conjugate base of a 3,4-dihydroxybenzocarboxylic acid(1-). It is an enantiomer of a 4-hydroxyphenyl-2-enantioyl-sn-glycero-3-phosphate. It"
982,"The molecule is a polyunsaturated fatty acyl-CoA that results from the formal condensation of the thiol group of coenzyme A with the carboxy group of (7Z,11Z,13Z,16Z,19Z)-docosapentaenoic acid. It has a role as a human metabolite and a Saccharomyces cerevisiae metabolite. It derives from an all-cis-docosa-6,11,13,16,19-tetrahydrocystic fibrosis factor. It is a conjugate acid of a (7"
983,"The molecule is a polyunsaturated fatty acyl-CoA that results from the formal condensation of the thiol group of coenzyme A with the carboxy group of (7Z,11Z,13Z,16Z,19Z)-docosahexaenoic acid. It has a role as a human metabolite and a Saccharomyces cerevisiae metabolite. It derives from an all-cis-docosa-6,11,13,16,19-tetrahydroflavone. It is a conjugate acid of a (9Z,"
984,"The molecule is a polyunsaturated fatty acyl-CoA that results from the formal condensation of the thiol group of coenzyme A with the carboxy group of (2Z,4Z,6Z,8Z,10Z,13Z)-docosapentaenoic acid. It has a role as a human metabolite and a Saccharomyces cerevisiae metabolite. It derives from an all-cis-docosa-2,4,6,8,10,13-tetrahydroflavone. It is a conjugate acid of"
985,"The molecule is a polyunsaturated fatty acyl-CoA that results from the formal condensation of the thiol group of coenzyme A with the carboxy group of (9Z,11Z,14Z)-icosatrienoic acid. It has a role as a human metabolite and a Saccharomyces cerevisiae metabolite. It derives from an all-cis-icosaccharide. It is a conjugate acid of a 3-hydroxyhexadecanoic acid(4-). It is an enantiomer of a (9S)-3"
986,"The molecule is a monocarboxylic acid anion obtained by deprotonation of the phosphate and diphosphate OH groups of (3Z,8Z,11Z,14Z)-icosatetraenoic acid; major species at pH 7.3. It is a conjugate base of a (3R,8S)-icosa-3,8,11,14-tetraenoyl-CoA(4-). It is an enantiomer of a 3-hydroxyhexadecanoic acid. It derives from a coenzyme A"
987,"The molecule is a monocarboxylic acid anion obtained by deprotonation of the phosphate and diphosphate OH groups of 3-hydroxybenzoic acid; major species at pH 7.3. It has a role as a Saccharomyces cerevisiae metabolite. It is a conjugate base of a 3-[(2Z,4Z)-octadecenoyl-sn-glycero-3-phospho-D-glucopyranosyl]-L-cysteine(1-). It is an enantiomer of a"
988,"The molecule is a polyunsaturated fatty acyl-CoA that results from the formal condensation of the thiol group of coenzyme A with the carboxy group of (7Z,11Z,13Z,16Z,19Z)-docosahexaenoic acid. It has a role as a human metabolite and a Saccharomyces cerevisiae metabolite. It derives from an all-cis-docosa-6,11,13,16,19-tetrahydroflavone. It is a conjugate acid of a (9Z,"
989,"The molecule is a monocarboxylic acid anion obtained by deprotonation of the phosphate and diphosphate OH groups of 3-hydroxybenzoic acid; major species at pH 7.3. It has a role as a Saccharomyces cerevisiae metabolite. It is a conjugate base of a 3-[(2Z,4Z)-octadecenoyl-sn-glycero-3-phospho-D-glucopyranosyl]-L-cysteine(1-). It is an enantiomer of a"
990,"The molecule is a polyunsaturated fatty acyl-CoA that results from the formal condensation of the thiol group of coenzyme A with the carboxy group of (3Z,4Z,6Z,8Z,10Z,13Z)-docosapentaenoic acid. It has a role as a human metabolite and a Saccharomyces cerevisiae metabolite. It derives from an all-cis-docosa-3,4,6,8,10,13-tetraenoate. It is a conjugate acid of a (3"
991,"The molecule is a polyunsaturated fatty acyl-CoA that results from the formal condensation of the thiol group of coenzyme A with the carboxy group of (3Z,8Z,11Z,13Z)-docosapentaenoic acid. It has a role as a human metabolite and a Saccharomyces cerevisiae metabolite. It derives from an alpha-D-glucopyranoside. It is a conjugate acid of a (4Z,7Z,10Z,14Z,16E,19Z)-hexadecen"
992,"The molecule is a polyunsaturated fatty acyl-CoA that results from the formal condensation of the thiol group of coenzyme A with the carboxy group of (7Z,10Z,13Z,16Z,19Z)-docosahexaenoic acid. It has a role as a human metabolite and a Saccharomyces cerevisiae metabolite. It derives from an all-cis-docosa-6,10,13,16,19-tetrahydropyranosyl ester. It is a conjugate acid of a (7"
993,"The molecule is a polyunsaturated fatty acyl-CoA that results from the formal condensation of the thiol group of coenzyme A with the carboxy group of (7Z,11Z,13Z,16Z,19Z)-docosahexaenoic acid. It has a role as a human xenobiotic metabolite and a Saccharomyces cerevisiae metabolite. It derives from an all-cis-docosa-6,11,13,16,19-tetrahydrocystic fibrosis. It is a conjugate acid of a"
994,"The molecule is a polyunsaturated fatty acyl-CoA that results from the formal condensation of the thiol group of coenzyme A with the carboxy group of (7Z,10Z,13Z,16Z,19Z)-docosahexaenoic acid. It has a role as a human metabolite and a Saccharomyces cerevisiae metabolite. It derives from an all-cis-docosa-6,10,13,16,19-tetrahydrocystic fibrosis factor. It is a conjugate acid of a (7"
995,"The molecule is a polyunsaturated fatty acyl-CoA that results from the formal condensation of the thiol group of coenzyme A with the carboxy group of (3Z,8Z,11Z,14Z)-icosatetraenoic acid. It has a role as a human metabolite and a Saccharomyces cerevisiae metabolite. It derives from an alpha-D-glucopyranoside. It is a conjugate acid of a (4Z,7Z,10Z,13E,19Z)-octadecenoyl"
996,"The molecule is an organophosphate oxoanion obtained by deprotonation of the phosphate and diphosphate OH groups of 3-hydroxy-3-oxanoic acid; major species at pH 7.3. It has a role as a Saccharomyces cerevisiae metabolite. It is a conjugate base of a 3-phosphate(2+). It is an enantiomer of a 4,6-dihydroxy-4H-pyranoyl-sn-glycero-3-(1-O)-D-glucopyr"
997,"The molecule is a polyunsaturated fatty acyl-CoA that results from the formal condensation of the thiol group of coenzyme A with the carboxy group of (5Z,8Z,11Z,13Z)-docosapentaenoic acid. It has a role as a human metabolite and a Saccharomyces cerevisiae metabolite. It derives from an all-cis-docosa-6,8,11,13-tetrahydroflavone. It is a conjugate acid of a (4Z,7Z,10Z"
998,"The molecule is a polyunsaturated fatty acyl-CoA that results from the formal condensation of the thiol group of coenzyme A with the carboxy group of (7Z,11Z,13Z,16Z,19Z)-docosahexaenoic acid. It has a role as a human xenobiotic metabolite and a Saccharomyces cerevisiae metabolite. It derives from an all-cis-docosa-6,11,13,16,19-tetrahydrocystic fibrosis. It is a conjugate acid of a"
999,"The molecule is an organophosphate oxoanion obtained by deprotonation of the phosphate and diphosphate OH groups of 3-deoxy-D-glucopyranose; major species at pH 7.3. It is a conjugate base of a 3,4-dihydroxyhexadecanoyl-sn-glycero-3-phosphatidyl-CoA(4-). It is an enantiomer of a 4-hydroxymethylhexadecanoic acid. It derives from a (1S)-2-hydroxyhex"
