ID,description
0,". It is a member of the class of glycosylceramides obtained by formal condensation of the carboxy group of palmitic acid with the hydroxy group of 2-amino-2-deoxy-beta-D-glucopyranose. It has a role as a mouse metabolite. It derives from a hexadecanoic acid and a 2-amino- (2Z) -2-hydroxyhexan-1-ol. It represents a tautomer of a N-acetylglucosaminylceramide zwitterion. It arises from a tautomerisation of a N- [2- (hexadecanoyl) -sn-glycero-3-phospho] -N-acetylsphingosite1D: 0-bis (benzoyloxy) -2- (2-acetamido-2,4-dideoxy-alpha-L-erythro-hex-4-enopyranosylglyceryl) -D-threonine1-aminium. It originates from a hydride of a C16: 0. It comes from a Cer (d18: 1 / 22: 0). It belongs to a family of glycosphingolipids that is derived from a 16: 0 / 24: 0 (1-O-acyl-Delta6-Cer). it is a conjugate acid of a Neu5Acalpha2-3"
1,"SUMMARY: The molecule is an organic cation obtained by protonation of the tertiary amino group of (S, S) -dothiepin; major species at pH 7.3. It has a role as an antidepressant, an antiparkinson drug and a serotonin uptake inhibitor. It is an ammonium ion derivative and an organic salt. It contains a (1S, 2S) -1-hydroxy-3-methyl-2- (4-methylpiperazin-1-yl) propan-2-aminium (1 +). It derives from a (3S, 4S) -3-methylpiperidine-2,5-dionediamine. It represents a tautomer of a (R, R) -7-methoxy-3- (3,4-methylenedioxyphenyl) -2-oxo-1,2,3,4-tetrahydroisoquinoline-5-carboxylic acid. It arises from a conjugate acid of a rac-7-methoxypiperazine-5- (1H-indol-6-ylmethyl) -1,3-diol. It comes from a hydride of a 1,2,3,4,4a, 5,6,7,8,8a-octahydroindolo [1,2-a] pyrazino [2,1-b] carbazol-10 (4H) -ium. it is an enantiomer of a ractopride hydrochloride. It"
2,"(DS), low density lipoprotein cholesterol (LDL-C), triglycerides (TG) and glucose 6-phosphate (G-6-P) levels were measured. RESULTS: There was a statistically significant difference between the groups in terms of age (p < 0.05). CONCLUSION: In this study, we found that there was a positive correlation between the level of HDL-C and the concentration of DHEA sulfate. It has a role as a mouse metabolite. It is a conjugate acid of a DHEA sulfate (1-). It derives from a hydride of a 1,4-androstadiene-3,17-dione. It contains a beta-D-glucopyranosyl- (1- > 4) -androst-5-en-17beta-ol-3-one. It belongs to a group of steroids that are substituted by hydroxy groups at positions 3, 7, 17 and 20 and a methyl group at position 6. It carries a 2-fold increase in the risk of developing type 2 diabetes mellitus. It may be a consequence of a deficiency of an adrenal androgen function. It can be used as a diagnostic tool for differentiating between patients with adrenal insufficiency and those with primary adrenal insufficiency. It also serves as a biomarker for evaluating the severity of the disease. It does not have a"
3,"is an acidic bile acid anion that is the conjugate base of 3-oxo-5beta-cholan-24-oic acid, obtained by deprotonation of the carboxy group; major species at pH 7.3. It has a role as a human metabolite and a Saccharomyces cerevisiae metabolite. It is a monocarboxylic acid anion and an omega-hydroxy fatty acid anion. It derives from a 3-oxochol-6-en-24 (S) -oic acid. It comes from a hydride of a 6beta-chol-4-ene-3,24-dioate. It arises from a conjugation of a taurolithocholic acid with an alpha-L-rhamnopyranosyl- (1- > 2) -beta-D-glucopyranosyl-hex-5-enoate (2-). It contains a 3- [(7Z, 10Z, 13Z, 16Z) -docosa-4,7,10,13,16-pentaenoyloxy] -3-oxoolean-20-yl] -2-deoxy-alpha-l-arabino-hexacosanoic acid zwitterion. It originates from a 3alpha-hydroxy-5beta- [12- (7-sulfo-1-methylethyl) pentadec-7-en"
4,". It has a role as a mouse metabolite. It derives from a hydride of an olefinic compound. It is a conjugate base of a 4-hydroxy-3-methylbut-2-en-1-one (1 +). It arises from a tautomerization of a 3,4-dihydronaphthalene-1,2-diol zwitterion arising from a proton transfer from the OH group to the carbonyl group. It represents a tautomer of a 4,4 '-di-tert-butyl-2,2' -dihydroxy-1,1 '-bi-1,3-dioxolane. It contains a 2,4-dihydroxymercury-5-ene-1,5-dicarboxylate (2-) and a 2,3-diacetoxy-3,5-dioxo-4,5-dihydro-1,4-oxazin-6-ium (1-). Coinciding with a decrease in the number of hydrogen bonds between the two oxygen atoms of the parent molecule, it is a consequence of a change in the electronic character of the molecular orbital at C (3) / C (4) of the double bond. It may be a source of reactive oxygen species that are responsible for tissue damage during ischemia-reperfusion injury. It can be used as a biomarker of oxidative stress."
5,"SOP (1-deoxy-2-O-sulfo-alpha-L-threo-hex-4-enopyranuronosyl) -beta-D-galactopyranoside. It has a role as an epitope. It is a member of pyranosides, an oligosaccharide sulfate and a monosaccharide derivative. It derives from a 3-O- [(2R) -2-acetamido-2,3-dihydro-1H-indol-3-yl] -D-galactopyran-6-ulosonic acid. It represents a conjugate acid of a N-acetyllactosaminyl- (1- > 3) -N-acetyl-beta- D-galactosyluronic acid (2-). It does not arise from a tautomerization of a beta-lactose zwitterion. It arises from a transfer of a proton from the carboxy group to one of the hydroxy groups of a neolacto-2,4-dienoyl-6- (sulfooxy) hexopyranose. It belongs to a group of sulfamates that is substituted by sulfo groups at positions 3 and 6. It contains a 3- (2-sulfonatoethyl) -4,6-dioxo-1,2-dihydropyrano [3,2-f] isobenzofuran-5-yl group"
6,). (ABSTRACT TRUNCATED AT 250 WORDS)
7,"SUMMARY: The patient is a member of the class of thiazolidinediones that is 1,3-thiazolidine-4-carboxylic acid in which one of the methyl hydrogens at position 2 has been replaced by a hydroxy group. A peroxisome proliferator-activated receptor gamma agonist, it is used for the treatment of type 2 diabetes mellitus. It has a role as an anti-diabetic agent and a PPARgamma agonist. It is a conjugate acid of a rosiglitazone (1-). It derives from a hydride of a 1,3-thiadiazole. It contains a 2-hydroxy-3-methylbut-2-en-1-yl group. It arises from a tautomerisation of a thiazolidinedione. It represents a tautomer of a troglitazone zwitterion. It consists of a bis (2-hydroxyisobutyryl) -1,4-dihydro-2H-thiopyrido [2,3-b] pyridine-5-carboxylate. It may be a conjugate base of a desoxo-D-fructose 6-phosphate (1 +) .It is an enantiomer of a gemfibrozil bisulfate. It does not contain a hydrogen at the 2-position of the thiazolidine ring; it is a tautomeric form of a glycopyrrolate zwitter"
8,". It is a monocarboxylic acid, a member of phenols and a secondary alcohol. It derives from a 4-hydroxy-3-methoxybenzoic acid. It has a role as a human xenobiotic metabolite and a mouse metabolite. It arises from a hydride of a benzoate. It represents a conjugate acid of a 3,5-dihydroxy-4-methoxybenzoate (1-). It exists as a tautomer of a 3,4,5-trimethoxybenzoate zwitterion arising from a proton transfer from a carboxylic acid group to a hydroxy groups at the 2 and 4 positions of the benzene ring; it is a conjugate base of a 3,4-dimethoxy-5-hydroxyphenyl-2,4,6-trimethyl-1,3,5-triazahexan-1-one. It contains a 3- (4-hydroxyphenyl) -2-oxopropanoic acid anion. It originates from a meta-hydroxybenzoic acid and a 2,4-dimethoxypentane-6-sulfonate. It belongs to a class of phenylpropanoic acids that is substituted by a methyl group at the 4-position and a tert-butyl substituent at the 5-position. It may be a metabolite of 2,3,7,8-tetrachlorodibenzo [a, d] aceto-7-ene-3,6,8-triyl-diacetic acid."
9,"(2). It is a conjugate base of a 4-hydroxy-3-methylbut-2-en-1-one. It has a role as a human metabolite and a Saccharomyces cerevisiae metabolite. It derives from a hydride of an isovaleryl-beta-methyl-L-rhamnose (1 +); it is a tautomer of a 6-hydroxyisovaleric acid zwitterion arising from transfer of a proton from the carboxy group to the alpha-methylene group of a 4,6-dideoxy-alpha-D-manno-oct-7-ulosonic acid (2 +). A quaternary ammonium ion is also present in the form of a 5-dehydro-6-deoxynojirimycin (1-), it is formed by condensation of the hydroxy group of 4-hydroxymyristic acid with the amino group of L-arginine. It may be a precursor of N-glycosylinositolactosamine, which is excreted in the urine of patients with Niemann-Pick disease type C (sphingomyelinase deficiency) due to mutations in the SMPD1 gene. It can be used as a diagnostic test for Niemiphysin-1 deficiency. It will be a"
10,". The molecule is a sesquiterpenoid isolated from the stem bark of Fraxinus sieboldiana and has been shown to exhibit cytotoxic activity. It has a role as a metabolite and an antineoplastic agent. It derives from a hydride of an eudesmane. It is a conjugate acid of a (+) -seco-hentriacontane-1,7-diol (1-). It arises from a tautomerisation of a 1-hydroxy-2-oxocyclohex-3-en-1-one. It represents a tautomer of a 1alpha, 7alpha, 8beta, 10beta-tetrahydroxy-7,10,11-trimethylbicyclo [4.1.0] heptadeca-3,8 (10), 14-trien-6-one zwitterion. It contains a hydrogen at position 7. It may be an enantiomer of a 1beta, 7beta-dihydroxy-1,2,3,4-tetrahydronaphtho [2,3-b] furan-7-yl acetate. It originates from a 1,2-epithio-4,4a, 5,6,7,8-hexahydronaphthalene-9-endo-olate. It reflects a tautomeric change of a 3beta, 6beta-dihydroxyeud"
11,"The molecule is a tripeptide composed of L-proline, L-alanine and L-tyrosine joined in sequence by peptide linkages. It has a role as a metabolite. It derives from a L-prolinal, an Ala-Pro-Ala-Tyr and a L- (L-alpha-amino acid) -proline. It is a tautomer of a -L-prolyl-L-alanyl- [L-histidyl] -L-tyrosine zwitterion. It arises from a tautomerisation of a cis-HispGlu-AlaPro-Asp. It contains a trans-His (2 +) -Pro (3 +). It represents one of the most abundant amino acids in human blood. It may be derived from a free L-histidine (1 +) or L-aspartic acid. It can also be a precursor of gamma-aminobutyric acid (GABA), which is involved in the biosynthesis of neuroactive peptides such as substance P and calcitonin gene-related peptide. It acts as a neurotransmitter at the N-methyl-D-aspartate receptor (NMDA receptor) subtype. It binds to the NMDA receptor with high affinity (Kd = 10 (-9) -10 (-11) M) but is unable to act as a glutamate receptor agonist. It"
12,"[1] flavan-7-one in which the hydroxy group at position 3 is replaced by a methoxy group. It has a role as a plant metabolite. It is a tetrahydroxyflavan and a member of 4 '-hydroxyflavanones. It derives from a (-) -epigallocatechin 5-O-beta-D-rutinoside A. It is an enantiomer of a (+) -3', 4 '-O-dimethoxyflavan 5,7,3' -triols. It contains a (S) -3- (3,4-dihydroxyphenyl) -1- (3,4,5-trimethoxyphenyl) prop-2-en-1-one. It represents a conjugate acid of a kaempferol 3-O- [(2S) -1-hydroxy-3-methylbutyl] -beta-L-arabinopyranosyl- (1- > 4) -beta-D- [(2R) -2,3-dihydroxy-5- (4-hydroxyphenyl) -2-oxopyrrolidine-4-yl] -5-carboxylate. It arises from a tautomerisation of a flavonol 3,5,7-triade-9 (11) -ene-10 (14) -one zwitterion. It originates from a migration of a proton from a carboxylic acid to a hydroxy groups at"
13,"(5Z, 8Z, 11Z, 14R) -icosatetraenoic acid is an intermediate in the biosynthesis of resolvin D1. It has a role as a human xenobiotic metabolite and a mouse metabolite. It is a conjugate acid of a 5-hydroxy- (7Z, 10Z, 13Z, 16Z, 19Z) -docosahexaenoate. It derives from an all-cis-docosa-7,10,13,16,19-hexaenoic acid. it is an enantiomer of a 7-hydroxy-5,8,11,14,17-icosapentaenoyl-sn-glycero-3-phospho-L-serine. It contains a (5R, 6S, 8S, 9S, 12R, 14S, 16R) -7-hydroperoxyicosatetraenoyl group (1- by 1: 1 stoichiometry). It arises from a (5S, 6R, 8R, 10S, 13R, 15S, 18R) -6-hydroxyicosatetraen-20-phe-3,14-dioic acid. It belongs to a class of omega-6 fatty acids that is derived from a heptadec-6,8,10,13,19,19-pentaenoic acid via a Michael addition reaction. It"
14,"SUMMARY: The plant is a member of the class of xanthones that is 9H-xanthen-9-one substituted by hydroxy groups at positions 1, 3 and 7 and a prenyl group at position 8. It has been isolated from the aerial parts of Celastrus orbiculatus and has been shown to exhibit cytotoxicity against human cancer cell lines such as Hela, HepG"
15,"MATERIAL AND METHODS: The molecule is a member of the class of alcohols that is ethanol substituted by a methyl group at position 2. It has a role as a plant metabolite. It derives from a hydride of an ethanol. It is a conjugate acid of a 1-methylpropan-2-ol (1-) .It is an enantiomer of a 2-methylbutane-1-ol. It arises from a tautomerization of a 3-methylpentane-1,2-diol zwitterion. It represents a tautomer of a 4-methylhexan-1,3-diol. It contains a hydrogen bonded to a methyl groups at positions 1 and 2 (1 + / 2 +). It reflects a tautomerism of a 6-methylheptanal-2,2,2-trimethyl-1,3,2-dioxaphosphoran-5-olate. It may also be a tautomeric form of a 7-methylheptyl-2,3-dimethyl-1,3,5,5-tetramethyl-tetrahydronaphthalene-1,1-diolate. Both tautomers are derived from a one of the two possible tautomers of a water-soluble phosphonic acid. It seems to arise from a proton transfer from a phosphorous oxygens of a phosphonic acids."
16,"SUMMARY: The molecule is a hydrochloride obtained by reaction of (S) -citalopram with one equivalent of hydrochloric acid. A serotonin reuptake inhibitor, it is used for the treatment of depression and obsessive-compulsive disorder. It has a role as a serotonin uptake inhibitor, an antidepressant and a serotonergic antagonist. It contains a (R) - [1- (4-fluorophenyl) -4-methyl-1H-indol-3-yl] acetic acid (1 +). It derives from a hydride of a citalopram. It is a conjugate acid of a (1S, 2R) -2- [(1R, 2S) -1-methylethyl] -3- [4- (trifluoromethyl) phenyl] -1- (5-fluoro-2-methylpyrrolidin-1-yl) cyclopropanecarboxylate- (1-piperidinyl) methanol (1-); it is an enantiomer of a racemic citalopram hydrochloride. It represents a tautomer of a rac-citalopram hydrochloride zwitterion. It arises from a proton exchange between a tertiary amino group and a secondary amino group. One of two molecules of each of the two enantiomers of citalopram hydrochloride exists in a ratio 1: 1. It binds to the serotonin transporter (SERT) receptor (IC (50) = 80 nM"
17,". The molecule is a dicarboxylic acid dianion obtained by deprotonation of both carboxy groups of (S) -3-hydroxy-3-methylglutaric acid. It is the major microspecies at pH 7.3 (according to Marvin v 6.2.0.). It has a role as a human metabolite and a Saccharomyces cerevisiae metabolite. It derives from a glutarate (2-) .It is a conjugate base of a (R) -3- (3-hydroxymyristic acid) -2,3-dihydroxypropanoate. It represents a conjugate acid of a 3- (3 '-hydroxymysulfonyl) -2-hydroxypropanoate (1-). There is an equilibrium between two isomeric forms, one of which is present in equimolar amounts (ratio 1: 1) and the other with a ratio of 2: 1. It arises from a hydride of a succinate (4-); it is a tautomer of a maleic acid zwittertatively linked to a malonate (5-) .The major tautomer is a bis (malonate) phosphate. It belongs to a class of dicarboxylic acids that is derived from a malonic acid and a succinate. It contains a fumarate (2- & mgr; -diester) (6-). A major product of a"
18,"atidylserine (2-) is the major species at pH 7.3. It is a conjugate base of a 1-stearoyl-2-linoleoyl-sn-glycero-3-phospho-1D-myo-inositol. It has a role as a human metabolite and a Saccharomyces cerevisiae metabolite. It derives from an inositol (1- > 2) -sn-glycerol 3-phospho- (1-O-phosphoinositol) (5- > 4) -diphophate (1-). It arises from a hydride of a 1,2-di-linoleoylglycerol. It represents a tautomer of a D-threo-1,2-dioleoylphosphatidylinositol 3,4,5-triacontanoyl-L-homoserine 6-phosphate zwitterion arising from a transfer of a proton from a free phosphate to a diphosphate group; it is an enantiomer of a L-1,2,3-trioleoylphosphatidylserine 3,4-bis (5 '-phosphopyridinoyl) -phosphate. It was a conjugate acid of a 1,2,3-tri-O- [(5Z, 8Z, 11Z, 14Z) -icosapentaenoyl] -L-inositolphosphoceramide 4,6-bis- (5-phosphonato-alpha-D-mannosyl) phosphate."
19,": A pentacyclic triterpenoid isolated from the aerial parts of Phyllanthus emblica. It has a role as a plant metabolite. It is an acetate ester, a cyclic ether, a diol, a member of phenols and a pentacyclic terpenoid. It derives from a hydride of an oleanane. It contains a 3-hydroxy-4-methylbut-2-en-1-yl acetate (1-). It arises from a tautomerisation of a 3beta-hydroxyurs-12,13-dien-28-oic acid zwitterion arising from a proton exchange between the carboxylic acid group and the alpha-methylene group at position 3. It represents a tautomer of a 3beta- (hydroxymethyl) -5alpha-spirost-5-ene-11,13-diol. It may be a conjugate base of a 3alpha, 4beta-dihydroxyurs-12, 13-diene-3,27-triol. It differs from a 3beta, 4alpha- (methylenedioxy) -24-epoxy-5alpha-pregnan-22-ol (1 +). The relative configuration of the steroid nucleus is also determined to be 6alpha, 7alpha, 10beta, 12alpha. It belongs to a class of acetogenins that have been isolated"
20,"(-) is an unsaturated fatty acid-CoA that results from the formal condensation of the thiol group of coenzyme A with the carboxy group of (4Z, 7Z, 10Z, 13Z, 16Z, 19Z) -docosahexaenoic acid. It is a member of docosenoic acids and a long-chain fatty acyl-CoA. It has a role as a human metabolite and a mouse metabolite. It derives from a docosa-4,7,10,13,16,19-hexaenoic acid. it is a conjugate acid of a 4-carboxydodec-4-enoyl-CoA (4-). It arises from a hydride transfer of a docosanoyl-CoA to an 11-hydroxy-12-methylhexadecatriacontahexanoate. It belongs to a class of polyunsaturated fatty acyl CoAs that is substituted at the 2-position by a 3-methyl-5-oxo- (5Z, 8Z, 11Z, 14Z, 17Z, 20Z) -3-hydroxyicosapentaenoyl group (1: 1 ratio); it is also an enantiomer of a (4S, 7S, 8S, 9R, 12S, 14R) -docosatetradehydro-3-methylstearoyl-"
21,". It has a role as a mouse metabolite. It is a conjugate acid of a 3-hydroxy-4-methylbut-2-en-1-one (1-). It derives from a hydride of a 1,4-benzoxazin-3 (2H) -one. It represents a tautomer of a 3- (hydroxymethyl) -4-methyl-5-oxo-3,4-dihydro-1H-1,2,4-triazolo [4,3-a] isoquinolin-6-ol zwitterion. It arises from a tautomerisation of a 3,5- (methylenedioxy) -2,4-dihydronaphtho [2,3-b] furan-1 (3H), 7-diene-9-carboxylic acid. It differs from a previously described 3,5-dihydroxy-4- (methylthio) -2-methylbutanoyl-1,2,3,4-tetrahydro- [1,2,3] triazolo- [4,5-c] isoquinoline-6,8 (6H) -dione zwitterions. It contains a hydroxyl group at the 3-position and a methyl substituent at the 5-position. It may be an enantiomer of a (+ / -) -3,3-dehydro-4,4-dimethyltricyclohex-1,5-ene-carboxylate. It"
22,"is a member of the class of benzimidazoles that is 1H-benzimidazole which is substituted by methyl groups at positions 2 and 4. It has a role as a plant metabolite. It is a benzimidazole and a secondary amino compound. It derives from a hydride of a 1H-benzimidazole. It contains a 2- (4-methylpiperazin-1-yl) -4-oxoimidazolidin-3-ium. It arises from a tautomerisation of a 2-methylbenzimidazole-4-carboxamide zwitterion arising from a proton transfer from an exocyclic amino group to the endocyclic nitrogen; it is a tautomer of a 1,2-dihydro-2H-benzimidazol-4 (3H) -one. It represents a conjugate acid of a 2,4-diamino-5- [4- (dimethylamino) phenyl] -1H-imidazole-6-carboxylate. It originates from a protonation of a free-base form of a 2,2 '-dimethanesulphanyl-1,1' -biphenyl-4,4 '-dicyano-1H-1H, 4,7' -triazaisowithia-1,3,5 (10) -thixanthen-9-amine. It exists in two tautomers: one is a zwittertium zwitter"
23,"RESULTS: The molecule is an amino disaccharide consisting of 2-acetamido-2-deoxy-beta-D-glucopyranose and L-serine residues joined in sequence by a (1- > 4) glycosidic bond. It has a role as an epitope. It derives from a N-acetylneuraminic acid and a L-serinol. It is a conjugate acid of a sialyllactosamine 6-phosphate (2-). It arises from a tautomerization of a 6-O-sulfo-alpha-Neu5Ac- (2- > 3) -D-erythro-hex-4-enopyranosyluronic acid zwitterion. It represents a tautomer of a sialyl 6-O- [6- (sulfo) -2,3-dihydro-1H-indol-3-yl] -2-acetamidoheptanoic acid. It originates from a hydride of a D-glycero-gamma-galacto-delta-1,4-diaminopenicillanic acid; it is the major tautomer at pH 7.3. It reflects a tautomerisation of a sialic acid 6-SO (3) -6-sulfate. It may be a consequence of a reduction of the negative charge on the hydroxy group at position 6 of the pyranose ring."
24,". The molecule is a tripeptide composed of L-leucine, L-threonine and L-aspartic acid joined in sequence by peptide linkages. It has a role as a metabolite. It derives from a L-leucinol, a L -threonine and an aspartic acid. It is a conjugate acid of a (L-leucyl-L-threonyl) -D-aspartate (1-). It represents a tautomer of a L- (leucyl-D-aspartyl) -L-leucine zwitterion. It arises from a proton transfer from a carboxyl group to the amino group of a DL-leucine. It contains a free alpha-amino group. It reflects a tautomerisation of a gamma-glutamyl-DL-aspartimide. It may be a consequence of a conformational change induced by protonation of the side chain of a beta-aspartylglycine; it is also a tautomeric form of a beta- (2-aminoethylamino) -2-methyl-5-hydroxy-4-oxo-6-aminopentanoic acid. As a member of guanidinium salts, it is used for the treatment of bacterial infections caused by Gram-positive bacteria such as methicillin-resistant Staphylococcus aureus (MRSA) and vancomycin-resistant enterococci (VRE). There is a link between"
25,"uscript: (1) The molecule is a pentacyclic triterpenoid that is olean-12-en-28-oic acid substituted by hydroxy groups at positions 3 and 22 and a beta-D-glucopyranosyl- (1- > 2) -alpha-L-arabinopyranosyl residue at position 3 via a glycosidic linkage. It has been isolated from the aerial parts of Lysimachia clethroides. It derives from a hydride of an oleanane. It is a conjugate acid of a lysimachiside (1-). It arises from a tautomer of a 3beta, 22alpha-dihydroxy-3beta- (hydroxymethyl) -23,24-cyclolanostane-3,22-dione zwitterion. It represents a major species at pH 7.3 (according to Marvin v 6.2.0.). In addition, a 3beta-hydroxy-22-oxo-24,24-dihydrolanosta-7,22-dien-3-yl sulfate is also present in the form of a 4beta-O-sulfo-3alpha-desulfo-23-deoxycholest-5-ene-26-one (as its sodium salt); it has a role as a plant metabolite. It consists of a disaccharide derivative"
26,"SUMMARY: The patient is a 5-hydroxy-3-methyl-4-phenyl-1H-pyrazole-2-carboxylic acid that has (S) -configuration. It is an enantiomer of a (R) -3,5-dihydroxy-5- (3-methylphenyl) -4-phenylpyrazolo [1,2-a] pyrazin-1-yl acetate. It derives from a (2S, 3S) -5-hydroxymandelic acid and a (2R, 3R) -3-methylhydantoine-1,1-dioxide. A metabolite of the antiepileptic drug levetiracetam. It has a role as an EC 2.7.11.24 (phosphoinositide 3-kinase) inhibitor, an antiseizure drug, an antineoplastic agent, an apoptosis inducer, an antioxidant, an anti-inflammatory agent, a neuroprotective agent and an EC 3.1.1.7 (protein kinase C) inhibitor. It represents a conjugate acid of a levetirazepate (1-). It arises from a tautomerisation of a dexoxadrol zwitterion. It contains a beta-D-xylopyranosyl- (1- > 2) -alpha-L-rhamnopyranosyl-l-seryl- (2- > 3) -2-acetamido-3,4-dihydro-2H-pyran-6-"
27,". It is a monocarboxylic acid and a member of acetamides. It derives from a 2-amino-3-phenylpropanoic acid. It has a role as a human xenobiotic metabolite, an Escherichia coli metabolite and a mouse metabolite. It originates from a hydride of a phenylpropanoate. It represents a conjugate acid of a N-acetyl-2-phenylpropionamide (1-). It arises from a tautomerization of a N- (2-phenylethyl) -2-phenyl-propanoate zwitterion arising from a proton transfer from a carboxylic acid to a primary amino group; it is the major tautomer of a 2- (2 '-hydroxyphenyl) propanamide. It contains a proton at the 4-position of a 2,3-dihydro-1H-1-benzopyran-4-ol-5-carboxylato-O-methyl-D-ribofuranoside (1 +). The tautomer is a conjugate base of a 2,4-diaminophenyl-beta-L-ribofuranosyl-6-oxopicolinic acid. One of two tautomers of a 3,5-diamino-2,4,6-triaminoisoxazolo [4,5-f] pyridin-7-yl-O- (2,6-dimethylphenyl) acetic"
28,"It is a tripeptide composed of L-glutamic acid, L-aspartic acid and L-proline joined in sequence by peptide linkages. It has a role as a metabolite. It derives from a L-glutamate, an aspartate and a L -proline. It is an enantiomer of a D-glutamyl-L-aspartate- (1- > 2) -L-proline zwitterion. It represents a tautomer of a Glu-Asp-L- [Pro-Leu]. It contains a trans-1,2-diaminocyclohexane-1,3-dionesulfinato-3-ium (2-). It arises from a tautomerisation of a Glu- (1-Propyl) -D-Aspartate; it is the major tautomer at pH 7.3. It consists of a conjugate base of a Glutamate-AcPro- (+) -Propent-2-en-1-amine. It reflects a tautomeric switch from a Glu to a Pro zwitterrotationally locked by a proton transfer from a cis-to trans-to-cis-amino acids. It may be a tautomerase of a Delta-Glu-Val-Ala-Asp (1-) .It is one of several tautomers of a delta-Glu"
29,"/ (4Z, 7Z, 10Z, 13Z, 16Z) -docosapentaenoic acid in mice. It has a role as a mouse metabolite. It derives from an all-cis-docosa-4,7,10,13,16,19-hexaenoic acid. It is a conjugate acid of a 4-trans-docosapentaenoyl-1-stearoyl-sn-glycero-3-phospho- (1 '-O-methylethanolamine- 2' -beta-D-glucoside) (1-). It arises from a deprotonation of a palmitoyl group and a docosanoyl group. It represents a tautomer of a 4- [(5Z, 8Z, 11Z, 14Z, 17Z) -3-hydroxy-5,8,11,14,17-pentaoctadecatetraenoyl] -1,2-dihexadecanoylglycerol.It is an enantiomer of a 3- [(6Z, 9Z, 12Z, 15Z, 18Z) -3- (hydroxymethyl) -5,8,10,13,16-pentatriacontahexadec-6-yl] -2-hydroxyhexadecanoic acid zwitterion. It originates from a 3-hydroxyl-5-methylpentadecanoyl-L-glycero"
30,". It derives from a linoleic acid. It is a conjugate acid of a 1-stearoyl-2-linoleoyl-sn-glycero-3-phospho- (1 '-sn-glycerol) (1-). It has a role as a human metabolite and a Saccharomyces cerevisiae metabolite. It arises from a hydride of an octadecane. It represents a tautomer of a 1,2-distearoyl- (9Z, 12Z, 15Z) -octadecatrienoic acid zwitterion. It may be a precursor of all-cis-docosa-4,7,10,13,16,19-hexaenoic acid and all-trans-docosatetraenoic acid. A member of the families of polyunsaturated fatty acids that have been shown to be associated with metabolic disorders such as obesity, type 2 diabetes mellitus, and cardiovascular disease. It contains a very long-chain 3-hydroxyacyl-CoA (4-) but does not contain a 3-hydroxy-4-methylpentanoyl-CoA thioester (2-). The product of a reaction of coenzyme A with 1-lauroyl-2- [(5Z, 10Z, 13Z, 16Z, 19Z) -3-hydroxyhexadecatriacontadec-5-enoyl] -"
31,". The molecule is a 3-deoxy-D-manno-oct-2-ulosonic acid (2-keto-3-deoxygluconate) in which the hydroxy group at position 6 has been oxidised to the corresponding carboxylic acid. It is a conjugate acid of a 6-oxo-2,3-dideoxy-6-O-methyl-alpha-L-threo-hex-4-enopyranuronate- (1- > 4) -ulose (2-). It derives from a hexuronic acid and a D-galacturonic acid. it is a tautomer of a 6- (hydroxymethyl) -2-oxopentanoic acid zwitterion. It arises from a tautomerisation of a 6,6- (dimethyl) -2,3-dihydroxyhexan-2,4-dionato-1-phosphonic acid / D-glycero-alpha, beta-octulosonate (1-). An enantiomer of a 6,6-dehydro-2,6- (dimethylamino) -3,6- (E) -trideoxy-5-O- [(carboxymethyl) imino] -D-galactose 4,6-anhydro-bis (phosphate) .1D-fructofuranosiduronate. It may be a metabolite of vitamin K deficiency. It"
32,"It is an amino acid zwitterion obtained by transfer of a proton from the carboxy to the amino group of N-acetyl-L-serine. It is the major species at pH 7.3. It has a role as a human metabolite and a Saccharomyces cerevisiae metabolite. It derives from a L-serine.It is a tautomer of a N (1), N (6) -di-O-acetyl- (L-threo-hex-4-enopyranosyluronic acid) -N (2) - (3-deoxy-D-manno-oct-2-ulosaminyl) -D-talo-hexopyranosamine. It contains a 3- [(3S) -3-hydroxy-3-oxoprop-1-enoyl] -2-acetamido-2,3-dideoxy-beta-d-glucopyranosyl- (1- > 2) -alpha-l-arabinopyranosyl residue (1-). It arises from a N-acetylation of a D-threoninotosaminyluronic acid; it is not a conjugate base of a N- [(1S) -1-carboxypropyl] -L-serine- (S) -6-hydroxysulfosugar-5-aminopentanoate."
33,"(3-amino-3-methyl-5-oxo-4-isoxazoline-2-carboxylic acid). It has a role as an Escherichia coli metabolite and a mouse metabolite. It derives from a threonine. It is a conjugate acid of a 3-amino- (L-threonyl) -5-oxopentanoic acid zwitterion. It arises from a proton transfer from a gamma-aminobutyric acid to a deprotonation of the primary amino group of a 6-aminocaproyl-L-serine. It represents a tautomer of a 6- [(2R) -2-hydroxyethyl] -3-ammoniohexanoyl-D-serinate. It belongs to a family of 3-aminocyclopropanecarboxylic acids, a member of imidazolines and a secondary amino compound. It contains a 3- (R) -hydroxypentanoyl group (1 +) and a 5- (S) -hydroxy-alpha-methylamino-beta-methylenesuccinate (1-) .It is an enantiomer of a 7- [(2S) -2- (2-hydroxyethyl) -4-oxoimidazolidin-1-yl] -L-proline zwittercation. It consists of a 7-hydroxymyristic acid zwitterionate"
34,". The molecule is a trisaccharide derivative that is beta-D-glucopyranose in which the hydroxy groups at positions 3 and 6 have been converted into the corresponding 2-acetamido-2-deoxy-alpha-L-fucopyranosyl derivatives. It derives from a beta-d-GlcpNAc- (1- > 3) -D-Galp. It is a conjugate acid of a 3- [(9Z, 12Z) -octadecadien-1-yl] -2-O-sulfo-alpha- L-fucose (1-). It has a role as a mouse metabolite. It represents a tautomer of a 2- [(8Z, 11Z) -12-oxo-11,12-epoxyicosatrienoyl] -L-glycero-N, N-diacontamidopropanoic acid zwitterion. It arises from a tautomerisation of a N- (6beta-hydroxymyristic acid) -3-O- [(7Z, 10Z, 13Z, 16Z, 19Z) -20-oxatricyclo [5.2.1.0 (4,9)] dodeca-2,6,10-trien-18-ylidene] -D-galactopyran-6-amine zwittercation. It"
35,"is a purine ribonucleoside 5 '-monophosphate having hypoxanthine as the nucleobase. It has a role as an Escherichia coli metabolite and a mouse metabolite. It derives from a hypoxanthine. It is a conjugate acid of a hypoxanthine 5' -phosphate (2-). It arises from a hydride transfer from an inosine to a uric acid. It represents a tautomer of a 6-amino-6-deoxy-alpha-D-ribofuranosyl-5-formamidopyrimidin-3 '-phosphate zwitterion. It originates from a hydrate of a 1-deaza-7-deazaguanosine 5' -diphosphate. It contains a hypoxanthine (1-). The major tautomer at pH 7.3 (according to Marvin v 6.2.0.). There is a link between a hypoxanthine phosphoribosyltransferase (HPRT; EC 2.4.2.1) and a pyrimidine nucleoside phosphorylase (PNPase; EC 3.2.2.2.), which is responsible for the formation of 2 '-deoxy-beta-L-arabinofuranosyluracil 5' -triphosphate (dTDP-uridylating enzyme) by cleavage of the C-glycosidic bond of dUMP. It can be used as a calibrator for HPLC analysis of dTTP or dUMP in biological samples. It"
36,". The molecule is a member of the class of quinazolines that is quinazoline in which one of the hydrogens attached to the amino group has been replaced by a 4-chlorophenyl group. It has a role as an antineoplastic agent and an angiogenesis inhibitor. It derives from a quinazoline. It is a conjugate base of a 5-chloro-2-methylquinazolin-4 (3H) -one (1 +). It arises from a tautomerisation of a 5- [4- (4-chlorophenyl) piperazin-1-yl] -2- (1H-indol-3-yl) -6,7-dioxo-2,3-dihydro-1H-quinazoline-6-carboxylic acid zwitterion; it is a tautomer of a 2,5-dichloropyridine-3,6-dicarboxylic acid. A metabolite of the anti-cancer drug sorafenib, used in the treatment of patients with advanced renal cell carcinoma. It contains a hydroxy groups at both positions 2 and 7 of the quinazoline ring. An enantiomer of a (R) -sorafenib. It does not have a significant effect on angiogenesis. It may be a prodrug for a more potent inhibition of vascular endothelial growth factor (VEGF) receptor tyrosine kinase activity. It also has a potential role as"
37,"(1 -- > 3) -Epigallocatechin-3-O-beta-D-glucoside. It has a role as a plant metabolite. It is a trihydroxyflavanone, a member of 4 '-hydroxyflavanones and a glycosyloxyflavone. It derives from a (-) -epigallocatechin and an alpha-L-rhamnosyl (1- > 2) -trans-p-coumaroylagarofuranosyl-5-hydroxy-7-methoxy-4' -O-methylpinocamphorate. It represents a conjugate acid of a kaempferol 3-O- [(2S) -2- (3,4-dihydroxyphenyl) -3- (4-hydroxyphenyl) prop-2-en-1-yl] -beta-d-glucopyranoside (1-). It arises from a hydride of a flavan-4-one. It belongs to a group of 3 ''-O-glycosylflavones that is substituted by hydroxy groups at positions 3 and 5 and a prenyl group at position 7. It originates from a condensation of a procyanidin with a beta-D- (+) -gallocatechin. It may be a product of enzymatic degradation of procyanidins present in the cell wall of some species of Lolium perenne"
38,". It has a role as a mouse metabolite. It derives from a hydride of an olefinic compound. It is a conjugate base of a 4-hydroxy-3-methylbut-2-en-1-one (1 +). It arises from a tautomerization of a 3,4-dihydronaphthalene-1 (2H) -furan-2 (3H) -one zwitterion arising from a proton transfer from a carboxylic acid group to a hydroxy group. It represents a tautomer of a 4,4 '-dihydroxy-3,3', 5,5 '-tetramethyl-2,2' -bi-1,3-diene. It contains a 2,3-dihydroxymercury-5-ene-1,5-diol (1-) and a 1,2-diacetoxy-3,5-dimethylbutane-1,4-diolate (2-); it is the major species at pH 7.3 (according to Marvin v 6.2.0.). An enantiomer of a meso-2,3-dihydroxy- (2S, 3S) -2,3-dihydroxy-3,5- (methylenedioxy) bicyclo [2.2.1] heptan-7-one. It belongs to a class of monoterpenoids that is substituted by methyl groups at positions 2 and 6 and a hydroxy groups at"
39,"(3). The molecule is a dicarboxylic acid dianion obtained by deprotonation of both carboxy groups of L-malic acid; major species at pH 7.3. It has a role as a human metabolite and a Saccharomyces cerevisiae metabolite. It derives from a L-malate (2-). It is a conjugate base of a L- (3-hydroxy-4-methyl-2-oxocyclohexa-2,5-dien-1-yl) lactic acid. It represents an enantiomer of a D- (3,4-dihydroxy-5-methylpentanoyl) -lactic acid (1-). There is a tautomer of a 3- (hydroxymethyl) -3-methyloxalic acid zwitterion. It arises from a proton transfer from a lactate to a 2,3-dihydroxypropanoic acid (4-). One of a set of four carboxylic acid anions arising from a reaction of two molecules of H (2) O (+) and one molecule of OH (-) (4) (i.e. the sum of the four carboxylic acids present in the parent compound). Four protons are attached to the D-configuration of each of the three hydroxy groups of the L-isomer. It comes from a hydride of a meso-2,3-hexanedioic acid."
40,": A pentacyclic triterpenoid isolated from the aerial parts of Celastrus orbiculatus. It has a role as a plant metabolite. It is an acetate ester, a cyclic terpene ketone, a tertiary alcohol and a member of furans. It derives from a hydride of an oleanane. It contains a 3beta-hydroxy-urs-12-en-28-oic acid (1 +). It represents a tautomer of a 3alpha, 7alpha-dihydroxy-24-methylcholesta-5,22-dien-3-one zwitterion arising from a proton exchange between the carboxylic acid group and the primary amino group. It arises from a tautomerisation of a 3beta, 7alpha- (methylenedioxy) -24-methyl-25-methylcholest-5-ene-26-ol. It may be a conjugate base of a 3beta- (2-hydroxyethyl) -Delta (5) -stigmasta-7,22 (15) -dien-3beta-yl acetate. It differs from a similar compound in terms of the absolute configuration at the C-3 / C-4 double bond (see Fig."
41,"MATERIAL AND METHODS: The study was a retrospective analysis of the medical records of patients who were admitted to the pediatric intensive care unit (PICU) of a tertiary care hospital between January 1, 2010 and December 31, 2013. The main outcome measure was the incidence of ventilator-associated tracheobronchitis (VATB). RESULTS: During the study period, there was a significant increase in the number of admissions to the PICU (p < 0.001). One hundred and thirty-one patients were admitted during this time period. The mean age of the patients at the time of admission was 3.5 years (range 2 days to 12 years). There was no statistically significant difference between males and females (p > 0.05). It has a role as a pediatric ICU diagnostic tool. It is a monocarboxylic acid and a secondary alcohol. It derives from a hydride of a benzofuran. It contains a 3-hydroxy-4-methylbut-2-en-1-one ring. It may be a tautomer of a 5-hydroxyindol-3-ylacetic acid zwitterion. It arises from a tautomerisation of a 6-methoxy-3- (indolyl) -2,3-dihydro-1H-indene-1,4-diol. It"
42,"xanthones A and B isolated from the aerial parts of Phyllanthus emblica. It has a role as a plant metabolite. It is a member of xanthones and a polyphenol. It derives from a 3 ', 4', 5-trihydroxy-7-methoxy-2 '-methoxyflavan-4-one. It represents a conjugate acid of a kaempferol 3-O-beta-D-glucoside (1-). It arises from a hydride of a flavone. It it is a tautomer of a quercetin 3-O- (alpha-L-rhamnopyranosyl- (1- > 2) -beta-D- ribofuranosyl) - (2R, 3R) -3- (3,4-dihydroxyphenyl) -2,3-dihydro-1H-1-benzopyran-6-one zwitterion. It belongs to a group of hydroxyflavones that is substituted by hydroxy groups at positions 3, 5 and 7 and a prenyl group at position 6. It originates from a dihydrophthalic acid. It differs from a previously reported hydroxyflavone 3- [(3S) -3-hydroxy-5,7-dimethoxy-2- (3,4,5-trimethoxyphenyl) -2-oxoethyl] -6-methylenecyclohex-5-en-9-yl"
43,". The molecule is an organic heterotetracyclic compound isolated from the stem bark of Fraxinus sieboldiana. It has a role as a plant metabolite. It is an acetate ester, a cyclic ether, a member of phenols, a tertiary alcohol and a tetracyclic diterpenoid. It derives from a hydride of an ent-kaur-16-en-19-oic acid. It arises from a conjugate acid of a (+) -seco-kaurane-19,20-olide (1-). It contains a beta-D-glucopyranosyl- (1- > 4) -alpha-L-rhamnopyranosyl- (2- > 3) -2-acetamido-2,3-dihydro-2-oxocyclohexa-2,5-dien-1-yl acetate. A tautomer of a 6-hydroxy-2,7-dimethyl-1,10-dioxatricyclo [5.2.1.0 (2,6)] undec-7-ene-9-carboxylic acid zwitterion. It exists in equilibrium between two tautomers formed by addition of a proton to the keto group at positions 5 and 12 (ratio 1: 1). One of the major species at pH 7.3 (according to Marvin v."
44,". is a member of the class of imidazoles that is imidazole in which one of the hydrogens attached to the nitrogen is replaced by a 2-hydroxyethyl group. It has a role as an allergen. It derives from a hydride of an imidazole. It is a conjugate acid of a 1-hydroxyethyl-2- (2-hydroxyethylamino) imidazole (1-). It arises from a tautomerization of a 1H-imidazole-2,3-dione zwitterion. A tautomer of a 1,2-dihydro-1H-imidazol-3-ium. It contains a hydrogen at position 2 and a hydroxy group at position 4 (1: 1 ratio). An enantiomer of a D-imidazoline-2,3,5-trichloro-1, 4-diolate. It exists in equilibrium with a L-imidazolidine-2,4-dicarboxylate (1H) -diolate (1 +). The relative abundance of these two tautomers varies according to the pH of the solution. It suggests that a tautomer may be a tautomerism of a benzimidazole. It represents a tautomeric analogue of a N-ethyl-2- [2- (methylamino) ethyl] -1H-iminoimidazolidin-5-amine. It does not contain a proton. It"
45,". It has a role as a mouse metabolite. It derives from a putrescine. It is a conjugate base of a putrescine (1 +). It arises from a hydride of a 1,4-phenylenediamine. It represents a tautomer of a 3,4-dihydronaphthalene-1-sulfonic acid zwitterion. It contains a proton of a 4-hydroxy-3-methylbut-2-enoyl-alpha-amino-beta-methylbutane-1,3-diammonium (1-) .2. It is an enantiomer of a 3,5-dihyroxy- (R) -3-methylpiperidinium-1,1-diolate zwittercation. It consists of a 3-methoxy-4-hydroxybutanediyl-alpha, beta-methylene-bis (p-toluenesulfonate) (2-) and a meso-2,3-didehydro-N-methyl-L-alaninium (3-). One of two possible tautomers of a pyrrolidinecarbaldehyde. It may arise from a tautomerization of a 2,4-dihydroxypyrimidin-5-ium-1,7-diylidine-2,6- (1H, 3H, 7H) -pyrimido [4,3-b] indole"
46,"ogres, seconta-4,7,10,13,16,19-octakis- (1-deoxy-beta-D-xylo-hex-4-enopyranosyluronic acid) in which the anomeric centre of the pyranose fragment has alpha-configuration. It is a conjugate acid of an alpha-L-rhamnopyranosyl- (1- > 2) -alpha-D: -glucopyranosyl-6-O-sulfate (2-). It derives from an all-cis-hexacosanoic acid and a 6-O- [(2R) -2-hydroxyethyl] -D-erythro-pent-2-en-1-ol. It represents a tautomer of an alpha- (1R, 4R) -1,2-dihydroxymyristic acid zwitterion. It arises from a tautomerisation of a 6- (hydroxymethyl) -6-oxocyclohexa-1,4-dien-3-yl-alpha-D- (1'R, 2'S) -hexahydropyrano [3,2-b] furo [2,3-f] [1,2,4] triazin-5-ylidene-1,1 '-biphenyl-7-yl] bis (acetato) -phosphate. It contains a monosaccharide moiety. It"
47,". is a member of the class of xanthones that is 9H-xanthen-9-one substituted by hydroxy groups at positions 1, 3 and 6 and a prenyl group at position 2. It has a role as a plant metabolite. It derives from a hydride of a 9,10-anthraquinone. It is a conjugate acid of a 1,8-dihydroxy-9,10-dihydroxynaphthalene-2,7-dione (1-). It represents a tautomer of a 2,3-dihydronaphtho [2,3-c] furan-5,6,8 (1H, 8H) -trione. It arises from a tautomerism of a 1,2-dihydroxyanthraquinone-2,7,9-triol. It contains a hydrate of a 1,3,6,8-tetrahydroxypentane-9,12,13,16,19-tetraone (1 +) .2H-1-O-oxide (4 +). The absolute configuration of this compound is unknown; it is assigned as 1R, 2R. It belongs to a class II xanthones. It consists of an enantiomer of a (1R, 2S, 3R, 6aS, 6R, 7aS) -1,2,3,4-tetrahydronaphthalene- 2,7,9,10-tetraol. It"
48,"(5Z, 8Z, 11Z, 14R) -icosatetraenoic acid is an icosanoid anion that is the conjugate base of 15-HETE, obtained by deprotonation of the carboxy group; major species at pH 7.3. It has a role as a human xenobiotic metabolite and a mouse metabolite. It is a hydroxy polyunsaturated fatty acid anion, a 3-oxo-Delta (1), Delta (4) -enoate and a leukotriene anion. It derives from an all-cis-icosa-4,7,10,13,16,19-hexaenoic acid. It contains a 15- [(4Z, 7Z, 10Z, 13Z, 16Z, 19Z) -docosahexaenoyl] -5,8,11,14-triynol-2-yl] -L-glutathionyl-L-cysteinyl-S-glycero-gamma-D-leu-5-enoate (1-). It belongs to a class of omega-hydroxy fatty acids and a hydroperoxyicosatetraenoate. It originates from a 15-HPETE. It comes from a hydride of an icosapentaenoic acid. A tautomer of a 15,15-HETE4 zwitterion. It may be a conjugate"
49,"is a member of the class of benzamides obtained by formal condensation of the carboxy group of benzoic acid with the amino group of 2-naphthylamine. It has a role as a chromogenic compound. It derives from a benzoic acid. It is a conjugate acid of a N- (2,6-dichlorophenyl) -2- (1H-imidazol-4-yl) benzamide (1-). It arises from a tautomerisation of a N-benzoyl-2-naphthalenesulfamoyl-3-phenylpropanoic acid zwitterion. It represents a tautomer of a 2- [2,6-dichloro-4- (trifluoromethyl) phenyl] -3- (2-hydroxyphenyl) propan-1-amine. It contains a 2,3-dihydro-1H-imidazo [4,5-f] [1,3] oxazin-5-ium-6-ium cation. It originates from a hydride of a 2-naphthoyl-3- (2 '-hydroxyphenyl) prop-beta-D-ribofuranosyl-7-azabicyclo [3.2.1] heptan-8-amine and a 1,2-diphenylethane-3,5-diol. It expresses a positive charge at the C-7 position of the imidazole ring. It reflects a tautomeric form of a"
50,"is an organic cation obtained by protonation of the tertiary amino group of (S) -1,2,3,4-tetrahydroisoquinoline-3-carboxylic acid. Major species at pH 7.3. It has a role as a human xenobiotic metabolite and a Saccharomyces cerevisiae metabolite. It is an ammonium ion derivative and an organonitrogen heterocyclic compound. It derives from a (1S, 2S) -2-hydroxy-1-methyl-4- (1H-indol-4-yl) butane-1,3-diamine. it is an enantiomer of a (1R, 2R) -2- [(R) -1-methylpyrrolidin-2-yl] -1- (2,6-dimethylphenyl) ethylamine-3- (tert-butyl) imidazolidine-5-carboxamide (1 +) .2. It is a conjugate acid of a rac-1,2-dihydronaphthalene-3,5-dicarboxylatecyclopropane-6-carboxylate. It arises from a hydride of a 1,4-dihydro-2H-1,2,3-triisoquinolin-4 (1H) -one. It exists as a tautomer of a racemic 2,3-dihydroxy-1- (2,6-) -dihydro-1H-1,2,4-benzimidazol-3 (2H) -ium-5- (p-hydroxyphenyl)"
51,"It is a dicarboxylic acid monoamide and a member of glutaric acids. It derives from a glutaric acid. It is an enantiomer of a (+) -glutarate. It has a role as a human metabolite, a Saccharomyces cerevisiae metabolite, an Escherichia coli metabolite and a mouse metabolite. It consists of a conjugate acid of a glutarate (1-). It arises from a hydride of a D-glutamic acid. A tautomer of a glutamate zwitterion. It contains a proton at the C-2 position of a glutamate- (-) -D-glutamate (1 +). The major tautomer is a conjugate base of a L-glutamineate- (2-). There is a small number of glutamyl zwitterions in the spectrum of glutarate zwitterrotates (4-6); it is derived from a glutamate (3 +) .It is one of the most abundant amino acids in the human body. It can be used as a biomarker for monitoring changes in amino acid metabolism. It may also be a diagnostic tool to detect inborn errors of amino acid catabolism. It exists as a tautomerism of a particular amino acids such as alpha-aminoadipic semialdehyde or alpha-ketoglutaric acid (3-)."
52,"SYNTHESIS: The molecule is a member of the class of xanthones that is 9H-xanthen-9-one substituted by hydroxy groups at positions 1, 3 and 7 and a methoxy group at position 2. It has been isolated from the aerial parts of Cratoxylum cochinchinense. It derives from a hydride of an oxacycle. It is a conjugate acid of a (1R, 2R) -1,2-dihydroxy-3,7-dimethylocta-1,3-dien-1-yl-3- (3,4,5-trimethoxyphenyl) -2,3-dihydro-2H-furo [3,2-c] pyran-4-olate. It arises from a tautomer of a 1'R, 2'S-1,2 '-dihydroxy-3,3' -dimethyloctacyclo [2.2.2] octane-2,2 '-dicarboxylate. It represents a major component of the extract obtained from the stem bark of C."
53,". The molecule is a member of the class of phenols that is phenol substituted by a methyl group at position 2. It has a role as a human xenobiotic metabolite. It derives from a hydride of a phenol. It is a conjugate acid of a 2-methylphenol (1-). It represents a tautomer of a 2- (methylsulfanyl) phenol zwitterion. It arises from a proton transfer from a sulfanyl group to a phenyl group and a hydrogen bond between a methyl and a hydroxy group. It reflects a tautomerism of a 3-methoxy-4-nitrophenol. It corresponds to a tautomers of a 3- [(methylsulfonyl) oxy] -2,4-dinitrophenyl-beta-D-glucopyranoside; it is an enantiomer of a 3,5-dimethoxy-2,4,6-triiodophenyl-alpha-L-rhamnopyranosyl-1-phenylpropanoic acid. It originates from a parent compound of a series of 2,6-diiodophenylphenols, which are used in the synthesis of herbicides. It contains a methyl groups at positions 2 and 4 of the benzene ring and a methyl substituent at position 5 of the phenyl ring. It carries a positive charge. It comes from a tautomeric form of a 3,5- (dimethylsulfonyl) -2,4"
54,". The molecule is an amino acid zwitterion obtained by transfer of a proton from the carboxy to the amino group of L-2-aminoadipic acid; major species at pH 7.3. It has a role as a human metabolite and a Saccharomyces cerevisiae metabolite. It is a tautomer of a L-2- [(2R, 3S) -3-hydroxy-3-methylpentanoyl] -L-aspartic acid. It derives from a D-aspartato-gamma-semialdehyde. A conjugate acid of a N-acetyl-L-aspartate--1-aminocyclopropanecarboxylate- (1- > 2) -D-aspartate (1- +). It arises from a tautomerisation of a L- (2S, 3R) -2,3-dihydroxybutanedionylethane-1-carboxylato-alpha-amino-beta-D-aspartate. It contains a 3- (3,4-dihydroxyphenyl) -2-oxopentanoic acid anion (1-). There is a syn-conformation of a N- (3-hydroxyphenyl) -L-aspartates--1-ammonio-4-carboxylic acid zwitterions (1 +) .d (2 +) (ratio 1: 1). An enantiomer of a D"
55,"DESCRIPTION: The patient is a 27-year-old man with a history of type 2 diabetes mellitus, hypertension, and dyslipidemia. He has been treated with an angiotensin converting enzyme (ACE) inhibitor (lisinopril 10 mg / day) for more than 10 years. It has a role as an anti-hypertensive agent, an antihypertensive agent and an EC 3.4.15.1 (peptidyl-dipeptidase A) inhibitor. It is a conjugate acid of an enalapril (1-). It derives from a hydride of an ent-kaurane diterpenoid. It contains a beta-D-glucopyranosyl- (1- > 2) -alpha-L-fucopyranosyl moiety (1 +). There is a tautomer between an enalapril and an enalaprilat zwitterion in a ratio of 1: 1. It arises from a proton transfer from an enalapril to an equilibrium between two isomeric forms of the same compound (one of which is also present in the urine of patients with acute kidney injury); it is then converted into an equimolar amounts of the latter compound by hydrolysis of the carboxy group of an eprosartan (Fig."
56,"ase- and leukotriene B4-deficient mice. It is a conjugate acid of a 5-hydroxy- (5Z, 8Z, 11Z, 14Z) -icosatetraenoyl-CoA (4-). It derives from an all-cis-icosa-5,8,11,14-tetraenoic acid. It has a role as a human xenobiotic metabolite and a mouse metabolite. It arises from a hydride of an icosatetraenoic acid that is an intermediate in the biosynthesis of leukotriene B4. It represents a tautomer of a 6-hydroxy-5-oxo- (7Z, 10Z, 13Z, 16Z, 19Z, 22Z, 25Z, 31Z, 34Z, 42Z, 44Z, 48Z, 55Z, 57S-hexacosapentaenoic acid) -heptadec-3-enoic acid zwitterion arising from a proton transfer from a carboxy to a hydroxypentanoyl group; it is the major species at pH 7.3. It belongs to a class of omega-hydroxy fatty acids and a long-chain fatty acid CoA thioester. It results from a reaction of a 4-hydroxynonadecanoyl-L-cysteinylglycine with a free coenzyme A. It"
57,") is a member of the class of quinolines that is 1H-quinolin-4-one substituted by hydroxy groups at positions 3 and 5. It has a role as a mouse metabolite. It derives from a hydride of a 1H-quinoline. It is a conjugate base of a 3-hydroxy-5-methoxyquinolinium (1 +). It arises from a tautomerisation of a 3- (3,5-dihydroxyphenyl) -5-hydroxypyridin-2-one zwitterion arising from a proton transfer from a hydrogen to a 6-hydroxyquinolinium. It represents a tautomer of a 3,5- (methylenedioxyphenyl) -1H-quinolin-4 (1H) -one. A conjugate acid of a 3,6-dihydroxynaphthalene-2,7-dione (1-) .H."
58,"oglycerols were obtained by the formal condensation of the carboxy group of arachidonic acid with the hydroxy group of sn-glycero-3-phosphocholine. It has a role as a mouse metabolite. It derives from an arachidonic acid. It is a conjugate acid of a 1-O-arachidonoyl-2-O- [(5Z, 8Z, 11Z, 14Z) -icosatrienoyl] -2-phospho-sn-glycerol (1-). It arises from a tautomerization of a 1,2-diarachidonoylglycerol zwitterion arising from a proton transfer from an all-cis-5,8,11,14,14-icosatetraenoic acid to a free fatty acid. A tautomer of a 9,10-distearoyl-7,9,10-triaconta- (1Z, 2Z, 3Z, 4Z, 6Z, 7Z, 9Z, 10E, 13Z, 16Z, 19Z-octacosahexaenoyl) -2,2,2-trimethylcyclopropane-1-phosphate. It represents a major species at pH 7.3. It belongs to a class of lysophosphatidylethanolamine 20: 4 and a member of glycerophosphocholines 20: 0 / 0: 1 zwitterions. It reflects a tautomer"
59,"③ The molecule is a branched amino pentasaccharide consisting of 2-acetamido-2-deoxy-beta-D-glucopyranose, 3-O-sulfo-alpha-L-fucopyranose, N-acetylneuraminyl- (1- > 4) -N-acetyl-beta- D-glucosaminyl residue, and D-galactopyranose residues in a linear sequence. It has a role as an epitope. It is an amino hexasaccharide and a member of acetamides. It derives from an alpha-Neu5Ac- (2- > 3) -beta-GalpNAc. It contains a beta-Neup4A2S-6- (4- > 6) -alpha-Fucp. It may be a conjugate acid of an asialofetuin (1-). It arises from a tautomerisation of an iduronic acid zwitterion due to a proton exchange between the two sulfo groups at the reducing end. It represents a major species at pH 7.3. It does not correspond to an asialo-GM1 or asialohexaosyl-GM1 (2-). Instead it is a tautomer of a neoglycosilonogalactocerebroside B. It is a mixture of two forms of the same compound. It comes from a"
60,"(gamma-Glu) (1-11) in the rat. It has a role as a human xenobiotic metabolite and a mouse metabolite. It is a conjugate acid of a 5-hydroxy- (5Z, 8Z, 11Z, 14Z) -icosatetraenoate. It derives from an all-cis-icosa-5,8,11,14-tetraenoic acid. it is an enantiomer of a (5S, 6S, 8S, 9S, 10R, 12S) -5-hydroxyeicosatetraenoic acid; it is a tautomer of a 6-hydroxy-5-oxoheptadec-6-enoic acid zwitterion arising from a proton transfer from a carboxylic acid to a hydroxy group at the 5-position of a 3-oxo-Delta (8) -prostaglandin J (2). It arises from a hydride of an icosapentaenoic acid. It contains a (5R, 6R) -5,6-dihydroxy-6,8,11,14,17-icosapentaenoyl-CoA (4-). There is a syn-orientation of the five-membered lactone ring with respect to the N-acyl group (relative to the carboxylate group) is also (2S, 3R, 4S) -3,7-Dimethyl-"
61,". It is a monocarboxylic acid and a member of phenols. It derives from a hydride of a 1,3,5-triazine. It contains a 2,4,6-trichlorophenyl group. It has a role as a human xenobiotic metabolite, a Daphnia magna metabolite and an Escherichia coli metabolite. It consists a conjugate acid of a 3,5-trichloro-2,4,6-triiodosalicylic acid (2-) .It is an enantiomer of a 2,4-dichloro-6-hydroxy-1,3,5-trithiane-1-sulfonate. It represents a tautomer of a 2-chloro-4,6-dihydroxymercuribenzoate zwitterion. It arises from a proton transfer from a sulfate to a 3-hydroxymethylthiophene-2-carboxylic acid. The tautomer is a conjugate base of a 2,6-dichlorophenol- (4-hydroxyphenyl) -3-methylsulfanyl-5-methyl-1H-1,2,4-triazole-3,5-dione"
62,"(3-Phosphoethanolamine) is the major species at pH 7.3. It has a role as a human metabolite and a Saccharomyces cerevisiae metabolite. It is a conjugate base of a 3-phosphoethanolamine. It derives from a hydride of an alpha-D-mannosyl- (1- > 2) -sn-glycero-3-phospho-1-ethanolamine.It is an enantiomer of a 2,3-diphosphoglyceric acid 3-phosphate zwitterion. It arises from a tautomer of a 3- [(1R) -1-hydroxyethyl] -3-phosphoryl-1,2-dideoxy-alpha-L-threo-hex-4-enopyranos-5-enesulfataric acid. It represents a conjugate acid of a 3,4-diphosphonato-2- (1-hydroxyethyl) -3-O- [(1S, 2S) -2-hydroxyethylidene] -D-erythro-hexadec-2-enoyl-sn-glycerol (1-). It originates from a proton transfer from a hydrogen bonding to a phosphate group of a 3,4,5,6-tetra-O-methyl- (1R, 2R) -dihydroxyheptadecanoyl-2,6-dioxabicyclo [2.2.2] octan-1"
63,"RESEARCH DESIGN: The study was a cross-sectional study. It has a role as an allergen. It is a conjugate acid of a 5-aminosalicylic acid (2-). It derives from a hydride of a 4-aminobenzenesulfonic acid. It contains a sulfapyridine (1-). A tautomer of a 5- (aminomethyl) -2,4,6-triaminonaphthalene-1-sulfonic acid zwitterion. It arises from a tautomerisation of a 5,10-diaminododecane-1,12-disulfonic acid; it is the major tautomer at pH 7.3. It may be a consequence of a proton transfer from a sulfobromophthalein to a 4,4 '-diaminodiphenyl-2,2', 5,5 '-tetranitrobiphenyl-1, 6-disulfonate. It also contributes to the formation of a 2-amino-3-methylbut-2-enoyl-beta-D-glucopyranosyl- (1- > 4) -N-acetyl-alpha-L-rhamnosyl-N-acetylmuramic acid (3-) by a proton exchange between a proton and a proton of a sulfate group. It can be a source of a false positive results in fecal occult blood tests for colorectal cancer."
64,". It is a member of the class of glycosylceramides obtained by formal condensation of the carboxy group of palmitic acid with the hydroxy group of 2-amino-2-deoxy-beta-D-glucopyranose. It has a role as a mouse metabolite. It derives from a hexadecanoic acid and a 2-amino- (2E, 4E) -2-methylpentadeca-2,4,6,8-tetraenoic acid. It represents a tautomer of a N-acetylglucosaminylceramide zwitterion arising from a proton transfer from a free fatty acid to an alpha-galactosyl- (1- > 4) -beta-glucosyl-Cer (d18: 1 / 24: 0) zwittercation. It arises from a hydride of a C16: 0. A conjugate acid of a N- [2- (octadecanoyl) -sn-glycero-3-phospho] -N-palmitoylhex-1-enoyl-sphingoid base. It belongs to a family of glycosphingolipids 16: 0 / 20: 1 zwitterions. It results from a condensation of a Palmitic acid with a beta-GalNAc- (1- < --4) -alpha-Galactosyl residue at the 1-position of a phytosphingosine betaine. It"
65,"RESULTS The molecule is an amino acid zwitterion obtained by transfer of a proton from the carboxy to the amino group of L-cysteine; major species at pH 7.3. It has a role as a human metabolite and a Saccharomyces cerevisiae metabolite. It is a tautomer of a L-cystinium. It derives from a hydride of a cystine (1 +). It contains a -L-cysteinylglycinate anion. A conjugate base of a L- [1- (2-aminothiazol-4-yl) -2-oxoethyl] -L-cysteine. It arises from a tautomerisation of a N-acetyl-L-cystathionine zwittercation. There is a direct link between a CysS- (2-) and a Cys- (1- > 3) -S-glutathionato-D-alpha-amino-beta-alanine (1- < -- > 2) -D-alaninate (4-). One of four possible combinations of these two amino acids in one molecule. It can be used as a diagnostic tool for cystinosis, a rare inherited metabolic disease caused by deficiency of gamma-glutamylcysteine synthetase. It carries a strong positive charge at the sulfur atom. It may lead to a tautomeric shift of a Cys"
66,"is a 3-oxo-Delta (1), Delta (4) -steroid that is pregnenolone substituted by a hydroxy group at position 17. It has a role as a human xenobiotic metabolite and a mouse metabolite. It is a 3beta-hydroxy steroid, a 17-oxo steroid and a tertiary alpha-hydroxy ketone. It derives from an androst-5-en-3beta-ol. It represents a conjugate acid of a 17beta-hydroxy-5beta-pregnan-3alpha-ol-20-one (1-). It arises from a hydride of a pregnane. It contains a 17alpha-hydroxypregnenolone. It belongs to a group of steroids known as 5alpha-androstane-3alpha, 6beta-diol. It consists of a tautomers of a 5alpha-dihydrotestosterone zwitterion formed by a proton transfer from the carboxy group to the 3beta-hydroxy group. It expresses a high affinity for the progesterone receptor (Kd = 10 (-9) -10 (-11) M) while it does not bind to the androgen receptor. It also acts as a weak agonist for the oestrogen receptor (Ki = 2 x 10 (-8) M; it is less than 100 times as potent as 17beta-estradiol). C21-Hydroxylase activity is negligible"
67,"yrimidine tract. It has a role as an epitope. It derives from a thymine. It is a conjugate acid of a 3 ', 5' -di-O-acetylthymidine-5 '-monophosphate (2-). It arises from a tautomerization of a 2', 3 '-dideoxy-3' -thiothymidine zwitterion. It consists of a tautomer of a 6-dehydro-3-deoxy-5-thio-beta-L-threo-hex-4-enopyranosyluracil. A member of 3 '-O-acetylthymidines. It contains a 3- (3-hydroxy-3,5-dimethyl-1H-pyrazol-1-yl) -2-oxopropyl group (1-) and a 5,6-dihydro-2H-pyrimido [4,3-b] indol-7-one (4-). One of two possible tautomers at pH 7.3 (according to Marvin v 6.2.0.). This tautomer is likely to be formed by proton transfer from the carboxy group to the pyrimidine ring. It may be a candidate for the detection of Mycoplasma genitalium antigens in diagnostic tests based on enzyme-linked immunosorbent assay (ELISA) or polymerase chain reaction (PCR) assays. It"
68,"). It is a conjugate base of a 3-amino-2-oxopentanoic acid. It derives from a hydride of a pentane. It has a role as a human metabolite and a Saccharomyces cerevisiae metabolite. It consists of a conjugate acid of a 3- (aminomethyl) -2-oxovaleric acid (1-), a zwitterion of a -3-amino- (2-oxoethyl) valeric acid and a 4-ammonio-3-oxopentanoate (2-). Both are derived from a proton transfer from an alpha-ketoglutarate to the carboxylic acid group; it is a tautomer of a N-acetyl-L-alpha-glutamate 5-semialdehyde. It arises from a direct protonation of a carboxy group on the amino group of a branched-chain amino acids. The major tautomer at pH 7.3 (according to Marvin v 6.2.0.). One of three tautomers of a non-proteinogenic alpha-amino acids in which one of them is protonated at the 3-position. It may be a consequence of a reduction of the negative charge on the side chain of a long-chain fatty acid anion. It contains a free amino group (1 +). Two tautomers are possible (2 +"
69,". The molecule is a member of the class of benzamides obtained by formal condensation of the carboxy group of 4- [2- (4-chlorophenyl) ethoxy] benzoic acid with the amino group of 2-amino-1H-benzimidazole-5-carboxylic acid. It has a role as an antineoplastic agent, an angiogenesis inhibitor and an EC 2.7.11.24 (mitogen-activated protein kinase) inhibitor. It is a monocarboxylic acid amide, an aromatic ether, a secondary amino compound and a benzimidazole carboxamide. It derives from a 4-aminobenzoic acid and a 2-aminonaphthalene-1-sulfonic acid. A conjugate base of a palbociclib (1 +). It arises from a tautomerisation of a CDK4 / 6 inhibitor zwitterion. It contains a hydrogen bond at the 4-position of a 4 '-hydroxy-3' -methylbiphenyl-4-carboxylatoanilino-2 ', 5' -dichlorobiphenyl-5 '-carboxylic acid (1-); it is also a tautomer of a 7-hydroxy-3- {[5- (trifluoromethyl) -1,3,4-thiadiazol-2-yl] oxy} benzo [1,3] dioxolo [4,5-b] pyridin-6-"
70,". The molecule is a member of the class of benzamides obtained by formal condensation of the carboxy group of 4-aminobenzoic acid with the amino group of 4- (dimethylamino) aniline. It has a role as a non-steroidal anti-inflammatory drug, an EC 1.14.99.1 (prostaglandin-endoperoxide synthase) inhibitor and an antipyretic. It is a benzamide, a monocarboxylic acid amide and a secondary amino compound. It derives from a 4- [2- (2-aminophenyl) -4-methylbut-3-en-1-yl] benzoic acid. It contains a 4- {4- [3- (trifluoromethyl) phenyl] -1H-imidazol-5-yl} anilino group. It arises from a tautomerization of a N- (4-acetamido-3,5-dimethylpiperidin-2-yl) -N '- (2,6-difluoro-4-methylphenyl) butanamide. It represents a conjugate acid of a diclofenac (1-). It originates from a hydride of a 1,4-dihydro-2H-benzopyrano [4,3-b] indole-2 (3H) -one. It exists as a tautomer of a N-diclofenac zwitterion. It binds to the active site of"
71,"DESCRIPTION: The patient is a 27-year-old woman who was referred to our hospital for evaluation of an abdominal mass. She has a history of Graves' disease and Hashimoto's thyroiditis. She had been treated with methimazole (200 mg / day), propylthiouracil (100 mg / daily), and potassium iodide (150 mg / liter) for more than 10 years. Her serum thyroid-stimulating hormone (TSH) level was within the normal range (< 0.3 ng / L). She does not have any symptoms or signs related to hyperthyroidism. It has a role as a diagnostic agent and an antithyroid drug. It is a member of pyrimidines, an organoiodine compound, a primary amino compound and a tertiary amino compound. It derives from a 3-methyl-1H-pyrazole-4-carboxylic acid. It arises from a hydride of a 3,7-dimethyl-2H-pyrazol-1-yl-1,4,5,6-tetrahydropyrimidin-2 (1H) -one. It contains a methimazol-2-one moiety. It comes from a conjugate acid of a levothyroxine (1 +). It originates from a tautomerisation of a 3,3 '-dimethyloxanthen-6-amine. It"
72,"METHODSSIONS: The specimens were stained with hematoxylin and eosin (H & E) and Masson trichrome (MT), respectively. They are used as a histological stain in the pathology laboratory. It has a role as a fluorochrome and a histological dye. It is a member of benzenes, an organochlorine compound and a polyphenol. It derives from a 3,3 ', 5,5' -tetrahydroxy-1,1 '-biphenyl-4,4' -diol. It comes from a hydride of a 2,2 '-biphenol. It contains a 3- (4-carboxyphenyl) -2-methylbut-3-en-1-yl-1H-imidazol-5-one. It arises from a conjugate acid of a hematoxylin (1-). It represents a tautomer of a 2- (4- {[4- (dimethylamino) phenyl] sulfanyl} butan-2-yl) -1-methylindoline-3,5-dione zwitterion. It exists in a molar ratios of 1: 1 and 1: 2. It gives rise to a metachromasia when it is added to a formalin-fixed, paraffin-embedded tissue section. It also serves as a diagnostic agent for haematoxylin and eosin-stained sections. It may also be a marker for"
73,". The molecule is a dicarboxylic acid monoester obtained by formal condensation of the carboxy group of succinic acid with the hydroxy group of 3-methylglutaric acid. It has a role as a bacterial xenobiotic metabolite. It is a conjugate acid of a 3-methyl-3-oxoadipate (1-). It derives from a glutaryl-CoA and a succinic acid. it is a tautomer of a 3- (methylglutathion-S-yl) -2,4-dioxo-4-hexenoyl-CoA zwitterion arising from a proton transfer from a carboxylic acid to the 2-position of a 2,3-dihydroxy-4- (methylsulfanyl) butanedioic acid; it is an enantiomer of a (3S, 4R) -3- (methylsulfonyl) -4-hydroxy-2,4-dinitro-5-oxocyclohexa-2,5-dien-1-yl-CoA. It arises from a hydride migration from a succinate to the carbonyl group of a 3,4,6-trideoxy-D-manno-oct-2-ulosonic acid (3-deoxy-6-dehydro-alpha-L-talopyranosemono-1,4-lactone) rather than from that of the malonic acid moiety of 3"
74,". It is a member of the class of benzimidazoles that is benzimidazole in which one of the hydrogens attached to the nitrogen at position 5 is replaced by a hydroxy group. It has a role as an Aspergillus metabolite. It derives from a hydride of a benzimidazole. It represents a tautomer of a 5-hydroxy-1-benzimidazoleacetic acid zwitterion. It arises from a tautomerisation of a 5- [(2-hydroxyethyl) amino] -1-benzimidazol-2-yl-1H-benzimidazole. The major tautomer at pH 7.3 it is a conjugate base of a 5,7-dihydroxy-1- (4-hydroxyphenyl) -1H-benzo [d] imidazo [4,5-e] [1,3] dioxolo [3,4-b] furan-2 (3H) -one, a secondary alcohol and a 5,10-dihydro-5H-dibenzo [g, h] isoquinolin-6-ol. It originates from a proton transfer from a benzimidazole to a 1,2-dihydronaphthalene-1,4-dione. It contains a hydrogen at the 5-position of a benzodiazepin-3-ylacetic acid. It belongs to a group of compounds that are substituted by hydroxy groups at positions 7 and 8."
75,"RESULTS: The molecule is a trisaccharide consisting of alpha-L-fucopyranose, beta-D-glucopyranose and D-galactopyranose residues joined in sequence by (1- > 4) glycosidic bonds. It has a role as an epitope. It is a member of galactofuranoses and a trisaccharides. It derives from an alpha-lactose and a beta-galactose. It comes from a tautomer of an alpha- (2- > 6) -D-galactose zwitterion. It contains a 2-acetamido-2-deoxy-3-O- [(1R) -1-hydroxy-1-oxocyclohexyl] -alpha-l-threo-hex-4-enopyranose (1-). It arises from a hydride of a 2,3-dihydro-1H-pyrano [3,2-f] furo [3,4-c] furan-5 (4H) -en-7-one. It may be a conjugate acid of a galactosyl-beta-D- (-) -glucopyranosyl- (1- < -- > 2) -N-acetyl-1,2-dideoxy-alpha-L- (+) -xylo-hexopyranosamine (1- = O-sulphate) (3-) .H. It is an enantiomer of a"
76,": (1 → 3) -beta-D-Glucosiduronic acid. It has a role as a mouse metabolite. It is a conjugate acid of a 3-O-sulfo-alpha-L-threo-hex-4-enopyranuronide (1-). It derives from a hydride of an oxacalix [4] -decan-6-one. It belongs to a group of monosaccharides that are sulfated at O-1 and O-2 by sulfuryl and sulfo groups, respectively. It represents a tautomer of a sulfoquinovosylquinovose zwitterion formed by a proton transfer from the carboxy group to the sulfinic acid group. It arises from a tautomerisation of a 3,6-dideoxy-3-O- (sulfo) -alpha- (S) -L- (-) -manno-oct-2-ulosonic acid"
77,"tii, a member of the class of echinocandins that is echinocandin B in which the hydroxy group at position 3 has been converted into the corresponding beta-D-glucopyranoside. It is an echinocandinoid, a beta-glucoside and a primary alpha-hydroxy ketone. It derives from an echinomycin A. It is a conjugate acid of a (3R) -3-deacetoxy-3-deoxy-4-O- [(2R) -1-hydroxyethyl] -2,3-dihydro-2H-furo [3,2-g] isochromen-6-yl] -beta-D- glucopyranoside (1-). It arises from a tautomerisation of a 3- [(2S) -2-hydroxyethylidene] -3- (2-hydroxyethyl) -D-erythro-1,3-dioxolan-5-one zwitterion. A metabolite of Echinacea purpurea. It has a role as an antifungal agent and a fungal metabolite. It contains a 3-Deoxy- (3S) -3 '-dehydro-3' -deoxy-2 '-hydroxy-1,2-dihydronaphtho [2,3-c] isoquinoline-6,8 (5H) -dien-1-ol (1 +). The absolute configuration of the"
78,"x. The molecule is a hydrate that is the dihydrate form of copper (II) sulfate. It has a role as an Escherichia coli metabolite and a mouse metabolite. It contains a Cu (2 +). It derives from a chloride. It is a conjugate acid of a cupric sulfate (3-). it is an enantiomer of a copper (1 +) -aquo-trans-2,3-dimercaptopropane-1-sulfonate. It arises from a tautomerism of a CuSO (4) .2H (2) O; it is also a tautomer of a Cu2 (OH) SO (5) .4H (3) O. It consists of a hydride of a tris (2,2 '-bipyridine) bis (sulfuric acid) in a 1: 1 ratio. It exists in a tautomeric form at pH 7.3. It may be a component of a mixture of copper sulfate, copper sulfate and zinc sulfate solutions. It can be used as a chelating agent for the treatment of Wilson's disease and other copper-related disorders. It possesses a high affinity for copper (I) - and iron (III) -ions. It forms a chelate with a variety of divalent metal ions such as Fe (3 +), Zn"
79,") is a sphingomyelin in which the ceramide N-acyl group is specified as octadecanoyl (stearoyl). It has a role as a mouse metabolite. It derives from an octadecanoic acid. It is a conjugate acid of a N-octadecanoyl- (6Z, 10Z, 13Z, 16Z, 19Z) -docosahexaenoyl-sn-glycero-3-phospho-L-serine (1-) .It is an enantiomer of a N- (18Z, 21Z, 24Z, 29Z, 31Z, 42Z, 41Z- hexatriacontahexaenoic acid) sphingosine-1-phosphorylethanolamine. It comes from a hydride of a Cer (d18: 1 / omega7Z, 22Z, 26Z, 27Z, 33Z). As a metabolite of Alzheimer's disease, it can be used as a biomarker to monitor disease progression and response to treatment. It arises from a hydrolysis of a very long-chain fatty acid Cer (36: 0 / 22: 0) by a sphingomyelinase- (SMP-) 20: 0. It contains a docosanoyl group. It does not originate from any other sphingoid base. It originates from a Cer"
80,". It is a triglyceride obtained by formal condensation of the carboxy group of palmitic acid with the hydroxy group of sn-glycero-3-phosphoethanolamine. It has a role as a human metabolite. It derives from a hexadecanoic acid and a palmitoyl-sn-glycerol. It represents a conjugate acid of a 1-hexadecanoyl-2-palmitoyl- (3Z, 4Z, 6Z, 7Z, 10Z, 13Z, 16Z, 19Z) -docosahexaenoylglyceride (1-); it is an enantiomer of a 2-stearoyl-2- (5Z, 9Z, 12Z, 15Z, 18Z, 21Z, 24Z, 28Z-octacosahexaenoyl) -sn-glycerophosphoglycerol. It arises from a tautomerisation of a palmitoleic acid zwitterion in a 1: 1 mixture of 1-palmitoyl-2- [3- (5-methyl-1H-indol-6-yl) propyl] -2-oxopentanoic acid and 1,2-dioleoylglycerine zwitterions. It originates from a hydride of a 1,2,3-trithiaheptadecanedioic acid. It belongs to a group of trialkadienes. It"
81,"). It has a role as a mouse metabolite. It is a conjugate acid of a 3- (4-hydroxy-3-methyl-5-oxo-4,5-dihydro-1H-pyrazol-1-yl) propanoate. It derives from a hydride of a 4H-pyrano [3,2-c] chromen-4-one. It belongs to a class of pyrazoles and a monocarboxylic acid anion. It consists of a conjugate base of a 3,5-di-tert-butyl-4- (3-methylbut-2-enyl) -1H-pyrazole-6-carboxylic acid. It arises from a tautomerisation of a 3-carboxy-3,5-dihydroxypyridine-2,6-dicarboxylic acid zwitterion arising from a proton deprotonation of a free 3,5-dimethyl-5- (p-hydroxyphenyl) -4-oxopyrazolo [2,3-b] pyridin-2,4 (1H) -dione; it is a tautomer of a 3,4,5-trimethoxyphenyl-2- (2,4,6-trihydroxyphenyl) -2-oxoacetophenone. It represents a major species at pH 7.3 (according to Marvin v 6.2.0.). A member of the class of pyrazolones, it is an enantiomer of a 2,5-di"
82,"(4) The molecule is a hydrochloride resulting from the reaction of equimolar amounts of flufenamic acid and hydrogen chloride. It has a role as a non-steroidal anti-inflammatory drug, an antipyretic, an EC 1.14.99.1 (prostaglandin-endoperoxide synthase) inhibitor and an antirheumatic drug. It contains a flufenamate (1 +). It is an enantiomer of a levobunolol hydrochloride. It derives from a hydride of a (R) -flufenamide. It represents a tautomer of a fumarate hemiacetal zwitterion derived from a (S) - (+) -2,5-difluoro-3-methyl-4- (trifluoromethyl) benzene-1-carboxylic acid. It arises from a proton transfer from a fumarate to a hydantoin (1-); it is a conjugate base of a dexchlorpheniramine. A prodrug, it is used for the treatment of acute and chronic pain associated with musculoskeletal disorders such as osteoarthritis, rheumatoid arthritis, tendinitis, bursitis, and tendinitis / tenosynovitis. It carries a sulfate group at the 5-position of a beta-hydroxy-2-isopropylacetamido-4-oxo-2,3,4,5-tetrahydro-1H-3- (trifluoromethyl"
83,"(1-5) is a member of the class of hydroxyeicosatetraenoic acids that is (5Z, 8Z, 11Z, 14Z) -icosatetraenoic acid in which the hydroxy group has been oxidised to the corresponding carboxylic acid. It has a role as a human xenobiotic metabolite. It derives from an all-cis-icosa-5,8,11,14-tetraenoic acid and an arachidonic acid. it is a conjugate acid of a 12-HETE (1-). It is an enantiomer of a (5S, 6S, 7Z, 10E, 13Z, 16Z, 19Z) -12-HETE. It arises from a hydride of an icosatetraenoate. It represents a tautomer of a 12S-HETE zwitterion. It contains a 6-O-methyl-L-erythro-5-dehydro-8,11,14,17-tetraenoyl-CoA (4-). The tautomer is a tautomerically equivalent to a (8S, 9R, 10S, 12R, 14S, 17S, 18R) -dihydroxyicosatetraenyl-CoA zwitterium. It differs from a (3S, 4S, 9S, 10R, 12S, 14"
84,". It is a member of the class of imidazoles that is 1H-imidazole in which one of the hydrogens attached to the nitrogen is replaced by a 2-hydroxyethyl group. It has a role as a plant metabolite. It derives from a hydride of a 1H-imidazo [4,5-f] -1,2,4-triazole. It arises from a tautomerisation of a 1-hydroxyethyl-1H-imidazol-4-ium. The major tautomer at pH 7.3 (according to Marvin v 6.2.0.). There is a tautomer of a 1- [2- (hydroxyethyl) -1-hydroxyethyl] -4-imidazolidine-5-carboxylic acid. It contains a zwitterion and a hydrogen atom at the N (1) -position. It relates to a proton transfer from an imidazole to a hydroxypyrimidine (s."
85,"It is a member of the class of benzimidazoles that is 1H-benzimidazole in which one of the hydrogens at position 5 has been replaced by a 4-chlorophenyl group. It has a role as a plant metabolite. It is an organochlorine compound and a benzimidazole. It derives from a hydride of a 4H-benzimidazole. It arises from a conjugate acid of a 3,5-dichloropyrazolo [1,5-a] benzimidazole-4-carboxylate. It represents a tautomer of a 5- (4-chloro-3-hydroxyphenyl) -1H-benzimidazol-2-amine zwitterion. It contains a chloride. It originates from a proton of a 5-amino-1H-benzo [4,5] imidazo [1,2-d] pyrimidine-5-carboxylic acid. It comes from a tautomerism of a 5,7-dichloronaphthol-6-carboxylato-1-methyl-1H, 3,4,5-triazolidine-2,4-dione. It belongs to a group of benzimidazolium salts. It consists of a tautomers of a 5,6,7,8-tetrahydronaphthalene-2,3- (1H) -dicarboxylate- (1-H-benzimidazole-7-yl) -5-olate. It"
86,"METHODSDS: The molecule is a monocarboxylic acid anion that is the conjugate base of oxalic acid, obtained by deprotonation of the carboxy group; major species at pH 7.3. It has a role as a human metabolite and a Saccharomyces cerevisiae metabolite. It is a dicarboxylic acid dianion and a member of oxalates. It derives from an oxalate (2-). It consists of a hydride of an oxalate zwitterion. It represents a tautomer of an oxalate. It contains a 2-oxo-4-oxobut-3-en-1-olate (1-) .It is an enantiomer of a 2,5-dioxo-4- [(2R) -2-oxoethyl] -4,5-dihydro- [1,2,3] triazolo [4,3-b] pyridin-5-ium-6-olate. It arises from a proton transfer from a oxalate to a free oxalate (3-). There is a tautomerisation of a 2,3-dihydroxy-5- [(2S) -2- (hydroxymethyl) -1-hydroxyethyl] -3,4-dihydro-1H-1,2,4-triazolo- [1,5-a] -pyrimidine-7-carboxylic acid. It may be derived from a hydrogen oxalate. It exists as a tautomeric form of a"
87,"(4). It has a role as an Escherichia coli metabolite and a mouse metabolite. It derives from a valine. It is a conjugate acid of a 3-hydroxy-3-methylbutyrate- (S) -2,3-methylbutanoyl-L-valyl- (1- > 2) -alpha-amino-beta-D-valerolactopyranoside (1-) .It is an enantiomer of a (R) -3- (hydroxymethyl) -3-methyl-2-oxo-2,3-dihydro-1H-inden-1-yl-5-carboxylato-N, N-dimethylethanaminium tosylate zwitterion. It contains a (2R) -3- [(1S) -1-hydroxyethyl] -2-oxopentanoic acid. It arises from a tautomerization of a 3- [(1R) -1 '-hydroxyethyl] -3-methylbutyl-2,2-dimethylcyclopropanecarbonyl-L- (+) -valine to a (2S) -3- {[(1'S, 2'S) -2' -hydroxyethylidene] imino} -2-oxopropan-1,3-diyl] -L-valine zwittercation. It represents a major species in aqueous solution at pH 7.3. It"
88,". The molecule is a member of the class of xanthones that is 9H-xanthen-9-one substituted by hydroxy groups at positions 1, 2 and 6, methyl groups at position 3 and a prenyl group at position 8. Isolated from Chaetomium globosum, it exhibits antitubercular activity. It has a role as a metabolite and an antitubercular agent. It is a cyclic ether, a secondary alcohol, a primary alcohol and an enoate ester. It derives from a hydride of a 9,10-hydronaphtho [2,3-c] furan. It represents a conjugate base of a chaetomicin (1 +). It arises from a tautomerisation of a chetomicin zwitterion. It does not reflect a mechanism of action. It may be a tautomer of a compstatin. It can be used alone or in combination with other antitubercular agents such as isoniazid, rifampicin, ethambutol and pyrazinamide. It also has a potential role as an antineoplastic agent and an antimycobacterial drug. It consists of a hydrazide derivative. It contains a keto-beta-D-galactofuranose. It originates from a condensation of a 5-hydroxypentacyclouridine with an alpha-L-rhamnose. It"
89,"SUMMARY: The patient is a 16-year-old girl who was admitted to the hospital with complaints of abdominal pain, nausea, and vomiting. She had been diagnosed with acute appendicitis. She has a history of drug abuse. She does not have a family history of mental illness. She is a member of her own families. It is a conjugate base of a 17-hydroxyandrostenedione (1 +). It has a role as a human metabolite. It derives from a hydride of a 17alpha-ethynylestradiol. It contains a 16beta-hydroxy-17-oxoestra-1,3,5 (10) -trien-3-one (1-) .It is an enantiomer of a 17beta-estradiol 3,17-diethystedine.It can be considered as a stereoisomer of a 5alpha-androstane-3beta, 17beta-diol 3,17 '-diol-ditrans, tosynthase inhibitor. It may be used as an aromatase inhibitor in the treatment of breast cancer. It also has a potential role as an EC 1.14.13.39 (17beta-hydroxysteroid dehydrogenase) inhibitor and an anorexigenic agent. It belongs to a group of 1,4-benzoquinones that is formed by oxidation of androst-5-ene-"
90,"(3) (S-adenosyl-L-methionine). It is an enantiomer of a (R) -cystathionine beta-lyase inhibitor. It has a role as an antineoplastic agent, an EC 4.4.1.1 (methylmalonyl-CoA mutase) inhibitor and an EC 2.5.1.6 (acyl-CoA: cholesterol O-acyltransferase) modulator. It contains a (S) -3-hydroxy-5-methyl-2-oxopentanoic acid. It derives from a coenzyme A. It is a conjugate acid of a trans-3-hydroxymyristoyl-D-cysteinylglycine betaine zwitterion. It arises from a tautomerisation of a cis-2,3-dihydroxycyclohex-1-ene-4-carboxylic acid zwittercation. It represents a tautomer of a cis- (3R, 4S, 5S, 6S, 7R, 8R, 9R, 10R, 11R, 12S, 13R, 14R, 16R, 17S, 19R, 20S) -3,7,8,11,14,17-tetramethyl-2,4,6,8-tetradehydro-3,7,10,13,17-tetramethylcycloheptadec-9-enoyl-sn-glycero-"
91,"AG (1-) is the major species at pH 7.3. It is a conjugate base of a 1-stearoyl-2-arachidonoyl-sn-glycero-3-phospho-1D-myo-inositol. It derives from an arachidonic acid. It has a role as a human metabolite and a Saccharomyces cerevisiae metabolite. It arises from a hydride of an octadecanediol- (4Z, 7Z, 10Z, 13Z, 16Z, 19Z) -docosahexaenoate. It belongs to a group of phosphatidylinositols 18: 0 / 0: 0 (2-). It represents a tautomer of a 1,2-di-O-hexadecanoyl- (6Z, 9Z, 12Z, 15Z, 18Z, 21Z, 24Z, 28Z, 30S) -tetrakis-2,4,6-triacontahexaenoic acid zwitterion arising from a proton transfer from an all-cis-docosa-6,7,10,13,16,19-pentahexacosapentaenoyl-L-lysine- (5Z, 8Z, 11Z, 14Z, 17Z, 20Z, 21R, 23R) -octadehydro-5,8,10,13,19,21-"
92,": The patient is a 16-year-old girl who was referred to our hospital with complaints of abdominal pain and vomiting. It has a role as a mouse metabolite. It is a conjugate acid of a N-acetyl-D-glucosaminide (1-). It derives from a hydride of a 1,3,5-benzenetriamine. It contains a 17-hydroxyestra-1,3,5 (10) -trien-1-yl group. It represents a tautomer of a 17beta-hydroxy-16- (4-hydroxyphenyl) -17-oxocyclohex-3-ene-1,3-dione zwitterion. It arises from a proton transfer from a 17alpha-estradiol to a hydrogen bonding to the amino group of a 16beta-hydroxysperglutathionyl- (S, S) -ethanesulfonamido-17beta-estradiol"
93,". The molecule is a sesquiterpene lactone isolated from the stem bark of Fraxinus sieboldiana. It has a role as a plant metabolite. It is an organic heteropentacyclic compound, a sesquiterpenoid, a tertiary alcohol and a tertiary alpha-hydroxy ketone. It derives from a hydride of a germacranolide. It contains a 3-methyl-1-oxabicyclo [2.2.1] heptan-2-en-5-ol (1 +). It represents a tautomer of a 2,3-dihydro-7-oxo-germacra-1 (10), 8-diene-3,5-diol zwitterion. It arises from a tautomerisation of a 7,8-dihydroxy-9,10-dihydrodibenzo [b, e] pyrano [3,2-h] chromen-6-one. It appears to be a conjugate acid of a 3,7,11,12-tetramethyl-2,4,4a, 5,6,8,10,10a-octahydronaphtho [2,3-c] furan-9-olate (1-). Its tautomer is a conjugate base of a 5,7-dimethyl-1,11-dioxabicyclo- [3.2.1] heptane-2,6-dione (2 +)"
94,".: The molecule is a pentacyclic triterpenoid that is olean-12-en-28-oic acid substituted by hydroxy groups at positions 2 and 3 (the 2alpha, 3beta stereoisomer). It has been isolated from the aerial parts of Tripterygium hypoglaucum. It derives from a hydride of an oleanane. It is a conjugate acid of a (2E, 3Z) -2,4,6-trihydroxy-24-methylenecyclohex-26-ene-3,28-dioate. It represents a tautomer of a 3alpha, 2beta, 3beta, 4alpha, 6beta, 7alpha, 8beta, 10beta, 14alpha-decahydronorhopane-6,7,22-triol zwitterion. It arises from a tautomerisation of a taraxastane-3,14-diolate. It contains a hydride group at position 3 (1 +) and a hydrogen bonded to a hydride at position 2 (1-). An intermediate in the biosynthesis of tiglic acid. It may have a role as a plant metabolite, a fungal metabolite and an anti-inflammatory agent. It consists of a complex organic heteropentacyclic compound. It belongs to a class of acet"
95,"sul. The molecule is a linear amino trisaccharide consisting of alpha-L-fucopyranose, beta-D-galactopyranose and 2-acetamido-2-deoxy-6-O-sulfo-beta-glucopyranose residues joined in sequence by (1- > 4) glycosidic bonds. It has a role as an epitope. It is an oligosaccharide sulfate and a member of acetamides. It derives from a N-acetyl-alpha-neuraminyl- (2- > 3) -beta-D: -galactosyl- (1-4) -N-acetyllactosamine. It represents a conjugate acid of an alpha-Neu5Ac- [symbol: see text] -beta-GalNAc- [1- > 3] -alpha-DGlc- [2- > 6] -D-GlcpNAc (4-). It arises from a tautomerisation of an 8-epi-GM1 sulfate zwitterion formed by a proton exchange between the sulfo group and the hydroxy group at position 6 of the sialic acid moiety; it is the major species at pH 7.3. It may be a tautomer of an asialo-GM1 3,4,6-tri-O- (sulfo) -beta-GalNAcalpha-1,4-didehydro-beta"
96,"SUMMARY: The molecule is an organic cation obtained by protonation of the tertiary amino group of (S) -hyoscyamine; major species at pH 7.3. It has a role as a human metabolite and a Saccharomyces cerevisiae metabolite. It is an ammonium ion derivative and an iminium ion derivative. It derives from a (2S) -2-hydroxy-4-methylbut-3-en-1-yl-2-methylbutane-1,3-diamine. It represents a conjugate acid of a (1S, 2R) -7-hydroxysphingadine-1,7-diium (1 +). It exists in equilibrium with a (1R, 2S) -6-hydroxymyristoylspermidine (1-) zwitterion. It arises from a tautomerisation of a silybine. It can be derived from a hydride of a sycamore (1,2-diaminocyclohex-5-ene-1,4-dicarboxylate) .2. It is a tautomer of a dihydrosycampanium. It contains a (4S, 5S) -4-methyl-2- (p-tolyl) -4,5-dihydro-1H-imidazo- [4,5-f] isoquinolin-6-ium (4-)."
97,"(20beta-hydroxysteroid dehydrogenase) activity in the rat ovary. It has a role as a human metabolite and a mouse metabolite. It is a 17beta-hydroxy steroid, a 3-oxo-Delta (1), Delta (4) -steroid and a 20-oxo steroid. It derives from a 5alpha-androstane-3alpha, 17beta-diol. It contains a 17alpha-hydroxy-5beta-androstan-3alpha-ol-20-one. It arises from a hydride of a pregnane. It consists of a conjugate acid of a 17-hydroxypregn-5-ene-3,20-dione (1-). It belongs to a group of steroids that are not conjugated with beta-D-glucosiduronic acid. It originates from a conjugation of a 3beta-OH-5alpha-estran-17beta-yl-19- (S) -hydroxy-20- (O-carboxymethyl) -3beta-hydroxycholest-4-en-21-oic acid. The conjugate acid is a 3beta- (R) -hydroxysteriod-5,20-dien-22-oyl-L-arabinopyranosyloxy-L- (6beta-O-carboxyethylestra-1,3,5 (10) -"
98,"(3-hydroxyacyl-CoA) results from the formal condensation of the thiol group of coenzyme A with the carboxy group of (4Z, 7Z, 10Z, 13Z, 16Z, 19Z) -docosahexaenoic acid. It has a role as a human xenobiotic metabolite and a mouse metabolite. It derives from a docosa-4,7,10,13,16,19-hexaenoyl-CoA (4-). It is a conjugate acid of a (4, 7, 10, 13, 14, 16, 19) -docosapentaenoyl- (3Z, 5Z, 6Z, 9Z, 12Z, 14Z, 15E) -hexatriacontadec-3-yl-2-thiopropanoyl-sn-glycero-steal-4-phosphate (2-). it is an enantiomer of a 1-stearoyl-2- [(4E, 8Z, 17Z, 20Z) -3-oxolino-2,6,8-triacontatetraenoyl] -2-thiopropionyl-L-carnitine 4-hydroxy-ferricytoyl-CoA 5-fold lower in terms of k (cat) / [S] (rel) (v) (max) ("
99,". It is an amino acid zwitterion obtained by transfer of a proton from the carboxy to the amino group of L-aspartic acid. It has a role as a human metabolite and a Saccharomyces cerevisiae metabolite. It derives from a L-aspartate (1-). It contains a D-aspartate--1-aminocyclopropane-1-carboxylate (2-); it is a conjugate base of a L- (1S, 2R) -2-amino-3-hydroxy-4-methyl-2-oxocyclopropanecarboxylato-D-asparate. It represents a conjugate acid of a D- (1R, 2S) -2- [(3R) -3-hydroxysalicylidene] -3,4-dihydroxy-L-serine (1- +). The major species at pH 7.3. It may be a tautomer of a -L-aspartic Acid. It consists of a 3- (R) -hydroxy-4- (L-threo-hex-5-enoyl) -4-methylbutanoic acid. One of two possible tautomers of a DL-aspartic acid--one of which is protonated on the alpha-carbon of the carboxylic acid group and the other which is deprotonated on both carbons of the beta-carbon. It"
100,"is a steroid acid anion that is the conjugate base of 3alpha, 7alpha-dihydroxy-5beta-cholan-24-oic acid, obtained by deprotonation of the carboxy group; major species at pH 7.3. It has a role as a human metabolite and a mouse metabolite. It is a 3-oxo-Delta (4) steroid, a bile acid anion and a monocarboxylic acid anion. It derives from a chenodeoxycholic acid. It comes from a hydride of a 6beta-chol-5-ene. It belongs to a group of 7-hydroxy-3-oxocholanic acids. It contains a sulfate (1-). It arises from a tauro-beta-muricholesta-6-en-3beta-sulfate. It carries a sulfo-L-threo-gamma-glutamyl-N-acetylneuraminyl- (2-) -alpha-D-galactosaminosyl- (1- > 3) -beta-hydroxysulfataro-1-enoate. It consists of a taurine zwitterion. It represents a tautomer of a 3alpha, 7,25-trihydroxy-5beta- [symbol: see text] -chola-24,26-dienoyl-2-deoxy-beta"
101,"ós: a member of the class of porphyrins. It has a role as a human metabolite, an Escherichia coli metabolite and a mouse metabolite. It is a conjugate acid of a porphobilinogen (2-). It derives from a hydride of a tetrapyrrole. It contains a protoporphyrin IX (1-). A tautomer of a protochlorophyllide b zwitterion in which one of the two hydrogens of the porphyrin ring has been replaced by a proton. It arises from a condensation of a protoporphyrinogen with two molecules of hydrogen atoms of an alpha-D-glucose. It carries a proton at position 5 of a uroporphyrinogen I. It is an enantiomer of a meso-5,10,15,20-tetrakis-phenylporphyrinato-5beta-lycotetraphyrin B. It is thought to be a conjugate base of a holo-phycoerythrobilin A. It is derived from a holo- [5-carboxypentyl] -5-deazariboferrienteroblastin B. It may be a tautomerism of a biliverditrans, cosynthetes- (2 +) -phytobacteriochlorin B. It represents a major part of a family of tetrapyr"
102,"CONS: IDENTIFICATION OF A CUTANEOUS CANCER. It has a role as an EC 3.1.1.7 (acetylcholinesterase) inhibitor, an antineoplastic agent and an anti-inflammatory agent. It is a member of pyrroles and a monocarboxylic acid amide. It derives from a 3-hydroxy-4-methylbut-2-en-1-one. It represents a conjugate acid of a pirfenidone (1-). It arises from a hydride of a 4H-pyrido [2,3-b] indole. It does not arise from a tautomerisation of a 5-oxo-4- (1H-indol-3-ylcarbonyl) -3,4-dihydro-2H-pyran-2 (3H) -one zwitterion. It contains a pentralen-6-yl group. It belongs to a class of pyrrolopyrimidine compounds that is used in the treatment of patients with chronic obstructive pulmonary disease (COPD) who have been treated with long-acting beta2-adrenergic agonists alone or in combination with inhaled corticosteroids and / or leukotriene receptor antagonists. It may be a prodrug of a nedocromillin- (+) -4-methylcarbamoyl-L-phenylalaninemethylester"
103,"It is an organic heteropentacyclic compound and an organonitrogen heterocyclic compound. It derives from a hydride of a naphthalene. It is a conjugate base of a 1,2-dihydronaphthalene-3,7-diol (1 +). It has a role as a human xenobiotic metabolite, a Daphnia magna metabolite and an Escherichia coli metabolite. It contains a 2,3-dihydro-1H-benzo [b] naphtho [1,8-cd] furan-6-one (1-). A tautomer of a 2-hydroxy-3-methylnaphthalene-1-one zwitterion. It arises from a proton transfer from a hydrogen to a naphthalene (1-hydroxypyrene-3,7,11,13-tetraol). The major tautomer at neutral pH (according to Marvin v."
104,"SOP. It is a conjugate base of a 4-O-sulfo-alpha-L-fucopyranosyl- (1- > 3) -N-acetyl-beta-D-glucosaminide. It has a role as a Saccharomyces cerevisiae metabolite. It derives from a hydride of a pentane. It contains a 4 '-O- [(3S) -3-hydroxy-2-methylbut-3-en-1-yl] -2-oxobicyclo [2.2.1] heptane-2,5-diyl group (1-). It represents a tautomer of a 4,6-dimethoxy-2- (3-hydroxyphenyl) -2-oxo-2,3-dihydropyrano [3,4-c] furan-3 (2H) -one zwitterion arising from a proton transfer from the carboxy group to the sulphydryl group; it is the major species at pH 7.3. It arises from a tautomerisation of a 4,4' -dimethoxy-2,2 '-bithiophen-5-yl disulfonate. It consists of a tetrahydronaphthalene-3,6-diylbis (1,2-ethanediyl) -1,4-diolate zwitterions. It may be an enantiomer of a 3,3', 5,5 '-tetraethoxy-"
105,"6H, 6H-pyrido [2,3-d] pyrimidine-6-carboxylic acid. It has a role as an allergen. It is a conjugate acid of a 6- (2-hydroxy-3-methylbut-2-en-1-yl) -6-oxo-5,6-dihydro-4H-pyran-4-carboxylate. It derives from a hydride of a pyridin-4 (1H) -one. It belongs to a class of pyridines that is substituted by a beta-D-glucopyranosyl- (1- > 2) -alpha-L-fucopyranosyl residue at position 6 and a methyl group at position 5 (according to Maruyama et al.). It represents a tautomer of a pyranopyrimidine 6-carboxaldehyde zwitterion. It arises from a proton transfer from a 6-hydroxypyrimidine-2,4 (1H, 3H) -dione to a pyridinium cation. It corresponds to a tautomerisation of a 7-hydroxyquinolinemonochlorofuranyl-N-methylcarbamoyl-alpha-L- (p-hydroxyphenyl) -L-rhamnopyranosaminyl- (2- > 6) -D-fructofuranose. It originates from a tautomeric mixture of a 7- (2 '-hydroxy"
106,"AG was the major fatty acyl-CoA (4-) obtained by deprotonation of the phosphate and diphosphate OH groups of (4Z, 7Z, 10Z, 13Z, 16Z, 19Z) -docosapentaenoyl-CoA; major species at pH 7.3. It is a conjugate base of an all-cis-docosa-4,7,10,13,16,19-hexaenoic acid. It has a role as a human metabolite. It derives from a palmitoleic acid. A conjugate acid of a 4-palmitoleoyl-sn-glycero-3-phospho- (1Z, 2Z, 4E, 6Z, 8Z, 9E, 12Z, 15Z-hexadecatetraenyl-CoA) (1-) .It is an enantiomer of a 1-stearoyl-2-arachidonoyl-sn- (5Z, 14Z, 18Z, 21Z, 24Z, 28Z-hexatriacontapentaenoic-5,6,8,10,13,19,19-pentaenoic acid) -CoA (2-). It belongs to a group of cycloalkanols that is a member of cyclopropanes and a primary allylic alcohol. It arises from a direct condensation of a saturated fatty acids with coenzyme A. It"
107,"). It has a role as an allergen. It is a member of benzenes, a primary amino compound and a secondary amino compound. It derives from a hydride of a 1,4-benzodiazepin-2 (1H) -one. It consists of a conjugate base of a N-methyl-N- (2,6-diisopropylphenyl) -N '- (3,5-diisopropyl-4-hydroxyphenyl) -2- (5-hydroxy-3-methoxyphenyl) ethanaminium. It arises from a tautomerisation of a 1-methylpiperazine-2,5-diamine zwitterion. It contains a 1,2-diphenylethane-4,5-diamine (2-). A tautomer of a 1- (6-methylpiperazin-1-yl) -1-methylethylpiperazine (1 +). One of the two possible tautomers at which it is derived from a proton transfer from a hydrogen to a carbon atom of a 1,1' -biphenyl-4,4 '-diamine. It can be considered as a selective histamine H1-receptor antagonist. It does not bind to other receptors such as muscarinic or alpha-adrenergic receptors. It also acts as an antispasmodic drug. It binds with high affinity to mast cells (Ki = 10 (-9) -10 (-11)"
108,". The molecule is a triacyl-sn-glycerol in which the acyl groups at positions 1, 2 and 3 are specified as stearoyl, oleoyl and linoleoyl respectively. It has a role as a mouse metabolite. It derives from an oleic acid and an octadecanoic acid. It is a conjugate acid of a 1-stearoyl-2- (oleoyl) -sn-glycero-3-phospho- (1Z, 2E, 6Z, 8Z, 11Z) -eicosapentaenoate. It comes from a hydride of an octadecane. A tautomer of a 1,2-dioleoylglycerol zwitterion. It arises from a tautomerization of a 1- [(9Z, 12Z) -12-hydroxyoctadec-9-enoic acid] -1,2,3-triacontahydronaphthalene-3,2,4,6,8-pentakis-hexaene-3,6-diol. It represents a major species at pH 7.3 (according to Marvin v 6.2.0.). It belongs to a group of triacylglycerols 18: 1 / 2-18: 0 ratios (1: 1 + 2: 0) found in most animal tissues. It may be a precursor of lysophosphatidylethanolamine 16: 0 / 0: 0:"
109,". It is an organic cation obtained by protonation of the secondary amino group of 1-aminocyclopropane-1-carboxylic acid; major species at pH 7.3. It has a role as a human metabolite and a Saccharomyces cerevisiae metabolite. It derives from a 2-acetamido-2-deoxy-beta-D-glucopyranose (1-). It comes from a tautomer of a 1-aminocyclomaltoheptanoic acid zwitterion. It arises from a hydride of a cyclopropanecarboxylate- (N-acetylglucosaminyl) -L-alaninate. A conjugate acid of a cis-1,2-diaminopentane-1, 4-dicarboxylic acid. An enantiomer of a trans-1,2- [N- (aminocarbonyl) -L-alaninato] -D-altropane-3-carboxylate zwitterate. It consists of a mixture of two isomeric zwitterysins (1 + and 2 +) arising from separate protonation of each of the primary and secondary amino groups. The major species is a zwitterystemically-bonded 1-ammonocyclopropanecarboxylate zwittermate zwitteroisomer. It contains a free alpha-L-Glu- (1- > 2) -alpha-D"
110,"înibus: 1. It has a role as a mouse metabolite. It derives from a uridine 5 '-monophosphate. It is a conjugate acid of a UDP-N-acetylmuramoyl-L-alanyl-D-isoglutamine (2-). It represents a tautomer of an UDP-NAc-MurNAc zwitterion. It contains a 3-hydroxy-4-methyl-2-oxo-3,4-dihydro-1H-pyrazol-5-yl group (1-) and a 6-deoxy-6-phosphono-alpha-d-lyxo-hexopyranos-3-ulosonic acid (3-) .It is an enantiomer of a GDP-4,6-diaminopimelate. It arises from a hydride of a meso-2,3-didehydro-4- (methylamino) -2,6-dideoxy-beta-l-arabino-hex-5- enopyranos-7-ulose. It belongs to a class of pyrimidines that is formed by condensation of the carboxy group of uracil with the primary amino group of 3-hydroxypyrimidazolic acid. It carries a proton at the third position of the pyrimidine ring. It may be a precursor of reactive intermediates in nucleotide biosynthesis."
111,"romycin is a semisynthetic derivative of netilmicin. It has a role as an antibacterial drug and an antimicrobial agent. It is a member of monochlorobenzenes, a tertiary amino compound, a beta-lactam antibiotic, an aminoglycoside antibiotic, a secondary alpha-hydroxy ketone and a trisaccharide derivative. It derives from a netilmycin (1 +). It contains a 3-O-acetyl-6-deoxy-alpha-L-threo-hex-4-enopyranuronosyl- (1- > 2) -beta-D-glucosaminyl- (1-- > 3) -N-acetylneuraminic acid. It represents a tautomer of a neomycin zwitterion. It arises from a transfer of a proton from the carboxy group to the 5-hydroxy group of a neotetracycline zwittercation. It comes from a hydride of a 7-deacetamido-2,9-dideoxykanamycin B. It is an enantiomer of a sisomicin zwittermate. It may be a tautomerically related to a neolactamycin zwitteration. It reflects a tautomeric change of a tobramycin zwitteronate. It corresponds to a tautomers of neolactam zwitterate zwitterions. It"
112,"I. The molecule is a triterpenoid saponin isolated from the aerial parts of Celastrus orbiculatus. It has a role as a plant metabolite. It is a beta-D-glucoside, a monosaccharide derivative, a pentacyclic triterpenoid, a trisaccharide derivative and a secondary alcohol. It derives from a hydride of an oleanane. It contains a 3-O-acetyl-alpha-L-rhamnopyranosyl- (1- > 2) -beta-D -glucopyranosyl residue attached to a 3beta-hydroxy-urs-12-en-28-oic acid via a glycosidic linkage. It arises from a condensation of an acetate group of oleanolic acid with a 2,3-dimethoxy-5-methyl-6-oxo-3,4-dihydrolup-20 (29) -ene-1-carboxylic acid. It belongs to a class of acetophenones that is substituted by hydroxy groups at positions 3, 4, 7 and 8 and a methyl group at position 3 '. It originates from a sophoraflavanone. It may be a conjugate acid of a sophocarafranin (1-). It also exists as a tautomer of a 3- (2,2-dimethyl-1,3-dioxolan-4-yl) propanoic"
113,"). The molecule is a monocarboxylic acid anion resulting from the deprotonation of the carboxy group of (S) -2-hydroxy-3-methylglutaric acid. The major species at pH 7.3. It has a role as a human metabolite and a Saccharomyces cerevisiae metabolite. It derives from a glutarate (1-). It is an enantiomer of a (R) -2- (2-hydroxymyristoyl) -3-methyl-4-oxo-5-thia-1-azoniabicyclo [3.3.0] oct-6-ene-3,7-dicarboxylic acid. It arises from a hydride transfer from a D-glutarate to a (2S, 3S) -2,3-dihydroxy-3- (methylsulfonyl) butanedioic acid (2-). There is a tautomeric relationship between a (2R, 3R) -3- (hydroxymethyl) -4-oxobut-2-enoic acid zwitterion and a (2E, 6S) -2,6,8-trimethyl-2,6-dioxo-3,4-dihydro-2H-furo [3,2-c] pyran-7-ylidene-3,5-dicarboxylate (4-). A tautomer of a L-2,3-dihydroxyadipic acid zwit"
114,". It is a dipeptide obtained by formal condensation of the carboxy group of L-isoleucyl-L-leucine with the amino group of 2-naphthylamine. It has a role as a chromogenic compound. It derives from a L-isoleucine and a 2-naphthalenesulfinic acid. It represents a tautomer of a 2- [(2S) -2-hydroxy-4-methylbut-2-en-1-yl] -4-methyl-5-oxo-4,5-dihydro-1H-imidazole-3-carboxylic acid zwitterion. It arises from a tautomerization of a N- (2-hydroxyphenyl) -2- [(4S) -4- (hydroxymethyl) -1-piperidinylcarbonyl] -L-isoleucyl- (S) -alaninate. It contains a 5- [(2R) -2,3-dihydroxy-4- (methylsulfonyl) butanoyl] -2-oxopentanoic acid zwitterions. It belongs to a group of iminosulfonates that is formed by condensation of one of the two sulfo groups of an N-acetyl-D-galactosamine with two of the four carboxy groups of 1- (p-tolyl) -5-methoxy-2,4-dinitrobenzenesulfonic acid in a molar ratio 1:"
115,". The molecule is a zwitterion obtained by transfer of a proton from the carboxy to the amino group of (+ / -) -N, N-dimethyltryptamine; major species at pH 7.3. It has a role as a human metabolite and a Saccharomyces cerevisiae metabolite. It is a tautomer of a (S) -N- (1-methyl-1H-indol-3-ylcarbonyl) -L-phenylalaninium. It derives from a hydride of a tryptamine. It contains a 1- [(1R) -1-methylpyrrolidin-1-yl] -3- (4-hydroxyphenyl) butan-2-amine (1-). It belongs to a class of indoles that is substituted by a phenyl group at the 1-position and a 5-hydroxy-L-tryptophanyl moiety at the 5-position. It represents a conjugate acid of a 5- (R) -hydroxyindolo [2,1-b] quinolin-6-yl-D-alaninate (2-). it is an enantiomer of a 3- (5-hydroxypentyl) -1- [(1S) -1 '-methylpyrrolidinyl] -3-indole-propanoic acid. It arises from a tautomerisation of a tryptaminic acid zwittercation. It"
116,"RESULTS: The molecule is a member of the class of xanthones that is 9H-xanthen-9-one substituted by hydroxy groups at positions 1, 3 and 6 and a methyl group at position 2. It has been isolated from Chaetomium globosum. It derives from a hydride of an xanthan. It is a conjugate acid of a chaetomicin (1-). It arises from a tautomerization of a chetomicin zwitterion. It represents a tautomer of a schisandrin B. It is an enantiomer of a neoschandrin A. It is considered to be a compound of a ""chaetomin."" It contains a trans-1,2-dihydroxynaphtho [2,3-c] furan-7-ol. It belongs to a series of dioxanthenes. It comes from a Diels-Alder cycloaddition of a beta-D-galactofuranose with an alpha-L-rhamno-oct-2-enoate. It can be derived from a trans- (1R, 2R) -1,2-dihydroxycyclohex-3-en-1-one. It does not belong to any of the classes of Xanones that have been isolated so far. It originates from"
117,". The molecule is a monocarboxylic acid anion that is the conjugate base of 2-methylbutyric acid, obtained by deprotonation of the carboxy group; major species at pH 7.3. It has a role as a human metabolite and a Saccharomyces cerevisiae metabolite. It derives from a butyrate. It is an enantiomer of a 2-methyl-3-hydroxybutyric acid. It contains a (R) -2-methylglutarate (1-) .It is a tautomer of a (S) -2- (methylsulfanyl) butyric acid zwitterion. It arises from a proton transfer from a sulfate to a butane-1-sulfonate. It reflects a tautomerism of a 2- (methylsulfinyl) propanoic acid. One of two possible tautomers of a 2,3-dimethylbutanedioic acid in which one of the hydrogens of the carboxylic acid group is replaced by a sulfo group (or vice versa). It can be derived from a hydride of a propionate. It may be a tautomeric counterpart of a 2,5-dimethyl-4-sulfanylhexanoic acid. Both tautomers are likely to be present in other monocarboxylic acids such as acetic acid and propionic acid. A tautomer also exists in 2-ethylmalonic acid."
118,"was the major bile acid in man. It has a role as a human metabolite. It derives from a cholic acid. It is a conjugate acid of a 3alpha, 7alpha, 12alpha-trihydroxy-5beta-cholan-24-oate. It originates from a hydride of a 6beta-chol-24 (1) -en-26-oic acid. it is a tautomer of a 5alpha-cholest-6-en-3beta-ol disulfate zwitterion. It contains a 3alpha-hydroxy-7alpha-methyl-5beta- (4-hydroxyphenyl) -24-oxo-4beta-cholestan-22-oyl-CoA (4-). It belongs to a group of 3-hydroxy steroid acids and is a member of 4-hydroxy steroids. It arises from a conjugation of a lithocholic acid with a coenzyme A. It carries a positive charge at the 3beta-hydroxy group and a negative charge on the 16alpha-hydroxy side chain. It may be a consequence of an anti-inflammatory effect of a high-dose ursodeoxycholic acid therapy. It can be a useful tool for the diagnosis of cholestatic liver disease. It also provides a clue to the presence of a primary or secondary hypercholesteremia"
119,". It has a role as a mouse metabolite. It derives from a hydride of an olefinic compound. It is a conjugate base of a 4-hydroxy-3-methylbut-2-en-1-ol (1 +). It represents a tautomer of a 3-hydroxybutane-1,2-diol zwitterion. It arises from a proton exchange between a hydroxyl group and a bridgehead hydrogen atom of a pentane-1,3-diol. It was a conjugate acid of a 5-hydroxymethyl-2,3-dihydronaphthalene-1,7-diol (1-) .It is an enantiomer of a 3,5-dideoxy-D-manno-oct-6-ulosonic acid (2-) .The major tautomer at pH 7.3 (according to Marvin v 6.2.0.); it is a mixture of two tautomers: one arising from a tautomerization of a hydroxymyristic acid and the other from a hygroscopicity of the hydroxy group of the parent molecule. It contains a 3- (hydroxymethyl) -2,3-dehydro-5-deoxy-alpha-L-arabino-hexopyranose (1'pent-1 ''endo-exp-2' '"
120,"/ Δ (4) -cholest-5-en-3β-ol-24-oic acid in human liver microsomes. It has a role as a human metabolite. It derives from a cholic acid. It is a conjugate acid of a 3beta-hydroxy-7alpha, 12alpha-dihydroxy-22-oxo-5beta-cholestan-26-oate. It arises from a hydride of a 6beta-chol-25-yne. It contains a 7alpha-hydroxy group and a 3alpha-hydroxy function. It represents a tautomer of a 3-oxolithocholic acid zwitterion. It may be a consequence of a competition between the two bile acids for binding to the same receptor. It carries a negative charge at pH 7.3 (according to Marvin v 6.2.0.). It can be a part of a human liver microsomal cytochrome P-450 (CYP) 3A4 substrate pool. It contributes to the enterohepatic recirculation of a large amounts of bile acids. It does not have a direct effect on CYP 3A4 activity. It originates from a 5alpha-cholan-diol. It belongs to a class of cholanic acids that is formed by hydroxylation of the side chain of cholesterol. It consists of a zwitterionic form of a"
121,". It is an organic heterotetracyclic compound isolated from the stem bark of Fraxinus sieboldiana and has been shown to exhibit cytotoxic activity. It has a role as a metabolite and an antineoplastic agent. It derives from a hydride of an isokaur-16-en-19-one. It arises from a Diels-Alder reaction between a 3-hydroxy-4-methylbut-2-enoic acid and a 1,2,3,4-tetrahydronaphthalene. It contains a beta-D-glucopyranosyl- (1- > 4) -alpha-L-rhamnopyranosyl- (1 < -- > 2) -beta-D- glucopyranoside (1-). It represents a tautomer of a 3,6-dideoxy-6-dehydro-7-O-methyl-sulfo-8-O- [(1R) -1-methylethyl] -2,4,4a, 5,6,7,8,8a-octahydronaphtho [2,3-b] furan-1-one zwitterion. It originates from a conjugate acid of a 5,7-dihydroxy-3,9-dimethyl-5-oxocycloheptadeca-1,4-diene-10-carboxylate. It does not arise from a tautomerisation of a 7,8-dihydroxyisoka"
122,". The molecule is a monocarboxylic acid that is propanoic acid substituted by a methyl group at position 2. It has a role as a human xenobiotic metabolite. It derives from a propionic acid. It is a conjugate acid of a 2-methylpropanoate and a 2- (methylsulfanyl) propanoate. It arises from a hydride of a propane. It represents a tautomer of a 3-methylbutane-1,2-diol zwitterion arising from a proton exchange between the two carboxylic acid groups; it is an enantiomer of a 1-methylpropan-2-ol. It reflects a tautomerism of a 3- (methylsulfinyl) propanal. It originates from a hydrogen sulfide and a methanethiolate anion. It corresponds to a tautomers of a propionate- and a methanesulfinic acid zwitterions. It contains a mercaptan. It may be a tautomeric counterpart of a 2,3-dimercaptopropane-1-sulfonic acid, a thiosulfinate and a 4-mercaptohexanethiol. It consists of a zwitterionic form of a sulfur-containing amino acid with a free thiol group in the 1- and 2-positions of the alkanesulfonate moiety. It indicates a tautomerization of a"
123,"uscript. The molecule is a branched amino heptasaccharide consisting of alpha-L-fucopyranose, 2-acetamido-2-deoxy-beta-D-glucopyranose, N-acetyl-alpha-neuraminyl- (2- > 3) -beta-D -galactosyl- (1- > 4) -N-acetylglucosaminyl and N-acetylglucosamine residues in a linear sequence. It has a role as an epitope. It is an amino heptaaccharide and a member of acetamides. It derives from an alpha-LFuc, a beta-GlcpNAc, a N-Acetylglucosamine and an N-Acetylated alpha-Neu5Ac- (2- < = = = > 6) -D-Galp. It represents a conjugate acid of an asialo-GM1 (1-). It arises from a deprotonation of an acetal group at the non-reducing end. It comes from a hydronaphthalene-1-propanoic acid. It may be a tautomer of an altro-GD1a zwitterion. It consists of a disialoganglioside II3 (III3FucNAcII) (4-). A part of a ganglioside GM3 (II3FucIII) (3-)."
124,"(1-- > 4) -beta-D-GalpA- (1- > 3) -D-Glucopyranoside was isolated from the aerial parts of Ipomoea batatas. It has a role as a plant metabolite. It is a disaccharide derivative and a glycosyloxyflavone. It derives from an alpha-L-rhamnoside and a 5-hydroxy-7-methoxy-2- (3,4-dihydroxyphenyl) -4H-1-benzopyran-4-one. It arises from a conjugate acid of a kaempferol 3-O-beta-D- [6 '-O- (4-hydroxyphenyl) -2' -O-methylpyrano [2,3-d] furo [3,2-f] [1,2,4] triazin-3-yl] -beta-glucoside (1-). It originates from a hydride of an isorhamnetin. It belongs to a class of flavonols that is substituted by hydroxy groups at positions 3, 6, 7 and 8 and a prenyl group at position 2 '. It contains a monosaccharide moiety attached to a 4' - [(S) -3-hydroxyprop-2-enoyl] -5-methoxyflavanone skeleton via a glycosidic linkage. It may be a tautomer of a quercetin 3"
125,". It has a role as an allergen. It derives from a hydride of a pyrrole. It is a conjugate base of a pyrraline (1 +). It arises from a tautomerisation of a 4-hydroxypyridin-2-one zwitterion. A tautomer of a 3-hydroxy-4-pyridinemonocarboxylic acid. It consists of a proton and a proton of a pyrrolo [2,1-b] indole-5-carboxylic acid. One of a set of four possible tautomers arising from the reaction of two molecules of pyrralin with one molecule of water. It contains a hydrogen at the nitrogen atom of a pyrroline (4-amino-3,5-dihydro-1H-1,2,4-triazolo [4,3-a] pyrimidin-1-ium cation). The fourth tautomer is a pyrrolopyrazine (4 '-amino-2,4' -dihydro-3H-pyrimido [2,3-f] indol-3 '-yl) -4-oxo-4H-1,2-benzoxazin-3-ium (1-), which is protonated at the 7-position of the pyridine ring. It may be a tautomer derived from a pyrrinecarboxaldehyde. It"
126,"(1-) was obtained by deprotonation of the phosphate OH groups of S-adenosyl-L-homocysteine; major species at pH 7.3. It has a role as a human metabolite and a Saccharomyces cerevisiae metabolite. It is an organophosphate oxoanion and a primary amino compound. It derives from a L-cystathionine beta-S-phosphate (2-). It contains a S- [(2R) -2-hydroxy-3-methylbut-2-en-1-yl] -L-cysteinyl-D-serine zwitterion. It represents a conjugate base of a S-adenosylhomocysteine. It arises from a hydride of a L- [(2S) -2- (hydroxymethyl) -3-methylbutanoyl] -L-cysteine. It may be a tautomer of a N (5), N (6) -bis (sulfo) -L-cys-5-ene-1,5-dicarboxylate.2. It is a conjugate acid of a N- (2-hydroxysulfosuccinamido) -D-homocystine (4-). it is an enantiomer of a O (5 '), O (6') -di-O-acetyl-l-homocysteinesulfinate (3-)."
127,". The molecule is a monocarboxylic acid that is propionic acid substituted by a hydroxy group at position 2. It has a role as a human xenobiotic metabolite. It derives from a propionic acid. It is a conjugate acid of a 2-hydroxypropionate-- > 2-hydroxypenta-2,4-diene-1-carboxylate (1-). It arises from a hydride of an alpha-methyl-D-propionate. It represents a tautomer of a 2,3-dihydroxy-4-methylpentanoic acid zwitterion. It may arise from a tautomerisation of a 3-hydroxy-2-methylpropanoic acid; it is the major species at pH 7.3. It relates to a proton transfer from a hydrogen to a carbon 2 of a propionate- (2-hydroxymuconic semialdehyde)"
128,"tii, a member of the class of xanthones that is 9H-xanthen-9-one substituted by hydroxy groups at positions 1, 3 and 6 and a prenyl group at position 2. It has been isolated from the culture broth of Penicillium purpurogenum. It was found to exhibit antibacterial activity against Gram-positive (Staphylococcus aureus) and Gram-negative (Escherichia coli) bacteria. It had a role as an antibacterial agent and a Penicillium metabolite. It is a xanthone, a polyphenol and a monomethoxybenzene. It derives from a hydride of an oxabicyclo [3.3.1] nonane. It contains a beta-D-glucopyranosyl- (6S) -6-O-prenyl-alpha-L-rhamnopyranosyl- (7E) -furo [2,3-b] furan-2 (3H) -one. It represents a conjugate acid of a chrysophanol (1-). It arises from a tautomerisation of an avermectin B zwitterion. It belongs to a group of pyrano [3,2-c] chromen-4 (5H) -ones. It originates from a cis-1,2-dihydronaphthalene-7-ol. It carries a hydroxy groups"
129,"SUMMARY: The molecule is an L-alpha-amino acid zwitterion obtained by transfer of a proton from the carboxy to the amino group of (2S, 3S) -3-hydroxy-3-methylglutaric acid. It is the major species at pH 7.3. It has a role as a human metabolite and a Saccharomyces cerevisiae metabolite. It derives from a glutarate (2-) .It is a tautomer of a (S) -3- (3-hydroxymuconic) -l-glutamate. It arises from a hydride of a glutamine. It contains a (R) -2-hydroxyisovaleric acid (1-). It belongs to a group of zwitterions that is derived from a gamma-L-glutamyl-l-glutamic acid. There is a syn-conformation of a 2,3-dihydroxy-2-methyl-4-oxo-6-oxocyclohexa-2,5-dien-1-yl-5-carboxylato-D-threo-hex-1,4-aminium (3-); it is not a conjugate base of a L- (+) -2,3-dihydroxyisovalerolamic acid or a D- (-) -erythro-2,3-dihydromuconate. It"
130,"SUMMARY: The molecule is an isotopologue of rubidium in which the hydrogen at position 2 has been replaced by a bromine atom. It has a role as a human metabolite. It is a member of bromides, a natural isotope and a isotopically substituted compound. It derives from a hydride of an Rb (+). It represents a conjugate acid of a rubium.It is an enantiomer of a (2'S, 4S, 6'R) -2 '-bromopalmitic acid. It differs from a (2S, 3S, 4R, 6aS, 7'R, 8'S) -2-bromopalmide. It contains a bromium (1 +); it is a tautomer of a dibromopalmic acid zwitterion. It reflects a hydride-to-bromine proton chemical shift of a two bromine atoms per atomic weight of a bromate (3.96 kcal mol (-1)). A trace amount of bromine is present in the nuclear magnetic resonance spectrum of rarefied brine (RGB) brine. It contributes up to 5% of the total brine content in brine samples. It may also be a component of brine from brite. It"
131,", a 3-oxo-Delta (1), Delta (4) -steroid. It has a role as an anti-inflammatory drug, a human xenobiotic metabolite and a mouse metabolite. It derives from a pregnenolone. It is a conjugate acid of a 3beta-hydroxy-5beta-pregnan-20-one (1-). It arises from a hydride of a pregnane. A tautomer of a 3alpha, 5alpha-dicholest-5-ene-3beta, 20alpha-diol zwitterion. It contains a hydrogen at position 20 (11beta). An enantiomer of a 3alpha- (17alpha) -hydroxy-5alpha-ergosta-4,22-diene-3,20-dione. It consists of a 17beta-hydroxyandrost-4-en-3beta-yl-19- (S) -acetoxy-estra-1,3,5 (10) -trien-19-yl ether. It represents a major metabolite of tibolone acetate. It binds to the androgen receptor (AR) but not to the oestrogen receptor (ER); it does not bind to the glucocorticoid receptor (GR) or to the mineralocorticoid receptor (MR) even at concentrations up to 1000-fold higher than those required for binding to the"
132,". The molecule is the L-enantiomer of tryptophan. It has a role as a human metabolite and a Saccharomyces cerevisiae metabolite. It is a tautomer of a L-tryptophan zwitterion. It derives from a hydride of a D-tryptophan (1 +). It contains a L- (-) -tryptophan (1-). One of two possible tautomers at pH 7.3 (according to Marvin v 6.2.0.). A priori, it may be a conjugate base of a N-acetyl-L-tryptophanamide. It might be a consequence of a proton transfer from an alpha-amino group to the indole ring; it is the major species at this stage of the life cycle. It can be a source of a plant allelopathy. It carries a positive charge and a negative charge at the C-3 and C-5 of the indolyl moiety. It also has a positive effect on the growth of Escherichia coli. It will be a catalyst for the synthesis of optically active L-Trp derivatives. It would be a prerequisite for the production of enantiomerically pure tryptophan by microbial fermentation. It should be a key compound for the development of chiral building blocks for the preparation of biologically active compounds such as kynurenic acid and quinolinic acid. It"
133,"(3Z, 7Z, 10Z, 13Z, 16Z) -icosatrienoic acid in mice. It has a role as a mouse metabolite. It derives from an all-cis-docosa-4,7,10,13,16,19-hexaenoic acid. It is a conjugate acid of a 3-O- [(5Z, 8Z, 11Z, 14Z, 17Z) -3-oxotetradec-5-enoyl] -sn-glycero-4-phosphoundecanoyl] -beta-hydroxystearoyl-gamma-linoleate (1-). It arises from a hydride of an icosapentaenoate. A tautomer of a 6-O-palmitoyl-5,8,11,14-icosatrienoyl-beta-linolenoyl- (4Z, 6Z, 9Z, 12Z, 15E) -hexacosatetraenoic acid zwitterion obtained by proton transfer from the carboxy group to the alpha-position of a trans-3,8-didehydro-9-oxooctadecanoic acid. An enantiomer of a 7-oxo-Delta12,14-prostaglandin J (2) (1), omega-hydroxy-3-oxoacyl-CoA synthetase (4-)."
134,". The molecule is a member of the class of piperidines that is piperidine in which one of the hydrogens attached to the nitrogen is replaced by a 4-chlorophenyl group. It has a role as an EC 3.1.1.7 (acetylcholinesterase) inhibitor, an antiparkinson drug and an antidyskinesia agent. It derives from a hydride of a piperidine. It is a conjugate acid of a 3,4-dichloropyridine (1-). It arises from a tautomerization of a 1-chloro-4- (4-bromophenyl) piperidin-2-amine zwitterion; it is a tautomer of a 3-bromo-4-chloropropan-1-amine. It consists of a proton of a cation of a 1,1 '-biphenyl-2,2' -bis (1H-indol-3-ylidene) bis (p-tolyl) amide. It contains a chloride. It corresponds to a hydrate of a selegiline hydrochloride (1 +). A prodrug, it is used for the treatment of patients with Parkinson's disease who have not responded to levodopa or who are unable to tolerate it due to lack of efficacy or intolerable side effects. It carries a high risk of agranulocytosis and agranulopsia. It also"
135,"(5-Chloro-6-deoxy-D-manno-oct-2-ulose). It has a role as an Escherichia coli metabolite and a mouse metabolite. It derives from a D-mannose. It is a conjugate acid of a 3-O-acetyl-4,6-dideoxy-alpha-L-threo-hex-4-enopyranuronosyl- (1- > 4) -D-mannosulosonic acid (2-). it is an enantiomer of a 2,3-dehydro-3-deoxy- (S) -gluconic acid 1-phosphate. It contains a (5S, 6R) -5-chloro-6- [(1R, 2S) -1-hydroxyethyl] -2-oxabicyclo [2.2.1] heptane-4,6,8-triyl phosphate (3-). A tautomer of a (5R, 6S) -6-hydroxy-7-hydroxymyristic acid 6-phosphate zwitterion arising from a proton transfer from the carboxy group to the amino group; it is the major species at pH 7.3. It arises from a tautomerism of a 3,6-dihydroxy-7- (R) -hydroxyhexadec-9-en-1-yl-beta-D"
136,"; p < 0.05). It is a conjugate acid of a (R) -3-hydroxy-3-methylbut-2-en-1-yl-beta-D-glucosiduronic acid arising from deprotonation of the carboxy group; major species at pH 7.3. It has a role as a human metabolite and a Saccharomyces cerevisiae metabolite. It derives from a hydride of a 2,3-butanedione. It belongs to a class of isovaleric acids, a monosaccharide derivative and an alpha-hydroxy ketone. It originates from a (2R) -2-methyl-3- (methylsulfinyl) propanoic acid and a (2S) -2,3-dimethylbutanoyl-4-hydroxybutanoate. It contains a (3R) -3- [(1R) -1-hydroxyethyl] -3-methylbutyl-5-oxo-4,5-dihydro-1H-isoxazol-6-yl] -2-carboxylic acid. It arises from a reaction of a L-threo-3,4-dihydroxymyristic acid with a D-erythro-2,3-didehydronoadipic acid in a ratio 1: 1. It represents a tautomer of a succinate semialdehyde zwitterion formed by proton loss of a proton from"
137,") is a monocarboxylic acid anion that is the conjugate base of N-acetyl-L-histidine, obtained by deprotonation of the carboxy group; major species at pH 7.3. It has a role as a human metabolite and a Saccharomyces cerevisiae metabolite. It is a tautomer of a N-acetyl- (L-histidinato) -L-histidine zwitterion. It derives from a hydride of a 1H-indole-3-carboxylic acid. It contains a N- (2-hydroxyethyl) -2-oxoimidazolidin-4-ylidene-1-yl] -L-alaninate (1-). It arises from a transfer of a proton from an imidazole to the alpha-amino group of a C-alpha-D-erythro-2-aminobicyclo [2.2.1] heptane-5-carboxylate (2-). There are two possible tautomers: one arising from a tautomerisation of a hydroxamic acid zwittercation and the other from a carboxylato-L- (+) -alpha-aminoadipic acid zwitterions. Both of these are likely to be the major species in human urine. It may be a candidate for use as a urinary metabolite of a diagnostic test for Wilson's disease. It will be a"
138,"xanthones A and B, isolated from the aerial parts of Delphinium styracifolium. It has a role as a plant metabolite. It is a hydroxyflavan, a member of 4 '-hydroxyflavanones and a polyphenol. It derives from a (-) -epigallocatechin-3-O-beta-D-glucoside. it is a conjugate acid of a 7-hydroxy-3- (3,4-dihydroxyphenyl) -7H-furo [3,2-g] chromen-6-one (1-). It arises from a hydride of a flavan. It represents a tautomer of a 7,8-dihydroxy-3' -methoxyflavan-7-one zwitterion. It originates from a hydrogen bonding between a hydroxyl groups at positions 5 and 7 of a biflavonoid A. It is an enantiomer of a (+) -5,7,3 ', 4', 5 '-tetramethyl-7- (2-methylpropan-2-yl) -2' -oxabicyclo [2.2.1] heptane-2,3 '-dicarboxylate. It contains a (2R, 3R) -3,5,7-trimethyl-2- (3,4,5-trimethoxyphenyl) -2,2' -dimethyl-1 '"
139,"(2-aminoadipic acid). It has a role as a mouse metabolite. It derives from an aspartic acid. It is a conjugate acid of a N-acetyl-L-aspartate--D-aspartate zwitterion. It arises from a proton transfer from a D-aspartic acid to a 2-amino-4,6-dideoxy-alpha-D-threo-hex-4-enopyranosylamine (1-). A tautomer of a N- [(S) -3-hydroxy-3-methylbut-2-enoyl] -L-homoserine 6-semialdehyde. It represents a major species at pH 7.3 (according to Marvin v 6.2.0.). There is a link between a reduced nicotinamide adenine dinucleotide (NAD (+)) cofactor and the primary amino group of L-serine. It contains a 3- (3-hydroxymyristoyl) -2,6-diaminopimelargaronic acid (2-); it is derived from a L-serine- (1-aminocyclopropanecarboxylato) -4-oxo-5-deazanedioic acid and a L- (2,3-dihydroxypropyl) -alpha-amino aciduria. It belongs to a class of guanid"
140,"(5 '-deoxy-D-manno-oct-2-ulose). It has a role as an Escherichia coli metabolite and a mouse metabolite. It derives from a D-ribose. It is a conjugate acid of a 3-deoxy-6-O-phosphonato-alpha-L-threo-hex-4-enopyranosyluronate (2-). it is an enantiomer of a 2,3-dideoxy-6- [(2R) -2-hydroxyethyl] -D-ribo-hexopyranosyluronate. It represents a tautomer of a dTDP-3- (R) -hydroxymethylpentose zwitterion. It arises from a proton transfer from a hydroxy group to the keto group of a 3,6-dihydroxy-7-methyl-5-oxo-Delta (2), Delta (3) -cyclo-hexacosane-1-carboxylic acid. The major tautomer at pH 7.3. It may be a tautomerase of a CDP-3-deoxy- (S) -hydroxymyristic acid. It originates from a myo-inositol 3,4,5,6-tetrakis-triacetic acid. There is a direct link between these two compounds: it is a cofactor required for the synthesis of vitamin K"
141,": C18: 2. It has a role as a mouse metabolite. It derives from a linoleic acid. It is a conjugate acid of a (7Z, 10Z, 13Z, 16Z, 19Z) -19,20-dihydroxydocosahexaenoyl-sn-glycero-3-phospho- (1 '-sn-glycerol) arising from a hydride transfer from an all-cis-docosa-7,10,13,16,19-hexaenoic acid to a hydroxy group at the sn-2 position and a trans-docosapentaenoyl moiety at the 3-position. It represents a fundamental element of polyunsaturated fatty acids. It arises from a hydrogenation of a double bond between positions 7 and 10 of a 17-hydroxydocosapentaenoic acid; it is the most abundant long-chain fatty acid in human blood serum. It belongs to a family of omega-hydroxy fatty acids and is a member of hydroperoxyoctadecadienes--it derives from one of the three primary allylic alcohols that are substituted by a hydroxy groups at positions 9 and 16. It originates from a Docosa-5,7,10,13 (Z, 15Z, 18Z, 21Z, 22Z, 24Z, 27Z, 34Z, 42Z, 44Z"
142,", and acyl-CoA (4-) obtained from the formal condensation of the thiol group of coenzyme A with the carboxy group of oscr # 19. The major species at pH 7.3. It is a 3-oxo-Delta (4) -steroid acid, an 11beta-hydroxy steroid, a 17-oxo steroid, an olefinic compound and an alpha, beta-unsaturated monocarboxylic acid. It derives from an estra-1,3,5 (10), 16-tetraen-3-yl-CoA. It has a role as a human metabolite and a mouse metabolite. It arises from an androst-5-ene-3beta, 17beta-diol. It comes from a hydride of an estrane. It contains a trans-2-enoyl thioester. It represents a conjugate acid of an estrone 3-thioester (1-). It may be a tautomer of a estrone 3- (1-thio-beta-D-glucopyranosyloxy) -2-oxopropyl-CoA zwitterion. It originates from an estrone 3,20-bis (S-glutathion-S-yl) -sn-glycero-1-phospho-1 '- (4-hydroxy-hydroxyphenyl) -1,2-distearoyl-sn-glycerol."
143,"S. The molecule is a linear amino trisaccharide consisting of alpha-L-fucopyranose, beta-D-galactopyranose and 2-acetamido-2-deoxy-3-O- (4-O-sulfo-alpha-L- rhamnopyranosyl) -D-glucopyranose residues linked sequentially (2- > 3) and (1- > 4). It has a role as an epitope. It is an oligosaccharide sulfate and a member of acetamides. It derives from an alpha-l-Fucp- (1- < - > 2) -beta-d-GalpNAc. It represents a conjugate acid of a alpha-LFuc-beta-DGalp-2 '-GlcpNAc (2-). it is an enantiomer of a beta-FicpA-2 ""- > 3' -IdoA-2 '- > 4 '-SO (6) -OAcAm (6-) .A. It is a tautomer of an unsulfated alpha-lactose zwitterion. It arises from a tautomerisation of a melibiose zwitteration at pH 7.3. It may be a tautomeric choice of a N-acetyl-2,3-dideoxygalactosaminyl- (1- greater than 2) -alpha-L"
144,". It is a member of the class of xanthones that is 9H-xanthen-9-one substituted by hydroxy groups at positions 1 and 4, a methyl group at position 2 and a 3-methylbut-2-en-1-yl moiety at position 6. It has a role as a plant metabolite. It derives from a hydride of a 9H- [1,2,4] trioxaspiro [4.5] decan-9 (10H) -one. It was a conjugate acid of a kaempferol 7-O-beta-D-apiofuranosyl- (1- > 2) -alpha-L-rhamnoside (1-). It comes from a tautomer of an isoliquiritigenin zwitterion. It consists of a dianion of a ketoisorhamnetin zwittercation. It arises from a proton transfer from a quercetin to a hydroxyisoquercitrin (1 +). An enantiomer of a 2,3 '-dihydroxy-3' -methoxy-4 '-deoxy-3-methoxy-5' -O- (3,4-methylenedioxyphenyl) -spiro [bicyclo [3.2.1] oct-5-ene-8-one] (1 / 2). There is a trace of"
145,"{γ, 5Z, 8Z, 11Z, 14R} -5,8,11,14,17-icosatetraenoic acid is an intermediate in the biosynthesis of resolvin D1. It has a role as a human xenobiotic metabolite and a mouse metabolite. It is a conjugate acid of a resolvin- (4Z, 7Z, 10Z, 13E, 16Z, 19Z) -tetraenoate. It derives from an all-cis-docosa-4,7,10,13,16,19-hexaenoic acid. It contains a (5S, 6S, 8S, 10S, 12R, 14S) -5,8-epoxydocosapentaenoic acid (1-). A hemiacetal has been formed by hydration of the epoxy group at the 5-position of each of the hydroperoxyeicosatetraenoic acids. It represents a tautomer of a 20 (S), 24 (R) -epoxydotrienoic acid zwitterion. It arises from a hydride of a 16: 1 (9Z, 12Z, 15Z, 17Z, 20Z, 22E, 23Z, 26Z, 34Z, 44Z, 48Z, 57F) -hexacosahexaenoyl-L-serine."
146,".: The molecule is a pentacyclic triterpenoid that is olean-12-en-28-oic acid substituted by hydroxy groups at positions 3 and 22 (the 3beta, 22beta stereoisomer). It has been isolated from the aerial parts of Tripterygium hypoglaucum. It derives from a hydride of an oleanane. It is a conjugate acid of a 3beta, 22-dihydroxylup-20 (29) -ene-3,22-dione (1-). A tautomer of a 3alpha, 22 (S) -dihydrolanostane-24,28-dioic acid zwitterion. It arises from a tautomerisation of a dehydrogenation of a hydrogen at position 6 of a 3beta- (2E, 6E) -seco-24-methylenecyclohex-26-ene-26,28-olide. An intermediate in the biosynthesis of tiglic acid. It may have a role as a plant metabolite, an anti-inflammatory agent, an antineoplastic agent and an antirheumatic drug. It contains a diol, a 3beta-hydroxy-4-oxo-5alpha-pregnan-20-yl-Delta (5), Delta (6) -steroid and a 4beta-"
147,"). It is a member of the class of pyrazolopyrimidines that is 1H-pyrazolo [3,4-b] pyridine which is substituted at positions 2, 3, and 5 by hydroxy, methyl, and fluoro groups, respectively. It has a role as a non-steroidal anti-inflammatory drug, an antipyretic, an EC 1.14.99.1 (prostaglandin-endoperoxide synthase) inhibitor, an antineoplastic agent and an apoptosis inducer. It derives from a hydride of a 4H-pyrazolopyrimidine. It represents a tautomer of a nimesulide zwitterion. It arises from a tautomerisation of a 1-methylimidazole-2-carboxylic acid. It contains a 1- (5-fluoro-1H-pyrazol-4-yl) -2-oxoimidazolidin-3-ium (1-). The tautomer is a tautomorph of a 1,3-dihydro-2H-imidazo [4,5-f] -1,2,4-benzothiadiazine-6-ium-5-olate. It consists of a zwitteration of a nifurtimox in a 1: 1 ratio. It originates from a proton transfer from a nifuroxene to a molybdate. It corresponds to a tautomeric mixture of a"
148,"I. It is a member of the class of monophosphates obtained by deprotonation of the phosphate and diphosphate OH groups of 1-O-phospho-3-deoxy-D-manno-oct-2-ulosonic acid (KDO); major species at pH 7.3. It is an organophosphate oxoanion and a monosaccharide derivative. It derives from a 6-O- [(2R) -2-acetamido-2,3-dideoxy-alpha-L-threo-hex-4-enopyranosyluronic acid] -D-mannuronate (2-). It represents a conjugate base of a 1-O- {[(2S) -2- (carboxymethyl) -3-hydroxymyristic acid] oxy} -3-deoxy- [cis, cis-dicarboxylic acid anhydride] -4-hydroxy-3,7,10,13,16,19-hexahydroxyoctadeca-2,4-dien-1-yl] -3,6-dioxolane-8-phosphate. It has a role as a Saccharomyces cerevisiae metabolite. It arises from a direct condensation of a hexuronic acid with one of the six carboxy groups of KDO (6-) to form a pentasaccharide (1-) The product is a conjugate acid of a dTDP-6-"
149,". It has a role as an Escherichia coli metabolite and a mouse metabolite. It derives from a pantothenic acid. It is a conjugate acid of a 3-hydroxy-4-methylpantothenoate (1-). It comes from a hydride of a pantolactone. It contains a methyl substituent at the 2-position of a hexacosanoyl group; it is a tautomer of a 3,5-dihydroxypentanoyl-2-methylpropanoic acid zwitterion. It arises from a condensation of two pantothenate anions with one of the three carbonyl groups of a 2,3-didehydro-3-methylbutanoyl coenzyme A. It carries a positive charge at the 1-position and a negative chargeon at the 3-position. It may be a result of a protonation of a 6-deoxy-alpha-D-manno-oct-6-enoyl- (2S, 3R, 4S) -3-methylglutaconyl-L-cysteinylaminyl-S-cysteinyl-CoA (4-). There is a direct correlation between the number of carbon atoms in the acyl chain of the coenzyme A moiety and the pKa value of the carboxylic acid group (r = 0.999)."
150,". The molecule is a 1-alkyl-2-acyl-sn-glycero-3-phosphocholine in which the alkyl and the acyl groups at positions 1 and 2 are hexadecyl and (9Z, 12Z) -octadecadienoyl respectively. It has a role as a mouse metabolite. It derives from a hexadecanoic acid. It is a tautomer of a 1,2-di-O-hexadecanoylglycero-3- (10Z, 13Z, 16Z, 19Z-docosahexaenoyl) -sn-glycerophosphocholine zwitterion obtained by transfer of a proton from a carboxylic acid to a hydroxy group at position 1; it is an enantiomer of a 1- (1Z, 2Z, 3Z, 4Z, 5Z, 6Z, 7Z, 8Z, 9E, 11Z, 14Z) -2-hexadecatriacontahexaenoyl-1,2,3-triacontapentaenoate. It originates from a hydride of a 9,10-octadecadien-1-ol. It arises from a tautomerization of a 1,1-dihexadecyl-2,3-dioxo-1,2,3,4-tetrahydrodeca-7,10,13,16,19-hexaazacyclooctadeca-2,6,8-trienoic acid"
151,". It has a role as a mouse metabolite. It derives from a hydride of an olefinic compound. It is a conjugate base of a 4-hydroxy-3-methylbut-2-en-1-one (1 +). It arises from a tautomerization of a 3,4-dihydronaphthalene-1 (2H) -one zwitterion arising from a proton transfer from the carboxy group to the ortho-position of the olefin. It represents a tautomer of a 4,4 '-dihydroxybiphenyl-2,2' -dicarboxylate. It contains a 3- (4-hydroxyphenyl) propane-1,2-diol (2-) and a 4- (hydroxyphenyl) butane-1,3-diolate (1-). One of two possible tautomers of a 2,3-dihydroxy-3,5-dimethylbutanedioic acid, it is likely to be the major tautomer at pH 7.3 (according to Marvin v 6.2.0.). This tautomer is a mixture of two tautomers: one derived from a shift of a proton from the aldehyde to the carboxylic acid group; the other is a tautomerase of a 3,3 '-dihydroxy-5-methylindol-2' -yl-1,1 '-biphenyl-7-yl-acetic acid"
152,"). It has a role as an Escherichia coli metabolite and a mouse metabolite. It is a conjugate acid of a 4-hydroxy-3-methylbut-2-en-1-oate. It derives from a hydride of a hexa-2,4-dienedioic acid. It contains a (R) -4-hydroxymyristic acid (1-), a (S) -3-hydroxyisovaleric acid (2-) and a meso-2,3-dihydroxy-5-methylpentanoyl-beta-methyl-alpha-D-lyxopyranose (3-). There is a tautomer of a (1R, 2R, 3R, 5S, 6R, 7R, 8R, 9R, 10R, 11S, 12R, 14R, 16R, 17S, 19R, 20S) -2,4,6-trihydroxy-3,7,9-trimethyl-2,4,8,10-tetramethyl-3,5,8-dodecatrienoic acid zwitterion arising from proton transfer from the carboxylic acid group to the alpha-position of a hydroxy group of a 6-deoxy-L-threo-hex-4-enoylamino-alpha- (2E, 6E) -octadec-"
153,". It is a member of the class of imidazoles that is imidazole in which one of the hydrogens attached to the nitrogen is replaced by a 4-chlorophenyl group. It has a role as a non-steroidal anti-inflammatory drug, an antipyretic, an EC 1.14.99.1 (prostaglandin-endoperoxide synthase) inhibitor and an antirheumatic drug. It derives from a hydride of an imidazole. It represents a tautomer of a tolfenamic acid zwitterion. It arises from a tautomerisation of a 5-chloro-2-methyl-1H-imidazol-4-amine zwittercation. It contains a chloranilic acid zwitterions. It corresponds to a tautomers of a 5- (4-chlorophenyl) -2- [4- (trifluoromethyl) phenyl] -1H-imidazo [4,5-f] pyrimidine-1-carboxylic acid. It originates from a proton transfer from a tolmetin to a hydrogen guianidine. It consists of a tautomeric mixture of a 5,5-dimethyl-2- [4-trifluoromethyl-3-methylphenyl] -2H-imidazo- [4,1-b] [1,4] benzoxazin-6-ium-7-olate zwittert.-1ol. It"
154,"AUTHORS: The patient is a 27-year-old man who has been diagnosed with chronic myelogenous leukemia (CML). It has a role as a human metabolite and a mouse metabolite. It is a member of benzenes, an aromatic ether, a secondary alcohol and a tertiary alcohol. It derives from a hydride of a 1,4-benzoquinone. It contains a 4-hydroxy-3-methylbut-2-en-1-yl group. It arises from a tautomerisation of a 3,4-dihydronaphthalene-1,2-diol zwitterion formed by proton transfer from the carboxy group to the phenolic OH group; it is also a tautomer of a 2,3-dihydro-1H-benzo [f] isoindole-1,3 (2H) -diol-5-one. It may be a conjugate acid of a 4,4 '-bis (4-hydroxyphenyl) -3-methyl-3,5-dihydroisoxobicyclo [2.2.1] heptane-1,2,5,6-triolate. It represents a tautomeric form of a 4,5-dihyroxy-3- (hydroxymethyl) -2-isopropylidenecyclohexa-2,5-diene-1,6- (3H) dione. It originates from a hydrogen transfer from a phenol to a"
155,". It has a role as a mouse metabolite. It derives from a butyric acid. It is a conjugate acid of a 3-carboxy-4-hydroxy-5-methyl-2-oxocyclohexa-2,5-diene-1-carboxylate (2-). It arises from a hydride of a cyclopentane. It contains a beta-ionone (1-). A tautomer of a 2,3-didehydro-5- (hydroxymethyl) -2,2-dimethylcyclohex-3-enecarboxylic acid zwitterion arising from a proton transfer from the carboxyl group to the alpha-position of the cyclohexene ring; it is the major species at pH 7.3. It may be a conjugate base of a 3,5-dideoxy-5- [(S) -1-hydroxyethyl] -2-hydroxycycloct-6-ene-1, 4-dicarboxylic acid. There is an equilibrium between two tautomers in the ratio of 1: 1 and 1: 2. It contributes to the overall charge of a sample. It represents a fundamental information about the chemical structure of a compound. It can be used to estimate the molecular weight of a molecule. It also allows us to determine the number of protons involved in the tautomerisation process. It will also be a"
156,"DESCRIPTION: The patient is a 16-year-old girl who was referred to the pediatric endocrinology clinic for evaluation of short stature. She has a history of growth hormone (GH) deficiency due to pituitary gigantism. She also has a family history of type 2 diabetes mellitus. She carries a copy number variant in the KCNJ5 gene, which encodes the potassium channel subunit Kir6.1. It has a role as a human metabolite and a mouse metabolite. It is a conjugate acid of a glimepiride (1-). It derives from a hydride of a 4H-pyrano [3,2-c] quinolin-4 (3H) -one. It belongs to a group of compounds that are structurally related to the sulfonylurea drugs glibenclamide and tolbutamide. It contains a 6-O-acetyl-beta-D-glucosaminyl- (1- > 3) -4,6-dideoxy-alpha-L-threo-hex-4-enopyranosyluronic acid (1 +). A tautomer of a glibenclamide zwitterion. It arises from a proton transfer from a sulfate to a carboxylic acid group. It corresponds to a parent compound of a hypoglycemic agents used in the treatment of non-insulin-dependent diabetes mellitus (NIDDM)"
157,". It is a member of quinolines, an amino acid zwitterion and a primary amino compound. It derives from a L-tryptophan. It has a role as a human metabolite. It consists of a tautomer of a N (6) -acetyl-L-tryptophanyl-alpha-amino-beta-methyl-D-alanine. It contains a 2-hydroxy-3-methylbut-2-en-1-yl group. It arises from a hydride of a quinolin-4 (1H) -one. It may be a conjugate acid of a N- (6-oxo-2,3-dihydro-1H-indol-4-yl) -L-tryptophanamide (1-). It originates from a H (5) -indolo [3,2-b] pyrrole-5-carboxylato-2- (2-hydroxyethyl) -D-lactic acid. It belongs to a group of quinonemethionate zwitterions. It comes from a tautomers of a 7-hydroxymyristate-8-deaminopenicillanic acid and a 7,8-didehydro-9-hydroxy- (2S, 3S) -ergosta-5,7,9 (11) -triene-3beta-carboxylic"
158,". The molecule is a member of the class of xanthones that is 9H-xanthen-9-one substituted by hydroxy groups at positions 1, 3 and 6 and a methyl group at position 2. It has a role as a plant metabolite. It derives from a hydride of an oxacyclopentane. It is a conjugate acid of a (1R, 3R, 6S) -1,3,6,9,10,10a-octahydronaphthalene-2,7-dione (1-). It represents a tautomer of a 1,8-dihydroxy-9,10-dihydro-9H- [1,3] dioxolo [4,5-g] xanthin-9 (10H) -one zwitterion. It arises from a tautomerisation of a 1,2-dihydroxyanthracene-2,7,10 (4Z) -trione. It contains a proton of a 2,3-dihydroxynaphtho [2,3-c] pyrano [3,2-b] furan-5,8 (9H) -dien-1-yl-idene-1,1-dioxide (2-). A tautomer exists both in the solid state and in solution. It may be a major species at pH 7.3 (according to Marvin v 6.2.0.); it is a"
159,"). (ABSTRACT TRUNCATED AT 250 WORDS) CONCLUSIONS: The results of this study provide a basis for the development of an algorithm for the diagnosis and follow-up of acute pyelonephritis in children. It has a role as a diagnostic test and an antimicrobial agent. It is a conjugate acid of a N-acetylmuramoyl-L-alanyl-D-isoglutamine (1-). It derives from a hydride of a muramic acid. It contains a D-glucosaminyl- (1-- > 2) -N-acetyl- (6S, 8R) -hexahydro-6-oxo-8-azabicyclo [4.2.0] oct-7-ene-3-carboxylate. It represents a tautomer of a N- (6-oxohexanoyl) -L-glutamate zwitterion. It arises from a proton transfer from a 6- (hydroxymyristoyl) -D-glucose to a free alpha-amino group of a 6-aminopimelanosonic acid. There is a link between acute pyelonephritis and urinary tract infection (UTI) caused by Escherichia coli (E. coli) and Proteus mirabilis (P. mirabilis); it is thought to be the most common cause of community-acquired urinary tract infections in children"
160,". It has a role as an allergen. It is a conjugate base of a tixocortol (1 +). It derives from a hydride of an 11beta-hydroxy-17-oxo-ergosta-7,22-dien-21-oic acid. It contains a tioxocortyl group (1-) and a hydrogen bonded to a carbon atom 3 of the steroid nucleus (1'R, 2'S, 3'R, 4'S) -3 '-tetrahydropyrano [3,2-c] chromen-5-one. It belongs to a group of steroids that have been used in the treatment of allergic diseases such as asthma, rhinitis, and atopic dermatitis. It carries a T-helper 2 (Th2) -type response. It may act as an agonist of the high-affinity interleukin-4 receptor (IL-4 / IL-5) and also acts as an anti-inflammatory agent. It binds to the alpha-subunit of the low-affinity IgE receptor (IgE / FcepsilonRI) with an affinity similar to that of disodium cromoglycate but has a lower affinity for the beta-chain of the immunoglobulin E receptor (Fc epsilon RII / CD23). So it is a member of corticoids"
161,"Cer (d18: 1 / 22: 0) in a mouse model of Alzheimer's disease. It has a role as a mouse metabolite. It derives from an arachidonic acid. It is a conjugate acid of a (6Z, 10Z, 13Z, 16Z, 19Z) -docosahexaenoyl-sn-glycero-3-phospho-beta-D-glucosyl- (1- > 4) -sphingadienine (1-). It arises from a hydride of a Deuterated C20 polyunsaturated fatty acid. A conjugate of a 25-hydroxydocosa-6,7,10,13,16,19-hexaenoic acid. An enantiomer of a 26-hydroxytetracosanoyl-1,2-dihexacosanoyl- (9Z, 12Z, 15Z, 17Z, 18Z, 21Z, 24Z, 28Z, 31Xia-triacontatetraenoic acid) ceramide. It represents a major species of ceramides obtained by deacylation of the sphingoid base and the carboxy group of a mouse brain ganglioside GM3. It belongs to a family of omega-hydroxy fatty acids and a 3beta-hydroxy-Delta (5) -osphingosmo-6-sphingenine zwitterion"
162,"RESULTANCE: The patient is a 27-year-old man with a history of schizophrenia who has been treated with electroconvulsive therapy (ECT). He has also been diagnosed with bipolar affective disorder, schizoaffective disorder and major depressive disorder. He is currently being treated with lithium carbonate, lithium carbonate or lithium carbonate plus lamotrigine. It has a role as an antidepressant, a mood stabiliser and an antipsychotic agent. It is a member of benzenes, a primary amino compound, a secondary amino compound and a tertiary amino compound. It derives from a hydride of a 1,4-benzodiazepin-2-one. It contains a lamotrigine (1 +). It arises from a tautomerisation of a lamotrigine zwitterion. It can be a conjugate acid of a lamotrigina (1-) .It is an enantiomer of a levetiracetam. It may be a tautomer of a dextromethadolium. It comes from a synopsis of two molecules of the same drug. It gives rise to a tautomeric mixture of both compounds. It makes up to 100% of the total amount of lamotrigine present in the literature. It carries a potential risk of side effects such as QT interval prolongation, torsades de pointe, hypomagnesaemia and bradycardia. It"
163,".: The molecule is a pentacyclic triterpenoid that is olean-12-en-28-oic acid substituted by hydroxy groups at positions 3 and 17 (the 3beta, 17alpha stereoisomer). It has been isolated from the aerial parts of Tripterygium hypoglaucum. It derives from a hydride of an oleanane. It is a tautomer of a 3beta, 17beta-dihydroxy-3beta- (4-methylpiperazin-1-yl) -26,27-dioxo-5beta-lanost-24-ene-3,28-diol zwitterion. A conjugate base of a tiglic acid (1 +). An intermediate in the biosynthesis of tiglate, it has been shown to have anti-HIV activity. It also has a role as a plant metabolite and an anti-HSV-1 agent. It consists of a butane-1,3-dione. It contains a hydrogen bond at position 3 and a methyl group at position 17. It belongs to a group of oxogerananes and a tetracyclic triterpenoid. It arises from a condensation of two molecules of acetic acid with one molecule of a tripterynol. It carries a hydroxy substituents at positions 6 and 7."
164,"(5α, 7α, 12α, 14β, 17α-pentol-28-oic acid). It has a role as an Escherichia coli metabolite and a mouse metabolite. It derives from a taurocholic acid. It is a conjugate acid of a taurochenodeoxycholic acid zwitterion. It comes from a hydride of a 6alpha, 7alpha, 12alpha, 14beta, 17alpha-tetrahydroxy-5α-cholest-7-en-26-oate. A tautomer of a tauro-24-deoxycholane-3-ol-3beta-ol disulfate. It arises from a proton transfer from a bile acid to a sulfonate group at the 3beta-hydroxy end of a trihydroxy-5alpha-cholestane-7,14-dien-26- oic acid; it is a tautomer also obtained from a 3alpha-hydroxy-4alpha-methyl-5alpha- (methylsulfinyl) -5beta-cholan-22-oyl-D-homo-hex-5-enoic acid. The major species at pH 7.3. It represents a conjugate base of a Taurolithocholic acid 3-sulfate. It may be an enantiomer of a taurine 3-sulfo-5alpha"
165,"It is a member of the class of barbiturates that is barbituric acid substituted by a methyl group at position 5. It has a role as a mouse metabolite. It derives from a barbiturate. It is an enantiomer of a (+) -5- (methylamino) -5-oxobicyclo [2.2.2] oct-2-ene-1-carboxylic acid. It consists of a conjugate acid of a 5- (hydroxymethyl) barbiturate (1-). It arises from a tautomerisation of a 5,5-dimethylbarbiturate zwitterion. A tautomer of a 3,5-diaminobutane-1, 4-dicarboxylic acid and a 5-hydroxy-4,6-dimethyl-1,3-dioxolane-2,2-dicarboxylate. It contains a free 5-hydroxymethyl group. It originates from a hydride of a bicyclohex-6-en-3-one. The major tautomer is a conjugate base of a 2,5-diacetamido-5-methanesulphonylbutane-1,4,5,6-tetrahydronaphthalene-2,7-dione (1 +). As a result of a proton transfer from a hydantoin to the barbiturate ring, it is a tautomeric form of a 5"
166,".: The molecule is a pentacyclic triterpenoid that is olean-12-en-28-oic acid substituted by hydroxy groups at positions 3 and 24 (the 3beta, 24R stereoisomer). It has been isolated from the aerial parts of Tripterygium wilfordii. It derives from a hydride of an oleanane. It is a conjugate acid of a 3beta, 24-dihydroxy-urs-12,14-dien-28- [O-beta-D-xylopyranosyl- (1- > 2) -alpha-L-rhamnoside] (1-). A tautomer of a 3alpha, 24,24-trihydroxy-3-oxo-5alpha, 6alpha-epoxy-stigmasta-7,22-diene-3,24-dione zwitterion. It arises from a tautomerisation of a 3beta- (1-hydroxyethyl) -24-hydroxy-5-oxotetradecan-26-al-30-yl acetate. It represents a major species at pH 7.3 (according to Marvin v 6.2.0.). Its relative configuration is 5beta, 6beta, 7alpha, 8alpha, 10beta, 13alpha, 14alpha, 16beta, 17alpha-decastereoisomer"
167,"RESEARCH DESIGN: A double-blind, randomized, placebo-controlled, parallel-group study. It has a role as an EC 3.1.1.7 (acetylcholinesterase) inhibitor and an antiparkinson drug. It is a member of phenothiazines and a tertiary amino compound. It derives from a 1-methyl-3-phenylprop-2-en-1-ol. It contains a 1- [3- (4-chlorophenyl) -1-methylpropyl] -2,3-dihydro-1H-1,4-benzodiazepin-5-one (1 +). It represents a tautomer of a lisinopril zwitterion formed by proton transfer from the carboxy group to the amino group; it is the major species at pH 7.3. It belongs to a class of N-alkylpiperidinemonocarboxylic acids and is a conjugate acid of a Lisinopril. It originates from a hydride of a 1,4-dihydrobenzo [d] [1,3] dioxolo [3,2-b] pyridine. It acts as a competitive inhibitor of angiotensin II receptor type 1 (AT1) and type 2 (AT2) receptors. It binds to the AT1 receptor with an affinity similar to that of lisoprazosin (IC (50) = 10 nmol / L)."
168,". It derives from a cinnamic acid. It is a conjugate acid of a cinnamate 3-O-caffeoyl-beta-D-glucopyranoside (1-). It has a role as a human metabolite and a Saccharomyces cerevisiae metabolite. It arises from a hydride of an olefinic compound. It contains a cinnamyl group. It originates from a trans-4-coumaric acid. An enantiomer of a (+) -3-O- [(E) -3- (3,4-dihydroxyphenyl) prop-2-en-1-yl] -2-phenylpropanoic acid."
169,"ódź.). It has a role as a mouse metabolite. It is a conjugate acid of a 4-hydroxy-3-methylbut-2-en-1-ylacetate. It derives from a hydride of an oleanane. A tautomer of a (4Z, 7Z, 10Z, 13Z, 16Z, 19Z) -3,4,7-trimethylbicyclo [6.1.0] hepta-2,7,10-trien-17-one zwitterion. It contains a 3- (dimethylamino) -1-oxopropyl group at the 5-position and a 2- (N-methyl-N-acetyl-L-threonyl) -3-methylbutanoyl group attached to the 4-position of a hexacosanoic acid. It belongs to a class of 1,2,3-trioxolane carboxylates that is formed by condensation of two molecules of acetic acid with one molecule of 1,2-propanediol. It represents a metabolite of 2,3,7,8-tetrachloro-dibenzo-p-dioxin. It possesses a strong affinity for the Ah receptor (Kd = 1.5 x 10 (-9) M). So far it has not been used as a human metabolite due to its low abundance in human urine samples. It"
170,"TII: 1-O-alkyl-2-acyl-sn-glycero-3-phospho- (1 '-sn-glycerol) in which the alkyl and the acyl groups at positions 1 and 2 are specified as hexadecyl and linoleoyl respectively. It has a role as a mouse metabolite. It derives from a linoleic acid. It is a conjugate acid of a 1-O- [(6Z, 9Z, 12Z, 15Z) -octadecatrienoyl] -2-linoleoylglycero-3- [phospho (1- > 2) -alpha-D-glycerate] (1-). It comes from an all-cis-6,9,12,15-hexaenoic acid. A tautomer of a 1,2-dilauroyl-3,7,11,15-tetraenoic acid zwitterion arising from a tautomerization of a 2,3-dilinoleoyl-6-sphindoyl-2- (7Z, 8Z, 10Z, 13Z, 16Z, 19Z-docosahexaenoyl) -L-alpha-glyceryl-L-serine zwittercation by proton transfer from a proton to a carboxylic acid group. It originates from a hydride of a 5Z, 14Z, 17Z-eicosapentaenoyl"
171,"(2-amino-2-deoxy-3-phosphonopropionic acid) is a non-proteinogenic L-alpha-amino acid. It has a role as an Escherichia coli metabolite and a mouse metabolite. It derives from a D-serine. It is a conjugate acid of a N-phosphonatosuccinate (2-). It arises from a tautomerization of a N- (phosphonatooxy) -D-serine zwitterion arising from a proton transfer from a phosphonic acid to a carboxylic acid group; it is the major species at pH 7.3. It contains a 3- (phosphonato) -2,3-dihydroxypropanesulfonate (1-). A tautomer of a 4-phosphonatooxy-2-aminohexanoyl-DL-homoserine (1 +) .2. It is an enantiomer of a 6-phosphono-D-threonosyloxysulfonic acid zwitterions. It consists of a zwitteration of a 5-phosphonato-2,3,5-trideoxy-beta-L-arabino-hex-4-enopyranos-6-ulosonic acid with a free hydroxy group at the 4-position. It represents a member of guanidines and a dicarboxylic acid dianion anions. It"
172,"has a role as an anti-inflammatory agent. It is a conjugate acid of a (6S) -hydroxy- (5Z, 8Z, 11Z, 14Z) -icosatetraenoate. It derives from an all-cis-icosa-6,8,11,14-tetraenoic acid and a 6-hydroxy-5,8,11,14,17-icosatetraenoic acid. It contains a (7Z, 10Z, 13Z, 16Z, 19Z) -6-oxo-7,10,13,16,19-pentahydroperoxyicosapentaenoate zwitterion. It arises from a hydride of a 5-oxoicosatetraen-1-yl-2- (3-carboxy-3-oxoprop-2-enoyl) -beta-D-glycero-gamma-homogamma-oct-5-enoate arising from a cleavage of the C-C bond between positions 7 and 8; it is the major metabolite of (6R, 8S) -dihydroxy- (6E, 9Z, 12Z, 15Z, 18Z, 20Z, 23Z, 26Z, 29Z, 31Z, 34Z, 42Z, 41Q) -heptacosapentaenoic acid"
173,. It has a role as a Saccharomyces cerevisiae metabolite. It derives from a threonine. It is a conjugate base of a threonine- (S) -hydroxymethylsulfanyl-L-cysteine (1 +). It arises from a hydride of a L-threonine zwitterion. It consists of a tautomer of a thronine (2 +) .It is an enantiomer of a trans-4-hydroxy-3-methylbut-2-en-1-ylsulfanylpropanesulfonic acid. It contains a sulfate group (1-) and a sulfooxy group (2-). The ratio of the two components in the mixture is 1: 1. It reflects a tautomerisation of a sulfur-containing L-alpha-amino acids. It suggests a tautomeric relationship between a L- and D-serine derivatives. It may reflect a tautomerization of a D- and L-serine zwitterions. It also indicates a tautomerase activity of a N-acetyl-D-homoserine. It can be a tautomers of a non-proteinogenic L-homopentanoic acid. A tautomer is a tautere of a N- (5-oxopentyl) -5-hydroxysulfanylglycine. It represents a
174,"(5α, 7α, 12α) -Trihydroxycholest-4-en-3-one sulfate was isolated from the aerial parts of Phyllanthus emblica. It has a role as a plant metabolite. It is a 3beta-hydroxy steroid, a Delta (4) steroid and a member of 3-oxo-Delta (1), Delta (5) -steroids. It derives from a 5alpha-androstane-3alpha, 6alpha, 7alpha, 12alpha-tetrol. It contains a sulfate group at position 3 and a 3alpha-hydroxy-5beta-cholestan-26-oic acid. It originates from a hydride of a 4alpha-androstan-3,17-dien-20-one. It represents a conjugate acid of a 3beta, 17beta-dihydroxy-5alpha- (3-oxoestran-6-yl) -3alpha-methyl-5alpha-pregnan-26- (S) -ene-21-sulfate (1-). It belongs to a class of steroids that are substituted by sulfates at positions 3 and 11 and a sulfate groups at positions 7 and 12 respectively. It arises from a tautomer of a dihydrotestosterone zwitterion formed by transfer of a proton from a sulfuric acid"
175,"). It is a member of the class of benzamides obtained by formal condensation of the carboxy group of 4-aminobenzoic acid with the amino group of 2-naphthylamine. It has a role as a chromogenic compound. It derives from a 2-naphthaleneacetic acid and a 4-aminonaphthalen-1 (2H) -one. It arises from a tautomerization of a 4- [N- (2-hydroxyethyl) amino] -2-naphthoic acid zwitterion. It consists of a tautomer of a 1- (4-acetamido-2-hydroxybenzoyl) -4-oxonaphthalene-1,2-diylbis (1H-indol-3-yl) acetate. It contains a 2- (N-acetyl-beta-D-glucosaminyl) -N-phenylbutanoyl-4-azoniabicyclo [2.2.1] heptane-2,3-diyl-5-amine. It originates from a hydride of a 1,4-benzenediylnaphthalene-2,6- (1H) -diyliden-1-ium-1,3-diolate. The major tautomer is a conjugate acid of a 2,4-diacetamidobenzoyl- (2S, 3R) -3-hydroxy-2,6-dioxo-"
176,"ódź, Czech Republic.). It has a role as a mouse metabolite. It is a monocarboxylic acid and a member of benzenes. It derives from a hydride of a 1,3,5-triazine. It contains a 2,4-diaminonaphthalen-1 (2H) -one. A conjugate acid of a 3-amino-2,4,6-triiodobenzenesulfonate (1-). There is a tautomer of a 2-aminoisonicotinic acid zwitterion arising from a proton transfer from an iodine to the 4-hydroxy group of a 3- (indol-3-yl) propanoic acid. It arises from a tautomerisation of a 3,5-diiodo-4-aminobenzenesulfonic acid. The major tautomer at pH 7.3 (according to Marvin v 6.2.0.); it is derived from a 5-iodo-2,4-dihydro-1H-1,2,4-triazolo [4,3-b] pyrimidine-6-amine. It belongs to a class of imidazoles that is substituted by a phenyl group at position 2 and a tert-butyl groups at positions 3 and 5. It carries a positive charge at all three positions and a negative charge at the 4- and 5-positions of the aromatic ring. It"
177,". MATERIAL AND METHODS: The data were obtained from the Ministry of Health and Welfare, Republic of Korea. It has a role as an animal metabolite. It is a conjugate acid of a 4-hydroxy-3-methylbut-2-en-1-one (1-). It derives from a hydride of a 1,4-benzoxazin-3 (2H) -one. It represents a tautomer of a 3,4-dihydronaphthalene-1,2-dione zwitterion. It contains a 4- (hydroxymethyl) -2-methyl-5-oxo-2,3-dihydro-1H-benzo [e] [1,3] dioxolo [4,5-c] chromen-6-olate. It arises from a tautomerisation of a 3,5-dihydroxymyristoyl-beta-D-fructofuranosyl- (2E, 4E) -2,4-dienoyl-alpha-L-arabinopyranosyl- (2S, 3R) -3-hydroxybutanoyl-7-hydroxymristoylhexacosa-2,4,6,8-tetraenoic acid. It originates from a hydrogen bonding between a hydroxy groups at positions 2 and 3 of a 3,6-dideoxynojirimycin and a hydroxy group at position 6"
178,". The molecule is a member of the class of xanthones that is 9H-xanthen-9-one substituted by hydroxy groups at positions 1, 3 and 6 and a methyl group at position 2. It has a role as a plant metabolite. It derives from a hydride of an oxaspiro compound. It is a conjugate acid of a 9,10-dihydro-9H- [1,3] dioxolo [4,5-g] xanthin-9 (10H) -one (1-). It arises from a tautomerisation of a 2,3-dihydroxy-9,10-dihydro- (6aS, 8aS) -9,10,11-trimethyl-1,3,6,6a, 7,8,8a-hexahydronaphthalene-2,8-dione. It represents a tautomer of a 2,2 '-dihydroxy-9,10' -dimethoxy-9,10,11,11-tetramethylindotricyclo [5.3.1.0 (4,8)] undec-7-en-1-one zwitterion. It contains a 1,2-dihydroxystyryl-3- (1H-indol-3-yl) -6-methylbut-2-enoate. It originates from a hydrate of a 3,3 '-dihydr-oxy-9,10"
179,"ódź.) is a member of the class of pyrazoles that is 1H-pyrazole in which one of the hydrogens at position 3 has been replaced by a 4-chlorophenyl group. It has a role as a non-steroidal anti-inflammatory drug and an EC 1.14.99.1 (prostaglandin-endoperoxide synthase) inhibitor. It derives from a hydride of a 4H-pyrazole. It is a conjugate acid of a tolfenamic acid (1-). It comes from a tautomer of a 3-chlorophenyl-4- (4-hydroxyphenyl) pyrazole-1-carboxylic acid zwitterion. It arises from a proton transfer from a chloronitrobenzene to a hydrogen 2-amino-5-phenyl-1,3,4-thiadiazole 1,1-dioxide. It contains a 3- [4-chloro-5- (trifluoromethyl) -1H-pyrazol-2-yl] -4-oxo-1,2-dihydro-3H-1,2,4-triazolo [4,3-b] pyridine-3-carboxylate. It represents a tautomeric mixture of a sulindac (2-) and a sulfapyridine (3-). One of two possible tautomers, it is not possible to make a definitive conclusions about the absolute configuration of this compound. It"
180,"SUMMARY: The plant is a member of the class of chalcones that is trans-chalcone substituted by hydroxy groups at positions 2 ', 3', 4 'and 5' and a prenyl group at position 6 '. It has been isolated from the aerial parts of Celastrus orbiculatus and has been shown to exhibit inhibitory activity against acetylcholinesterase (EC 3.1.1.7). In this study, it has a role as an anti-cholinesterase agent and a plant metabolite. It is a dihydroxychalcone, a polyphenol and a tertiary alpha-hydroxy ketone. It derives from a trans- (+) -chalcone. It represents a conjugate acid of a celastrol (1-). It arises from a tautomerisation of a Celastrol zwitterion. It originates from a hydride of a trans-chaconine. It contains a 1-hydroxypenta-2,4-dien-1-ol. It may be a tautomer of a cis- (+ / -) -2' -hydroxy-3 '-methoxy-4' -prenyl-trans-beta-D-glucopyranosyloxy-5- (p-methoxyphenyl) -4H-furo [2,3-f] chromen-7-one. It also derives from"
181,") is an N-acetyl-L-amino acid obtained by formal condensation of the carboxy group of L-tryptophan with the amino group of 2-acetamido-2-deoxy-beta-D-glucopyranose. It has a role as a human urinary metabolite. It is a member of acetamides and a N-acetyltryptophan- (1- > 2) -D-glucopyranosiduronic acid. It derives from a L-tryptophan.2. It is an enantiomer of a N- [(2S) -2-hydroxy-3-methylbutanoyl] -L-tryptophan. It comes from a tautomerisation of a L- [2- (2-hydroxynonanoyl) -3-methylbutyl] -tryptophanamide zwitterion. It contains a tautomer of a 3- (S) -2,3-dihydroxy-4-methyl-5-oxo-1,2-dihydro-1H-indole-1-propanesulfonate. It represents a conjugate acid of a 6- (S-glutathion-S-yl) -N, N-dimethylethylenediaminato-DL-threoninate. It arises from a hydride migration of a proton from a tryptophan to a glutamic acid zwittertadecarboxyl group; it is a taut"
182,"RESULTS: The molecule is a trisaccharide consisting of alpha-L-fucopyranose, beta-D-galactopyranose and D-glucopyranose residues joined in sequence by (1- > 4) glycosidic bonds. It has a role as an epitope. It is a member of galactofuranoses and a glycosylglucose derivative. It derives from an alpha-l-fucose and a beta-d-galactose. It represents a tautomer of an alpha- (2- > 6) -D-galactose zwitterion. It arises from a tautomerisation of a 6- [(2R) -2-hydroxy-3-methylbut-2-en-1-yl] -2,3-O-isopropylpyrano [3,2-f] furo [2,3-b] furan-4 (5H) -carboxylic acid. It originates from a hydride of a 2,3-dihydro-2,2-dimethyl-3,5-dioxo-1H-pyran-5-ol. It contains a 6-deoxy-alpha-L- [(1R) -1-threo-pent-4-enoyl] -alpha-D- [beta-- > 2] -6-pyrano-hexopyranose (1-). It may be an enantiomer of a 3- [(2S) -3-hydroxy"
183,"DESCRIPTION: The molecule is a branched amino trisaccharide consisting of 2-acetamido-2-deoxy-beta-D-glucopyranose, 3-O-sulfo-alpha-L-fucopyranose and N-acetylneuraminic acid residues joined in sequence by (1- > 4) glycosidic bonds. It has a role as an epitope. It derives from an alpha-Neu5Ac- (2- > 3) -beta-GalpNAc. It is a member of acetamides, an oligosaccharide sulfate and an amino trisodium salt. It contains a beta-Neu-5-enSia-- > 6Gal beta-4GlcpNAc (3-). It represents a tautomer of a neosialic acid zwitterion. It arises from a tautomerisation of a 6-O- [(2E) -3-hydroxy-3,7-dioxo-2,3-dihydro-2H-furo [3,2-c] [1,2,4] triazin-1-yl] -2-acetamidohepta-2,4-dienoate. It can be a conjugate acid of a sialyl beta-Kdop (2-) -Cer (d18: 1 / 24: 0) -SO (4) -N-acetyl-alpha"
184,". It is a member of the class of pyrazolopyrimidines that is 1H-pyrazolo [3,4-b] pyridine which is substituted at positions 2, 3, and 5 by (2E) -3-hydroxyprop-2-en-1-yl, carboxy, and methyl groups, respectively. It has a role as a non-steroidal anti-inflammatory drug, an antipyretic, an EC 1.14.99.1 (prostaglandin-endoperoxide synthase) inhibitor and an antirheumatic drug. It derives from a hydride of a 4H-pyrazolopyrimidine. It represents a tautomer of a tolfenamic acid zwitterion. It arises from a tautomerisation of a 4-hydroxy-2- (2-methylbutanoyl) -5-trifluoromethyl-1H-pyrazole-3-carboxylic acid. It binds to the active site of cyclooxygenase-2 (COX-2) with a stoichiometry of 1: 1. It also acts as an allosteric modulator of the COX-1 enzyme. It does not have any effect on blood pressure, heart rate, renal function, liver function, lipid profile, coagulation, or platelet aggregation; it is used for the treatment of rheumatoid arthritis, osteoarthritis, ankylosing spondylitis, and juvenile idiopathic arthritis. It contains a"
185,"nRNA). It has a role as an Escherichia coli metabolite and a mouse metabolite. It derives from a uridine 5 '-monophosphate. It is a conjugate acid of a 3', 5 '-di-O- (3-hydroxy-3-methylbut-2-en-1-yl) uridylate (2-). it is an enantiomer of a 6' -O-dehydro-3 '-deoxy-alpha-L-threo-hex-4-enopyranosyluracil 5' -diphosphate (4-). The major tautomer at pH 7.3. It contains a beta-D-ribofuranosyl- (1- > 3) -N-acetylmuramoyl-gamma-glutamyl-meso-2,3-diaminopimelic acid zwitterion. It arises from a hydride transfer from an UTP to a UDP-N-acetyl-D- [(2R) -2-amino-1,3-propanediol] -D-alanine. It represents a tautomer of a GDP-4,6-dideoxy- (3R) -3-hydroxy- (1R) -alanyluridylyl- (4R) -4-aminobutanoyl-alpha- (L) -glutamyl- (7R) -glutaminyl-L- (2S) -glutamate."
186,"(-) is an unsaturated fatty acyl-CoA that results from the formal condensation of the thiol group of coenzyme A with the carboxy group of (4Z, 7Z, 10Z, 13Z, 16Z, 19Z) -docosahexaenoic acid. It has a role as a human xenobiotic metabolite and a mouse metabolite. It is a member of docosenoyl CoAs and a very long-chain Fatty Acid CoA. It derives from a Docosa-4,7,10,13,16,19-hexaenoic acid. it is a conjugate acid of a (4 Z, 7 Z, 10 Z, 13 Z, 16, 19) -docosahexaenoyl-CoA (4-). It arises from a hydride transfer of a docosenoic acid to an all-cis-4-hydroxy-but-10-en-1-yl-CoA"
187,". The molecule is a triterpenoid saponin that is olean-12-en-28-oic acid substituted by a beta-D-glucopyranosyl- (1- > 2) -alpha-L-arabinopyranosyl moiety at position 3 via a glycosidic linkage. It has been isolated from the aerial parts of Rubia yunnanensis. It derives from a hydride of an oleanane. It is a pentacyclic triterpenoid, a trisaccharide derivative, a disaccharide derivative and a triterpene glycoside. Its conjugate base is a 3beta-hydroxy-16alpha-O-tigloylstigmasta-5,22-dien-1-yl-2beta-D- (4-- > 5 ') -pyrano [2,3-c] furo [3,2-g] chromen-4-one. It arises from a tautomerisation of a 3betaH-spirost-5-ene-3beta-ol-16-one zwitterion. A tautomer of a 6beta-hydroxyergosta-4,7,22-trien-3,6,8 (10) -trienol. It contains a 6-deoxy-6-sulfo-alpha-l-talopyranosyl-beta-sitosterol (1-)."
188,": RESULTADOS: The species is a member of the class of chalcones that is trans-chalcone substituted by hydroxy groups at positions 2, 3 and 4. It has a role as a plant metabolite. It is a hydroxychalcone and a secondary alcohol. It derives from a (E) -2-phenylbut-3-en-1-ol. It represents a conjugate acid of a trans-2- (3,4-dihydroxyphenyl) -3- (3,4,5-trimethoxyphenyl) prop-2-enoate. It arises from a tautomerisation of a cis- (2-hydroxy-3,5-dimethoxybenzylidene) -2,3-dihydrochalcone zwitterion. It consists of a tautomer of a trans- (2 '-hydroxy-3' -methoxy-4 '-oxo-beta-D-ribofuranosyl) chalcone. It originates from a hydride of a 2,4-dihydroxy-6-methylenecyclohexa-1,3,5-trien-7-one. It contains a hydroxy group at position 3 and a hydrogen bonding to a ring C (+ / -). It may be an enantiomer of a cis-2,2' -dihydroxy-3,3 '-didehydro-4,4' -biphenyl-2,6-"
189,") is an O-acyl-L-carnitine in which the acyl group is specified as octanoyl. It has a role as a metabolite. It derives from an octanoic acid. It is a conjugate acid of an O- (octanoyl) -3-hydroxybutyrylcarnitine (1-). It comes from a hydride of an octane. A tautomer of an octanoyl-3-hydroxybutyric acid zwitterion. It arises from a tautomerization of a 3-hydroxy-4-methyl-2-oxobicyclo [2.2.2] octan-1-yl-sn-glycero-6-phosphohexacosanoic acid. The major tautomer at pH 7.3 it is a member of O-octanoyl- (2-methylpropanoyl) -L-carnitines. It originates from a condensation of an octapentadecanoic acid with one of the four carboxy groups of L-lysine. It may be a metabolite of metabolic disorders such as maple syrup urine disease and glutaric aciduria type II. It can be a marker of these disorders. It also has a potential use as a diagnostic tool for detecting inborn errors of metabolism. It contains a 2-hydroxymyristic acid, a branched-chain fatty acid"
190,"(2). It is a conjugate base of a 4-hydroxy-3-methylbut-2-en-1-one. It has a role as a human metabolite and a Saccharomyces cerevisiae metabolite. It derives from a hydride of a 2,3-dimethylbutan-1,4-dien-6-ol. It represents a tautomer of a 3,4-dimethyl-5-oxo-2,3-dihydro-1H, 5H-benzo [b] furo [3,2-c] furan-2 (3H) -one zwitterion arising from a proton transfer from a carboxylic acid group to a hydroxy group at the C-3 position; it is the major species at pH 7.3 (according to Marvin v 6.2.0.). An enantiomer of a (+ / -) -3,4-dehydro-3- (hydroxymethyl) -1,2-benzoxabicyclo [2.2.1] heptane-7-carboxylic acid. It contains a (S) -3-hydroxyglutarate (1-). There is a significant difference in the absolute configuration of the two enantiomers (see Fig."
191,"xanthones A and B isolated from the aerial parts of Phyllanthus emblica. It has a role as a plant metabolite. It is a beta-D-glucoside, a dihydroxyflavone, a trihydroxyflavone and a glycosyloxyflavone. It derives from a 3 ', 4', 5 '-trihydroxy-7-methoxy-2,2': 6 ', 2' '-terphenanthro [2,3-c] furo [3,2-g] chromone. It arises from a conjugate acid of a kaempferol 3-O- [alpha-L-rhamnopyranosyl- (1- > 2) -beta-D-] -D-glucopyranoside (1-). It originates from a phloroglucinol A. It is an enantiomer of a quercetin 3-O-beta-d-glucoside. It comes from a hydride of a 3,3 ', 4,4' -tetrafluorosphillyl- (6S) -2,2 '-biphyridin-6-one. It belongs to a class of flavonols that is isoflavanones substituted by hydroxy groups at positions 3, 6 and 8 and a prenyl group at position 7. It represents a biosynthetic intermediate in the biosynthesis of the flavonoid phytoalexin myricetin. It also derives from"
192,"It is a hydroxy monocarboxylic acid, a member of phenols and a secondary alpha-hydroxy ketone. It derives from a 3-hydroxyphenylacetic acid. It is an enantiomer of a (+) -3-hydroxyphenylpyruvate. It has a role as a human xenobiotic metabolite and a Saccharomyces cerevisiae metabolite. It arises from a hydride of a phenylpropanoic acid. it is a conjugate acid of a 3- (3-hydroxyphenyl) propanoate. It contains a beta-D-glucopyranosyl- (1- > 2) -alpha-L-rhamnoside (1-). It represents a tautomer of a 3,3 '-dihydroxybiphenyl-4-carboxylic acid zwitterion. It consists of a proton of a free 3,3' -dihydroxy-2,2 '-bis-dehydro-5-hydroxybiphenyl-4- (1H-pyrrole-1-carboxylato) -5-acetic acid. One of a mixture of the three possible tautomers at pH 7.3 (according to Marvin v."
193,"). It has a role as an allergen. It is a conjugate acid of a codeine (1-) and a codeine phosphate zwitterion. It derives from a hydride of a morphine (1 +). One of a series of codeine salts used in the treatment of acute and chronic pain. It contains a codeine-6-O-sulfate (2-). Codeine hydrochloride is also present in a codeine citrate solution (1% w / v), which is used as an antitussive for relief of cough associated with asthma and chronic obstructive pulmonary disease. It carries a high risk of adverse drug reactions due to inhibition of cytochrome P-450 enzymes involved in the metabolism of codeine and codeine-containing preparations have been withdrawn from the market by the US Food and Drug Administration (FDA); it is therefore it is not approved by the European Medicines Agency (Manufacturer of Pharmaceuticals and Biologics) for use in this indication. It does not have a direct effect on the central nervous system, but it has a strong affinity for the mu-opioid receptor and acts as a partial agonist at the N-methyl-D-tryptamine3 receptor. It migrates through the blood-brain barrier and has a longer duration of action than"
194,"luteolin 7-O-beta-D-glucoside was isolated from the aerial parts of Phyllanthus niruri. It has a role as a plant metabolite. It is a hydroxyflavone and a glycosyloxyflavone. It derives from a 3 ', 4', 5,7-tetrahydroxy-6-methoxyflavone. it is a conjugate acid of a kaempferol 3-O- [alpha-L-rhamnopyranosyl- (1- > 2) -beta-D-] -D-glucoside (1-). It arises from a hydride of an isorhamnetin. It comes from a rhamnoside 3 '-sulfate. It belongs to a class of flavonols that is substituted by hydroxy groups at positions 3, 5 and 7 and a prenyl group at position 4'. It originates from a quercetin 3 '-O-trans-feruloylrutinoside. It does not originate from a flavonoid 3' '-O-p-coumaroyl-rosmarinic acid. A is a monosaccharide derivative derived from a hesperetin 3 '-5' -dimethyleugenol. It represents a tautomer of a pyrano-chalcone zwitterion formed by a proton transfer from a cis-ferulic acid to a myo-inositol. It"
195,"(3) [alpha-L-Fucp- (1- > 2) -beta-D-GlcpNAc]. It has a role as a mouse metabolite. It is a conjugate acid of a 2,3-diacyl-sn-glycero-3-phospho- (1 '-sn-glycerol) (1-). It derives from a myo-inositol 3,4,5,6-pentakis-tetrakisphosphate (2-); it is an enantiomer of a 3,4-di-O-benzoyl- (1R, 2R) -2-O- (4-hydroxy-3,5-diisopropylcyclohexyl) -D-glucopyranosyl-1-phospho-1D-glucono-1,4-lactone. It arises from a hydride of a 1,2-dideoxy-alpha-l-threo-hex-4-enopyranos-5-ulosonic acid. It represents a tautomer of a 3,4,5-trihydroxyhexanoyl-2-deoxy-beta-d-glucopyranosyluronic acid zwitterion arising from a proton transfer from the carboxylic acid to the hydroxy group of a 6-hydroxymyristate-2,5-diaminopentane-2,6-diaminium 5,6,7,8-tetraol-bis (acetamidomethyl) amide."
196,"((5Z, 8Z, 11Z, 14Z) -icosatetraenoic acid) is a leukotriene anion that is the conjugate base of 20-HETE, obtained by deprotonation of the carboxy group; major species at pH 7.3. It has a role as a human xenobiotic metabolite and a mouse metabolite. It derives from an all-cis-5,8,11,14,17-icosatetraenoate. It is a conjugate base for a 20-hydroxyicosa-4,8,11,14-tetraenoic acid. It was an enantiomer of a 15-hydroxy- (4Z, 6Z, 7Z, 10Z, 13Z, 16Z, 19Z) -20-HETE (1-). It arises from a hydride of an icosatetraen-1-oic acid. A conjugate acid of a 5-hydroxy-20-oxo-ETE (2-). There is a tautomeric relationship between a 15R-HETE and a 15S-HETE zwitterion. It may be a tautomer of a 16-hydroxyeicosatetraenoyl-L-carnitine zwittercation. It appears to be a consequence of a proton transfer from an arachidonylethanolamine to a free fatty acid (i.e., the sum of the two carboxylic acids"
197,". The molecule is an organic cation obtained by protonation of the tertiary amino group of (S) -N- (1-methyl-1H-indol-3-yl) -1-methylpyrrolidine-2,5-diamine; major species at pH 7.3. It has a role as a human xenobiotic metabolite and a Saccharomyces cerevisiae metabolite. It is an ammonium ion derivative and an iminium ion derivative. It derives from a N (1), N (2) -bis (1- (4-hydroxyphenyl) -2-methylpyrrolidin-1-ylidene) -N (5) -methylpiperidin-2-amine. It contains a (1S, 2R) -1,2-diaminocyclohexane-1,3-diium (1-). It arises from a tautomerisation of a (2S, 3R) -3- [(1R, 2S) -3-hydroxyiminomethyl] -1- (p-tolyl) -2- (1H-indolyl) pyrrolidine-3,5-diamine. It exists as a zwitterion pair (1 +) and a tautomer of a rac-2,3-dihydroxypropylpyrrolidine-2,6-dicarb-1 (2H) -en-1 '-ium 1,1' -dioxide (2-). One of two possible tautomers"
198,". The molecule is an organic cation obtained by protonation of the tertiary amino group of (R) -2-aminocyclohexane-1-carboxylic acid; major species at pH 7.3. It has a role as a human metabolite and a Saccharomyces cerevisiae metabolite. It is an ammonium ion derivative and an organic cations. It derives from a hydride of a cyclohexanecarboxylic acid. It contains a 2-ammonio-1- (4-methylphenyl) propane-1,3-dionato-3-ium (1-). It arises from a conjugate acid of a (2R) -2- {[(1R) -1-hydroxyethyl] amino} cyclohexanecarboxylato-3- (1H-indol-5-yl) -1,2-ethanediyl] bis (1-methyl-1H-imidazol-4-ium). A tautomer of a N-acetyl-L-cysteine zwitterion with a proton transfer from a guanidinium to a secondary amino group (one of which is protonated at the third position of the imidazoline ring). One of two possible tautomers of a series of N-alkyl-D, L-alpha-amino acids. It may arise from a tautomerisation of a N- (2-aminoethyl) -L-"
199,". The molecule is a member of the class of xanthones that is 9H-xanthen-9-one substituted by hydroxy groups at positions 1, 3 and 6 and a methyl group at position 2. It has a role as a plant metabolite. It derives from a hydride of an oxaspiro compound. It is a conjugate acid of a 9,10-dihydro-9H- [1,3] dioxolo [4,5-g] xanthan-9 (10H) -one (1-). It represents a tautomer of a 2,3-dihydroxy-9,10-dihydro9,10-oxocyclohex-10-en-1-one zwitterion. It arises from a tautomerisation of a 9,10,11-trimethyl-1,3,6,6a, 7,10,11,12,12a-octahydronaphtho [2,3-b] furan-2,8 (5H) -dione. It contains a proton of a 1,2-dihydroxynaphthalene-2,7-dione (1 +) .2H (2) O (-) (2-). An enantiomer of a chrysophanol B. It is also a major component of chrysophanes A and B. It may be a precursor to chrysophane A and chrysoph"
200,"SOP (1-3). It has a role as an epitope. It derives from a sialic acid. It is a conjugate acid of a sialyllactosaminyl beta-D-galactosyl- (1- > 4) -N-acetyl-alpha-neuraminyl- (2- > 3) - [N-acetylneuraminyl alpha-L-fucosyl] -2-O-acetamido-beta-glucosaminyl pentasaccharide (1-) .It is an enantiomer of a sialyl 2,3-didehydro-3-deoxy-6-O- (sulfo) -alpha-l-threo-hex-4-enopyranosyluronic acid 2-sulfate. It contains a (6S, 8R) -3,8-dideoxy-6,8-imino-9-sulfo-alpha- (2E) -octahydroindolo [3,2-b] pyrano [3,4-f] [1,4] oxazin-5-yl] onate. It represents a tautomer of a (6R, 8S) -6-hydroxymyristic acid zwitterion. It arises from a tautomerisation of a 3,6-didehydronononaphthalene-2,8-disulfonic acid and a 6-"
201,"TO THE FOLLOWING MOLECULAR SURGICAL TECHNIQUE. It has a role as an allergen. It is a member of acetamides and a monosaccharide derivative. It derives from a N-acetyl-beta-D-glucosaminyl- (1-- > 4) -N-acetylmuramoyl-L-alanyl-gamma-diaminopimelate. It contains a 2-acetamido-2-deoxy-6-O-sulfo-alpha-l-threo-hex-4-enopyr-1-enes- (4S) -4-yl-3- (methylthio) -4,5-dihydro-1H-1,2,4-triazole-5-carboxylic acid. It arises from a condensation of a 4,6-dimethoxy-1,3,5-thiadiazin-3-one with the carboxy group of 2-amino-6- (methoxycarbonyl) -2-methyl-1,3-dioxolane-5 (4H) -one. It represents a tautomer of a 2,5-dioxo-3,4-dihydroimidazo [4,5-f] [1,2,4] triazolo [1,5-a] pyrimidine-4 (5H) -carboxylic acid zwitterion. It comes from a hydride of a 1,6-"
202,"SYNTHESIS: The molecule is a member of the class of xanthones that is 9H-xanthen-9-one substituted by hydroxy groups at positions 1, 2 and 6 and a methoxy group at position 3. It has been isolated from the aerial parts of Tripterygium wilfordii. It derives from a hydride of an oxacycle. It is a conjugate acid of a schisandrin (1-). It arises from a tautomerization of a dioscandrin zwitterion. It represents a tautomer of a desoxyzingiberene. It contains a 2,3-dihydro-1H-furo [3,2-g] chromen-7-one. It originates from a condensation of a 1,2-benzenediol with a 4-hydroxy-3-methylbut-2-en-1-ol in a 1: 1 ratio. It differs from a similar compound found in Schisandra floribunda. It may be a biosynthetic precursor to other xanthones such as tectorigenin and tectoridin. It also has a role as an anti-inflammatory agent, an antineoplastic agent, a plant metabolite, an apoptosis inducer, an antioxidant, an antibacterial agent and an antifungal agrochemical. It"
203,"yrimidine. It has a role as an epitope. It derives from a thymidine. It is a conjugate acid of a 3 ', 5' -di-O-acetylthymidylyl (3 '-5') -cytidine (1-). It arises from a condensation of a thymidine 3 '-monophosphate with an aldehyde group at the 5' end of a deoxyadenosine. It represents a tautomer of a 2 ', 3' -dideoxy-3 '-O- (3-hydroxy-3-methylbutyl) -3' -hydroxythymidin-5 '-phosphate zwitterion. It contains a 3- (3,5-dioxo-2,3-dihydro-1H-imidazo [4,5-f] [1,10] phenanthroline-6-yl) propanoic acid. It originates from a dTDP-4-amino-4,6-dideoxy-alpha-D-erythro-hex-5-enine-2-ulose (2-) and a dThd (1 +) in a ratio of 1: 1. It belongs to a class of pyrazolopyrimidines that is also known as pyrido [4,3-b] pyrrolo [3,4-c] pyridine-9 (7H) -one derivatives. It can be derived from a"
204,". The patient was a 27-year-old female who presented to the emergency department (ED) with complaints of abdominal pain, nausea, and vomiting. She was admitted to the hospital for further evaluation and treatment. Her medical history revealed that she had been diagnosed with Cushing's syndrome due to an adrenal adenoma. She also had a history of hypertension. She had a positive urine test for 3-hydroxy-4-methyl-5-oxo-4,5-dihydro-1H-indole-2-carboxylic acid (3-OH-4Me-5OHDCA). She is a member of indol-3-carboxylic acids. It has a role as a human metabolite. It is a conjugate acid of a 3-hydroxyindolepropionate (1-). It derives from a hydride of an indolin-1-one. A tautomer of a 3- (indolyl) propanoic acid zwitterion. It arises from a tautomerisation of a 3,4-dihydroxy-5- (hydroxymethyl) -4,5-dihydroindole-2- (1H) -carboxylato-D, L-lactic acid. It originates from a deprotonation of a hydroxyl group of a 3,4,5,6-tetrahydro-5H-indolo [3,2-c] carbazole. It"
205,"(1-) is the major species at pH 7.3. It has a role as an Escherichia coli metabolite and a mouse metabolite. It is a conjugate base of a 4-hydroxy-2-methylbut-3-en-1-one. It derives from a hydride of a 2,3-didehydro-N, N-dimethylbutanenitrile. A tautomer of a 2,4-dideoxy-L-threo-hex-4-enopyranuronide zwitterion. It arises from a transfer of a proton from a carboxylic acid to a 5-hydroxypenta-2,4-diene-1,2- (1H, 3H) -dicarboxylate. It contains a 2-oxo-2,3-dihydro- (Z) -1-phenylenecyclohexa-2,5-dienoate anion. An enantiomer of a (+ / -) -4-hydroxynonaphtho-2,2,4,5,5-pentakis-tetraene-1,5-dicarboxylic acid (2-). There is a direct correlation between a decrease in the number of protons bound to the carboxylate group and an increase in the degree of protonation of the secondary amino group. It may be a consequence of a change in the configuration of the side chain of the parent compound. It"
206,"CONS: IDENTIFICATION OF A CUTANEOUS CANCER. It has a role as an epitope. It is a monocarboxylic acid and a member of quinolines. It derives from a 3-hydroxy-4-methyl-5-oxo-5,6-dihydroquinolin-2 (1H) -one. It represents a tautomer of a N-acetyl-D-aspartylglutamate zwitterion. It contains a 3- (3-oxoprop-1-en-2-yl) -L-2,3-dihydro-1H-pyrrolo [3,4-c] quinoline-6-carboxylate. It arises from a proton transfer from a D-aspartic acid to a C-3-hydroxypyrrolidine. It comes from a hydride of a quinoline.It is an enantiomer of a L-aspartyl- (3S, 4R) -3-hydroxymyrazolo [3,2-b] quinoxaline-2,6-dicarboxylate. It may be a conjugate base of a (3R, 4aS, 6R, 7S, 8aS) -3- {[(1S, 4S, 5S, 8S, 8aR) -3,4a, 8a-trihydroxy-3,5-dioxo-5,6,8-"
207,"). It has a role as an EC 3.1.1.7 (acetylcholinesterase) inhibitor, an anti-arrhythmia drug and an antiparkinson drug. It is a conjugate acid of a levobupivacaine (1-) .It is an enantiomer of a bupivacaine hydrochloride. It derives from a hydride of a (R) -mepivacaine. It belongs to a group of cathepsins A, B, and L (1 +) -α-aminophosphonates. It represents a tautomer of a ropivacaine hydrochloride zwitterion. It arises from a proton transfer from a levopivacaine to a dextromethorphan cation. It contains a levomethorphan (2 +). There is a link between two enantiomers of the same quaternary ammonium ion (levodocainium); it is thought to be one of the major components in the mixture of levopropazine and bupivacaine (1: 1). The levo-enantiomer is responsible for most of the local anaesthetic properties of the racemic mixture. It also has a long-acting effects on the duration of action of the parent compound. It does not have any effect on the cardiovascular system or the central nervous system. It exists as a tautomerically equivalent to its dextrorotatory isomer, it is"
208,"). The molecule is a member of the class of benzamides obtained by formal condensation of the carboxy group of (S) -1,2,3,4-tetrahydroisoquinoline-3-carboxylic acid with the amino group of L-phenylalanine. It has a role as an antineoplastic agent, an angiogenesis inhibitor and an EC 2.7.11.24 (mitogen-activated protein kinase) inhibitor. It is a benzamide, a monocarboxylic acid amide and a secondary amino compound. It derives from a (2S) -2-amino-1- (4-methylpiperazin-1-yl) propan-2-ol. It represents a tautomer of a N- [(1S) -1-phenylethyl] -2- (1H-indol-5-ylcarbonyl) propanamide zwitterion. It arises from a tautomerisation of a N-acetyl-L-phenylalanine.NH"
209,"Results: The molecule is an alpha-amino acid anion that is the conjugate base of (R) -2-hydroxy-3-methylbutyric acid, obtained by deprotonation of the carboxy group; major species at pH 7.3. It has a role as a human metabolite and a Saccharomyces cerevisiae metabolite. It is a 2-hydroxy monocarboxylic acid anion and a secondary alpha-hydroxy ketone. It derives from a valeryl-CoA (4-). It arises from a hydride of a branched-chain fatty acid. It consists of a butyrate. It contains a (3R) -3-methyl-2-hydroxybutanoyl (2Z) -hex-5-enoate (1-). A tautomer of a (2R) -2- (hydroxymyristoyloxy) -3- (hydroxymethyl) butanoic acid zwitterion arising from a proton transfer from a carboxylic acid to a hydroxy groups at positions 4 and 5 of a malonic acid (1 +). There is a direct link between a reduction of a methyl group on one of the two carbon atoms of coenzyme A. It may be a consequence of reduced nicotinamide adenine dinucleotide (NAD (+)) levels in Escherichia coli and Leishmania mexicana amazonensis. It can be a conjugate base"
210,"ós RESULTADOS: Córdoba dos pacientes com hipertensivíncia pública. MÉTODO: a diversary. It is a member of flavanones, an organic heterotetracyclic compound and a polyphenol. It derives from a 2-hydroxy-3-methylbut-2-en-1-one. It has a role as a plant metabolite. It arises from a hydride of a 2,3-dihydro-1H-benzo [b] pyran-4 (3H) -one. A conjugate acid of a naringenin 7-O-beta-D-glucoside (1-). It may be a tautomer of a Naringenin 7- (p-coumaroylamino) -2-deoxy-alpha-L-arabinopyranosyl- (1- > 2) -D-glucopyranoside zwitterion. It originates from a hydrogen bonding of a hesperetin 7-sulfate to a hydroxyl group at position 5 of a dihydropyrano [3,2-f] chromen-8 (11) -en-9-ol. It can be a result of a tautomerisation of a 5,7-dihydroxy-6-methylisonicotinic acid. It"
211,"(gamma-Glu) (1-4). It has a role as an Escherichia coli metabolite and a mouse metabolite. It is a conjugate acid of a N-acetyl-L-cysteinylglycine zwitterion arising from transfer of a proton from the carboxy to the alpha-amino group; it is the major species at pH 7.3. It derives from a L-cysteine S-sulfoximide- (1- > 4) -beta-D-glutathionato-D, L-alpha-aspartate- (2- > 3) -D-glutamate- (4- > 5) -meso-2,3-dimercaptosuccinate. It consists of a tautomer of a N- [(2R) -2-hydroxy-3-methylbut-2-enoyl] -L-cystein S-sulfate. It arises from a reaction of a 3- (2-hydroxymyristoyl) propanoic acid with a free L-cystine. It contains a free L- (2'S) -3 '-inosulfo-2', 3 '-didehydro-O-methylcrotonate (2-). The major tautomer is a bis (L-cystinyl) -3- (2' -hydroxymyridin-"
212,". The molecule is a member of the class of chalcones that is trans-chalcone substituted by hydroxy groups at positions 2, 3 and 4 and a methoxy group at position 5. It has a role as a plant metabolite. It is an aromatic ether, a secondary alcohol and a polyphenol. It derives from a trans- (4Z, 7Z, 10Z, 13Z, 16Z, 19Z) -docosa-4,7,10,13,16,19-hexaene-2,6,10,12,19-pentaol. It represents a conjugate acid of a trans-2,4-dihydroxy-3,7-dimethylbut-3-en-1-yl-5- (3,4,5-trimethoxyphenyl) -2,3-dihydro-2H-furo [3,2-f] chromen-6-olate. It arises from a tautomerisation of a 2,2 '-dihydroxy-4,4' -dimethoxy-3,5-dimethyltricyclo [2.2.2] octa-1,3,5-triene-2,6-dicarboxylate zwitterion. It contains a tautomer of a 5,10-dimethoxy-2- (3,4-dihydroxyphenyl) -5-oxo-1,2-dihydrobenzo [b] furan-3 (4H) -one. It originates from a hydride of"
213,"Dye. It has a role as a fluorochrome. It is a member of xanthene dyes and an organoiodine compound. It derives from a 5- [4- (dimethylamino) phenyl] -2-oxobut-3-en-1-amine. It contains a 2- (4-aminophenyl) -6-methyl-1,3-dihydro-2H-pyran-2-ol-4-ium (1-). It arises from a conjugate acid of a 5-amino-6-methylpyrano [3,2-c] [1,2] benzoxazine-7-ium-olate. It belongs to a group of xanthenes that is derived from a 3,3 ', 5,5' -tetranitro-1,1 '-biphenyl-2,2' -dione. It originates from a hydride of a 1,3,5-trithiadiazacyclonaphthalene. It represents a tautomer of a 7- [3- (diethylamino) propyl] -7-hydroxy-2,9-dioxo-2,3-dihydrobenzo [e] [1,10] phenanthridine-8-olate zwitterion. It comes from a proton transfer from a 7-aminoiminomethyl-1,4,9-trimethylbicyclo [3.2.1] heptane-3,7-dien"
214,"(-) is a long-chain fatty acyl-CoA that results from the formal condensation of the thiol group of coenzyme A with the carboxy group of (4Z, 7Z, 10Z, 13Z, 16Z, 19Z) -docosahexaenoic acid. It has a role as a human xenobiotic metabolite and a mouse metabolite. It derives from a docosahexaenoyl-CoA and an all-cis-docosa-4,7,10,13,16,19-hexaenoic acid. Coenzyme A. It is a conjugate acid of a 4-carboxydodec-7-enyl-CoA (4-). It is an enantiomer of a 3-hydroxydocosanoyl-CoA thioester. It arises from a trans-4-hydroxy-6-methylpentadec-2-enoate. It belongs to a class of omega- (9Z, 12Z, 15Z, 17Z, 18Z, 21Z, 23E) -hexacosapentaenoic acids. It represents a tautomer of a 3,4-dihydroxystearic acid-CoA zwitterion. It reflects a tautomerisation of a 3,4,5,6,6-pentamethylhexane-2,4-diyliden-1-olate-CoA arising from a"
215,"(3-hydroxyacyl-CoA) results from the formal condensation of the thiol group of coenzyme A with the carboxy group of (4Z, 7Z, 10Z, 13Z, 16Z) -docosa-4,7,10,13,16,19-hexaenoic acid. It has a role as a human metabolite and a mouse metabolite. It is a conjugate acid of a 4-hydroxy-7-oxotetradec-4-enoyl-CoA (4-). It derives from a 2-oxopentanoic acid and an all-cis-hexacosanoic acid. it is a tautomer of a 6-hydroxymyristoyl-CoA zwitterion arising from a proton transfer from the carboxylic acid group to the alpha-position of the 5-hydroxy group of the heptacosanoyl moiety; it is an enantiomer of a (4R, 8Z, 11Z, 14Z, 17Z, 20Z) -3-hydroxypentacosatetraenoic acid coenzyme A. It is an enantiomerically pure (4S, 8'R) -4 '-hydroxy-3,8-didehydro-3,5-dideoxy-alpha-D-glycero-pentitol-1-phosphate (1-)"
216,"Th4Cer (1-4) in which the ceramide N-acyl group is specified as hexadecanoyl (palmitoyl). It has a role as a mouse metabolite. It derives from a hexadecanoic acid. It is a conjugate acid of a 1-palmityl-2-oleoyl-sn-glycero-3-phospho-beta-D-glucosyl- (1 < - > 1 ') -Cer (d18: 0 / 16: 0) (1-). it is an enantiomer of a 2-stearoyl-1-palmitoyl- (9Z, 12Z, 15Z) -octadecatrienoyl-sphingadienine. It comes from a hydride of a C16-sphingenine. A tautomer of a 1,2-di-O-hexadecanoyl- (6Z, 7Z, 10Z, 13Z, 16Z, 18Z, 21Z, 22Z, 24Z, 27Z, 29Z, 31Q) -hexacosapentaenoic acid zwitterion. It arises from a deprotonation of a hydrogen bonding between two hydroxy groups of a sphingosine and one of the primary allylic hydrogens of a phytosphingosine. It represents a major species at pH 7.3 (according to Marvin v"
217,"I. It is a member of the class of barbiturates that is pentobarbital in which one of the methyl hydrogens at position 2 has been replaced by a hydroxy group. It has a role as a barbiturate. It derives from a pentobarbital. It is an enantiomer of a (+) -pentobarbital. It contains a (-) -2-hydroxy-5,5-dimethyl-1-oxopyrrolidin-3-yl group (1 +). A conjugate acid of a levobupivacaine (1-). It represents a tautomer of a dextromethanesulphonate zwitterion. It arises from a hydride transfer from a barbituric acid to a primary amino group and a secondary amino group. As a prodrug, it is a prodrug of a non-steroidal anti-inflammatory drug (NSAID) used for the treatment of pain and inflammation associated with osteoarthritis and rheumatoid arthritis. It carries a 5-aminosalicylic acid (5- (4-aminophenyl) -1,3-oxazolidin-2-yl) -5-deoxy-alpha-L-threo-hex-4-enopyranuronate- (2-) (S) -4-acetamido-butanoyl-beta-D-glucosiduronic acid (1-"
218,"). It is a member of the class of xanthines that is 9H-xanthen-9-ol substituted at positions 1, 3 and 6 by hydroxy groups and at position 7 by a 4-hydroxyphenyl group. It has a role as a mouse metabolite. It derives from a hydride of a 5alpha-cholest-8 (14) -en-3beta-ol. It represents a tautomer of a 7beta-hydroxy-9alpha, 10beta-epoxy-5alpha, 14alpha-tridehydro-3beta, 6beta-epoxycholesterol zwitterion. It arises from a transfer of a proton from a hydroxyl group to one of the secondary hydrogens of an alpha-L-fucopyranosyl- (1- > 3) -beta-D-glucopyranosyl- (0- > 2) -N-acetylglucosaminyl-1,2-diacyl-sn-glycero-3-phospho-N-acetyl-5-methoxy-7,8,10,13,16,19-hexaazatetracyclo [5.2.1.0 (9,11)] pentadeca-2,6,10-tetraenoic acid. It originates from a 5beta-hydroxyergosta-5,7,9 (18), 22-tetraenoyl-CoA Synthetase."
219,"luteolin 7-O-beta-D-glucoside in the aerial parts of the plant. It has a role as a metabolite. It is a hydroxyflavone, a trihydroxyflavone and a glycosyloxyflavone. It derives from a (-) -epigallocatechin 3-O- [alpha-L-rhamnopyranosyl- (1- > 2) -beta-D] -D-glucoside. It represents a conjugate acid of a kaempferol 3,7,3 ', 4' -tetrahydroxyisoflavan-7-oside (1-). It arises from a hydride of an isovitexin that is attached to a 6-hydroxy-3-methoxyflavone via a glycosidic bond at position 7. It belongs to a group of hydroxyflavones that is substituted by hydroxy groups at positions 3, 5 and 7 and a prenyl group at position 6. It contains a 1-O- (p-coumaroyl) -alpha-l-arabinofuranosyl-5- (6-hydroxyphenyl) -2-methylpyrano [2,3-b] furan-4 (3H) -one. It originates from a kaempferol 3-0-rutinoside. It may be a tautomer of a dihydromyriflavonoflavone zwitterion derived from a free di"
220,"). It is a member of the class of benzamides obtained by formal condensation of the carboxy group of 2-amino-4-phenylbutanoic acid with the amino group of L-tryptophan. It has a role as a mouse metabolite. It derives from a L-tryptophane and a 2-aminopropan-1-amine. It represents a tautomer of a N, N '-bis (2-aminobenzoyl) -L-tryptophan zwitterion. It arises from a tautomerization of a N- [(2R) -2-aminobicyclo [2.2.2] oct-2-en-3-yl] -L-tryptophanate. It contains a 2- [(2Z) -2- (4-hydroxyphenyl) acetamido] -4-phenyl-5-oxo-4,5-dihydro-1H-imidazol-1- yl] propanoic acid zwitterions. It comes from a hydride of a 2,3-diarylbutanoyl-L-proline. It belongs to a family of benzamide derivatives. It originates from a N-acetyl-D-alpha-amino adipic acid- (2S, 3S) -3-hydroxybutanoyl- (S, S) -3- (3,4-dihydroxyphenyl) alanine. It consists of a"
221,"sn-3. It is a conjugate base of a 1-oleoyl-2-linoleoyl-sn-glycero-3-phospho- (1 '-sn-glycerol) arising from deprotonation of the phosphate OH groups; major species at pH 7.3. It has a role as a human metabolite and a Saccharomyces cerevisiae metabolite. It derives from a L-threo-hex-4-enoyl-L-serine (1-) .It is an enantiomer of a 1,2-dioleoyl- (4Z, 7Z, 10Z, 13Z, 16Z, 19Z) -docosahexaenoic-phospho-D-serine zwitterion. It contains a (9Z, 12Z, 14Z, 17Z, 21Z, 22E) -hexacosapentaenoyl group (2-). It arises from a trans-octadehydro-4,7,10,13,16,19-hexaoxacycloheptadec-2,5,8,10,13,19-pentaoctadecatetraene-1-phosphate. It belongs to a class of lysophosphatidylethanolamines that is a product of phospholipase A2 catalysed hydrolysis of 1-stearoyl-2,3-di-O-palmitoylglycerophosphoethanolamine. It represents a tautomer of"
222,"""CONCLUSION"" It is a member of the class of barbiturates that is pentobarbital in which one of the methyl hydrogens at position 2 has been replaced by a hydroxy group. It has a role as an anticonvulsant and a sedative. It derives from a hydride of a pentobarbital. It is an enantiomer of a (+) - (2E, 4E) -2,6-dimethylhept-2-en-1-ol. It contains a (2S, 3S) -2-hydroxy-5- [(2-hydroxyethyl) sulfanyl] -3-methylpentyl] -4-oxocyclohexa-2,5-dien-3-one (1 +). It represents a tautomer of a phenobarbital zwitterion. It arises from a proton transfer from a barbituric acid to a hydrogen sulfide. It consists of a conjugate base of a levobupivacaine. It may be a result of a tautomerisation of a dexchlorpheniramine zwittercation. It was a conjugate acid of a dextrochlorvote (1-). There is a direct link between a levo-chlorpropazine (2-) and a levopropoxyphene (4-)."
223,". The molecule is an organic cation obtained by protonation of the tertiary amino group of (+ / -) -syringaresinol A; major species at pH 7.3. It is an ammonium ion derivative and a member of guaiacols. It derives from a syrphinine A. It is a conjugate acid of a (1-O-p-coumaroyl-alpha-L-rhamnopyranosyl- (1- > 2) -beta-D-glucopyranosyloxy) -N, N-dimethylethyltryptamine (1 +). It has a role as a human xenobiotic metabolite and a plant metabolite. It arises from a hydride of a guaiacol A. it is a tautomer of a 7-O- (3-hydroxy-3-methylbut-2-en-1-yl) -7-methoxy-1,2,3,4-tetrahydronaphthalene-2,6,8-triol. It contains a (1R, 2R, 3R, 4S, 6S) -3,3a, 4-trihydroxy-5-methylbicyclo [3.1.0] heptane-2,6a-dien-6-yl acetate (1-). An enantiomer of a corresponding (1S, 2S, 3S, 4R, 5S) -6,7-dihydroxy-"
224,"CONCLUSIONS: The results of this study indicate that there is no significant difference between the two methods. It has a role as a non-steroidal anti-inflammatory drug and an antirheumatic drug. It is a conjugate acid of a diclofenac sodium (1-). It derives from a hydride of a 1,4-benzenediol. It contains a diclofenac (2-). There is a tautomer of a 2-chloro-4-fluorophenyl-3-methyl-6- (1-methylethyl) -4-oxocyclopenta-2,5-diene-1-carboxylate zwitterion. It arises from a proton transfer from a diclofenac to a sulindac (1 +). One of the major diclofenac metabolites in human urine. It may be a consequence of the use of diclofenac for the treatment of osteoarthritis, rheumatoid arthritis, ankylosing spondylitis, and juvenile rheumatoid arthritis. It also has a potential use as an antipyretic, an analgesic, an antispasmodic, an antibacterial drug, an anti-ulcer drug, and an anticoronaviral agent. As a prodrug, it is converted into an active form of diclofenac by reduction of the pKa of the carboxylic acid group. It can be used as a prodrug to treat pain and inflammation associated with osteoarthritis. It"
225,"(2). It has a role as an Escherichia coli metabolite and a mouse metabolite. It is a conjugate acid of a 4-hydroxy-3-methylbut-2-enoate. It derives from a hydride of a cyclohex-1-ene. It represents a tautomer of a 3,4-dihydronaphthalen-1 (2H) -one zwitterion arising from a proton transfer from a carboxylic acid group to a hydroxy groups at positions 3 and 6. It contains a 3-methyl-5-oxo-2,3-dihydro-1H-benzo [f] chromeno [4,3-b] [1,4] oxazin-6-ium-7-olate (1-). A major species at pH 7.3 (according to Marvin v 6.2.0.). There is a reciprocal exchange of protons between the 3-hydroxy and 6-hydroxy groups of a 3,6-dideoxy-alpha-L-threo-hexopyranosyl- (2S, 3R, 6S) -3-hydroxyoctacosanoyl-beta-D-glucopyranosyl- (1R, 2R, 6R) -2-acetamido-3,6,8-trideoxy-alpha- D-allopyranos-4-ulosonic acid (3-)."
226,"SUMMARY: The molecule is an organic cation obtained by protonation of the tertiary amino group of (S) -hyoscyamine; major species at pH 7.3. It has a role as a plant metabolite. It is an ammonium ion derivative and an iminium ion derivative. It derives from a (2S) -2-hydroxy-4-methylbut-3-en-1-yl-2-methylbutane-1,3-diamine. It represents a tautomer of a (1S, 2R) -7-hydroxysphinganine zwitterion. It arises from a conjugate acid of a syconium (1 +). it is an enantiomer of a corresponding (1R, 2S) -4-hydroxyhyoscine (1-) .It is not possible to ascribe a proton to a (3S, 7S) -6-hydroxymycinium (2-). There is no evidence to suggest that a (3R, 7R) -3-hydroxypiperidine-7-carboxylate is the major tautomer in any of the three stereoisomers. It may be a consequence of a difference between the pKa values of (R, S) - and (S, R) -sycamore alkaloids. It can be a clue to the mechanism of action of"
227,"SYNTHESIS OF THE RANDOMISED COMPOSITION. It has a role as an Escherichia coli metabolite and a mouse metabolite. It is a conjugate acid of a 3-hydroxy-4-methylbut-2-en-1-one (1-). It derives from a hydride of a 1,4-benzoxazin-3 (2H) -one. It represents a tautomer of a 2,3-dihydro-1H-imidazo [4,5-f] xanthen-6-one zwitterion. It contains a 3- (hydroxymethyl) -4-methyl-5-oxo-1,2-dihydrobenzo [d] imidazol-7-yl cation. It arises from a tautomerisation of a 3,5-dihydroxy-4- (methylthio) -2-methylbutanedionato-1,4-benzoquinone. It may be a result of a proton transfer from a coenzyme A to a coenzyme A. It is thought to be the major metabolite of vitamin B (12), which is produced by E. It also occurs in human red blood cell NAD (P) H: quinone oxidoreductase (EC 1.6.99.1); it is believed to be responsible for the production of vitamin K (3,4-dihydroxybenzoyl-CoA) that is required for the synthesis of"
228,"this. It is a conjugate acid of a 2-amino-2-deoxy-alpha-D-glucopyranosyl- (1- > 3) -D-glucopyranose (1-). It derives from a hydride of a D-glucitol. It has a role as a human metabolite and a Saccharomyces cerevisiae metabolite. It represents a tautomer of a 2,3-diamino- (1-hydroxyethyl) -4,6-dideoxy-beta-L-threo-hex-4-ulopyranosonic acid zwitterion. It arises from a proton transfer from a negative charge to a positive charge of a 1,2-diaminocyclohexane-4,6-bis (hydroxy) -1,3-dioxol-5-phosphate. It contains a 2- [(1R) -1-hydroxyethyl] -2-acetamido-2,3,4-trideoxy-6-O-phosphono-beta, L-erythro-hexopyranosono-1,4-lactone (3-). A major species at pH 7.3 (according to Marvin v 6.2.0.) .It is an enantiomer of a myo-inositol 1,2,3,4,5,6-pentakis-tetrakis-phosphate (4-). There is a direct link between the two molecules: it is a taut"
229,"(alpha-L-aspartyl). It has a role as an Escherichia coli metabolite and a mouse metabolite. It derives from an aspartic acid. It is a conjugate acid of a N-acetyl-D-aspartate- (1- > 3) -L-aspartate zwitterion. It arises from a tautomerization of a N- [(2S) -2-amino-2-oxoethanesulfinyl] -L-aspartylglycinate. It contains a 2- (S) -3-hydroxy-4-methylpentanoyl-L- (1-methyl-3-oxo-2,3-dihydro-1H-indol-5-yl) -l-alaninate (1-). The major tautomer in a sample of urine; it is also a tautomer of a O- [(2R) -2- (aminomethyl) -1-oxopentanoyl] -D-serine zwittercation. It originates from a proton transfer from a D-aspartic acid to a O-succinylsarcosine zwitterions. It may be a consequence of a reduction of the carbonyl group on the indole ring of L-tryptophan by NAD (+) -dependent glutamate semialdehyde dehydrogenase (EC 1.4.1.3), but it is unlikely to be a primary amino compound."
230,". is a member of the class of xanthones that is 9H-xanthen-9-one substituted by hydroxy groups at positions 1, 3 and 6 and a methyl group at position 2. It has a role as a plant metabolite. It is a xanthone and a polyphenol. It derives from a hydride of an oxacyclohexa-2,4-dien-1-one. It represents a tautomer of a 9,10-dihydro-9H- [1,3] dioxolo [4,5-g] xanthin-9 (10H) -one zwitterion. It arises from a tautomerisation of a 9,10,11-trimethyl-1,3,6,6a, 7,10,11,12,12a-octahydronaphtho [2,3-c] furan-2,8 (1H, 8H) -dione. A conjugate acid of a 1,2-dihydroxy-9,10-dihydrocyclobuta-2,4,6-trien-3-one (1-). It originates from a proton transfer from a hydroxyl group to a keto group of a 2,3-dehydrocyclobicyclo [2.2.2] octa-1,3,5-heptatriene-3,6-dione (1 +). An enantiomer of a (1R, 2S, 3R, 6S"
231,". It has a role as an EC 3.1.1.7 (acetylcholinesterase) inhibitor, an agrochemical and an environmental contaminant. It is a conjugate base of a trifluralin (1 +). It derives from a hydride of a 2,4,6-trichlorophenol. It contains a trifluoro-4-methylphenyl group. It represents a tautomer of a trifluoromethanesulfonato-4- (trifluoromethyl) -2,6-dichlorophenolato-O, O-dimethyl-beta-D-galactoside zwitterion. It arises from a proton transfer from a trifluoroacetic acid to a triflouromethyl-2-chloro-4,6-dichloro-1,3,5-triazine-3,5-diolate (1-); it is the major species at pH 7.3. It belongs to a class of organofluorine compounds that is substituted by chlorine and hydroxy groups at positions 3 and 4 respectively. It originates from a trichlormethane- (1,1 '-biphenyl-4,4' -diyl) -3,3 '-dicarboximidate and a triflate anion. It consists of a mixture of two isomers with different degrees of chlorination (3- and 4-5-6-7-8-9-10-11-12-13-14-15-16-17)."
232,"(2-deoxy-D-manno-oct-2-ulose). It has a role as an Escherichia coli metabolite and a mouse metabolite. It derives from a D-glucuronic acid. It is a conjugate acid of a 2,3-dideoxy-6-O-sulfo-alpha-L-threo-hex-4-enopyranuronate- (1- > 4) -D-glucuronate (2-). it is an enantiomer of a 2,5-didehydro-3-O- [(S) -1-carboxyethyl] -L-arabino-heptulosonic acid 7-phosphate. It represents a tautomer of a 2,3,5-trideoxy-6- [(3S) -3-hydroxy-1-carboxyethylidene] -D-ribitol 5-phosphate zwitterion. It arises from a proton exchange between a hydroxyl group at position 6 and a carboxylic acid group of a 1,5-anhydro-3,5- (methylenedioxy) -2,4-dioxolane-4,6-diphosphonic acid; it is the major species at pH 7.3. It belongs to a group of pyranoses that is pyranose 6-phosphates in which one of the hydrogens at position 2 of the pyranose ring is protonated."
233,"③ The molecule is a branched amino pentasaccharide consisting of an N-acetyl-beta-D-glucosamine residue linked (1- > 3) to an alpha-L-fucosyl residue, which in turn is linked (2- > 6) to a 2-acetamido-2-deoxyglucose residue. It has a role as an epitope. It is an oligosaccharide derivative and a member of acetamides. It derives from a N-acetylneuraminic acid. It represents a conjugate acid of a Neu5Ac- [symbol: see text] -beta-GalNAc- [1- > 4] -alpha-Fuc- [beta1-4] -D-Glc- [1-O] -GlcNAc (1-). It contains a beta-Neup5Ac (6-). A tautomer of a neosialic acid zwitterion. It may arise from a tautomerisation of a group III sialyl Lewis (x) antigen. It differs from a group II sialyl LpA (0-3) alpha-KDN (6-O) beta-GlcNAc- [0- (2- & minus; 6-deoxy-alpha-l-talosaminyl) -beta-Gal (1-- > 4) -D-Glc] beta-Xyl (1-"
234,"SUMMARY: The plant is a member of the class of xanthones that is 9H-xanthen-9-one substituted by hydroxy groups at positions 1, 3 and 7 and a prenyl group at position 8. It has been isolated from the aerial parts of Celastrus orbiculatus and has been shown to exhibit cytotoxicity against human tumour cell lines such as Hela, HepG-2, MCF-7 and MDA-MB-231 with IC"
235,": 1. The molecule is a sesquiterpenoid isolated from the stem bark of Fraxinus sieboldiana. It has a role as a plant metabolite. It is an organic heterotetracyclic compound and a sesquiterpene. It derives from a hydride of an abietane diterpenoid. It contains a (2E, 4Z) -4,4a, 5,6,7,8,8a, 8b-octahydronaphthalen-2-yl] methyl group. It represents a conjugate acid of a dehydroabieta-8,11,13-diene-3,8-diol (1-). It arises from a tautomerisation of a dihydrodehydroabietic acid zwitterion. It may be an enantiomer of a (2S, 3R, 4S) -3,4-dihydroxy-9,10-dihydro-2,6-methano-dibenzo [c, e] -1,4-benzoxazin-7-ium-1-olate. A tautomer of a 3beta, 7alpha, 10alpha-trihydroxy-9,10,11-trimethyl-14-methylene-14,15-dioxabicyclo [5.2.2.0 (2,7)] undec-10-en-3-one. It differs from a (2R, 3S,"
236,"(-) activity in the liver of rats fed a high-fat diet. It has a role as a human metabolite and a rat metabolite. It derives from an oleic acid. It is a conjugate acid of a 3-hydroxy-4-oxo-5Z, 8Z, 11Z, 14Z-eicosapentaenoyl-CoA (4-). It arises from a hydride of an all-cis-eicosa-4,8,11,14-tetraenoic acid. As a consequence of its oxidation to the corresponding carboxylic acid, it is a substrate for 3-hydroxyacyl-CoA: cholesterol acyltransferase 1 (ACAT-1) but not for acyl-coenzyme A: glucose 6-phosphate cytidyltransferase (EC 2.7.11.34). The latter enzyme is involved in the regulation of lipid metabolism by controlling the synthesis of very-low-density lipoprotein (VLDL) -cholesterol. It may be a useful tool for the study of metabolic diseases such as obesity, diabetes, and atherosclerosis. It contains a 2-oxoethyl-3-methylbutanoyl-sn-glycero-3- (1-hydroxyethyl) -sn-glycerol (2-) as a major fatty acid constituent. It can be used as a biomarker of dietary intake. It"
237,", a member of the class of steroids that is 5alpha-androstan-3beta, 17beta-diol substituted by a hydroxy group at position 17. It has a role as a mouse metabolite. It is a 17alpha-hydroxy steroid, a 3-oxo-Delta (1), Delta (4) -steroid and a primary allylic alcohol. It derives from a hydride of a 5alpha-androst-5-en-3beta-ol. It represents a conjugate acid of a 17beta-hydroxy-5beta-androstane-3,17-dione (1-). It arises from a tautomerisation of a 3alpha, 5alpha-dihydrotestosterone zwitterion. It contains a hydrogen bonded to a 17-hydroxyestra-1,3,5 (10) -trien-17-yl group. It belongs to a group of 3alpha- and 3beta-hydroxy steroids. It carries a 6-O-methyl-alpha-L-rhamnopyranosyl-beta-D-glucopyranosyl- (1-- > 2) -2-acetoxy-5alpha-pregnan-3alpha-ol-20-one (2-). A tautomer of a 3beta, 7alpha-dihydroxy-5alpha, 16-estradien-17beta-21-yl-1,2-dihydronaphthalene"
238,"Cer (d18: 1 / 20: 0) in mice. It has a role as a mouse metabolite. It is a conjugate acid of a (6Z, 10Z, 13Z, 16Z, 19Z) -octadecapentaenoyl-sphingosine (1-). It derives from an all-cis-docosa-6,9,10,13,16,19-hexaenoic acid and a 20: 0- (9Z, 12Z, 15Z, 18E) -hexacosapentaenoylsphinganine zwitterion. It comes from a hydride of a C26 sphingoid base. A tautomer of a 25-hydroxyergosta-6, 22-dien-1-yl-sn-glycero-3-phosphocholine. It arises from a trans-1,2-diamino-3- (octadeca-3,6-dienyl) propan-2-ol protonation of a cis-24-sphingenine-3beta-hydroxy-5,10-methylhexadeca-7,8,10,13,16-tetraenoyl group. It represents a major species of sphingoid bases at pH 7.3 (according to Marvin v 6.2.0.). There is a direct correlation between the degree of unsaturation of the acyl chain and the"
239,". It has a role as a mouse metabolite. It derives from a hydride of an olefinic acid. It is a conjugate acid of a 3-hydroxy-2-oxocyclohex-1-enecarboxylate (2-). It arises from a tautomerization of a 2,3-dihydroxymyristic acid zwitterion formed by proton transfer from the carboxylic acid group to the alpha-position of the cyclohexene ring. It consists of a tautomer of a 3- [(Z) -2-hydroxycyclobutyl] -1,2-dioxacyclohexa-2,5-dien-5-olate. It represents a major species of 2,3-dihydroxycyclobutane-1, 4-dicarboxylic acid.It is an enantiomer of a corresponding 2,3-dehydro-2,2-dicarboxy-3-methylcyclopentanecarboxylate. It may be a conjugate base of a 3,4-dihydroxy-1,2-dideoxypentadecane-1,5-dicarboxylic acid and a 3,3-dihydroxypentane-1,4,5- (tricyclo [2.2.2.2] oct-6-en-7-yl) diolate (1 +). Both tautomers are derived from a proton exchange between the two hydroxy groups on the cyclopropane ring"
240,"SYNTHESIS: The molecule is a member of the class of xanthones that is 9H-xanthen-9-one substituted by hydroxy groups at positions 1, 3 and 7 and a prenyl group at position 2. It has been isolated from the aerial parts of Cratoxylum cochinchinense. It derives from a hydride of a 9,10-anthraquinone. It is a conjugate acid of a chrysophanol (1-). It arises from a tautomerisation of an chrysophanic acid zwitterion. It represents a tautomer of a 7H-xanthonaphtho [2,1-b] pyrano [3,2-c] chromen-9 (10H) -one. It contains a hydrogen bonded to a 6-O-p-coumaroyl-alpha-L-rhamnopyranosyl-beta-D-fructofuranosyl- (1- > 2) -alpha-L- [4-hydroxy-3- (hydroxymethyl) phenyl] -D-glucopyranose (2-). A tautomer derived from a hydronaphthalen-1-one. Chrysophanol is a major compound found in the leaves of Calophyllum inophyllum cuspidatum. It also occurs in the roots of Carthamus l"
241,". The molecule is an ammonium ion derivative obtained by protonation of the amino group of (R) -2-aminocyclohexane-1-carboxylic acid; major species at pH 7.3. It has a role as a human metabolite and a Saccharomyces cerevisiae metabolite. It is a conjugate acid of a (2R) -2- (ammonio) -2,3-dimethylcyclohex-3-enecarboxylic acid. It derives from a hydride of a cyclohexane-1,2-dicarboxylate. It contains a 2-ammonio-2,3-dimethyl-1- (methylamino) cyclobutane-1,3-dionium (1-). It arises from a tautomerisation of a 2- (N-methyl-N-nitrosocarbamoyl) cyclohexanecarboxylic acid zwitterion. It exists as a tautomer of a [N- (2-hydroxyethyl) -N-methylpiperidinium] -2-aminoethane-1,1-diium (1 +). There is a proton exchange between a (1R) - and a (1S) -1,2,3,4-tetrahydronaphthalene-1,3- (2H) -diium-2-carboxylato-L-alaninate (4-). One of four possible configurations of the secondary amino group on the cyclohexane ring. It"
242,"MATERIAL AND METHODS: The study is a retrospective analysis of the medical records of patients who were admitted to the intensive care unit (ICU) of a university hospital between January 1, 2009 and December 31, 2013. The main outcome measure was the incidence of acute respiratory distress syndrome (ARDS) in patients who received extracorporeal membrane oxygenation (ECMO) compared with those who did not receive ECMO. Secondary outcomes were the need for mechanical ventilation and the length of stay in the ICU. RESULTS: The incidence of ARDS in patients receiving ECMO was significantly lower than that in patients not receiving ECMO (p < 0.001). There was no significant difference between the two groups in terms of the duration of mechanical ventilation. The number of patients requiring mechanical ventilation was also significantly lower in the ECMO group than in the non-ECMO group (p = 0.003). CONCLUSION: ECMO has a role as an effective rescue therapy for patients with severe refractory cardiogenic shock. It is associated with a reduction in morbidity and mortality."
243,). (ABSTRACT TRUNCATED AT 250 WORDS)
244,"(1 + 2) -Catechin has been isolated from the stems of Morus nigra. It has a role as a plant metabolite. It is a polyphenol and a member of catechins. It derives from a (+) -catechin. It contains a 3 ', 4', 5 '-tri-O-galloyl-beta-D-glucopyranosyl- (1- > 2) -alpha-L-rhamnopyranosyl-5-hydroxy-7-methoxy-phenyl-2,3-dihydro-1H-benzo [e] isochromen-1-one. It represents a tautomer of a (-) -epigallocatechin-3-gallate zwitterion. It arises from a tautomerisation of a protocatechuside B. It is an enantiomer of a trans-3,4-dihydronaphthalene-1 (2H) -ol. It consists of a cis-3,4,5- (methylenedioxyphenyl) -2,3-dihydrobenzofuran-5 (4H) -one zwittercation. It belongs to a group of catechols that is substituted by hydroxy groups at positions 3, 4, 5 and 7 and a prenyl group at position 2 (respectively). It may be a conjugate acid of a procyanidin B2 (1-)"
245,". The molecule is a member of the class of benzamides obtained by formal condensation of the carboxy group of 4- (trifluoromethyl) benzoic acid with the amino group of 2-aminobenzoic acid. It has a role as a non-steroidal anti-inflammatory drug, an EC 1.14.99.1 (prostaglandin-endoperoxide synthase) inhibitor and an antipyretic. It derives from a 4-aminobenzoate. It is a conjugate acid of a tolfenamic acid (1-) .It is an enantiomer of a (S) -tolfenamate. It contains a (R) -4-chloro-3-methylphenyl group. It arises from a tautomerisation of a ketoprofen zwitterion. It represents a tautomer of a 3- [(Z) -3-methylbut-2-en-1-yl] propanoic acid dihydrate. It originates from a hydride of a 2- [(E) -2-phenylacetamido] benzoic acid. A tautomer is a consequence of a proton transfer from a chlorambucil to a free carboxylic acid. Both tautomers are considered to be equal in terms of hydrogen bond distance between the aromatic ring and the propionic acid group. One of two tautomers of a set of tolfenamates. It"
246,". SUBJECT AND METHODS: The study is a cross-sectional study conducted at the University of Malaya, Malaysia. It has a role as a biomarker. It is a member of phenols, an organochlorine compound and a tertiary alcohol. It derives from a hydride of a 1,4-benzoxazin-3 (2H) -one. It contains a 4-hydroxy-2-methylbut-3-en-1-yl group. It arises from a tautomerisation of a 3,4-dihydronaphthalene-1,2-dione zwitterion. It consists of a tautomer of a 4- (4-hydroxyphenyl) -2-methylbutane-1,3-diol. It represents a conjugate acid of a 4,4 '-dihydroxy-2,2' -dimethyloxynaphtho [2,3-b] furan-5-olate. It originates from a proton transfer from a free 2,4-dihydroxynaphthoic acid to a free 3,5-dihydroxypentane-1,2- (1H, 3H) -triol. It belongs to a class of phenolic compounds that is derived from a 2,5-dihyroxybenzoic acid. It may be a metabolite of 2,3,7,8-tetrachloro-dibenzo-p-dioxin (2,7-diHODD). It"
247,". is a member of the class of pyrazoles that is 1H-pyrazole in which one of the hydrogens at position 3 has been replaced by a 4-chlorophenyl group. It has a role as an EC 2.7.10.1 (mitogen-activated protein kinase) inhibitor, an apoptosis inducer, an anti-inflammatory agent and an antineoplastic agent. It derives from a hydride of a 4H-pyrazole. It is a conjugate acid of a 3-chlorophenyl-1H-pyrazol-1-yl-4- (4-hydroxyphenyl) -1H-pyrazolo [3,4-b] pyridine-6-carboxylate. It arises from a tautomerism of a 3- (4 '-hydroxyphenyl) -4-methylpyrazole-5-carboxylic acid zwitterion. A tautomer of a 2-phenyl-3,5-dichloropyrazole. It represents a major metabolite of the herbicide metolachlor. It binds to the active site of cytochrome P450 2E1 (EC 1.14.13.39) and inhibits its catalytic activity. It also acts as an inhibitor of fatty acid synthase (EC 2.5.1.16), an enzyme involved in the synthesis of polyunsaturated fatty acids such as gamma-linolenic acid (20: 3n-9 / 20: 4n-6). It"
248,"SOP (1-O-sulfo-alpha-L-iduronosyl- (1- > 4) -N-acetyl-beta-D-glucosaminyl)]. It has a role as an epitope. It is an oligosaccharide sulfate and a member of sulfates. It derives from a 3-O- [(2E) -3- (4-hydroxyphenyl) prop-2-en-1-yl] -4,6-disulfonamido-alpha- (D-glucopyranosyl) -D-glucuronic acid. It represents a conjugate acid of a 6-O- {2- [(2R) -2-hydroxy-3- (3,4-dihydroxyphenyl) propionamido] -2-oxopropyl} -alpha-D, 4-dideoxy-6- [(2S) -2- (3,4,5,6-tetrahydro-2H-pyrano [3,4-g] quinolizin-7-yl) oxy] -6-sulfonato- [1,1 '-biphenyl] -4-yl} -L-gulonic acid (2-). It arises from a tautomerisation of a 3,6-diacetamido-6-deoxy-6,7,8,9-tetrahydronaphtho [2,3-b] furan-2 (1H) -one zwitterion. It"
249,". The molecule is a benzoate ester obtained by formal condensation of the carboxy group of benzoic acid with one of the hydroxy groups of 2-naphthoic acid. It has a role as a chromogenic compound. It is a member of naphthols, an aromatic ether and a dimethoxybenzene. It derives from a benzoic acid and a 2-naphthalenesulphonic acid. it is a conjugate acid of a 2- (2,6-dichlorophenyl) -2-naphtho-6-carboxylate. It arises from a hydride of a 2,3-naphthalenediol. It represents a tautomer of a 4-hydroxynaphthalene-1-sulfonate zwitterion arising from a proton transfer from a carboxylic acid to a 1,2-dihydroxy-3-methylbutane-1,4-dione. It comes from a hydrogen bonding of a 2,3,5-trimethyl-4-hydroxyphenyl-beta-D-xylopyranosyl-alpha-L-rhamnopyranosyl- (1- > 2) -acetoxy-5-hydroxy-methoxy-7-methyl-oxo-3,4-dihydro-2H-furo [3,2-f] chromen-2-yl acetate. It contains a 3- (2,4-dihydroxybenzoyl) -5-hydroxybenzenesulfonyl-8-oxopentanoic acid"
250,". It is a member of the class of imidazoles that is imidazole in which one of the hydrogens attached to the nitrogen is replaced by a 2-hydroxyethyl group. It has a role as an Escherichia coli metabolite and a mouse metabolite. It derives from a hydride of an imidazo [1,2-a] pyridine. It represents a tautomer of a 4-hydroxy-3-methyl-1H-imidazol-5 (4H) -one zwitterion. It arises from a tautomerisation of a 4,5-dihydro-1H, 5H-imidazo [2,1-b] pyridin-4-one. It contains a hydrogen bonded to a 3-methylbut-2-en-1-yl group (1 +). It may be a conjugate acid of a 4- (2-hydroxyphenyl) -3-methylimidazolidin-5-one (1-) .It is an enantiomer of a 4,5,6-trichloro-3- (hydroxymethyl) -1H, 5H- [1,2,4] triazolo [1,5-c] pyrimidin-6-ol. It differs from a 4,4 '-dihydr-oxy-2,2' -dimethyl-1,1 '-bi-1,3-oxa-cyclohex-1' -ene (2-)"
251,"t. It is a tricarboxylic acid and a member of monochlorobenzenes. It derives from a benzene-1,2-dicarboxylic acid. It has a role as a human xenobiotic metabolite, an Escherichia coli metabolite and a mouse metabolite. It arises from a hydride of a 1,4-diazabicyclo [2.2.2] heptane. It contains a fumarate (2-). It represents a tautomer of a malonate semialdehyde zwitterion arising from a proton transfer from a malonic acid to one of the two carboxy groups of a 1,5-diaminonaphthalene-2,4,6- (1H, 7H) -trione. It may be a conjugate base of a 2,5-diaminopentane-1,4,5- (2H, 8H) -dione 5,6,7,8-tetraol (1 +). There is a direct correlation between the number of carbon atoms in the ring and the degree of protonation of the hydroxy group at C-5 of the hydroxypentane ring; it is thought to be related to the toxicity of this compound. It can be used as a biomarker of exposure to environmental contaminants such as heavy metals or pesticides. It also has a diagnostic value for the presence of trace amounts of aluminium in drinking water. It comes from a"
252,". It has a role as a mouse metabolite. It derives from a hydride of an olefinic compound. It is a conjugate base of a 4-hydroxy-3-methylbut-2-en-1-one (1 +). It represents a tautomer of a 3,4-dihydronaphthalene-1 (2H) -furan-2 (3H) -one zwitterion arising from a proton transfer from the carboxylic acid group to the alpha-position of the furan ring. It arises from a tautomerization of a 2,3-dihydro-1H-inden-5-one. It contains a hydrogen at the 1-position and a 4,5-dihydroxy-6-methyl-1,2-dihydrobenzo [b] furan-3 (4H) -thione (1-). The tautomer is a mixture of two tautomers, one of which is derived from a Michael addition of a hydrogen to the 5,6-double bond of a 2,4,5-tridehydroheptane-3,7-dione (1'H, 2'H) -furo [3,2-g] chromen-7-one; it is believed to be the major species in human urine. It may be a biomarker for exposure to environmental contaminants such as heavy metals"
253,". The molecule is a monocarboxylic acid amide obtained by formal condensation of the carboxy group of 4-chlorobenzoic acid with the amino group of 2-naphthylamine. It has a role as a chromogenic compound. It is a member of monochlorobenzenes, a dichlorobenzene, a secondary amino compound and an aromatic amine. It derives from a 3-chloro-4-hydroxybenzoic acid and a 2-naphtalene-1-sulfonic acid. It represents a tautomer of a 4-chloropyridine-2-carboxylic acid zwitterion. It arises from a tautomerisation of a 4- [(2-nitro-1H-imidazol-5-yl) methyl] -2-hydroxynaphthalene-1- (1H) -carboxylate.2. It is an enantiomer of a 2- [(2,4-dichlorophenyl) sulfonyl] -4-hydroxy-N-phenylbutanaminium 5,5 '-dicarboxybis (p-toluenesulfonic acid). It contains a 3- (2,6-dichloro-3,5-dioxo-phenoxy) propanamido group. It comes from a hydride of a 2,3-dihydro-1,4-benzoquinazolin-6-one. It belongs to a class of imidazoles that is substituted by a"
254,"(3). It is a conjugate base of a 5-hydroxy-6-oxo-5,6-dihydro-4H-pyran-2-carboxylic acid. It has a role as a human metabolite and a Saccharomyces cerevisiae metabolite. It derives from a hydride of a 4H-pyrano [3,2-c] quinolin-4 (5H) -one. It belongs to a class of hydroxycoumarins that is formed by oxidation of the 6-hydroxy group of 5-hydroxy- (6S, 8R) -dihydroergosta-8,9 (11), 22-diene-3,6,8-trien-3-one with concomitant reduction of the 7-methyl group on the other ring. It contains a 3- (glutathion-S-yl) -2-oxobut-1-enoyl-alpha-L-threonyl-beta-D-erythro-hex-4-enoate (1-). An enantiomer of a (6R, 8S) -dihydroxyergost-8-ene-7,22-dien-3beta-yl-alpha- (N-acetylcysteinylglycyl) -L-threonyl- (2E, 6S) -dihydro-5alpha-cholest-"
255,"SUMMARY: The molecule is an isotopologue of rubidium in which the hydrogen at position 2 has been replaced by a bromine atom. It has a role as a human metabolite. It is a member of bromides, a natural isotope and an isotopically substituted compound. It derives from a hydride of an orthorium. It contains a bromate (2-). It corresponds to a reaction of two moles of bromine with one mole of oxygen. It represents a conjugate acid of a rubium.It is an enantiomer of a (+) -rubium- (20S) -2-bromomethyloxirane. It does not correspond to a (-) -2beta, 3beta, 4alpha, 5beta, 7alpha, 8alpha, 10alpha, 11beta, 13alpha, 14alpha, 16beta, 19alpha, 20alpha-hexahydroperoxy-21-iodo-19-methylperylene-3,22-dien-1-yl chloride (anhydrous) or a (2E, 6S, 7S, 8S, 9R, 10S) -dibromo-1,4,4a, 5,8,8a-tetrahydroxy-2,6,8-trioxaspiro [4.5] decan-"
256,"(1-) is a monocarboxylic acid anion that is the conjugate base of 3-O-sulfo-beta-D-glucuronic acid, obtained by deprotonation of the carboxy group; major species at pH 7.3. It has a role as a human metabolite and a Saccharomyces cerevisiae metabolite. It is an alpha-hydroxy ketone, a monosulfonic acid anion and a 3-oxo-Delta (1), Delta (4) -steroid. It derives from a 6-O- [(2E) -3- (4-hydroxyphenyl) prop-2-en-1-yl] -3-oxohexa-2,4-dienoyl] hexacosanoic acid. It comes from a hydride of a 5alpha-cholestan-3-one. It belongs to a class of phenols that is substituted by an acetoxy group at position 3 and a sulfophenyl group at positions 6 and 7. It contains a 3- (5-sulfophenyl) -2-methylpentanoyl-4,6-dioxo-2,3-dihydro-6H-furo [3,2-g] chromen-7-oate (2-). It arises from a hydrolysis of a 3beta-hydroxy-5alpha-cholest-6-ene-22-oic acid."
257,"DESCRIPTION: The patient is a 27-year-old female who was diagnosed with Graves' disease. She had been treated with methimazole and propylthiouracil for more than 10 years. She has a history of hyperthyroidism, hypothyroidism, and Hashimoto's thyroiditis. She also has a positive anti-thyroid microsomal antibody (TMA) test. She carries a mutation in the gene encoding thyroid peroxidase (TPO). It has a role as an epitope. It derives from a hydride of a thiophene. It is a conjugate acid of a 3,5,3 '-triiodo-L-thyronine (1-) .It is an enantiomer of a 3,3', 5 '-tetraiodothyroacetic acid. It contains a (3R, 4S) -3,5,5- (triiodotyrosinamido) -l-4-yl-alpha-D-glucopyranoside (1 +). A tautomer of a free thyroxine zwitterion. It arises from a 3- (3,5-diiodo-2-hydroxyphenyl) -2-hydroxy-6-methyl-1,4,5,6-tetrahydro-2H-pyrano [2,3-f] pyrimidin-7-one zwitterions. It represents a major tautomer at pH 7.3. It originates from a free thyroxin. It"
258,"uvi. It has a role as an Escherichia coli metabolite and a mouse metabolite. It derives from a uridine 5 '-monophosphate. It is a conjugate acid of a UDP-N-acetylmuramoyl-L-alanyl-D-isoglutamine (2-). It represents a tautomer of an UDP-N- (3-hydroxy-3-methylbut-2-en-1-yl) -D-alanine zwitterion. It arises from a proton transfer from a hydride to an uridylyl- (3R, 4S) -3-hydroxyhexopyranosulosonic acid. It contains a 3- (hydroxymethyl) -4,6-dideoxy-alpha-L- (+) -threo-hex-4-enopyranuronide (1-); it is an enantiomer of the UDP-O- (6-deoxy-6-oxohexanoyl) -L-alanyl- (3S, 4R) -2-hydroxy- (6S) -aminouridine (4-) .H (2) O-pyranoside obtained by condensation of the carboxy group of D-glucose with the pyridinium ring of UDP-6- [(6R, 8R) -dehydro-8-oxo-6,8-diaminopimelate]"
259,). (ABSTRACT TRUNCATED AT 250 WORDS)
260,"is a member of the class of sulfamides that is sulfamic acid in which one of the hydrogens attached to the nitrogen is replaced by a 4-chlorophenyl group. It has a role as an EC 3.1.1.7 (acetylcholinesterase) inhibitor, an agrochemical, an environmental contaminant and a xenobiotic. It derives from a sulfanilic acid. It is a conjugate acid of a 4- (4-chlorophenyl) -N- [(2-chlorophenyl) methyl] sulfamoyl-3-methylbenzenesulfonamide (1-). It arises from a tautomerisation of a sulfamide zwitterion. A tautomer of a 3- (2,4-dichlorophenyl) -3-methylsulfonamido-1-methylbut-2-enoate. It contains a 2- (3,5-dichloro-4-hydroxyphenyl) propanesulfonic acid zwitterions. It comes from a hydride of a benzoic acid. An enantiomer of a (+) -sulfamethopyrazole. It represents a prodrug of a tolfenamic acid used for the treatment of rheumatoid arthritis. It does not contain a chlorine at the 4-position of the phenyl ring; it is a derivative of a sulfathiazole. As a prodrug, it is converted to its active form, tolfenamate."
261,"CONS: IDENTIFICATION FOR A RETROSPECTIVE MEDICINE. It has a role as an EC 3.1.1.7 (acetylcholinesterase) inhibitor, an antineoplastic agent and an anti-inflammatory agent. It is a conjugate acid of an aceclofenac (1-). It derives from a hydride of an olefinic cis-1,4-dienoic acid. It comes from a cyclo-oxygenase-2 (COX-2) inhibitor. It contains a diclofenac (1 +); it is a tautomer of an etodolac zwitterion. It belongs to a group of diclofenac zwitterions. It carries a hydroxy groups at both ends of the molecule. It does not contain a 3-O-methyl-L-glycero-alpha-D-manno-oct-2-enoyl- (5Z, 8Z, 11Z, 14Z) -icosapentaenoate. It can be considered as a diastereoisomer. It expresses a cyclooxygenase-2 inhibitory activity (IC (50) = 5 microg / mL) while it is devoid of cyclooxygenase-1 inhibitory activity. It acts as an allosteric modulator of the COX-1 enzyme. It also acts as a non-steroidal anti-"
262,"CONCLUSIONS: The results of the meta-analysis showed that there was no statistically significant difference between the two groups. It has a role as a mouse metabolite. It is a conjugate acid of a 3-deoxy-D-manno-oct-2-ulopyranosonate (2-). It derives from a hydride of an alpha-L-rhamnopyranose (1-). There is a tautomer of a 2,3-dideoxy-3-O- [(2R) -2-hydroxy-3- (hydroxymethyl) -3-methyl-1-oxopenta-2,5-dien-6-yl] -D-mannose zwitterion arising from a proton transfer from a carboxylic acid group to a hydroxy group at the anomeric centre; it is the major species at pH 7.3. It arises from a tautomerization of a 2,2,3-trideoxy-3,4,6-tridehydro-4-O-sulfo-alpha-L- and -D-mannopyranose zwitterions. It consists of a mixture of two independent zwitterions, one of which is formed by proton loss from the sulfate group while the other is lost from the carboxylate group. It reflects a tautomerism of a myo-inositol 1,4,5,6-tetrakisphosphate."
263,"It is a tripeptide composed of L-aspartic acid, L-threonine and L-proline joined in sequence by peptide linkages. It has a role as a metabolite. It derives from a L-aspartate, a L -threonine and a L ‑ proline. It is an enantiomer of a D-aspartyl- (L-threonyl) -L-proline zwitterion. It contains a L- [(2S) -2-hydroxy-3- (3-hydroxyphenyl) prop-2-en-1-yl] -L-threonine (1-). It arises from a tautomerisation of a D- [(2R) -2- (hydroxymethyl) -3-hydroxyphenyl] -3-hydroxypipecolic acid. It represents a tautomer of a N-acetyl-L-aspartylhomocysteinemycine- (S) -homoserine. It consists of a conjugate acid of a N- (3,5-dihydroxyphenyl) -N-acetylhomoserine zwittercation. It originates from a hydride transfer of a proton from a homoserine to a trans-4-hydroxysaldopentanedioic acid. The major tautomer at pH 7.3 is a compound of a DL-aspartate- (R) -4-hydroxyhomoserine (II) -semialdehyde zwitterpolymer"
264,". It is a member of the class of xanthones that is 9H-xanthen-9-one substituted by hydroxy groups at positions 1, 3 and 6 and a methyl group at position 2. It has a role as a plant metabolite. It derives from a hydride of a 9H- [1,3] dioxabicyclo [3.3.1] nonan-9 (11) -en-6-one. It arises from a conjugate acid of a kaempferol 3-O-beta-D-apiofuranosyl- (1- > 2) -alpha-L-rhamnoside (1-). It was isolated from the aerial parts of Ipomoea pes-caprae and it has been shown to exhibit inhibitory activity against HIV-1 reverse transcriptase. It may be a metabolite or an anti-HIV agent. It does not have a direct effect on HIV reverse transcriptase but it may act as an antiviral agent through inhibition of viral replication. It also has a potential role as an antiretrovirals and an EC 2.7.7.7 (RNA-directed DNA polymerase) inhibitor. It consists of a disaccharide derivative and a trisaccharide derivative. It originates from a condensation of two units of kaempferol. It contains a 4-O- [(1R) -1-hydroxyethyl] -beta"
265,"(4-OHCS), a metabolite of vitamin D3. It has a role as a human xenobiotic metabolite and a mouse metabolite. It derives from a calcitriol. It is a conjugate acid of a 25-hydroxyvitamin D3-26,23-dihydroxyvitamin D3 (1-). it is an enantiomer of a 1,25 (OH) 2D3. It contains a 3beta-hydroxy-Delta (4) -cholest-5-en-26-oic acid (2-). It arises from a hydride of a vitamin D3 (4alpha, 7alpha, 12alpha-trihydroxy-22-oxochol-6-ene-1alpha, 24-dien-3-one) by oxidation of the 3alpha-hydroxy group to the corresponding carboxylic acid. It belongs to a class of sterols known as steroids. It consists of a conjugate acids of a 1alpha, 25-dihydroxy-24- (R) -cholesta-4,7,24-trien-26- (beta-D-glucopyranosyloxy) -3,20-dioxo-5alpha-pregnan-3,6-diol (1 +) .H (2) O (7) (3-). Its structure is identical to that of a steroid hormone produced by the dinoflagellate Prorocentr"
266,"). It has a role as an Escherichia coli metabolite and a mouse metabolite. It is a conjugate acid of a 3-hydroxy-4-methylbut-2-enoate. It derives from a hydride of a (2E, 4E) -hexa-2,4-dien-1-yl-5-oxo-2,3-dihydro-1H-benzo [e] [1,3] dioxolo [4,5-b] furan-7-carboxylic acid. It represents a tautomer of a 3- (3-hydroxymyristoyloxy) propanoic acid zwitterion arising from proton transfer from the carboxy group to the alpha-position of a 6-deoxy-6-sulfo-alpha-L-talopyranose. It arises from a tautomerization of a 3,6-dideoxy-6- [(3S) -3-hydroxypropoxy] -alpha-D-threo-hex-3-enopyranosyl-beta-L- (1-- > 4) -D-quinovopyranose; it is the major species at pH 7.3 (according to Marvin v 6.2.0.). There is a strong positive charge on the pyranose ring (DeltaZ = + 20 kcal / mol). The tautomer may be a taut"
267,". The molecule is the D-enantiomer of 3-deoxy-D-manno-oct-2-ulosonic acid. It has a role as an Escherichia coli metabolite and a mouse metabolite. It is a conjugate acid of a D-3-deoxymyriose 6-phosphate (2-). It derives from a hydride of a meso-2,3-dideoxy-alpha-L-threo-hex-4-enopyranos-5-ulose. It belongs to a class of pyranoses that is pyranoses substituted by hydroxy groups at positions 1 and 6 and a methyl group at position 7. It represents a tautomer of a 3-deoxy- (1R, 6R) -2,3-dihydroxy-6-hydroxymethyl-7,8-dioxo-6,7,8,9-tetrahydropyrano [2,3-f] quino [3,4-c] pyrrole-1-carboxylic acid zwitterion. It arises from a proton transfer from a 6-hydroxyhexanoic acid to a 3,6-dioxolane-2,5-dicarboxylate. It contains a free D-fructofuranose (1-). There is a syn-conformation of a 6- (R) -6-hydroxy-3,6,8-trideoxy-beta-L"
268,"). The molecule is a member of the class of benzamides obtained by formal condensation of the carboxy group of 1- (4-chlorophenyl) -3- (trifluoromethyl) -1H-pyrazole-4-carboxylic acid with the amino group of 2-naphthylamine. It has a role as a non-steroidal anti-inflammatory drug, an antipyretic, an EC 1.14.99.1 (prostaglandin-endoperoxide synthase) inhibitor and an antirheumatic drug. It is a monocarboxylic acid amide, an aromatic ether, an organofluorine compound and a secondary carboxamide. It derives from a 1-phenyl-3-trifluoropropan-2-ol. It arises from a tautomerisation of a tolfenamic acid zwitterion. It represents a tautomer of a 2- (4- chlorophenyl) -2-naphthyl-1,3-dioxolane-5-amine. It originates from a hydride of a pyrazolo [4,3-b] pyridine. It contains a trifluoromethyl group at one of the two positions of the pyrazole ring and a chloro group at the other. It does not contain a substituent on the phenyl ring; it is a conjugate acid of a lornoxicam (1-). It can be regarded as an enantiomer of a (S) -lor"
269,". It has a role as a mouse metabolite. It derives from a hydride of an olefinic compound. It is a conjugate base of a 3-hydroxy-4-methylbut-2-en-1-one (1 +). It represents a tautomer of a 3- (hydroxymethyl) -1,4-dihydronaphthalene-1,2-diol zwitterion. It arises from a proton transfer from a 2,3-dihydroxypropanoic acid to a 3,4-dimethylbutane-1,5-diol (1-) and a hydrogen exchange between the hydroxy group and the carbonyl group (2-). The major tautomer at pH 7.3. It may arise from a tautomerism of a 3,6-dihydroxy-5-methylheptane-2,7-dien-1,7-diol; it is a tautomerase of a 3,4,6-trihydroxypentane-1,8-diol. It originates from a deprotonation of a hydroxyl group of a hydroxymyristic acid. An enantiomer of a (3R, 4S) -3-hydroxy- (4E, 6E) -4-methylhex-6-enepentadeca-4,7,10,11-tetraenoic acid. It can be derived from a (3S, 4aS) -3"
270,". is a member of the class of N-acylsphingosines obtained by formal condensation of the carboxy group of oleic acid with the amino group of sphingosine. It has a role as a mouse metabolite. It derives from an oleic acid. It is a conjugate acid of a N- [(9Z, 12Z) -octadecadienoyl] -sphingosine1-phosphate (1-). It arises from a hydride of an octadeca-9,12-dienoyl-sn-glycero-3-phospho-N-stearoyl-D-serine zwitterion. It represents a tautomer of a N-oleoyl-sphingosine- (18: 0 / 12: 0) -sphingosine zwitterIon. It originates from a cis-9-octadecenoic acid and a 12-methyl-C18: 0 iso-1-aminoundecanoyl-Cer (d18: 1 / 2: 0 ratios are 1.5: 1 and 1: 1 respectively; they are similar to those found in Ceruleandomycins A and B. It is an enantiomer of a ceramideo-beta-L-erythro-sphingosine zwitterionemiphos-1 '-yl-N- (16-methylhexadecanoyl"
271,". The molecule is a sesquiterpenoid isolated from the aerial parts of Euphorbia micractina. It has a role as a plant metabolite. It derives from a hydride of an eudesmane. It is a conjugate acid of a (2E, 6E, 10E) -10,11-dihydro-10-methylenetricyclohex-2-en-1-ol (1-). It represents a tautomer of a neomenthenol zwitterion. It arises from a proton exchange between a deprotonation of a secondary alcohol and a tertiary alcohol. A tautomeric form of a 3beta-hydroxy-9alpha, 10beta-epoxy-7beta, 10alpha-dihydronaphtho [2,3-c] furan-9 (5H) -en-7-one. It appears to be a major species at pH 7.3 (according to Marvin v 6.2.0.). There are two possible tautomers; it is a syn-endo and an exo-endo spiroketal. It may be a member of a class of sesquiterpenes that have been isolated from plants such as Ajuga bracteosa, Echinacea purpurea, Elaeodendron lanceolatum"
272,"is a member of the class of pyrazoles that is 1H-pyrazole substituted by hydroxy groups at positions 1 and 4. It has a role as a plant metabolite. It derives from a hydride of a 4H-pyrazole. It is a conjugate base of a 1- (4-hydroxy-3,5-dimethylphenyl) -4-hydroxypyrazolo [2,3-d] pyrimidine (1 +). A conjugate acid of a 4- (hydroxymethyl) -1-methylpyrazole-2-carboxylate. It arises from a tautomerization of a 4-hydroxy- (1-methyl-1H-pyrazol-3-yl) pent-4-en-1-one zwitterion. It represents a tautomer of a 1H-pyrazolo [3,2-c] pyrazole-2,4-dione. It was an enantiomer of a 4'H-pyrazole-5-carboxylato-1 ', 4' -bis (p-tolyl) -2,2 '-biphenyl-4,4' -dicarboxylate. It corresponds to a compound of the same size as the parent compound except that it is hydrogen bonded to each of the two hydrogens of the pyrazole ring. It reflects a tautomerism of a 4,6-dihydronaphthalene-1,2-diamine."
273,"). It is a member of quinolines, an organic heterotetracyclic compound and a secondary amino compound. It derives from a 4-hydroxy-3-methylbut-2-en-1-one. It has a role as an EC 3.1.1.7 (acetylcholinesterase) inhibitor, an antidote to organophosphate poisoning, an anti-arrhythmia drug, an antioxidant, an apoptosis inducer, an antineoplastic agent, an antimitotic, an antimicrobial agent and an antifungal agent. It contains a tolfenamic acid. It arises from a hydride of a quinolin-4 (1H) -one. A conjugate base of a trifluralin (1 +). There is a tautomerisation of a bifluuralin zwitterion. It exists in a ratio of 1: 1. It can be used alone or in combination with other drugs for the treatment of acute lymphoblastic leukemia, non-Hodgkin's lymphoma, multiple myeloma, chronic lymphocytic leukemia, renal cell carcinoma, breast cancer, ovarian cancer, malignant melanoma, prostate cancer, and mycosis fungoides. It may also be used as an adjunct to chemotherapy in patients with metastatic colorectal cancer. It does not have a direct effect on the central nervous system, gastrointestinal tract, or any other organ system. It"
274,"). It has a role as an allergen. It derives from a histidine. It is a tautomer of a N-acetyl-L-histidinato-S-phenylthiocarbamic acid zwitterion. It contains a N- (2-hydroxyethyl) succinimidyl group and a 2- (4-hydroxyphenyl) -4-methylthiazole-5-carboxamide. It arises from a tautomerisation of a N- [(Z) -2-hydroxyethyl] succinimidylsulfanyl-D-phenylalanyl-gamma-glutamyl- (1-- > 4) -L-cysteinyl-alpha-aminobutanoic acid zwitterions. It originates from a hydride of a tripeptide. It consists of a 3- [(E) -4- (1H-indol-3-yl) -3-oxoprop-1-enyl] propanoyl] -L-histidyl-beta-alaninate. It belongs to a class of imidazoles that is derived from a L-histidine and a S- (p-methoxyphenyl) -N, N-diethylethylenediamine. It represents a conjugate base of a 1- [(1E) -5- (6-aminohexyl) -1H-imidazol-2-yl] -2-iminothiolane-"
275,"(5Z, 8Z, 11Z, 14R) -icosatetraenoic acid is a major metabolite of arachidonic acid in vivo. It has a role as a human xenobiotic metabolite and a mouse metabolite. It derives from an arachidonic acid. It is a conjugate acid of a 5-oxo- (7Z, 10Z, 13Z, 16Z, 19Z) -docosahexaenoyl-CoA (4-). It comes from a hydride of an all-cis-docosa-7,10,13,16,19-hexaenoic acid. it is a tautomer of a 5,10-didehydro-11,14,17-trihydroxy-3-oxoeicosa-4,7,10,13-tetraenoic acid-CoA zwitterion obtained by transfer of a proton from the phosphate to the carboxylic acid group; it is the major species at pH 7.3. It belongs to a class of hydroxyicosatetraenoyl CoAs and is a member of tetracosanoyl CoAs. It contains a 4-O- (6Z, 9Z, 12Z, 15Z, 18Z, 21Z, 24Z, 29Z, 31Z, 34E) -hexacosapentaenoic acid (1-). An enantiomer of a ("
276,"sul (4) (4-) is the major species at pH 7.3. It has a role as an Escherichia coli metabolite and a mouse metabolite. It is a conjugate base of a 3,4-dideoxy-6-O-phosphono-alpha-L-threo-hex-4-enopyranos-2-ulose (1 +). It derives from a hydride of a D-glycero-gamma-D-manno-heptose (1-7) (2 +); it is an enantiomer of a 3-deoxy-6- [(2R) -2-hydroxy-2- (hydroxymethyl) -3-oxoprop-1-enoyl] -D-gulo-heptulose (5 +) .1D-glycerol (1-) .The major tautomer of a 3,4,6-trideoxy-6,7,8,9-tetradehydro-7- (R) -cis-2,3-dihydroxy- (1R, 6R) -octahydro-2,6-dioxo-5- (R, 6S) -nonulosonic acid. It arises from a proton transfer from a dihydroxy to a keto groups at positions 6 and 7 of a 3,6-dideoxypentanedioic acid zwitterion. It represents a tautomer"
277,". C. is a member of the class of N-glycosylceramides obtained by formal condensation of the carboxy group of palmitic acid with the amino group of 2-aminohexanol. It has a role as a mouse metabolite. It derives from a hexadecanoic acid. It is a conjugate acid of a 2-acetamido-2-deoxy-3-O- [(9Z) -octadecenoyl] -beta-D-glucopyranosyl- (1- > 4) -N-palmitoylglucosaminyl-sn-glycero-1-phosphocholine (1-). It arises from a hydride condensation of a hexadecane-1,12-dioic acid and an alpha-L-rhamnosyl-ceramide. It represents a tautomer of a N-palmitoylethanolamide zwitterion. It originates from a cis-9-eicosenoyl-Delta (9) -saturated fatty acid 16: 0 / 0-Cer (1-O-P-acylsphinganine) .2. It is an enantiomer of a N- (palmitoyl) -Delta6- (stearoyl) -Cer (d18: 1 / 24: 0) .2'- (omega-Palmitoyl) Cer (1- = omega- > 22: 1) .3. It is"
278,"(3-deoxy-D-manno-oct-2-ulosonic acid). It has a role as an Escherichia coli metabolite and a mouse metabolite. It is a conjugate acid of a 2,3-dideoxy-3-O-methyl-alpha-L-threo-hex-4-enopyranuronate- (1- > 4) onate. It derives from a hydride of a D-glucuronic acid. It belongs to a class of pyranoses that is pyranose 1-carboxylate substituted at the 5-position by a 3-hydroxy-3,5-dimethylpentanoyl group. It represents a tautomer of a 2,5-dihydroxy-6-oxo-3,4-dihydro-1H-pyrano [3,2-f] quinazoline-7-carboxylic acid zwitterion. It arises from a proton transfer from a 6-keto-5-oxopentanoic acid to a 5-hydroxymyristic acid 2- (3- {[(2R) -2-hydroxyisopropylidene] amino} -2-oxopropyl) -D-glucuronate. It originates from a deprotonation of a hydroxyl group of a 1,5-anhydro-8-aminonaphtho [2,1-b] furan-4 (1H) -"
279,". The molecule is a member of the class of benzamides obtained by formal condensation of the carboxy group of 4-aminobenzoic acid with the amino group of 2-naphthylamine. It has a role as a chromogenic compound. It is a substituted aniline, an aromatic amine and a benzamide. It derives from a 2,4-diaminonaphthalene-1 (2H) -carboxylic acid. It contains a 2- (naphthalen-1-yl) -2-oxoethyl group. It represents a tautomer of a 4- [N- (2-naphthalenyl) carbamoyl] benzoic acid zwitterion. It arises from a tautomerisation of a 4-acetamido-2-phenylbenzenesulfonamide. It originates from a hydride of a 2,3-dihydro-1H-benzo [e] [1,3] dioxolo [4,5-b] furan-2 (3H) -one; it is a conjugate acid of a N-acetyl-4-aminoanthranilic acid zwitterionate. It can be derived from a 1,2-benzenedioxy-3-phenylpropanoic acid. A tautomer is a consequence of a tautomerization of a 3- (p-toluenesulfonamido) -4-hydroxy-5-phenyl-oxo-2,3-"
280,"ów, łódź.). (ABSTRACT TRUNCATED AT 250 WORDS) CONCLUSIONS: It has a role as a mouse metabolite. It derives from a hydride of a pyrrole. It is a conjugate acid of a 3-hydroxypyrrolidine-2,4-dione (1-). It arises from a tautomerization of a 3- (1H-imidazol-1-yl) propanoic acid zwitterion. It consists of a tautomer of a 3,3 '-dihydroxypyrrolidin-2-one. It contains a proton at the third position of a pyrrolo [2,3-d] pyrimidin-4-one (2-) .It is an enantiomer of a 3,4-dihydro-2,2' -iminodipyrrole-5,5 '-dicarboxylate. It can be considered as a tautomers of a 3,5-dihydroxypyrrol-2,6- (H) -dione-4,4' -dicarboxylic acid and a 3,4,5,6-tetrahydro-2H-pyran-6-ol (4-). The two tautomers arise from a proton transfer from a pyrrolopyrrolidine to each of the two carbonyl groups of a D-glucuronic acid. One of the three tautomers expected from a L-glucuronate. It may be a taut"
281,"(3-oxoacyl-CoA) results from the formal condensation of the thiol group of coenzyme A with the carboxy group of (3Z, 7Z, 10Z, 13Z, 16Z, 19Z) -docosahexaenoic acid. It has a role as a human xenobiotic metabolite and a mouse metabolite. It is a conjugate acid of a (6Z, 8Z, 11Z, 14Z, 17Z, 20Z) -3-oxotetracosahexaenoyl-CoA (4-). It derives from an all-cis-docosa-6,8,10,13,19,20-hexaenoic acid. As a member of ω-3 fatty acyl-CoAs, it is a secondary allylic alcohol and a 3-oxo-Δ (1), Δ (2) -prostaglandin endoperoxide synthase-1 (also known as cyclooxygenase-2) inhibitor. It arises from a hydride transfer from an icosapentaenoyl to an icosanoyl-CoA. It belongs to a class of polyunsaturated fatty acids that is naturally occurring in fish and can be modified by exposure to ultraviolet light. It acts as an anti-inflammatory agent, a hypolipidemic drug, an antineoplastic agent and a peroxisome proliferatoratorator- and apoptosis-inducing agent. It"
282,". is a member of the class of imidazoles that is imidazole in which one of the hydrogens attached to the nitrogen is replaced by a phenyl group. It has a role as an allergen. It derives from a hydride of an imidazole. It is a conjugate acid of a 5-phenyl-1H-imidazol-2-amine (1-) .It is an enantiomer of a 6-phenylimidazo [4,5-f] [1,2,4] triazolo [1,5-a] pyrimidine. It represents a tautomer of a 4-amino-5-phenylimidazole zwitterion. It arises from a tautomerisation of a N, N '-bis (p-tolylsulfanyl) -N, N-dimethylethane-1,2-diamine. It contains a free hydrogen at the 1-position and a free-proton of a 3-chloro-3,5-dimethylpyrazol-1-yl-2- (trifluoromethyl) benzenesulfonic acid. The tautomer is a tautomeric mixture of a N- (4-cyano-3-trifluoromethylphenyl) -4-oxo-4H-chromeno [4,3-b] [1,4] oxazin-6-ium-7-yl- (3-) -amide. It consists of a taut"
283,x. The molecule is the sodium salt of molybdate. It has a role as an Escherichia coli metabolite and a mouse metabolite. It contains a molybdate (2-). It is a tautomer of a molybdic acid zwitterion. It derives from a hydride of a molybdenum (V) oxide. A conjugate acid of a Mo (VI) bis (2-mercaptoethanesulfonate) (3-) .H (2) O (4-). One of two possible tautomers of a Na (MoO (2 +) bis [2- (sulfo)] molybdate) (1-). There is a positive charge associated with a sulfate group (at least one of which is protonated at pH 7.3). Two separate protonation sites are also present in the molybdate anion (two of which are located at positions 1 and 4); it is the major species at neutral pH (according to Markovich et al.
284,". It has a role as a mouse metabolite. It derives from a putrescine. It is a conjugate base of a 3,4-dihydronaphthalen-1 (2H) -one (1 +). It represents a tautomer of a 4-hydroxy-3-methylpyrrole-2-carboxylic acid zwitterion. It arises from a proton transfer from a hydride to a 3-methyl-5-hydroxypyrrolidin-1-one (1-); it is an enantiomer of a 2,3-dihydro-1H, 5H-pyrrolo [1,2-a] pyrimido [4,3-b] indol-7-ium-6-olate. It contains a D-threo-hex-4-enesuccinate (2-) and a L-erythro-protosulfinate (3-). The ratio of the two enantiomers is approximately 1: 1. It may be a result of a tautomerisation of a N-acetyl-L-tryptophanylamine-- > O-beta-D-ribofuranosyl- (1- > 2) -D-ribofuranosyl-alpha-amino-alditol- (1-oxopropyl) -5-aminohexanicotinic acid. It"
285,". It is a conjugate base of a 4-hydroxy-3-methylbut-2-en-1-one (1 +). It has a role as a human metabolite and a Saccharomyces cerevisiae metabolite. It derives from a hydride of a hexacosane. It contains a hydrogen bonded to a methyl (2E) -3,7-dimethylocta-2,6-dienoate (1-). A tautomer of a 3,4-methylenedioxyhexacosa-2,4,5- (10) -trienoic acid zwitterion arising from a proton transfer from a carboxylic acid group to a hydroxy groups at positions 5 and 6. It arises from a tautomerisation of a 4,6-dimethoxy-2,3-dimethylheptahydronaphthalene-1 (7Z) -ene-1,7-diol. It represents a major metabolite of the herbicide 2,4-dichlorophenoxyacetic acid. It may be an enantiomer of a (5R, 6S) -2,4-dichloro-3,5-dimethylhexacosan-1,6-diol (1,2) -diolate. It originates from a (6R, 7S) -6-chloro-2,3,6,7-tetrachloro-7,8,10,12-tetraoxacycloheptadeca-2,6,10-diene-"
286,"T. It is a member of the class of gangliosides obtained by formal condensation of the carboxy group of N-acetylneuraminic acid with the primary amino group of 2-acetamido-2-deoxy-beta-D-galactopyranosyl- (1- > 4) -N-acetylglucosaminyl. It has a role as a mouse metabolite. It derives from an alpha-Neu5Ac- (2- > 3) -beta-GalpNAc. It is an enantiomer of a (-) -alpha-Neo-6S, 8R-Octadecahexaenoyl-N- [(4Z, 7Z, 10Z, 13Z, 16Z, 19Z) -hexadecatriacontatetraenoyl] -beta-Gal pNAc- (1- < = = = > 1) -2-acetamido- (2 '-deoxy-alpha-L-threo-hex-4' -enopyranosylamine). It represents a tautomer of a neolactotetraosylceramide zwitterion. It arises from a transfer of a proton from a butyric acid to a 6-O-sulfo-N-acetyl-2,7,8,10,13,16,19-octakis-hexahydroxyoctadeca-2,4-dienoyl"
287,"/ 4-Hydroxy-3-methyl-1-phenyl-1H-pyrazolo [3,4-b] pyridin-5-yl acetate. It has a role as a mouse metabolite. It is a conjugate acid of a 3- (4-hydroxyphenyl) propanoate. It derives from a hydride of a 4H-pyrano [3,2-c] pyrazin-4-one. It represents a tautomer of a 3,5-dihydroxymandelic acid zwitterion. It arises from a proton transfer from a 3-hydroxypyridin-2-one to a 4-hydroxyphenylpropanoic acid. A major tautomer at pH 7.3 (according to Marvin v 6.2.0.). It contains a 4- (hydroxymethyl) -3-methylphenyl-1- (3,4,5-trimethoxyphenyl) -1H-pyrrolo [2,3-b, 4-d] pyridine-5- (1H) -xanthen-6-yl group (1 +) and a 2- (4 '-hydroxyphenyl) -4-methylbutanoyl-alpha-L-rhamnopyranosyl- (1- > 2) -beta-D-fructofuranosyl- (1-- > 4) -D-glucopyranoside (1- +) (1-) (w / w ratio = 1:"
288,"is a glycosyloxyflavone that is isorhamnetin substituted by a beta-D-glucopyranosyl moiety at position 7 via a glycosidic linkage. It has a role as a plant metabolite. It is a monosaccharide derivative, a dihydroxyflavone and a glycosylflavonol. It derives from an isoxylo-alpha-L-rhamnoside and a (-) -epigallocatechin 3-O- (6-O-trans-feruloylsophorosyl) -beta-D- (1- > 4) -D-xylopyranose. It represents a conjugate acid of a kaempferol 3 '-O-beta-d-glucoside (1-). It arises from a hydride of an isophornetin. It belongs to a group of flavonols that is acylated at positions 3' and 7 by a beta- [6- (p-coumaroyl) -2-hydroxyhexanoyl] -L-arabinopyranosyl and a 2-hydroxy-3-methylbut-1-en-2-yl groups, respectively. It originates from a (+) -myricetin 3,6,8-triacetate. It contains a cinnamoyl group at position 3 and a prenyl group attached to position 7. It may be a C-glycosyl compound. It"
289,". It has a role as an allergen. It derives from a hydride of an olefinic compound. It is a tautomer of a 4-hydroxy-3-methylbut-2-en-1-one. It arises from a tautomerization of a 2,4-dihydronaphthalene-1 (2H) -one zwitterion. It contains a hydrogen bonded to a 3-methyl-5-oxo-2,3-dihydro-1H-indene-1,2-dione (1 +). It may be a conjugate acid of a 4,4 '-dihydroxy-2,2' -dihydro-3,2 '-oxobicyclo [2.2.1] heptane-1,1' -dicarboxylate (1-) and a 3,4-dihydroxymandelate (2-) .It is an enantiomer of a 2,5-dihyroxy- (3R, 4S) -isonicotinyl-3,3 '-dimethylbutane-1,3-dione. It exists in equilibrium between the two tautomers at pH 7.3. It contributes to the allergenicity of a number of inhalant allergens such as house dust mite, Dermatophagoides pteronyssinus and Cladosporium cladosporioides. It might also be a causative agent of occupational asthma. It"
290,"was significantly higher in women than in men. It has a role as a human metabolite and a mouse metabolite. It is a 3beta-hydroxy-Delta (5) -steroid, a Delta (4) steroid and a 7alpha-hydroxy steroid. It derives from a hydride of a 5alpha-cholest-7-en-3beta-ol. It represents a conjugate base of a 3alpha, 7alpha, 12alpha-trihydroxy-5beta-cholestan-22-one (1 +). It differs from a 3beta, 5alpha-dihydroxy-5alpha-androstane-23,24-dion-ditrans, heptacosa-4,7,10-tetraen-3-one. It contains a 6alpha-hydroxy- (22R) -ergosta-5,7,9 (11) -trien-6-yl group. It belongs to a group of steroids that are substituted by a methyl group at the 3beta-position and two hydroxy groups at the 4beta-position. It carries a 2-fold higher affinity for the androgen receptor than a dihydrotestosterone. It also acts as a weak agonist for the oestrogen receptor. It arises from a tautomerisation of a dihydrotestosterone zwitterion. It may be a tautomer of a"
291,". The molecule is a branched-chain saturated fatty acid that is hexacosanoic acid substituted by a methyl group at position 2. It has a role as a plant metabolite. It is a long-chain fatty acid, an omega-hydroxy fatty acid and a monounsaturated fatty acid. It derives from a hexacosa-2,7,10,13,16-pentakis-tetraenoic acid. Its conjugate acid is a conjugate acid of a 2-oxohexacosanoyl-2-methylvalerate (1-). It arises from a hydride of a hexadecanoic acid. An enantiomer of a (2S, 2E) -2-hydroxyhexacosan-1-yl-2- (methylthio) -decanoate. It consists of a mixture of the two major stereoisomers (70% and 30%). There is a correlation between the degree of unsaturation of the carbon chain and the presence of a methyl groups at positions 2 and 14. It may be a precursor of myristic acid, a biomarker of mycolic acid biosynthesis in Mycobacterium tuberculosis. It can be used as a biomarker for mycolate biosynthesis. It contains a double bonds at positions 14 (1) and 14 (2); it is also a tautomer of a myris"
292,". It has a role as a mouse metabolite. It is a conjugate acid of a taurine (1-). It derives from a hydride of an alpha-amino acid zwitterion. A tautomer of a N-acetyl-L-homoserine. An enantiomer of a D-homotaurine zwittercation. It contains a N, N-diacetyl-L- (2-hydroxyethyl) homoserine (1 +) .H (2) O (2-). One of a number of possible tautomers of a series of N-acetylhomoserine zwitterions (n = 0, 1, 3, 6, 9, 12, 15, 18, 19, 21, 23, 24, 26, 27, 28, 29, 30, 32, 34, 35, 36, 37, 38, 40, 41, 42, 44, 45, 48, 46, 49, 47, 50, 52, 53, 54, 55, 56, 57, 60, 62, 63, 64, 65, 70, 71, 72, 80, 84, 85, 88, 90, 89, 92, 91, 93, 94, 96, 95, 97, 98, 100, 102, 104, 105, 106, 109, 114"
293,". The molecule is a beta-D-galactosyl- (1- > 4) -N-acylsphinganine in which the acyl group specified is hexadecanoyl. It has a role as a mouse metabolite. It derives from a hexadecanoic acid. It is a conjugate acid of a Cer (d18: 1 / 22: 0) (1-). It comes from a hydride of a C20 ergostane. A is a tautomer of a ceramide N-hexacosanoylsphingosine zwitterion. It contains a trans-2-enoyl-1-stearoyl-sn-glycero-3-phospho-L-threo-hex-4-enoylsphingoid base (1 +) .s. It is an enantiomer of a Ceramide N- [2- (octadecanoyl) -sn-glyceryl] -Delta (5) -Cer (1-rac-5Z, 7Z, 11Z, 13Z, 16Z, 19Z) -eicosapentaenoate. It arises from a tautomerisation of a Hexadecanoyl-alpha-D- (1'E, 2'S) -ergostanyl-beta- (1 '-methylethanolaminium) osphingosine zwitter"
294,". It is a conjugate base of a 4-hydroxy-3-methylbut-2-en-1-one (1 +). It derives from a hydride of a hexa-2,4-dienedioic acid. It has a role as a human xenobiotic metabolite, a Saccharomyces cerevisiae metabolite, an Escherichia coli metabolite and a mouse metabolite."
295,". The molecule is a benzoate ester obtained by the formal condensation of the carboxy group of 4-hydroxy-3-methoxybenzoic acid with the hydroxy group of 2-phenylethanol. It has a role as a plant metabolite. It derives from a 4-hydroxybenzoic acid and a 2-phenylpropanoic acid. It is a conjugate acid of a 2- (4-hydroxyphenyl) propan-1-ol-4-carboxylate. It arises from a hydride of a benzoate. It represents a tautomer of a 4- [(2E) -3,7-dimethyl-2,6-dioxabicyclo [3.2.1] heptan-2-yl] phenyl acetate zwitterion. It originates from a tautomerisation of a 3- (p-methoxyphenyl) -2-phenylethanoxy-2,3-dihydro-1H-pyrazol-5-one. It contains a hydrogen bonded to a beta-D-xylopyranosyl- (1-- > 4) -beta-L-glucopyranosyl- (1- > 2) -4-methylbutanoyl-alpha-L- (1- < -- > 6) -D-glucopyranosyl unit. It belongs to a class of benzoates that is substituted by a methyl groups at positions 2 and 4, a methoxy groups at position 3 and a"
296,"(2-). It has a role as a mouse metabolite. It is a conjugate base of a 4-hydroxy-3-methylbut-2-enedioic acid. It derives from a hydride of a 1,4-benzenediol. It contains a 3-methyl-5-oxo-4,5-dihydro-1H-pyrrolo [2,3-d] pyrimidine-2,6-dicarboxylate (1-) and a 3,5-di-O-acetyl-L-threo-hex-4-enopyranuronate- (1- > 2) -alpha-D-glycero-alpha, beta-didehydro-6-phosphogalactoside (1- +) zwitterion. It belongs to a class of pyrroles that is substituted by an acetamido group at the 1-position and a carboxy group on the 5-position of the pyrazine ring. It represents a tautomer of a 2,5-diaminopyrazine-3,6-dicarboxylic acid bis (2-carboxylatoethyl) amide. It arises from a tautomerisation of a 2,4-diamino-5- (acetylamino) -6- (isopropylamino) -5-hydroxypyrazole-2,3- (1H, 4H) -triazin-3 (2H) -one. It"
297,"S.: The molecule is a member of the class of dithiocarbamates that is diethyldithiocarbamate in which one of the hydrogens attached to the dithiocarbamate group has been replaced by a 4-chlorophenyl group. It has a role as an EC 3.1.1.7 (acetylcholinesterase) inhibitor, an agrochemical and an environmental contaminant. It derives from a diethyldithiocarbamate. It is a conjugate acid of a dichlorvos (1-). It arises from a tautomerisation of a diethyl dithiocarbamate zwitterion. It contains a 4- (4-chlorophenyl) -2,2-dimethylbutane-1,3-dithiol-1-ylidenemalonato-κ (2) N (3), N (4) -bis (thiocarbamoyl) -2- (methylsulfanyl) ethane-1,2-diolate. It represents a tautomer of a 1,1 '-diethyl-2,2' - (p-methoxyphenyl) bis [3- (methylsulfonyl) propane-1,3] dithioethane. It originates from a deprotonation of a methyl group on the dithiocarbamate moiety of a monomethoxybenzenesulfinic acid; it is a tautomeric form of a dichlorobenzenesulfonic acid. A metabolite of the fungicide dichlofluanid. It"
298,"ós. It is a monocarboxylic acid and a member of benzenes. It derives from a hydride of a 1,4-benzodiazepin-2 (1H) -one. It has a role as a human xenobiotic metabolite, an Escherichia coli metabolite, a mouse metabolite and a Daphnia magna metabolite. It contains a 4-hydroxy-3-methylbut-2-en-1-yl group. It may be a conjugate acid of a 3,4-dihydronaphthalene-1,2-dicarboxylate (1-). It represents a tautomer of a 3,5-dihydroxymandelic acid zwitterion. It arises from a proton transfer from a hydroxide to a 2,3-dimethylbutane-1,4-diol (2-). The tautomer is a conjugate base of a 3,4,5-trimethoxybenzenesulfinic acid. It reflects a tautomerism of a 3,5- (methylenedioxy) benzenediacetic acid. There is a double bond between the two benzene rings at the periphery of a benzodiazepinone skeleton. It can be a tautomeric counterpart of a 2,4-diacetamido-2,4,6-trideoxy-beta-L-threo-hex-4-enopyranosid-5-ulose. It also is a taut"
299,"CONS: IDENTIFICATION FOR A RETROSPECTIVE MEDICINE. It has a role as an EC 3.1.1.7 (acetylcholinesterase) inhibitor, an antineoplastic agent and an anti-inflammatory agent. It is a conjugate acid of a droloxifen (1-). It derives from a hydride of an olefinic compound. It contains a 3-hydroxy-4-methylbut-2-en-1-yl group. It belongs to a class of diarylheptanes that is substituted by a methyl group at position 7 and a 3,5-dimethylphenyl group at positions 2 and 5. It arises from a condensation of a propafenone with the primary amino group of a 2,3-dihydro-1H-imidazo [4,5-f] -1,2,4-benzothiazol-6-one. It acts as an allosteric modulator of the muscarinic acetylcholine receptor M1 (M2) receptor. It does not have any effect on other receptors such as alpha-adrenergic, beta-adrenergic or histamine receptors. It also has a potential use as an antimuscarinic antagonist, an antispasmodic drug, an antihypertensive agent, an analgesic, an anticoronaviral agent, a cardiotonic drug, a vasodilator agent and a cardioprotective agent."
300,"). It has a role as an allergen. It is a conjugate base of a 3-amino-1-phenylpropan-2-ol. It derives from a hydride of a 1,4-benzenediol (1 +); it is a tautomer of a 3,5-diaminopentane-1,2-diol zwitterion arising from a proton transfer from the carboxylic acid group to the hydroxy group at the 5-position of the phenyl ring. It contains a 2,3-dihydro-1H-imidazo [4,5-f] [1,2,4] triazolo [1,5-a] pyrimidin-7-one (1-) and a 1,3-benzodioxol-5-ylidene (2-) anion. It belongs to a class of imidazoles that is substituted by methyl groups at positions 2, 4, 6 and 7 and a tert-butyl group at position 5. It arises from a tautomerisation of a 2,5-diaminotetrahydro- (1H-imidazol-4-yl) -1,3,4-thiadiazole-3- (1H) -one. It originates from a deprotonation of a primary amino group of a 2,3,5-trimethyl-5- (t-butyl) -1H-imidazole-4- (H) -"
301,"). It has a role as an allergen. It is a conjugate base of a para-aminobenzoic acid. It derives from a hydride of an anthranilate. It contains a 4-amino-3-methylbut-2-en-1-ylbenzoate (1-). A tautomer of a p-aminobenzoate zwitterion arising from a proton transfer from the carboxylic acid group to the anilino group; it is the major species at pH 7.3. It arises from a parent compound of a series of 4-aminosalicylic acid zwitterions, which is formed by proton exchange between the carboxy and anilino groups in the form of a N-acetyl-N-acetylmuramoyl-L-alpha-alanyl-D-isoglutaminyl- (1-- > 4) -D-glutamate- (2-) -meso-2,3-diaminopimelyl-beta-aspartyl-5-amido-7-oxo-deacetamidohexanoyl-6-oxo- (3-) -L-alaninato-8-azaocta-2,4-dienoate. It carries a proton at each of the four C = C bonds of the molecule (2S, 3S) -3-hydroxy-N- ("
302,". The molecule is a D-glucitol in which the anomeric centre has beta-configuration. It has a role as an Escherichia coli metabolite and a mouse metabolite. It derives from a beta-D-glucose. It is a conjugate acid of a (3R, 4S) -3-hydroxy-3-deoxy-6-O-phosphono-alpha-L-threo-hex-4-enopyranosyl- (1- > 2) -D-glucopyranose (1-). it is an enantiomer of a meso-2,3-dihydroxy- (1R, 2S) -1,2-dihydronaphthalene-1-propanoic acid. It represents a tautomer of a 3,6-dihydroxymyristic acid zwitterion. It arises from a hydride transfer from a ditrans, polycis-hexacis-2,6-dienedioic acid to a myo-inositol (2-). It contains a 3- (3,5-dihydroxyphenyl) -1-phospho-1D-fructofuranose (4-). There is a hydrogen bond between the pyranose ring and the phosphoric acid group (3-); it is the major tautomer at pH 7.3. It reflects a tautomerisation of a 3,4,6-trihydroxy-2-deoxy"
303,"yric acid (1 +). It has a role as an Escherichia coli metabolite and a mouse metabolite. It is a conjugate acid of a 3-hydroxyanthranilate. It derives from a hydride of an anthranilic acid. It represents a tautomer of a 3- (3-hydroxy-3-methylbut-2-en-1-yl) propanoic acid zwitterion arising from a proton transfer from a carboxylic acid group to a 5-hydroxypentane-1, 4-diyl group; it is the major species at pH 7.3. It belongs to a class of xanthones that is produced by Streptomyces griseorubiginosus and acts as a cofactor in the biosynthesis of vitamin B6. It contains a hydroxycoumarinic acid (1-) and a 2,3-dihydroxy-6-methyl-5-oxo-2,3-dihydro-1H-pyrano [2,3-f] quinoline-4-carboxylic acid (2-). There is a tautomerism of a 6- (3,5-dihydroxyphenyl) -2,3-dimethylbutanoyl-alpha-D-ribofuranosyl- (1-- > 3) -D-xylo-hexopyranosyl-beta-L-arabinopyranoside. It arises from a condensation of"
304,": Quercetin 7-O-beta-D-glucoside. It has a role as a plant metabolite. It is a monosaccharide derivative, a trihydroxyflavone and a tetrahydroxyflavone. It derives from a (-) -epigallocatechin 3-O- [alpha-L-rhamnopyranosyl- (1- > 2) -beta-D] -D-glucoside via a glycosidic linkage between the hydroxy groups at positions 3 and 5 of the catechin moiety. It represents a conjugate acid of a (+) -3,5,7,3 ', 4' -tetrahydroxyflavan-7-O- {beta-D- [6-O- (1-methylethyl) -2-deoxy-alpha-l-lyxo-hexopyranos-4-ulopyranosyl] -beta-D-} -beta-glucopyranoside (1-). It arises from a hydride of an epigallocatechin. It belongs to a group of flavonols that is substituted by a glucosyl group at position 3 and a beta-glucosiduronic acid at position 7. It originates from a trans-3,4-dihydroxycatechin- (4-- > 6) -trans-p-coumaroylenedioxy-3- (3-methylbut-3-en-1-yl)"
305,"(2-aminoadipyl) -L-gamma-glutamyl-L-serine. It has a role as an Escherichia coli metabolite and a mouse metabolite. It derives from a L-glutamine. It is a conjugate base of a N (epsilon) - [(2R) -2-amino-3-hydroxy-4-methylpentanoyl] -L-lysine (1 +). It arises from a tautomerisation of a zwitterion formed by a proton transfer from the carboxy group to the amino group; it is the major species at pH 7.3. It contains a beta-D-aspartylglutamyl- (2S, 3S) -3-hydroxyglutaminyl- (4S, 5S) -4-methylbutanoyl (3-) -L- (p-hydroxyphenyl) -alpha-amino acid zwitterions. It represents a tautomer of a N- (omega-methyl) -3- (5-oxo-4,5-dihydro-1H-pyrrolo [2,3-b] pyridin-2-yl) valinylglycine- (S) -alanyl- (R) -aspartic acid. It differs from a previously described N- (delta-5-enyl) -5-oxopentanoic acid derivative. It originates from a glutamate and a glycine zwitter"
306,"is a 3-oxo-Delta (1), Delta (4) -steroid that is dehydroepiandrosterone in which the hydroxy group at position 17 has been oxidised to the corresponding aldehyde. It derives from a dehydroepiandrosterone. It is a conjugate acid of a 17-oxopregnadien-3-yl-beta-D-glucuronide (1-). It arises from a hydride of a 1,4-androstadiene-3,17-dione.It is an enantiomer of a 3beta, 17alpha-dihydroxy-5alpha-androstan-22-one. It contains a 17beta-hydroxy group and a 3beta-hydroxy-5beta-pregnan-20-one (2-). A tautomer of a 3alpha, 17beta- (S) -dihydroxyprogesterone zwitterion. It may be a metabolite of a contraceptive gestagen. It has a role as a contraceptive drug, an anti-inflammatory agent, an antipyretic, an antineoplastic agent, a human urinary metabolite and a mouse metabolite. It originates from a norethisterone acetate. It consists of a double bond between positions 6 and 7, a keto group at C-20 and a ketone group at O-3. It belongs to a class of steroids known as progestagens. It"
307,"(2): The patient is a 27-year-old woman who was admitted to the emergency department with complaints of abdominal pain, nausea, and vomiting. She had been diagnosed with acute appendicitis. She has a history of anorexia nervosa and bulimia nervosa. She does not have a family history of eating disorders. It is a member of gypsies, a primary amine, a tertiary amino compound and a secondary amino compound. It derives from a hydride of a dibenzo [b, f] cyclohepta [1,2-b: 5,6-b '] dinaphthalene. It contains a 3-hydroxy-4-methylbut-2-en-1-yl group. It has a role as a human metabolite. It may be a conjugate base of a 3,4-dihydronaphthalene-1,8-diol (1 +). It arises from a tautomerisation of a N-acetyl-D-aspartylglutamate zwitterion. It represents a tautomer of a N- (2,3-dihydro-1H-indol-5-yl) -3-hydroxymandelate. It also contributes to a tautomeric distinction between a 3- (3-hydroxyphenyl) propanesulfonic acid and a 2- (3,5-dihydroxyphenyl) propanoic acid. It"
308,". The molecule is a member of the class of phenols that is phenol substituted by a methoxy group at position 4. It has a role as a plant metabolite. It derives from a hydride of a phenol. It is a conjugate acid of a 4-methoxyphenol (1-). It arises from a tautomerization of a 3,4-dimethoxyphenol zwitterion. It represents a tautomer of a 3-methoxy-4-hydroxy-5-methyl-2-phenyl-2,3-dihydro-1H-benzo [e] isoquinolin-1 (2H) -one. It contains a hydrogen bonded to a 3,5-dimethyl-2,4-dihydroxy-6-oxo-1,2-dihydrobenzo [c] chromen-1-yl group and a 3,4,5-trimethoxyphenyl group (1 +). A major species at pH 7.3 (according to Marvin v 6.2.0.); it is an enantiomer of a 2,5-dimethoxy-3-methylphenol. There is no precedent for this compound in the literature, but it has been shown to be a metabolite of 2,4,6-trichloro-1,3,5-trihydroxybenzohydroxynaphthalene. It may be a precursor of phloroglucinol, which is thought to be involved in the biosynthesis"
309,"narratively. It has a role as an Escherichia coli metabolite and a mouse metabolite. It is a conjugate acid of a N-acetylmuramoyl-L-alanyl-D-isoglutamine (1-). It derives from a hydride of a beta-lactam. It contains a 2-acetamido-2-deoxy-3-O- [(2R) -2-hydroxyethyl] -L-threo-hex-4-enopyranosyluronic acid (2-). The major tautomer at pH 7.3 (according to Marvin v 6.2.0.); it is a tautomer of a N- (2-aminoethyl) -N-acetylglucosaminyl- (2S, 3R) -3-hydroxy-2,3-dihydro-1H-indole-1-carboxylate zwitterion arising from a proton transfer from a carboxylic acid group to the amino group of a 6-aminopenicillanic acid. It arises from a tautomerization of a 6- (aminoiminomethyl) -4,6-dideoxy-5-O-phosphono-alpha-L- (ribofuranosyl) -D-glucoronan-2 '-O-sulfate. It represents a secondary amino compound and a member of N-acylmuramycins. It consists of a monosaccharide"
310,". It has a role as a mouse metabolite. It derives from a hydride of an olefinic compound. It is a conjugate base of a 4-hydroxy-3-methylbut-2-en-1-ol (1 +). It represents a tautomer of a 3,4-dihydronaphthalene-1 (2H) -furan-2 (3H) -one zwitterion. It arises from a proton transfer from a diol to the oxetane ring of a 1,4-dihydro-2,2-dimethyl-1H-inden-5-ol. It contains a hydride (1-) and a 1,2-benzenediol (2-). The major tautomer at pH 7.3 (according to Marvin v 6.2.0.)."
311,. The molecule is a dipeptide formed from L-aspartic acid and L-threonine residues. It has a role as a metabolite. It derives from a L-aspartate and a L -threonine. It is a conjugate acid of a N-acetyl-L-aspartate--L-threonyl- (1 -- > 2) -L-aspartate (1-). It arises from a tautomerisation of an aspartate-- > L-asparate zwitterion. It contains a beta-D-aspartyl residue. It may be a tautomer of a delta-aminovaleric acid. It originates from a hydride of a trans-4-amino-but-2-ene-1-carboxylic acid. An enantiomer of a gamma-aminobutyrate. It consists of a Delta-aminoadipic acid zwitterions. It reflects a tautomerization of a delta- (+) -gamma-ammoniumylacetate. It can be a consequence of a proton transfer from the carboxyl group to the alpha-amino group of a glutamate (or vice versa); it is a major tautomer at pH 7.3. It suggests a possible involvement of a Michael adduct between a glutamate and an aspartate. It comes from a glutamic acid zwittercation. It
312,". It is a conjugate base of a 4-hydroxy-3-methylbut-2-en-1-one (1 +). It derives from a hydride of a hexacosane. It has a role as a human metabolite and a Saccharomyces cerevisiae metabolite. It contains a hydrogen attached to a methyl group at the 3-position of a pentacosanoic acid. It may be an enantiomer of a 3-deoxy-D-manno-oct-6-ulosonic acid (III) .It is thought to be a tautomer of a 3,6-dideoxy-alpha-L-talopyranosonate zwitterion. It arises from a tautomerisation of a 3,4,6-trideoxy-alpha- (L-threo-hex-5-enoate) -6-aminopentane-1, 6-diolate. It represents a major species at pH 7.3 (according to Marvin v 6.2.0.). There is a direct link between a 2,3-diketogluconic acid (II) and a myo-inositol 1,4,5-trisphosphate (I) (it is also referred to as Ins (1,4,5) P3) or Ins (1,4,5,6-pentakisphosphate) (VI) ("
313,". It has a role as a mouse metabolite. It derives from a hydride of an olefinic compound. It is a conjugate base of a trans-4-hydroxy-3-methylbut-2-en-1-one (1 +). It represents a tautomer of a cis-3,4-dihydronaphthalene-1,2-diol zwitterion arising from a proton transfer from a carboxylic acid group to a hydroxy groups at both sides of the olefin and a tertiary amino group; it is the major species at pH 7.3. It arises from a tautomerization of a 2,3-dihydroxymercury-5-ene-1,5-diol. It consists of a mixture of two tautomers, one of which is formed by addition of a proton to each of the two oxygen atoms of a 4,5-dihydroxy-3,7-dimethylocta-2,6-dienoate (1-) and the other by protonation of the secondary amino group of a 2,4-dihydroxyheptane-1,7-dioic acid (2-) .The major tautomer is a bis (3,5-dioxo-2,3-dihydro-1H-pyrazol-6-yl) acetate. It contains a 2,3- (O-methyl) -dihydro-4,4-"
314,". The molecule is a divalent inorganic anion obtained by deprotonation of the two carboxy groups of molybdate. It has a role as a human metabolite, a Saccharomyces cerevisiae metabolite and a cofactor. It is an inorganic anion and a molybdenum oxoanion. It contains a molybdate (2-). It derives from a molybdo-bis (oxalato) ruthenate. It consists of a hydride of a Mo (V) (2 +) ion. It represents a conjugate base of a molybdopterin guanine dinucleotide. It exists in a tautomer of a Molybdenum (VI) -bis (oxotetrasulfate) (3-); it is a conjugate acid of a [MoO (5) (4-)]. It arises from a reduction of a molybdenum (II) to molybdenum (III) at a pH 7.3. It corresponds to a molybdophosphoric acid. A number of molybdates are present in molybdates used in mineral fertilisers. It can be derived from one of them (molybdate) but it is not always the one that is the one which is considered to be the one with the highest oxidation state of the metal (1 + / 2 + / 3 + / 4 + / 5 + / 6 +"
315,"(5Z, 8Z, 11Z, 14R) -icosatetraenoic acid is an icosanoid anion that is the conjugate base of 15-HETE, obtained by deprotonation of the carboxy group; major species at pH 7.3. It has a role as a human xenobiotic metabolite and a mouse metabolite. It is an omega-hydroxy fatty acid anion, a 3-oxo-Delta (1), Delta (4) -enoate and a 15- (S) -hydroperoxyicosatetraenoate. It derives from a 12-HETE (1-). It comes from a hydride of a 14,15-trihydroxyicosa-4,8,11,14-tetraenoic acid. It belongs to a class of 5-HETEs that is substituted at position 8 by an alpha-L-rhamnopyranosyl- (1- > 2) -beta-D-glucopyranosyloxy group (1: 1 ratio) and at position 12 by a (5S) -hydroxy-7Z, 10Z, 13Z, 16Z, 19Z, 22Z, 26Z, 29E-octacosahexaenoyl (1S, 2S, 3R, 6S, 7S, 8S, 8R, 9R, 10S, 12S) stereochemistry. It"
316,"). It has a role as an epitope. It derives from a tyrosine. It is a conjugate acid of a N-acetyl-L-tyrosyl-N- (5-nitro-2-furylideneamino) -2-phenylacetamido] -L-alanine zwitterion. It arises from a proton transfer from a carboxylic acid to a free 5-nitrofurylidene group. It contains a L-tryptophanyl group and a non-proteinogenic L-alpha-amino acid residue (1-). The tautomer is an enantiomer of a D-5-methoxytryptophanyl-N- [5-methoxy-2- (furyl) -1H-indol-3-yl] -2- (acetylamino) -L-alaninal zwitterions. It represents a tautomer of a 1-O-beta-D-threonyltryptophanyl- (5Z) - (5E) -5- (aminomethyl) -5-oxo-1,2-dihydro-2H-pyran-4-olate. It consists of a zwitteration of a DL-tryptophan zwittertadecarboxamide zwittercation. It reflects a change in the hydrogen bond between the indole ring and the phenyl ring of the L-tryptophan side chain. It"
317,"oglycerols were obtained by the formal condensation of the carboxy group of linoleic acid with the hydroxy group of glycerol. It derives from a linoleic acid. It is a conjugate acid of a 1-stearoyl-2-linoleoyl-sn-glycero-3-phospho- (1 '-sn-glycerol) (1-). It has a role as a human metabolite and a mouse metabolite. It arises from a hydride of an octadecane. It represents a tautomer of a 2- (9Z, 12Z, 15Z, 18Z) -octadecatrienoyl-1,2-diglycero- (4Z, 6Z, 8Z, 10Z, 13E) -hexadecatrienoic acid zwitterion. It contains a 6-O-palmitoyl-alpha-L-threo-hex-4-enoylglycerosato-beta-D-glucosyl- (1- > 2) -alpha-linolenoyl moiety. It belongs to a group of triacylglycerols 18: 1 / 2-0: 0 ratios (1: 1 + 2: 0) 9: 1 and 9: 0 / 12: 0 (8: 0 + 10: 1) 7: 1. It reflects a dietary intake of omega-3 fatty acids."
318,". It has a role as a mouse metabolite. It derives from a hydride of an olefinic compound. It is a conjugate base of a trans-4-hydroxy-3-methylbut-2-en-1-ol (1 +). It represents a tautomer of a trans- (4Z, 7Z, 10Z, 13Z, 16Z, 19Z) -dodec-4,7,10,13,16,19-hexacosapentaenoyl-beta-D-fructofuranosyl- (5E, 8E, 10E, 12E, 14E, 17E) -octacosahexaenoic acid zwitterion. It arises from a transfer of a proton from a carboxy group to a hydroxy groups at positions 7 and 16 of the docosahexaenoate moiety; it is the major species at pH 7.3. It belongs to a category of omega-hydroxy fatty acids that are zwitterions in which one of the four hydroxy groups is replaced by a 1,2-dihydronaphthalene-3,7-diyl group. It originates from a cis-4- [(1R) -1-hydroxyethyl] -2,3-dimethylbutanoyl-L-threo-hex-5-enoylenedioic acid."
319,"(1-) was obtained by deprotonation of the phosphate OH groups of 3-hydroxy-4-methoxybenzoic acid; major species at pH 7.3. It has a role as a human metabolite and a Saccharomyces cerevisiae metabolite. It derives from a benzoate. It is a conjugate base of a 3-hydroxymyristic acid. It represents a conjugate acid of a 3- (3,4-dihydroxyphenyl) -4-methoxybenzoate (2-) .It is an enantiomer of a 3,5-dihydroxy-4- (3-hydroxyphenyl) benzoic acid 2-O-phosphate zwitterion. It arises from a hydride transfer of a benzoate to a 3 '-hydroxybenzoyl-3-methyl-5-methoxy-beta-D-ribofuranosyl-2,5-dideoxy-alpha-L-threo-hex-1-enuronic acid (5-). It may be a tautomer of a 3,4,6-trihydroxybenzoate 2-O- (3 ""-hydroxyphenyl) -D-ribosyl-5' -carboxylato-5, 6 '-O-carboxyloctacarboxylic acid (6-). One of two possible tautomers of a 3,6-dihydroxybenzoic acid 2,3-bis (p-tolyl) -2,5-dioxabicyclo [2."
320,"A, B, C, D, E, N-dioleoylphosphatidylethanolamine and 1-stearoyl-2-arachidonoyl-sn-glycero-3-phosphoethanolamine at pH 7.3. It has a role as a mouse metabolite. It derives from an arachidonic acid. It is a conjugate acid of a (7Z, 10Z, 13Z, 16Z, 19Z) -14,15-epoxydocosapentaenoyl-2- [(1Z, 2Z, 3Z, 4Z, 5Z, 7S, 8Z, 9E, 14S) -hexadecatriacontahexaenoic acid] -1- (palmitoylethanolamine.2. It is an enantiomer of a corresponding (12Z, 15Z, 17Z, 18Z, 21Z, 24Z, 29Z, 32Z, 42Z, 44Z, 46Z, 55Z, 657-) -docosahexaenoate. It arises from a hydride of a docosa-4,7,10,13,16,19-hexaene-5,8,10,12,19-pentaol. It represents a tautomer of a 12-hydroxyeicosatetraenoic acid zwitterion. It originates from a deprotonation of a 6-hydroxystearic"
321,"MATERIAL AND METHODS The study was a cross-sectional study. It has a role as a mouse metabolite. It is a monocarboxylic acid and a member of benzenes. It derives from a hydride of a 1,4-benzodiazepin-2 (1H) -one. It consists of a conjugate acid of a 3,4-diaminobutane-1, 4-diol (1-). It represents a tautomer of a 3-amino-3-phenylpropanoic acid zwitterion. It contains a 3- (3-ammoniopropyl) -3-hydroxypiperazine-1-ium-1,2-diolate. It arises from a tautomerisation of a 2,3-diaminopentane-1,4-diol zwitterions. It can be a consequence of a proton transfer between two molecules of the tertiary amino group of a 3,5-diaminoheptane-1,4,5- (1H, 5H) -triazacyclopentane-1,5-dicarboxylic acid. It may be a result of an interaction between the primary amino groups of these compounds. It carries a positive charge at both ends of the molecule. It comes from a hydrate of a 3,6-diamino-1,2,4-triazabicyclohex-5-ene-carboxylic acid."
322,"(3alpha, 17alpha) -Dihydroxy-5beta-cholestan-26-oic acid. It has a role as a human metabolite and a mouse metabolite. It is a conjugate acid of a 3beta-hydroxy-5alpha-cholestane-26alpha-carboxylate. It derives from a hydride of a 5alpha-cholest-6-en-3beta-ol. It belongs to a group of steroids that are 5alpha-androstanes substituted by hydroxy groups at positions 3, 7 and 16 (the 3beta, 7alpha, 16alpha stereoisomer). It contains a 6beta-hydroxy group and a 4-oxo-4beta-cholan-24-ene-3,26-olide-1-yl group. It represents a tautomer of a 3beta- (S) -androstenol-5-one zwitterion formed by a proton transfer from a sulfuric acid to a hydroxyl group at position 7. It may be a candidate for a human urinary metabolite of a non-steroidal anti-inflammatory drug. It can be used as a biomarker of exposure to environmental pollutants such as heavy metals or pesticides. It also has a potential use as a diagnostic tool for toxicological studies. It appears to be a member of steroid hormones and a precursor of a"
323,"). It is a member of the class of cephalosporins that is cephalothin in which the hydrogen at position 3 has been replaced by a 2-amino-2-deoxy-beta-D-glucopyranosyl group. It has a role as an antimicrobial agent and an antiinfective agent. It derives from a cephalosporin C. It is an enantiomer of a (R) -3- (2-aminothiazol-4-yl) -2- (methoxyimino) -2-oxo-1,3-dihydrothiazole-5-carboxylic acid. It contains a (S) -3-acetamido-2- [(2S, 3S) -2,3-dihydro-1H-imidazol-1-yl] -2-oxopyrazolo [3,4-b] [1,4] benzoxazin-6-ylidenemalonoyl] -L-alanyl-L-alanine zwitterion. It arises from a condensation of a cephalosporin C with the alpha-amino group of a L-serine. It represents a conjugate acid of a cephalothenesulam (1-). As a prodrug, it is used for the treatment of infections caused by Gram-negative bacteria such as Escherichia coli, Klebsiella pneumoniae, Pseudomonas aeruginosa, Enterobacter spp., Proteus mirabilis, and Serratia marcescens"
324,"SUMMARY: The molecule is a hydrochloride resulting from the reaction of equimolar amounts of moxifloxacin and hydrochloric acid. It contains a moxifloxacin (1 +). It is an enantiomer of a moxifloxacin hydrochloride. It has a role as an antimicrobial agent, an antibacterial drug, an EC 3.1.1.8 (peptidyl-dipeptidase A) inhibitor, an antiinfective agent and an anticoronaviral agent. It derives from a moxifloxacin. It represents a conjugate acid of a (S) -moxifloxacin (1-). As a prodrug, it is used for the treatment of infections caused by Gram-negative bacteria such as Pseudomonas aeruginosa, Klebsiella pneumoniae, Acinetobacter baumannii, Enterobacter cloacae, Escherichia coli, Serratia marcescens, Proteus mirabilis, Shigella sonnei, Citrobacter freundii, Stenotrophomonas maltophilia, and Morganella morganii; it is also used in combination with other antimicrobial agents to treat complicated skin and skin structure infections, urinary tract infections, and respiratory tract infections due to multidrug-resistant strains of E. Elizabez et al. (E."
325,"(3-hydroxy-5-methyl-2-oxo-4-thiabicyclo [3.1.0] hex-3-en-1-yl) -L-serine in aqueous solution at pH 7.3. It has a role as an Escherichia coli metabolite and a mouse metabolite. It derives from a L-serine. It is a conjugate base of a N-acetyl-L-serine- (S) -thiohydantoin (1 +). It arises from a tautomerisation of a N- [(3S) -3-hydroxybutanoyl] -L-serinate zwitterion arising from a proton transfer from the carboxy group to the amino group; it is a tautomer of a L- [3- (hydroxysulfonyl) -5-methyl- (3R) -hydroxy-5- (hydroxymethyl) -2-oxopyrazolo [3,4-d] pyrimidin-7-yl] -beta-D-alaninate. It differs from a previously reported L-cysteine thiohydantoins, which are zwitterions of both zwittertophosphorylserine and its N-acetylcysteinylglycine zwittercation. It contains a 3- (3,5-dihydroxyphenyl) propanesulfonate (1-) zwitterate. It"
326,"I. The molecule is a member of the class of echinocandins that is echinocandin B in which the hydrogen at position 2 has been replaced by a beta-D-glucopyranosyl- (1- > 3) -N-acetyl-alpha-L-fucosaminyl residue. It has a role as an antifungal drug, an EC 3.5.4.22 (1,3-beta-glucan synthase) inhibitor and an antifungal agrochemical. It is a disaccharide derivative, a C-glycosyl compound, a monosaccharide derivative and a glycopeptide. It derives from an echinocandinin B. It is an enantiomer of a (+) -2- [(2R) -2-amino-2,3-dihydro-1H-benzimidazol-1-yl] -3-deoxy-6-O-sulfo-beta- d-glucopyranosyl-5-O- (4-hydroxyphenyl) -D-glucopyranose. It contains a (-) -2- {[2- (2,3,4-trihydroxybenzoyl) -1-piperidinyl] methyl} -6- [(3R) -3-hydroxy-1,2-dioxo-3- (pyrrolidin-3-yl) butanoyl] -alpha-l-arabinopyranoside (1-). It arises from a conjugate acid of a fuconazolate."
327,"is a steroid acid anion that is the conjugate base of chenodeoxycholic acid, obtained by deprotonation of the carboxy group; major species at pH 7.3. It has a role as a human metabolite. It is a beta-D-glucosiduronic acid, a bile acid anion and a monocarboxylic acid anion. It derives from a cholest-4-en-24-oic acid. It contains a chenodeoxychola-4,6-dien-3-one (1-). It arises from a hydride of a 5beta-cholan-22-ol. It comes from a cholate. It may be a tautomer of a taurochenodeoxycholate zwitterion. It consists of a tauro-chenodesoxycholyl-beta-hydroxy-5-cholanic acid zwitterate. It comprises a mixture of 2-chenodeoxysulfotaurolithocholic acid zwitterionate (2-) and taurine conjugates (3-). There is a ratio of 1: 1 (w / w) = 1: 2 (1: 0). Taurine is a primary amino acid and taurine is a secondary amino acid with a glycine as the amino acid component. It carries a 6-sulfo-alpha-"
328,"SUMMARY: The molecule is an organic cation obtained by protonation of the tertiary amino group of (S) - (1-methyl-1H-indol-3-yl) acetic acid; major species at pH 7.3. It has a role as a human metabolite and a Saccharomyces cerevisiae metabolite. It is an ammonium ion derivative and an organosulfur heterocyclic compound. It derives from a (1S, 2S) -1,2-benzisothiazol-3 (2H) -ene-1-carboxylic acid. it is a conjugate acid of a (R) -1,2,3,4-tetrahydro-1- [(1R, 2R) -1-methylpyrrolidin-2-yl] -2-oxocyclohex-4-ene-6-carboxylate. It exists as a tautomer of a rac-2,3-didehydro-L-tryptophan zwitterion. It arises from a proton transfer from a secondary amino group to a primary amino group. It contains a (+) -2,2,2-trimethyl-3- (5-hydroxy-1,3-dioxolane-5-ylidene) propanoic acid. One of a number of possible tautomers of a series of indole alkaloids isolated from Catharanthus roseus and Calophyllum brasiliense."
329,"SO3Ac- (1- > 3) -N-acetyl-beta-D-galactosamine. It has a role as an epitope. It derives from an alpha-L-fucopyranose. It is a conjugate acid of a 2-acetamido-2-deoxy-3-O-sulfo-4-O- (sulfo) -beta-D, N-acetylgalactosaminide (1-). It arises from a deprotonation of a sulfo group at the 6-position of a branched hexasaccharide chain consisting of two galactose units and one N-acetylglucosamine residue (1-3) -linked by alpha- (2- > 6) -linkages. It represents a tautomer of a neolacto-4,6-dideoxy-6- [(3S) -3-hydroxy-3- (sulfooxy) propyl] -D-glucopyranose zwitterion. It originates from a hydride of a beta-Galp- (1- < -- > 4) -D-GlcpNAc. A third member of a family of sulfated disaccharides that have been shown to be involved in the pathogenesis of autoimmune diseases such as rheumatoid arthritis and Sjogren's syndrome. It can be used as a hapten for the development of diagnostic tests based on anti-carbohydrate antibodies. It"
330,"). It has a role as an EC 3.1.1.7 (acetylcholinesterase) inhibitor, an antibacterial agent and an antifungal agent. It is a conjugate base of a trifluralin (1 +); it is an enantiomer of a trifluoperazine. It derives from a hydride of a 1,3-benzoxazol-2 (3H) -one. It represents a tautomer of a bifluuralin zwitterion arising from proton transfer from the carboxylic acid group to the phenothiazine ring. It contains a trifluoro-4-trifluoromethylphenoxazin-3-ium (1-). The major tautomer at pH 7.3 (according to Marvin v 6.2.0.). As a prodrug, it is used for the treatment of infections caused by extended-spectrum beta-lactamase-producing Gram-negative bacteria such as Escherichia coli, Klebsiella pneumoniae, Pseudomonas aeruginosa, Enterobacter spp., Serratia marcescens, Citrobacter freundii, Proteus mirabilis, and Morganella morganii. It does not have a central nervous system adverse effect, but it has been shown to be more effective than the parent compound in vitro and in vivo. It also has a broad-spectrum antimicrobial activity against methicillin-resistant Staphylococcus aureus and vancomycin-resistant enterococci. It"
331,". It is a conjugate base of a 6-hydroxy-5-oxo-5,6-dihydropterin-2-carboxylic acid. It has a role as a human metabolite and a Saccharomyces cerevisiae metabolite. It derives from a hydride of a 5,6,7,8-tetrahydro-2H-pyrido [2,3-b] pyran-2 (3H) -one. It contains a 6- [3- (4-hydroxyphenyl) propyl] -2-oxopent-3-en-1-yl group (1-). It belongs to a class of hydroxyisoquinolines that is formed by condensation of the phenolic hydroxy group of pyridoxine with the carboxylic acid group of 6-hydroxymuconic semialdehyde. It represents a tautomer of a 6'S, 7'R-dihydronicotinoyl-5 ', 7' -dihydro-beta-D-erythro-pyrano-hex-2 '-ene-3' -carboxylic acid zwitterion. It arises from a pyridoxine (2-) protonation of a 5,7-dihydroxy-6-hydroxypyridin-2,4 (1H, 3H) -dione at position 6; it is the major species at pH 7.3. It corresponds to a vitamin B (12) H (4-)."
332,"(-). It is a conjugate base of a 3-amino-4-hydroxy-5-methyl-2-oxocyclohexa-2,5-diene-1-carboxylic acid. It has a role as a human metabolite and a Saccharomyces cerevisiae metabolite. It derives from a hydride of a cyclo-hexane-1,4-dien-1,2,5,6-tetraol. It contains a L-threo-beta-aspartate- (1- > 2) -beta-aspartyl moiety (1-). A tautomer of a D-aspartate-- > L-aspartic acid zwitterion. It arises from a proton transfer from a H (+) -Asp (2-) to an alpha-L-aspartato-D-asparate (1-]. It consists of a complex of a N (alpha), N (beta) -bis (aspartato) -D-asparatosuccinamate zwittercation (1 +); it is the major species at pH 7.3 (according to Marvin v 6.2.0.). There is a direct link between a D- and L-aspartate zwitterions. It may be a conjugate acid of a L- (2,3-dihydroxypropyl) -3-ammonio-4- [(2R) -2-hydroxyethyl"
333,"). It is a conjugate acid of a 3-hydroxy-4-oxobut-2-enoate. It has a role as a human metabolite and a Saccharomyces cerevisiae metabolite. It derives from a hydride of a 2,3-diketogluconic acid. It contains a (2E, 4E) -2,4-dihydroxy-5-methylpenta-2,4-dien-1-yl group (1-). There is a tautomer of a 6-oxo-2,3-dehydro-3-hydroxymyristic acid zwitterion arising from a proton transfer from the carboxylic acid group to the alpha-position of a beta-D-fructofuranosyl- (4beta-- > 6) -D-fructofuranosyl unit. It represents a major species at pH 7.3 (according to Marvin v 6.2.0.); it is an enantiomer of a (2R, 3S) -2,3-dihydroxy- (4aS, 6R) -2,4,6-trihydroxy-5- [(1E, 6E) -2,6-dioxo-3,7-dihydro-1H-pyrimid-6-yl] -4-oxocyclohexa-2,5-dienyl-3- (p-hydroxyphenyl) -2-oxoacetate."
334,"sufide. It is a conjugate base of a 3 ', 5' -di-O-acetyl-beta-L-threo-hex-4-enopyranosyluronic acid. It has a role as an Escherichia coli metabolite and a mouse metabolite. It derives from a beta-D-GlcpNAc- (1- > 4) -alpha-D: - (2- > 6) -D-GlcpA (3-). It contains a 2-acetamido-2-deoxy-alpha-l-arabino-hexopyranosyl group (1-) and a 3-hydroxy-3-methylbut-1-enoyl group (2-). There is a tautomer of a 2,3-bis-O- (3-hydroxymyristoyl) -3-hydroxypropanoic acid zwitterion arising from a proton transfer from a carboxylic acid group to a hydroxy groups at positions 3 and 6 of the pyranose rings. It arises from a hydride of a ditrans, polycis-uni-tridecasaccharide. It consists of a 3,6-dideoxy-6- [(1R) -1-hydroxyethyl] -D-xylo-heptulos-5-ulosonic acid (4-). One of two"
335,"is a member of the class of benzamides obtained by formal condensation of the carboxy group of phenylacetic acid with the amino group of 2-naphthylamine. It has a role as a chromogenic compound. It derives from a phenylacetic acid. It is a conjugate acid of a 2-acetamido-2- (4-methoxyphenyl) -4-phenyl-3-oxobicyclo [2.2.1] heptane-1-carboxylate. It arises from a tautomerization of a N- (2,4-dichlorophenyl) -2-naphthylacetic acid zwitterion arising from a proton transfer from a carboxylic acid to a N-acetyl-2-naphtalene-1,3-diyl group; it is a tautomer of a 2- {4- [3- (trifluoromethyl) phenyl] -1H-imidazol-5-yl} -4-phenylacetamido- [1,1 ': 3', 2 ''-terphenyl] -4-methylenecyclohexa-2,5' -diene-1,7-dicarboxamide. A metabolite of the herbicide fluazifop-P-ethyl. It binds to the active site of cytochrome P450 2E1 (CYP450 2E1), resulting in inhibition of its catalytic activity. It also acts as an inhibitor of fatty acid β-"
336,". The molecule is a member of the class of xanthones that is 9H-xanthen-9-one substituted by hydroxy groups at positions 1, 2 and 6 and a methyl group at position 3. It has a role as a plant metabolite. It derives from a hydride of an oxacycle. It is a conjugate acid of a 9,10-dihydro-9H- [1,3] dioxolo [4,5-h] xalen-9 (10H) -one (1-). It arises from a tautomerization of a 2,3-dihydroxy-9,10-dihydroxanoanthracene-9,10-dione zwitterion; it is a tautomer of a 1,2-dihydronaphthalene-3,6,8-triol. It represents a major species at pH 7.3 (according to Marvin v 6.2.0.). An enantiomer of a (+) -xanthan-1,8-diol. It contains a (-) -alpha-L-rhamnopyranosyl- (1-- > 2) -beta-D-glucopyranosyl- (1- > 3) -D-xylopyranosyloxy) -L-erythritol (2-). A metabolite of the fungal pathogen Penicillium digitatum. It exists in equilibrium between two tautomers, one of which is protonated at"
337,". It is an organic heterotetracyclic compound isolated from the aerial parts of Celastrus orbiculatus. It has a role as a plant metabolite and an anti-inflammatory agent. It derives from a 3-hydroxy-4-methylbut-2-en-1-one. It belongs to a class of guaiacols that is guaiacol substituted by a beta-D-glucopyranosyl- (1- > 6) -p-coumaroyl group at position 5, a alpha-L-rhamnopyranosyl- (2- > 3) -2-O-methylbutyryl group at positions 3 and 7 and a methyl group attached to position 8 via a glycosidic linkage. It represents a tautomer of a guaiacin zwitterion formed by transfer of a proton from the carboxy group to the phenolic hydroxy group. It arises from a hydride of a norbornene. It comes from a conjugate acid of a neolignan G (1-). It contains a free acid. It may arise from a tautomerisation of a dihydronaphtho [2,3-c] furan-9 (6H) -one. A tautomer exists in a tautomeric form of a hydroperoxyguaiacin G. It is a conjugate base of a"
338,"(1 → 3) -gallocatechin-7-O-β-D-glucoside in the aerial parts of Myrtus communis. It has a role as a plant metabolite. It is a trihydroxyflavanone, a member of 4 '-hydroxyflavanones and a polyphenol. It derives from a (-) -epigallocatechin gallate and a (+) -trans-pinocatechin- (4beta-- > 8) -catechin. It represents a conjugate acid of a kaempferol 3-O- [(2R) -3- (3,4-dihydroxyphenyl) prop-2-en-1-yl] -alpha-L-rhamnopyranosyl- (1- > 4) -beta-D- glucopyranoside (1-). It arises from a hydride transfer from a procyanidin B2 to a (2S) -naringenin. It exists as a tautomer of a (3R) -3' -hydroxy-5 '-methoxyflavan-7- (4-hydroxyphenyl) -cis-2,3-dihydrochalcone zwitterion. It can be considered as a compound of interest because it is a major component of the extract of the bark of Maclura tinctoria. It may be a precursor of a number of compounds that have been isolated from"
339,"It is a member of the class of pyrazoles that is 1H-pyrazole which is substituted at positions 2, 4, and 5 by nitro, methyl, and trifluoromethyl groups, respectively. It has a role as an EC 2.7.11.24 (mitogen-activated protein kinase) inhibitor, an apoptosis inducer, an antineoplastic agent and an anti-inflammatory agent. It is an organofluorine compound, a nitrile, a secondary amino compound and a pyrazoline. It derives from a hydride of a 4H-pyrazolo [4,3-b] pyridine. It represents a tautomer of a 2- (trifluoromethyl) -1H-pyrazol-1-one zwitterion. It arises from a tautomerisation of a 2H-pyrazole-3,5-dicarboxylato-1H-1,2,4-triazolo [1,5-a] pyrimidin-4-one. It contains a trifluoromethanesulfonate. It originates from a proton transfer from a pyrazole to a 2,4,5-trimethylpyrazole-5-carboxylic acid. A tautomer is a conjugate acid of a 2,5-difluoro-3- [4- (trifluoro-methoxy) phenyl] -4-nitropyrazolidine-1- (2H) -yl-1,2-dihydro-3H-imidazol-3-"
340,". It has a role as a mouse metabolite. It derives from a tryptophane. It is a conjugate acid of a tryptophanyl-3-hydroxy-4-methylphenylalaninate (1-). It arises from a tautomerization of a N-acetyl-L-tryptophanamide zwitterion arising from a proton transfer from the carboxy group to the amino group; it is the major species at pH 7.3. It represents a tautomer of a 1-methyl-3- (3-hydroxyphenyl) -4,5-dihydro-1H-indole-2-carboxylato-D, L-alaninate. It originates from a hydride of a 5-hydroxynaphthalene-1-carboxylic acid. It belongs to a class of indoles that is substituted by an acetyl group at position 2 and a 3-hydroxyisoquinolin-6-yl moiety at position 3. It contains a 2,3-dihydroxy-4- [(Z) -3-hydroxyphenyl] -1-methylbutanoyl group (1 +) and a L-threo-2,6-diaminopimelyl- (2S) -2-aminoadipate (2-) at the 1 + and 2 + enantiomers respectively. It may be a precursor of kynurenic acid, which is present in human urine"
341,"is a 3-oxo-Delta (4) steroid, an 11beta-hydroxy steroid, a 20-oxo steroid and a primary alpha-hydroxy ketone. It has a role as an anti-inflammatory drug, a human xenobiotic metabolite and a mouse metabolite. It derives from a hydride of a 5alpha-androstane. It is a conjugate acid of a 5beta-pregnan-3alpha-ol-20-one (1-). It represents a tautomer of a 3beta-hydroxy-5alpha-estran-11,20-dione zwitterion. It contains a 2-oxoimidazolidin-2-ylidene group at the 20beta-position. It arises from a tautomerization of a 3beta- (4-hydroxyphenyl) -5alpha-androstan-3,20-dien-17-one zwitterium. It consists of a hydrate of a 4beta-hydroxyandrost-5-en-21-oic acid. It carries a 2beta-OH group (1 / 2); it is considered to be a precursor of a pro-inflammatory cytokines such as tumor necrosis factor alpha (TNF-alpha) and interleukin-6 (IL-6) which are thought to play a crucial role in the pathogenesis of acute and chronic inflammatory diseases"
342,". It has a role as a mouse metabolite. It derives from a hydride of an olefinic compound. It is a conjugate base of a (E) -3- (4-methylbut-2-en-1-yl) -2-oxohex-3-enoic acid. It represents a tautomer of a 3- [(Z) -3-oxoprop-1,3-enyl] -2- (1H-indol-5-ylcarbonyl) propanoic acid zwitterion. It arises from a proton transfer from a carboxylic acid to a 2,3-dioxo-2,3-dihydrobenzo [b] furan-6-yl group. It contains a 2- (3,4-methylenedioxyphenyl) -2,3-dihydro-1- (2H) -furo [3,2-c] pyran-4-yl substituent (1 +) and a hydrogen atom of a butane-1,4-diyl (2 +). It belongs to a class of isochromenes that is isochromene substituted by a methyl group at position 3 and a hydroxy group at positions 2 and 5 (one of the two hydroxy groups in the molecule is replaced by a tert-butyl group, while the other hydroxy group is substituted by an allyl group). A member of iso"
343,"SUMMARY: The molecule is an organic cation obtained by protonation of the tertiary amino group of (+ / -) -2-hydroxy-N, N-dimethyltryptamine; major species at pH 7.3. It has a role as a human xenobiotic metabolite. It is an ammonium ion derivative and an organic cationic compound. It derives from a 2-hydroxytryptamine.2. It is a conjugate acid of a 2- (1H-indol-3-yl) -N- (4-methylpiperazin-1-ylcarbonyl) -N, N '-dimethyltryptamine (1 +). It arises from a tautomerisation of a 1- (5-oxo-5,6-dihydro-1,2,4-triazolo [4,3-a] pyrimidin-7-ylmethyl) -2- (p-hydroxyphenyl) ethanamine zwitterion. It contains a 5- (hydroxymethyl) -1-methyl-1H-indole-3- (2H) -carboxylato-2-imidazoline (1-). A tautomer of a 7- (beta-D-ribofuranosyl) -7-deazaisoquinolinium hydrogen sulfate (2 +) .s. it is an enantiomer of a 6- (alpha-L-arabinopyranosyloxy) -8-methoxy-8-methoxy"
344,". The molecule is a member of the class of phenols that is phenol substituted by a chloro group at position 4. It has a role as an environmental contaminant and a xenobiotic. It derives from a phenol. It is a conjugate acid of a 4-chlorophenol (1-). it is an enantiomer of a 3,5-dichloro-4-hydroxy-2-methylphenol. A tautomer of a 2,4-dichlorophenol zwitterion. It arises from a proton transfer from a chloride to a hydrogen bond of a 2,4,6-trichloro-1,3,5-triphenyl-1-phenylhexa-2,4-dien-3-one. It comes from a hydride of a 1,4-benzenediol. It contains a chlorine (2-). It originates from a meta-chlorobenzene-1,3-dicarb-5-yl-amino-6-chloro-D-glucuronic acid. It consists a conjugate base of a 2,6-dichlorophenol- (4-hydroxyphenyl) -D-glucuronate. It reflects a tautomerisation of a 4,6-dichloropicolinic acid zwittercation. It corresponds to a tautomeric form of a 3,6-dihydroxymellein. It may be a consequence of a protonation of a phenolate. It"
345,"). It is a member of quinolines, an organic heterotetracyclic compound and a secondary amino compound. It derives from a 1H-quinolizin-4 (1H) -one. It has a role as an anti-ulcer drug, an EC 3.1.1.7 (acetylcholinesterase) inhibitor, an antispasmodic drug and an antineoplastic agent. It contains a 5-aminosalicylic acid (1 +). A tautomer of a salazosulfapyridine zwitterion. It arises from a hydride of a 5H- [1,2,4] triazolo [4,3-b] quinazolin-6 (5H) -ylacetic acid. It represents a conjugate acid of a sulfasalazine (1-). Its tautomer is a tautomerically identical to that of a desloratadine zwitteration. It may be derived from a sulfathiazole. It can be a tautomers of a chlorazocollinium and a sulfasalazopyrine zwitterions. It belongs to a group of 2-aryl-1,3-dihydropyrazol-4-one 1,1-dioxide zwitterions. It expresses a positive charge at the third position of a series of substituted anilino-1,4-benzoquinone derivatives. It"
346,". It has a role as a mouse metabolite. It derives from a hydride of an olefinic compound. It is a conjugate base of a 4-hydroxy-3-methylbut-2-en-1-ol (1 +). It represents a tautomer of a 3-methoxy-4-hydroxybutane-1,2-diol zwitterion. It arises from a proton exchange between a hydroxy group and a tertiary amino group at the 1-position of a 1,4-dihydronaphthalene-1,7-diol. It was a conjugate acid of a 2,3-dihydroxymyristic acid. It originates from a tautomerization of a 3,4-dihyroxymyristoyl-1,4-dihydroperhydroperylene-2,6,8-triacontane-1,7,9-diolate. A major metabolite of 2,3,7,8-tetrachlorodibenzo-p-dioxin (TCDD) in mice. It can be used as a biomarker of exposure to TCDD. It involves a tautomerism of a 2,4-dihydroxy-6-methyl-1,2,3,4-tetrahydroperylenedioxy-1,3,5-tricyclohex-10-ene-1,3-olate. It may also be a source of a similar metabolites in humans. It"
347,"It is a tripeptide composed of L-leucine, L-threonine and L-proline joined in sequence by peptide linkages. It has a role as a metabolite. It derives from a L-leucyl-L-threonine- (5Z, 8Z, 11Z, 14Z) -icosatetraenoic acid. It is an enantiomer of an all-cis-5-hydroxy-5,8,11,14,17-icosapentaenoate. It contains a L- (6S, 8R, 9S, 10R, 12S) -5,6-dihydroxy-8-oxotetrahydrocyclohex-2-en-1-yl] -L-leucine (1-). It represents a tautomer of a (6R, 8S, 9R, 10S, 12R, 14E, 16Z, 19R, 20S) -5-hydroxy [6-amino-5- (3-hydroxypropyl) -3-oxopentanoic acid zwitterion. It arises from a deprotonation of a hydroxyl group at the C-terminus of a hexadec-6-enoic acid; it is also a major species at pH 7.3. It reflects a tautomerisation of a hexahydro-1H-indolo [4,3-b]"
348,"(3-sulfophenyl) -N-acetyl-beta-D-glucosiduronic acid in rats. It has a role as a mouse metabolite. It derives from a sulfuric acid. It is a conjugate acid of a 6-sulfo-3-sulfophenyl-N-acetylglucosaminate. It comes from a hydride of a 4H-pyran-4-one. It contains a 3-O-sulfobenzoyl group (1-) and a sulfate group (2-). It arises from a tautomerism of a 5-sulfosalicylic acid zwitterion. A tautomer of a 7-sulfobromoisoindole-1,3-dithiol-2-one disulfonate. It exists in a tautomeric form of a 7H-benzo [b] naphtho [2,1-b] xanthen-6-sulfonic acid zwitterions arising from a proton transfer from the sulfo group to the carboxylic acid group. It represents a member of the class of sulfamates that is formed by reaction of sulfamic acid with hydrogen sulfate. It carries a 3- (p-hydroxyphenyl) -1H-1,2,4-benzotriazole-5-sulfonate. It belongs to a tautomers of a sulfonated derivatives of"
349,"luteolin 7-O-beta-D-glucoside at pH 7.3. It has a role as a plant metabolite. It is a hydroxyflavone and a glycosyloxyflavone. It derives from a 3 ', 4', 5,7-tetrahydroxy-5-methoxyflavan-7-one. It originates from a conjugate acid of a kaempferol 3-O- [(S) -p-coumaroylglucopyranosyl- (1- > 2) -alpha-L-rhamnopyranosyl] - (1- < - > 6) -feruloyl-alpha-l-rhamnoside B. It is an enantiomer of a myricetin 3 '-O-rutinoside. It arises from a myo-inositol 3,4,5,6-tetrafluoro-7,4' -triacetate. It belongs to a class of hydroxyflavones that is derived from a (2S) -2-methylbut-3-en-1-ol via a glycosidic bond between the hydroxy group at position 3 'and the anomeric carbon atom of a (2R) -5-hydroxy-2- (4-hydroxyphenyl) -4H-furo [2,3-c] pyran-4-carboxylic acid. It represents a major component of the flavonoid fraction of Scutellaria baicalensis"
350,"RESULTS: The molecule is a trisaccharide consisting of alpha-L-fucopyranose, beta-D-galactopyranose and D-glucopyranose residues joined in sequence by (1- > 4) glycosidic bonds. It has a role as an epitope. It is a member of galactofuranoses and a glycosylglucose derivative. It derives from an alpha-L- (-) -fucose and a beta-D- (+) -galactose. It comes from a tautomer of a 1,6-anhydro-beta- (1-4) -D-galactose zwitterion. It contains a 1,2-dideoxy-alpha-l-arabino-hexopyranos-4-ulose (1-). It originates from a cellobiose. It may be a conjugate acid of a 1,4,6-tri-O-acetyl-2-deoxy-beta-d-galactitol 6-phosphate (2-) .B. It is an enantiomer of a 2,3-dehydro-alpha- (1R) -Galactose- (4R) -6-acetamido-6- (R) -hex-3-ulopyranosyluronic acid. It belongs to a group of trisaccharides composed of two monosaccharides each linked in sequence (1- < -- > 2) and (1-"
351,"(2). It has a role as a mouse metabolite. It derives from a catechol. It is a conjugate acid of a 4-hydroxy-3-methylbut-2-en-1-ynoate (1-). it is an enantiomer of a 3,5-dimethoxy-4-methyl-5-oxo-4,5-dihydropyrano [2,3-b] furan-2 (1H) -carboxylate. It arises from a tautomerization of a 3,4-dihydroxy-5- (methoxycarbonyl) -2-oxocyclohexa-2,5-diene-1, 6-dione zwitterion. It represents a tautomer of a 3,4,5-trihydroxy-5,6-dimethoxycyclocta-2,4-dienedioic acid. It originates from a hydride of a cyclo-hexa-1,4-diene. It reflects a tautomerism of a 3- (hydroxymethyl) -5-hydroxybicyclo [2.2.1] heptane-2,6,8-triene-3,7-diol. It may be a consequence of a proton transfer from a hydroxy groups to the carboxylic acid group (s."
352,". The molecule is a member of the class of benzamides obtained by formal condensation of the carboxy group of 4- [(4-fluorophenyl) sulfonyl] benzoic acid with the amino group of 2-naphthylamine. It has a role as an EC 2.7.11.24 (mitogen-activated protein kinase) inhibitor, an apoptosis inducer and an antineoplastic agent. It derives from a 2-naphthalenesulfonic acid. It is a conjugate acid of a N-methyl-N- [4- (trifluoromethyl) phenyl] -2-naphthylamide (1-). It arises from a tautomerisation of a 2- [(4,6-difluoro-2-oxo-3,4-dihydro-2H-pyran-5-yl) carbonyl] -N-methylbenzamide zwitterion; it is a tautomer of a 3- [(2,4-dibromo-6-chloro-3-pyridinyl) oxy] -2- [(1H-imidazol-1-ylmethyl) amino] propanoic acid. A metabolite of the herbicide fluazifop-P-ethyl. It binds to the active site of Janus kinase 2 (Jak-2), leading to inhibition of its tyrosine kinase activity. It induces apoptosis in vitro and in vivo. It also acts as an inhibitor"
353,"(5Z, 8Z, 11Z, 14R) -icosatetraenoic acid is a metabolite of arachidonic acid. It has a role as a human xenobiotic metabolite and a mouse metabolite. It is a conjugate acid of a 5-oxo- (7Z, 10Z, 13Z, 16Z, 19Z) -docosahexaenoate. It derives from an all-cis-docosa-7,10,13,16,19-hexaenoic acid. it is an enantiomer of a 7-oxo-9Z, 12Z, 15Z, 18Z, 21Z, 24Z, 27Z-hexacosapentaenoyl-CoA (4-). It comes from a hydride of an icosa-5,8,10,13,14,19-pentakis-tetraenoic acid that is an intermediate in the biosynthesis of prostaglandins D2 and D3 by COX-1 and COX-2 respectively. It contains a (5S, 6R) -5,6-dihydroxy-6-oxohexadeca-2,6,10-trienoic acid (1-). A-homo-gamma-glutathionyl-S-cysteinylglycine (2-) is also a major component of the conjugate base of a 6-hydroxy-8-oxo- (7"
354,"). The molecule is a member of the class of imidazoles that is 1H-imidazole which is substituted at positions 2, 4, and 5 by (S) -2-amino-3-methylbut-2-en-1-yl, hydroxy, and methyl groups, respectively. It has a role as an EC 2.7.11.24 (mitogen-activated protein kinase) inhibitor. It is an imidazoles, a tertiary amino compound and a secondary amino compound. It derives from a tautomer of a (2S, 4S, 5R) -2- (hydroxymethyl) -4,5-dihydro-1H-imidazo [4,5-f] [1,2,4] triazolo [1,5-a] pyrimidin-5-amine. It arises from a hydride of a 1H-imidazo- [5,4-b] pyrimidine. It represents a conjugate acid of a tolvaptan (1-); it is an enantiomer of a tadalafil (1 +). It contains a (2R, 3S, 4R, 5S) -2,4,4-Trifluoro-2- {[4- (trifluoromethyl) phenyl] oxy} butane-1,3-diyl] bis (1H-indol-6-yl) phosphate. It corresponds to a zwitterion. It"
355,"(20alpha-hydroxypregn-4-en-3-one), a metabolite of progesterone. It has a role as a human metabolite and a mouse metabolite. It is a 3beta-hydroxy-Delta (4) -steroid, a 20-oxo steroid and a 3-oxo-5alpha-steroid. It derives from a hydride of a pregnane. It contains a 5beta-pregnane-3beta-ol-20-one. It represents a conjugate base of a 3alpha, 5alpha-dihydrotestosterone (1 +). It may be a tautomer of a 5alpha-androstan-3beta, 17beta-diol zwitterion. It consists of a hydride group attached to a 3alpha- (17alpha) -hydroxy-4beta-methylcholest-5-ene-3,20-dion-22-one (1-). A hydride group at the 3beta-side-chain of a C21-steroids. It carries a 6beta-hydroxy substituent. It belongs to a series of 7alpha-hydroxy steroids that are substituted by methyl groups at C-6 and C-17. It binds to the androgen receptor (AR) with high affinity (Kd = 10 (-9) -10 (-11) M) but does not bind to"
356,". The molecule is a peptide cation obtained by deprotonation of the carboxy and amino groups of L-histidyl-L-leucinal; major species at pH 7.3. It has a role as a human metabolite. It is a conjugate acid of a L-Histidyl- (L-leucyl) -L-histidine. It exists as a tautomer of a N (alpha) - [(2R) -2- (1H-imidazol-4-yl) -2-oxoethyl] -L-histidinium (1 +). It derives from a L- (histidyl) -L-leucine zwitterion. A tautomer is a result of a transfer of a proton from a carboxy group to a side-chain amino group. It contains a N- (2-aminoethyl) -N (alpha-D-threo-hex-3-enoyl) -D-alaninate. It belongs to a family of histidines that is protonated at the C-terminal end of the molecule (1-) it is also an enantiomer of a N- [(2E) -3- (5-oxo-4,5-dihydro-1H-imidazo [4,5-f] [1,2,4] triazin-6-ylidene) -1-oxoprop-2-"
357,"It is a tripeptide composed of L-glutamic acid, L-aspartic acid and L-proline joined in sequence by peptide linkages. It has a role as a metabolite. It derives from an aspartic acid, a L-glutamate and a DL-proline. It is an enantiomer of a (S) -glutamyl-L-aspartate- (2S, 3R) -3-hydroxy-2-methyl-3-oxoprop-1-enesulphonylpropanoic acid. It contains a L- (1S, 2R) -3- (hydroxymethyl) -2-methylprop-1,2-dioxaphosphorinan-5-yl group. It arises from a tautomerization of a Glu-Asp-Lys-Pro zwitterion. It consists of a tautomer of a GluAsp-Gly-Pro- (4S, 5R) -4-hydroxymyristic acid zwittercation. It originates from a hydride transfer from a D-aspartate to a pro-R-4-hydroxyisopentanedioic acid; it is the major tautomer at pH 7.3. It reflects a tautomerisation of a glutamate-AspAla zwitterate. It may be a tautomeric choice of a glutamate- (3S, 4R, 5S) -5-hydroxy"
358,"""It is a member of the class of xanthones that is 9H-xanthen-9-one substituted by hydroxy groups at positions 1, 3 and 6 and a methyl group at position 2. It has a role as a plant metabolite. It derives from a hydride of an xanthan. It is an enantiomer of a (1R, 2R) -1,3,6,9,9a-hexahydronaphtho [2,3-b] furan-2,8 (1H, 6H) -dione. It contains a (3R, 6R) -1,2-dihydroxy-3- (hydroxymethyl) -1-methylbut-3-en-6-yl group. It represents a tautomer of a dihydromyricetin zwitterion. It arises from a tautomerisation of a dehydro-1-deoxy-beta-L-glycero-alpha-D-manno-oct-2-ulopyranosiduronic acid. It may be a conjugate acid of a trans-1,3,6-trihydroxypentacyclonaphthalene-2,8,9 (1H) -diol-7-ium-2,6-bis (carboxylatoacetamido) -D-galacto-gamma-lactone (1-). It consists of a zwitter"
359,"(dAdo) is a member of the class of gangliosides obtained by formal condensation of the carboxy group of stearic acid with the amino group of N-acetylneuraminic acid. It has a role as a mouse metabolite. It derives from an octadecanoic acid and a Neu5Ac2. It is a conjugate acid of a N-acetyl-N- [(7Z, 10Z, 13Z, 16Z) -docosapentaenoyl] neuramine- (1- > 3) -beta-D-GalNAc- (1 < - > 4) -alpha-L-GM3 (1-). It arises from a hydride transfer from a stearic acid to a Cer (d18: 0 / 22: 6). A tautomer of a 12-O-sulfo-Delta7,10,13,16-icosatetraenoic acid zwitterion. It originates from a tautomerisation of a 12- (7-oxoheptadecan-9-ylamino) -5,8,10-triacontadec-1-yl-sn-glycero-3-phospho-N-aminohexacosaminium. It represents a major species at pH 7.3 (according to Marvin v 6.2.0.); it is an enantiomer of a"
360,"ês. CONFLIUND: None of the authors has a role as an EC 3.1.1.7 (acetylcholinesterase) inhibitor, an antineoplastic agent and an anti-inflammatory agent. It is a conjugate acid of an aceclofenac (1-). It derives from a hydride of an olefinic cis-1,4-dien-2-one. It represents a tautomer of an aceto-trans-4-hydroxycoumarin zwitterion. It contains a 3-hydroxy-2- (4-hydroxyphenyl) -3-methyl-1-oxo-2,3-dihydrobenzo [b] pyran-5-olate. It arises from a tautomerisation of an acetoacetic acid. It originates from a proton transfer from an enol to an oxoprop-beta-D-enesulphonate. It may be a conjugate base of an orciprenaline (1 +). An enantiomer of a chlorphenadrine tosylate it is also present in the urine of patients with chronic obstructive pulmonary disease (COPD); it is thought to be responsible for some of the side effects associated with the use of this drug. It has a central nervous system depressant effect, an analgesic, an antispasmodic, an anti"
361,"(11S, 12S) -Dihydroxy- (5Z, 8Z, 10E, 13E) -icosatetraenoic acid is a metabolite of arachidonic acid. It has a role as a human xenobiotic metabolite and a mouse metabolite. It derives from an all-cis-5,8,10,12,14,17-icosapentaenoate. It is a conjugate acid of a (7Z, 9Z, 12E, 14Z, 16Z, 19Z) -14,15-dihydroxydotrienoyl-3-hydroxy-5-oxoferuloyl-sn-glycero-4-phosphocholine (4-). It arises from a hydride of an icosa-7,10,13,16,19-pentaen-1-yl-1,2-dideoxy-alpha-D-threo-hex-6-ulose. It represents a tautomer of a 7-oxo-9 (10), 11 (14), 16-epoxyeicosatetraenoate zwitterion. It originates from an arachidonate 2,3-bis (palmitoyloxy) -5- (palmitoyl) -sn-glycero- (4Z, 7-didehydro-2-oxohexanoyl) -3-phosphocholita-2,4-dienoate"
362,"(5Z, 8Z, 11Z, 14R) -icosatetraenoic acid is an intermediate in the biosynthesis of arachidonic acid. It has a role as a human xenobiotic metabolite and a mouse metabolite. It is a conjugate acid of a 5-oxo- (7Z, 10Z, 13Z, 16Z, 19Z) -docosahexaenoate. It derives from an all-cis-docosa-7,10,13,16,19-hexaenoic acid. it is an enantiomer of a 7-oxo-9Z, 12Z, 15Z, 18Z, 21Z, 24Z, 28Z-octacosahexaenoyl-CoA (4-). It comes from a hydride of an icosa-4,8,10,13,14,19-pentakis-hexacosapentaenoyl [2-hydroxy-3- (octadecanoyl) propyl] -sn-glycero-3-phospho-L-serine. It contains a (5S, 6S) -6-hydroxysphingadienoic acid (1-). A tautomer of a 6-deoxy-7-oxopentanoic acid-CoA zwitterion arising from a proton transfer to the carboxy group; it is a major species at pH 7.3. It"
363,". is a member of the class of xanthones that is 9H-xanthen-9-one substituted by hydroxy groups at positions 1, 3 and 6 and a prenyl group at position 2. It has been isolated from the aerial parts of Delphinium styracifolium. It derives from a hydride of an xanthan. It is a conjugate acid of a kaempferol 3-O-beta-D-xylopyranosyl- (1- > 2) -alpha-L-rhamnoside (1-). It represents a tautomer of a quercetin 3-O- [(1R) -1-hydroxy-3-methylbut-2-en-1-yl] -beta-D- glucopyranoside zwitterion. It arises from a proton transfer from a quercetin to a trans-9,10-dihydronaphtho-1,3,6,8-tetraen-7-ol. It contains a cis-1,2-dihydroxy-3- (p-hydroxyphenyl) -butan-4-one (2-) as the major tautomer. It originates from a migration of a proton from the hydroxy group to the exocyclic ring of a 2,3-dihydro-5-methoxy-2,2-dimethylpyrano [3,4-c] xanthene-1 (3H)"
364,"It is a hydroxy monocarboxylic acid and a 3-hydroxy carboxylic acid. It derives from a L-tryptophan. It is an enantiomer of a D-3-hydroxytryptophol. It has a role as a human xenobiotic metabolite, a Saccharomyces cerevisiae metabolite, an Escherichia coli metabolite and a mouse metabolite. It contains a (3R, 4S) -3-hydroxy-4-methylbut-2-enoate. It arises from a hydride of a L- [3- (3,4-dihydroxyphenyl) -4,5-dihydro-1H-1,2,4-triazol-5-yl] alanine. It represents a tautomer of a (3S, 4R) -3- (3-hydroxyphenyl) -4-methylbutanoic acid zwitterion formed by proton transfer from a proton of a hydroxy group to a tertiary amino group. It differs from a (1R, 2S) -3,4,5,6-tetrabromocyclohex-1-yl-5- (3,4,5-trimethoxyphenyl) -L-alaninate. It consists a conjugate base of a rac-3,3-dihydroxy-4- (3,5-dimethylphenyl) -5-methyl-1,2,3,4-tetrahydropyrrolo [2,3-f] pyrrole-2 (1H) -one. It reflects a proton protonation of a meso-"
365,". The molecule is an ammonium ion resulting from the protonation of the amino group of homoserine. It has a role as a human metabolite and a Saccharomyces cerevisiae metabolite. It is a conjugate acid of a homoserine (1 +). It derives from a hydride of a 3-aminopropane-1-sulfonic acid. A tautomer of a N-homoserine zwitterion. It exists in equilibrium with a 2-amino-3-methylbutane-1,3-dithiol-4-ium (1-) and a 5-methyl-2-ammonio-3- (methylsulfanyl) -1-propanesulfonate (2-) at pH 7.3 (according to Marvin v 6.2.0.). There is a direct correlation between a decrease in the hydrogen bond basicity of a branched-chain amino acid and an increase in the number of carbon atoms involved in the formation of a bifurcated side chain. It arises from a condensation of two molecules of L-serine with one molecule of D-serine. It contains a homospermidine zwittercation. It belongs to a class of quaternary ammonium salts. It consists of a zwitterions of a L-serines and a N, N-dimethyl-L-alaninium. It expresses a"
366,"). It has a role as an Escherichia coli metabolite and a mouse metabolite. It is a conjugate acid of a 4-hydroxy-3-methylbut-2-en-1-oate. It derives from a hydride of a (E) -hex-5-ene-1,4-dioic acid; it is an enantiomer of a 3-hydroxyisovaleric acid 4-hydroxymalonyl-L-threonyl-beta-D-glucosiduronic acid. It contains a (R) -3-hydroxyisonorbornyl group (1-). A tautomer of a 3- (3-hydroxyphenyl) propanoic acid zwitterion arising from proton transfer from the carboxylic acid group to the alpha-position of a free 3-hydroxyl-4-methylbutanoyl-L- (S) -threonyl side chain. It arises from a tautomerization of a 3,5-dihydroxy-4- [(Z) -3- (methoxycarbonyl) -2-oxopropyl] butanoylamino-6-oxocyclohexa-2,5-dienesulfinate. It belongs to a class of iminopyrimidines that is derived from a 2,3-dihydro-1H-indene-1,3-dione and a hydantoin."
367,"S, S-Diacetyl- (5Z, 8Z, 11E) -5,8,11,14-eicosatetraenoic acid. It has a role as a mouse metabolite. It derives from a cysteine. It is a conjugate acid of a 5-S-sulfo-L-cysteinylglycine betaine (1-). It comes from a hydride of an icosa-4,7,10,13,16-hexaen-20-oic acid. A tautomer of a 5- [(2R) -2-hydroxy-3-oxopropyl] -4,5-dihydro-1H-indole-1-thiol-4-carboxylic acid zwitterion arising from proton transfer from the carboxy group to the amino group; it is the major species at pH 7.3. It contains a 2-O-acetyl-D-threo-hex-5-enoyl- (7Z, 9Z, 13Z, 16Z, 19Z) -docosahexaenoyl moiety. It arises from an all-cis-docosa-6,8,11,14,15-tetraenoic acid and a 2- (acetyloxy) -3-oxotetradec-7-enoyl-L- (4Z, 10Z, 14Z, 17Z, 20Z"
368,"(4). The molecule is a member of the class of cephalosporins obtained by formal condensation of the carboxy group of cephalothin with the amino group of L-cysteine. It has a role as an antibacterial drug. It is a cephalosporin, a monocarboxylic acid and a beta-lactam antibiotic. It derives from a cefaclor. It contains a L-cysteinyl- (S) -2-acetamido-2-deoxy-beta-D-erythro-hex-4-ulosonic acid (1-aminocyclopropane-1-carboxylate). A conjugate acid of a cefoperazone-sulbactam (1-). It arises from a hydride transfer from a cephalosporin to a mercapto-3-cephem carboxylic acid. It consists of a zwitterion. It represents a tautomer of a Cefoperazon-sulfanyl-L-cys-2,3-dicarboxymethyl-3- (2-thienylacetamido) -2,3-dihydro-5-oxo-7H-furo [2,3-b] [1,4] oxazin-6-ium-7-olate zwitterionate. It originates from a cis-trans-cefoperazonam-sultam zwitterate. It"
369,". It is a member of the class of xanthones that is 9H-xanthen-9-one substituted by hydroxy groups at positions 1, 3 and 6 and a methyl group at position 2. It has a role as a plant metabolite. It derives from a hydride of a 9H- xanthan-9 (10) -one. It arises from a conjugate acid of a kaempferol-3-O-beta-D-xylopyranosyl- (1- > 2) -alpha-L-rhamnoside (1-). It exists as a tautomer of an isoliquiritigenin zwitterion. It contains a free ketonic acid anion. It originates from a glycyrrhetinic acid; it is a conjugate base of a Kaempferol-3 '-O- (6-deoxy-alpha-L- (+) -arabino-hex-4-enopyranosyl) - (1R, 3R, 6S) -3-hydroxy-1,2-dihydronaphthalene-1-one. A hydrate of a keto-hesperidin (1 +) .H. It is an enantiomer of a silybin. It does not contain a 3beta-hydroxysilyberberrubin. It can be a taut"
370,"sul (1-O-alkyl-2-acyl-sn-glycero-3-phospho-D-manno-heptose). It has a role as an Escherichia coli metabolite. It derives from a 2-hydroxymyristic acid. It is a conjugate acid of a 6-O- [(7Z, 10Z, 13Z, 16Z, 19Z) -octadec-7-enoyl] -2-deoxy-2,3-dihydrophohex-4-ulopyranosonate (2-). it is an enantiomer of a 6- [(9Z, 12Z, 14Z, 17Z, 20Z, 21R, 23R) -3-hydroxy-2,7,10,16,19,23-octadehydro-4,7,10,15,20,21,24-octakis-hexatriacontahexaenoic acid] -6-O- {[(2R, 3R, 4S, 6S, 8R, 10R, 13S, 16R, 19R, 21S, 22R, 24R, 25R) -octacosahexaenoyl} -alpha-L-rhamnopyranosyl- (1- > 3) -D-glucopyranosyl] - (1- < -- > 6) -alpha-"
371,"S (2) is a dipeptide formed from L-histidine and L-aspartic acid residues. It has a role as a metabolite. It derives from a L-His- (L-Asp). It is a conjugate acid of a histidyl-aspartyl-L-aspartate- (1- > 2) -L-histidine (1-). A tautomer of a His-Asp-Asp zwitterion. It arises from a proton transfer from an aspartic acid to the histidine moiety. It represents a tautomeric form of a Hisdyl-Aspartyl- (1-2) -L- [alpha-D-Asp] Ala- (1- < -- > 4) -His. It contains a HisTyr- (1 +) -D-Asp (1- / 2 +) -HisAla- (1- = 1). The tautomer is a tautomerically equivalent to a HisHisTyr-Asp in which a HisTyr residue is protonated at the C-terminal end of a chain of four molecules of aspartic acid units, while the HisAsp moiety is protonated on the N-terminal side of a molecule of one molecule of histidine; it is the major tautomer at pH 7.3. It may be a candidate for use as a diagnostic agent. It"
372,".: The molecule is a diterpenoid isolated from the stem bark of Fraxinus sieboldiana. It has a role as a plant metabolite. It is a diterpene lactone, an acetate ester, a cyclic terpene ketone, a tertiary alcohol and a diterpenoids. It derives from a hydride of an abietane diterpenoid. It contains a 3-oxo-Delta (1), Delta (4) -abieta-8,11,13-trien-19-oic acid. It arises from a Diels-Alder cycloaddition of a beta-lapachone to a tricyclo [5.4.0.0 (4,10)] undec-8-en-2-one. It represents a conjugate acid of a 17-epi-abietic acid (1-). It does not arise from a Michael addition of an acetic acid to a dehydrogenated tricyclohex-6-ene-3,15-dione. It may be a tautomer of a 17beta-hydroxy-5beta-labdadien-3-one zwitterion. It belongs to a group of labdane diterpenes that is substituted by methyl groups at C-7 and C-11 and a hydroxy groups at positions 9 and 12."
373,". It has a role as a mouse metabolite. It derives from a hydride of an olefinic compound. It is a conjugate base of a 4-hydroxy-3-methylbut-2-en-1-one (1 +). It represents a tautomer of a 5-hydroxy- (4Z, 8Z, 10Z, 13Z, 16Z) -docosa-4,7,10,13,16-pentaene-3,8-diol zwitterion arising from a proton transfer from a carboxylic acid group to a hydroxy groups at the 1- and 6-positions of the dihydrobenzofuran ring. A major metabolite of 2,3,7,8-tetrachloro-dibenzo-p-dioxin (TCDD) in mice. It originates from a tautomerization of a 4,5-dihydroxy-2,3-dimethylbuta-1,3-dien-6-one. It may be a result of a tautomerisation of a 4,4 '-dihydroxy-2,2' -biphenyloxyl-1,1 '-biphenyl-6,6' -dicarboxylate. It arises from a deprotonation of a hydroxyl group of a 1,2-bis (3,5-dichloropentane-2,7-diyliden) -1,4-diolate. It contains a hydrogen. It"
374,"îm. It has a role as a mouse metabolite. It derives from a hydride of an olefinic compound. It is a conjugate base of a 1-hydroxy-3-oxocyclohex-2-en-1-ol (1 +). It represents a tautomer of a 1,2-dihydronaphthalene-1,4-diol zwitterion. It arises from a proton exchange between a hydroxyl group and the 4-hydroxy group of a 2,3-dihydroxy-5-methylcyclohexa-2,5-diene-1, 6-dione. It was a conjugate acid of a 1- (2,3-dihydroxycyclobutyl) -2,3-dihydro-1H, 5H-cyclopenta-2,6-dienediolate (2-). The major tautomer at pH 7.3. It reflects a tautomerism of a 1,5-dihydr-oxy-3,5,7-trimethyl-2,4,6,8-tetrahydro-2H-cyclohepta-1,7-triazacyclocta-1,3,5-heptatriene-1,3-diolate. It may be a tautomeric form of a 1,2,3-trihydroxy-4,6-dimethyl-1,2,5,6-tetraphenacyclo [3.3.1-b] cyclopentanecarboxylic acid. It"
375,". It is a triacylglycerol 38: 2 in which the acyl groups at positions 1 and 2 are specified as (9Z, 12Z, 15Z) -octadecatrienoyl and oleoyl respectively. It derives from an oleic acid and an all-cis-docosa-9,12,15-trienoic acid. It has a role as a mouse metabolite. It comes from a cis-vaccenic acid. A conjugate acid of a 1-stearoyl-2-oleoyl-sn-glycero-3-phospho- (5Z, 7Z, 10Z, 13Z, 16Z, 19Z) -18-tetracosahexaenoyl-3,5,7,10,13,16,19-hexaenoic acid (1-). It represents a tautomer of a 1,2-di-oleoylglycerol zwitterion. It arises from a hydride of a 1,2,3-triacontadec-5-ene-18-ol. It belongs to a group of triacylglycerols 36: 2. It relates to a myo-inositol hexakisate. It contains a trans-9-octadecenyl-1,2-dimyristoyl-3,5-bis (trifluoromethyl) -1H-cyclopropan-1-yl (4Z, 6Z, 8Z, 11Z,"
376,". It is a member of the class of xanthones that is 9H-xanthen-9-one substituted by hydroxy groups at positions 1, 3 and 6 and a methoxy group at position 2. It has a role as a plant metabolite. It derives from a hydride of an oxacyclohexa-2,6,10-trien-1-one. It arises from a conjugate acid of a kaempferol 3-O-beta-D-xylopyranosyl- (1- > 4) -alpha-L-rhamnoside (1-). It exists as a racemic mixture. It contains a (+) - (2R) -2- [(1R) -1-hydroxy-3-oxo-1,2-benzoxazin-5-yl] -3- (methoxycarbonyl) -2,3-dihydro-2H-furo [3,2-c] chromen-7-ylidene] -2-oxopropanoic acid. There is a trace of a (-) -kaempferol 3,6,12-triacetoxy-2- [(1'R) -1 '-hydroxyprop-1' -enyl] -3-methylbutanoyl-2,3-dihydrobenzofuran-4 (3H) -one (1 +) in a sample of Kaempferia parvi"
377,".: The molecule is a pentacyclic triterpenoid that is olean-12-en-28-oic acid substituted by hydroxy groups at positions 3 and 22 (the 3beta, 22beta stereoisomer). It has been isolated from the aerial parts of Tripterygium hypoglaucum. It derives from a hydride of an oleanane. It is a conjugate acid of a 3beta, 22-diacetoxy-3beta- (4-hydroxy-3-methylbut-2-enyl) -23,24-cyclolanost-26-ene-3,22-diol (1-). A conjugate base of a tiglic acid (1 +). An intermediate in the biosynthesis of tiglate. It also has a role as an anti-inflammatory agent, a hepatoprotective agent, an antineoplastic agent and a plant metabolite. It contains a dihydroartemisinic acid. It arises from a tautomerisation of a 3alpha, 2beta-dihydroxy-23-oxo-27-norlanosta-8,22-diene-3,6-diol. It represents a tautomer of a 5alpha, 6alpha-epidioxy- (7beta, 8alpha, 10beta, 14beta, 16alpha, 17alpha) -lan"
378,") is a member of the class of benzamides obtained by formal condensation of the carboxy group of benzoic acid with the amino group of 2-naphthylamine. It has a role as a chromogenic compound. It derives from a benzoic acid. It is a conjugate acid of a 2-aminobenzyl-2-phenylacetamido-4-phenyl-5-oxo-4,5-dihydro-1H-pyrazole-3-carboxylate. It arises from a tautomerization of a 2- [(2,4-dichlorophenyl) diazenyl] benzene-1-carboxylic acid zwitterion arising from a proton transfer from a carboxylic acid group to an anilino group; it is a tautomer of a N, N '-bis (2-aminonaphthalene) -1,3,5-trisulfonic acid and a N- (2,6-dichloro-3,5-diiodophenyl) -N' -phenylacetamidobenzamide. It consists of a tautomerism of a 3- [(2,4,6-trichloro-1,3,5-triazin-6-yl) amino] -2-hydroxy-4- (p-hydroxyphenyl) -1-phenylpropanesulfonamide. It originates from a hydride of a 2,3-dihydrobenzo [1,2-a] pyrazin-4 (1H) -one. It contains"
379,"RESULTSEASE: The molecule is an organic cation obtained by protonation of the tertiary amino group of (S) -camptothecin; major species at pH 7.3. It has a role as an antineoplastic agent, an antimetabolite and an EC 2.7.11.24 (DNA topoisomerase) inhibitor. It is an ammonium ion derivative and an organic salt. It contains a camptothecin (1 +). It arises from a conjugate acid of a camptothecin. It derives from a hydride of a camptothecine. it is a tautomer of a 7-O-carbamoyl-10,11-dihydro-10H-indolo [3,2-f] quinolizin-10-amine zwitterion. It may be an enantiomer of a (R) -7-O- (4-hydroxy-3-methylbut-2-en-1-yl) -10-oxo-10,11H-indeno [2,1-b] quinoline-9-carboxylic acid (1-). There is no evidence to suggest that a carbamate bond is formed between the secondary amino group and the primary amino group (or vice versa). As a camptothecin analogue, it has been used for the treatment of various types of cancers including breast cancer, lung cancer, head and neck cancer"
380,"Prof.K. It is a member of the class of histidines that is histidine in which one of the hydrogens attached to the amino group has been replaced by a 2-aminoethyl group. It has a role as a mouse metabolite. It derives from a histidine. It is an enantiomer of a (2R, 3R) -histidine- (1-aminocyclopentane-1,3-diyl) -L-histidyl-L-histidine zwitterion. It contains a (2S, 3S) -2-aminoethyl-3-hydroxypyrrolidine-4-carboxylic acid and a L-histidyl- (1- > 2) -beta-D-alanyl- (2- > 6) -D-alanylamide (1-). It corresponds to a tautomer of a His- (1S, 2R) -1-ammonio-2-ethyl-3- (2-aminoethylamino-6-oxo-3,4-dihydro-1H-pyrimidin-5-yl) -6-oxopentanoic acid. It arises from a tautomerisation of a [(1R, 2S) -hispidin-7-yl] -N, N-diethylethylenediamine. It consists of a H (2) O-His-"
381,"[(5Z, 8Z, 11Z, 14Z)] -5,8,11,14-icosatetraenoic acid is an intermediate in the biosynthesis of arachidonic acid. It has a role as a human xenobiotic metabolite. It is an omega-hydroxy fatty acid, a long-chain fatty acid and an icosanoid. It derives from an all-cis-5-hydroxyicosa-5,8,11-trienoic acid. it is a conjugate acid of a 5-oxo- (7Z, 10Z, 13Z, 16Z, 19Z) -icosapentaenoyl-CoA (4-). It arises from a trans-7-hydroxymyristoyl-CoA and a 3-methylpentadec-9-enoic acid cofactor.It is a tautomer of a 6-methyl-2-oxopentanoic acid-CoA zwitterion arising from a proton transfer from the carboxylic acid group to the 4-hydroxy group of a 7-oxo-9Z, 12Z, 15Z-eicosatrienoic acid; it is the major species at pH 7.3. It originates from a heptadec-9,10,14,16-tetraenoic acid and a coenzyme A. It represents a conjugate base of a"
382,"DESCRIPTION: The patient is a 16-year-old girl who was referred to the pediatric endocrinology clinic for evaluation of growth hormone (GH) deficiency. She had been diagnosed with GH deficiency at the age of 2 years. She has a history of short stature and delayed puberty. She does not meet the diagnostic criteria for GH deficiency according to the European Society for Paediatric Endocrinology and Nutrition (ESPEN) guidelines. It is a member of phthalates, an organochlorine compound and a primary amino compound. It has a role as a human metabolite. It derives from a hydride of a naphthalene. It contains a 4-hydroxy-3-methylbut-2-en-1-yl group. It arises from a tautomerisation of a GH deficiency due to a lack of insulin-like growth factor binding protein-3 (IGFBP3) stimulation by IGF-I. It may be a conjugate base of a desacetyl-GH (1 +). It also represents a tautomer of a des-acetyl- (4-deoxy-alpha-L-threo-hex-4-enopyranosyluronic acid) -GH (1-). As a consequence of a diagnosis of GH deficiency, it is expected to have a significant effect on"
383,". It has a role as an Escherichia coli metabolite. It is a conjugate acid of a 3-oxo-Delta (4) -enoyl-CoA (4-). It derives from a trans-4-hydroxy-2-oxocyclohexa-2,5-diene-1-carboxylic acid and a coenzyme A. It is an enantiomer of a 2,3-didehydro-3-deoxy-6-O-methyl-alpha-D-erythro-hex-5-enoyl- (2E, 4E, 8Z, 11Z, 14Z) -hexacosatrienoic acid. It contains a (3S, 4R, 6S, 7R, 8R, 9S, 10R, 12S) -3-hydroxyoctadec-7-enoyl group. It represents a tautomer of a (3R, 4S, 6R, 8S, 9R, 10S, 12R, 14E, 16Z, 19Z) -3- {[(1R, 2S, 4aS, 7S, 8aS) -1-hydroxypentadeca-2,8-dienoyl] oxy} -2-oxooctadecanoyl-CoA zwitterion arising from a proton transfer from the carboxylic acid group to the"
384,"(2). It has a role as a mouse metabolite. It derives from a putrescine. It is a conjugate base of a 3,4-dihydronaphthalen-1 (2H) -one (1 +); it is an enantiomer of a 2,3-dihydro-1H-inden-4-ol-1-yl-N- (3-methylbut-2-enoyl) putrescine (1-) .The major tautomer at pH 7.3 (according to Marvin v 6.2.0.) and a tautomer of a 3,5-dihyroxy- (2E, 4E) -2,4-dienoyl-N, N-dimethylbutanoyl-L-proline zwitterion. It arises from a tautomerization of a 3,5- (methylenedioxy) -2,4,6-trihydroxypenta-2,4-diene-1,2-aminium-1,3-diolate. It contains a (2S) -2-hydroxy-4- [(3S) -3-methylbutanoylamino] -3-oxobutanoyl] -L-proline (2-) .It is an enantiomorph of a (2R) -3- (hydroxymethyl) -2- [(3E) -2,6-dioxo-3-phenylbicyclo [2.2.1] heptane"
385,". It is a member of quinolines, a primary alcohol and a secondary alcohol. It derives from a hydride of a 1H-quinolin-4 (3H) -one. It has a role as a mouse metabolite. It arises from a conjugate base of a 1-hydroxy-1,2,3,4-tetrahydronaphthalene-1-carboxylic acid. A conjugate acid of a 1,2-dihydroxy-3-methylbutane-1,4-dioylate (1 +). It represents a tautomer of a 1- (2-hydroxyethyl) -2-methyl-2,3-dihydro-1H-quinoline-4-carboxylate zwitterion arising from a proton exchange between the carboxy group and the amino group. It contains a 2- (2 '-hydroxyethyl) -2,3-dimethylbutanoyl-1,2,3-triacontahydro- (1R, 2S, 3R) -3-methylbicyclo [2.2.2] octan-6-yl group. The major tautomer at pH 7.3 (according to Marvin v 6.2.0.). An enantiomer of a (1S, 2R, 3S) -3,7,11-trimethylbicycloundeca-2,4,6,8-tetradehydro-1H- (2E, 4E) -octadeca-2,6-"
386,"(5Z, 8Z, 11Z, 14Z) -icosatetraenoyl-CoA) obtained by the formal condensation of the thiol group of coenzyme A with the carboxy group of (7Z, 10Z, 13Z, 16Z, 19Z) -3-oxodotriacontahexaenoic acid. It is a 3-oxo-fatty acyl-CoA (4-) and an ultra-long-chain 3-oxoacyl- [4Z, 6Z, 9Z, 12Z, 15Z, 18Z] -hexacosapentaenoic acid 5-hydroxylase (EC 1.14.13.39). It has a role as a mouse metabolite. It derives from an all-cis-docosa-4,7,10,13,16,19-hexaene-5,8,10,14,19-pentakisal-1-yl-CoA"
387,"MATERIAL AND METHODS: The data was obtained from the Web of Science, Scopus and Google Scholar databases. It has a role as a public health problem. It is a member of barbiturates, an organochlorine compound and a primary amino compound. It derives from a hydride of a barbituric acid. It contains a barbiturate (1 +). It represents a tautomer of a 5-ethyl-5- (3-methylbut-2-en-1-yl) -2,3-dihydro-1H-imidazol-4-one zwitterion. It arises from a tautomerisation of a 5,5-dimethyl-2,3-dihydroimidazo [1,2-a] pyrimidine-2,4 (1H, 3H) -dione. It consists of a conjugate acid of a 5,6-dibromo-2- (3,5-dimethylbut-2E) -oxabicyclo [2.2.1] heptane-1,3 (2H) -dicarboxylate. It exists in a tautomeric form with a free access to the hydrogen atom of the barbiturate ring. It comes from a parent barbiturate. It belongs to a group of imidazoles and is a tautomers of a 5,6,7,8-tetrahydro-4H-pyrimido [2,1-b] indol-7-one"
388,"S. It is a member of the class of thiazolidines that is 2-thiazolidine-4-carboxylic acid in which one of the hydrogens at position 5 has been replaced by an amino group. It has a role as a non-steroidal anti-inflammatory drug, an antipyretic, an EC 1.14.99.1 (prostaglandin-endoperoxide synthase) inhibitor and an antirheumatic drug. It derives from a hydride of a thiazolidine. It comes from a tautomer of a 5- [(3-aminopropyl) amino] -2,4-thiazolidinedione zwitterion. It contains a 5-aminomethyl-2-thioxo-2,3-dihydro-1H-1,2,4-triazol-1-ium (1-). It relates to a cyclo-oxygenase 2 (COX-2) inhibition. It may be a conjugate acid of a rofecoxib (2-). A consequence of a reduction of the hydrogen bond distance between the two carbon atoms of the thiazolidine ring. It suggests that it is a tautomeric form of a 5R- [(Z) -3- (aminomethyl) -2-oxopyrazin-5-yl] -2,2-didehydro-D-glucose. It represents a metabolite of a selective COX"
389,"ase- and 12-HETE-derived oxylipins are generated from arachidonic acid via the lipoxygenase pathway. It has a role as a human xenobiotic metabolite. It derives from an icosa-5,8,10,14-tetraenoic acid. It is a conjugate acid of a 12-hydroxy- (5Z, 8Z, 11Z, 14Z) -icosapentaenoate. it is an enantiomer of a 6-hydroxy-5-oxo- (4Z, 7Z, 10Z, 13Z, 16Z, 19Z) -9-oxo-icosatrienoyl-CoA (4-). It arises from a hydride transfer from an icosapentaenoic acid to an all-cis-4,7,10,14,16-pentahydronaphthalene-1,9-dioic acid. As a result of its oxidation to the corresponding carboxylic acid, it is a member of omega-hydroxy fatty acids and a potent activator of peroxisome proliferator-activated receptor-gamma (PPAR-gamma) in vitro (EC50 = 10 (-6) -10 (-5) mol / L vs."
390,"(2-) is obtained by deprotonation of the phosphate OH groups of 3-amino-4-hydroxy-5-formamidopyrimidine; major species at pH 7.3. It has a role as an Escherichia coli metabolite and a mouse metabolite. It is a conjugate base of a 3-aminotetrahydro- [1H] pyrimido [4,5-d] pyrimidine-6-carboxylic acid. It derives from a hydride of a uracil (1 +). It arises from a tautomer of a 3- (N-acetyl-beta-D-glucosaminyl) -5- (2-aminoethyl) -1,2,4-triazolo [1,5-a] pyrimidin-7-amine zwitterion. It was a conjugate acid of a 1- (3-aminopropyl) -3-ammonio-4- (2,6-dideoxy-alpha-L-threo-hex-2-enopyranosyl) -5-oxohydantoin (1-) .2. It is an enantiomer of a 3,5-diaminopyrazolo [4,3-f] isoxazolecarboxylato-6- (2,3-dihydro-1H-indol-3-yl) -4-methyluracil (1- / 2 +) .The major tautomer is a"
391,". It has a role as a mouse metabolite. It derives from a hydride of a naphthalene. It is a conjugate base of a 1-hydroxynaphthalene-2,3-diol (1 +). It represents a tautomer of a 2-hydroxy-1-naphthaleneacetic acid zwitterion. It was a conjugate acid of a 1,2-dihydronaphthalen-3-olate. It arises from a proton transfer between a hydride and a naphthalene oxide. It belongs to a class of 1,4-benzoquinones. It consists of a tautomers of a 1- (1-naphthyl) -2,3-dihydro-1H-benzo [f] indene-1,3-dione. It contains a hydroxide (2-). A major species at pH 7.3 (according to Marvin v 6.2.0.). One of a subset of the most abundant classes of polycyclic aromatic hydrocarbons in diesel exhaust emissions. It originates from an oxidation of the naphthalene ring. It may be a byproduct of combustion of fossil fuels. It can be a consequence of the use of diesel as a fuel, but it is also a source of many other organic pollutants such as phthalic acid, benzene, toluene, etc. It remains an open question whether there is a link between these"
392,"RESULTSIA RESULTADOS: The molecule is a member of the class of chalcones that is trans-chalcone substituted by hydroxy groups at positions 2 ', 3', 4 'and 5' and a methoxy group at position 6 '. It has a role as a plant metabolite. It is an aromatic ether, a secondary alcohol and a polyphenol. It derives from a trans- (2R, 3R, 4S, 5R, 6R, 6S) -4-hydroxy-3,5-dimethoxybicyclo [3.3.0] oct-2-en-6-one. It represents a tautomer of a trans-isoliquiritigenin zwitterion. It arises from a transfer of a proton from a water to a hydrogen 1-O-methyl-beta-D-fructofuranosyl- (1- > 2) -alpha-L-rhamnopyranosyl- (1---- > 6) -D-glucopyranosyl residue. It contains a cis-configured chalcone skeleton. It exists in two tautomers, each of which is derived from a cis- (1R, 2R, 3S, 4R, 5S, 6R) -2' -hydroxy-3 '-methoxy-4' -dehydro-5 '-oxo-trans-2,3-dihydrochal"
393,"SUMMARY: The molecule is a phenolate anion resulting from the removal of a proton from the phenolic hydroxy group of (-) -epicatechin 3-O-beta-D-glucoside. It is the major microspecies at pH 7.3 (according to Marvin v 6.2.0.). It has a role as a human xenobiotic metabolite and a plant metabolite. It derives from a (+) -catechin 1-O- (p-coumaroyl) -alpha-L-rhamnopyranosyl- (1- > 2) -D-glucopyranose (1-) .2. It is a conjugate base of a (E) -3- (4-hydroxy-3-methylbut-2-en-1-yl) -2-oxohex-5-enedioic acid. It represents a conjugate acid of a 3- (3,4-dihydroxyphenyl) -2- [(1R) -1-hydroxyethyl] -5- (3,4,5-trimethoxyphenyl) -6-oxocyclohexa-1,4-dien-6-yl] propanoate. It arises from a tautomer of a 2- [(4Z) -hydroxy-3,7-dimethyl-2,6-octadienoyl] -4-hydroxyacetoxy-6- (methoxyphenoxy) hexa-1,3-dioxolan-5"
394,"SUBJECT: SUBJECT AND METHODS: The study is a cross-sectional study carried out at the Department of Obstetrics and Gynaecology, Faculty of Medicine, Cukurova University, Istanbul, Turkey. It has a role as a biomarker. It is a member of phenothiazines, a tertiary amino compound and a primary alcohol. It derives from a hydride of a phenothiazine. It contains a 1-methyl-3-phenylprop-2-en-1-one (1 +). It represents a tautomer of a 1- (1-methylpiperidin-4-yl) -2,3-dihydro-5H-phenothiazin-5-one zwitterion. It arises from a proton transfer from a 1 to a 1 '-hydroxyperhydroperhydro-5H- [1,4] naphtho [2,1-b] oxazin-6-ium-3' -amine. It consists of a tautomerisation of a 3- (dipropylamino) -1 '-hydroxy-2,2' -dihydro-2H-1,3,2-benzoxazocino [4,3-c] phenanthridine-6 '-carboxylic acid. It corresponds to a ratio of 1: 1 between the two zwitterions."
395,"uvi. It has a role as an Escherichia coli metabolite and a mouse metabolite. It derives from a uridine 5 '-monophosphate. It is a conjugate acid of a 3' -deoxy-3 ', 5' -di-O-sulfo-alpha-L-threo-hex-4-enopyranuronosyl- (1- > 2) -beta-D-ribofuranosyl-5 '-phosphate (2-). It arises from a hydride of an uridylyl- [U- (CH2) 3NH] 2. It contains a sulfate group at the anomeric position of a UDP-N-acetylmuramoyl-gamma-aminobutanoyl-beta-D- (1-- > 4) -D-ribofuranoside (3-); it is a tautomer of a 4,6-dideoxy-6-O- (3-sulfonamido-3-sulfooxopyrazin-1-yl) -N-acetyl-alpha- D-arabino-hexopyranose zwitterion arising from a proton transfer from a disulfonic acid to a sulfuric acid. It represents a member of 3' -deoxyribonucleosides and a monosaccharide derivative. It originates from a UMP and a 2,3-diaminopimelate anion. It"
396,aciduria is the result of a defect in the metabolism of very-long-chain fatty acids. It has a role as a human metabolite and a mouse metabolite. It derives from a hexacosanoic acid. It is a conjugate acid of a 3-oxohexanoyl-2-oxohex-4-enoic acid (1-). It originates from a hydride of a heptadecanoic acid; it is a tautomer of a 6-oxo-3-ketostearic acid zwitterion arising from a proton transfer from a carboxylic acid to a hydroxy group. It arises from a deficiency of a branched-chain saturated fatty acid anion. It may be a consequence of a mutation of a gene encoding an enzyme involved in the conversion of odd-numbered fatty acids to omega-hydroxy- and omega-carboxyacyl-CoA (C14: 0 / C24: 0).
397,". The molecule is a 1-alkyl-2-acyl-sn-glycero-3-phosphocholine in which the alkyl and the acyl groups at positions 1 and 2 are hexadecyl and (9Z, 12Z) -octadecadienoyl respectively. It has a role as a mouse metabolite. It derives from a hexadecanoic acid. It is a tautomer of a 1,2-dihexadecanoylglycerol zwitterion. It comes from a hydride of a 9,10-octadecadien-1-ol. It belongs to a class of 1-alkylglycerols and a phosphatidic acids zwitterions. It arises from a proton transfer from a linoleic acid to a 1,3-di-hexadecanoyl-2- (6Z, 8Z, 10Z, 13Z, 16Z, 19Z-docosahexaenoyl) -2-palmitoylglycerol. It represents a conjugate acid of a 1- (1Z, 2E, 3Z, 4Z, 5Z, 7Z, 11Z, 14Z, 17Z-pentadec-oxy-5,8,10,13,19,20-pentahydroperoxyheptadeca-2,4,7,10,12,16-pentakisapentaene-21-yl) -2- (palmitoyl) -sn-"
398,"oglyceride (2-) is obtained by deprotonation of the phosphate OH groups of 1-oleoyl-2-linoleoyl-sn-glycero-3-phospho-L-serine; major species at pH 7.3. It has a role as a human metabolite and a Saccharomyces cerevisiae metabolite. It derives from a linoleic acid. It is a conjugate base of a 1-oleoyl- (2Z, 6Z, 9Z, 12Z, 15Z) -octadecapentaenoyl-sn -3-phosphoserine. It was an enantiomer of a 1- [(5Z, 8Z, 11Z, 13E) -icosatrienoyl] -2-stearoyl-D-glycero- (4Z, 7Z, 10Z, 16Z, 19Z) -6-sphingenine (1-). It arises from a hydride of a linoleoyl. It may be a tautomer of a 1,2-dioleoyl-3,7,10,13,16,19-hexahydroxydocosa-5,8,10,12,15-tetraenoic acid zwitterion. It originates from a myo-inositol hexakisate. It comes from a hydrogen bonding of a 6-hydroxystearic acid to a hydroxy group of a 2,3-diacyl-sn"
399,". It is a monocarboxylic acid and a member of phenols. It derives from a 4-hydroxybenzoic acid. It has a role as a human xenobiotic metabolite, an Escherichia coli metabolite and a mouse metabolite. It arises from a hydride of a benzoate. It contains a 3-hydroxy-4-methylbut-2-en-1-yl group (1-). It represents a tautomer of a 3- (3-hydroxyphenyl) propanoic acid zwitterion formed by a proton transfer from a proton to a free 3-hydroxypicolinic acid. The tautomer is a conjugate base of a 3,4,5-trimethoxyphenyl-3-carboxylato- (3,4-dihydroxybenzoyl) -2,4,6-trideoxy-alpha-D-xylo-hexos-5-ulosonic acid. A conjugate acid of a 3,3-dihydroxy-4- (3 '-hydroxyphenyl) propionyl-2,4,6-tri-deoxy-beta-L-arabino-hex-5- ulosonate (2-). There is a direct relationship between the number of hydroxy groups attached to the aromatic ring and the acidity of the hydroxy group; it is thought to be a consequence of the formation of a hydrogen bonds between the hydroxy groups at positions 3 and 4. It"
400,"(3-hydroxy-5-methylcholest-4-en-1-yl) -CoA thioester was obtained by formal condensation of the thiol group of coenzyme A with the carboxy group of (7Z, 10Z, 13Z, 16Z, 19Z) -docosa-4,7,10,13,16,19-hexaenoic acid. It has a role as a human metabolite and a mouse metabolite. It is a conjugate acid of a 7-oxo-9Z, 12Z, 15Z, 18Z-docosahexaenoyl-CoA (4-). It derives from an all-cis-3,7,10-trimethyl-16-oxoundeca-4,8,10,13,19,19-hexacosapentaenoic acid. This is a tautomer of a 7- (hydroxymethyl) -3-hydroxydodec-9-enoic acid-CoA zwitterion arising from proton transfer from the carboxylic acid group to the primary allylic position of the heptacyclic ring. The major species at pH 7.3. As a rat metabolite it is a member of omega-3 fatty acyl-CoA 12: 0 / 20: 4 (1-) and a very long-chain 6-thia-Delta (4) -stearoyl-CoA. It"
401,"(ω-6) and (5Z, 8Z, 11Z, 14Z) -icosatetraenoic acid (20-HETE) are the major metabolites of arachidonic acid in vivo. It has a role as a human xenobiotic metabolite. It derives from an all-cis-5,8,11,14,17-icosapentaenoic acid. It is a conjugate acid of a 5-hydroxy- (6Z, 7Z, 10Z, 13Z, 16Z, 19Z) -20-HETE (1-). It arises from a hydride of an icosa-6,7,10,13,16,19-hexaenoic acid. A tautomer of a 15-HETE zwitterion at pH 7.3. It may be a consequence of a proton transfer from an arachidonic acid to a secondary allylic alcohol (2-oxoheptadecan-6-en-1-ol). There is a positive correlation between the levels of both 5-HETE and leukotriene B4 (r = 0.99; P < 0.001)."
402,". It has a role as a mouse metabolite. It derives from a putrescine. It is a conjugate base of a putrescine (1 +). It arises from a hydride of a 1,4-phenylenediamine. A tautomer of a 4-hydroxy-3-methylbut-2-en-1-amine zwitterion; it is an enantiomer of a 3,4-dihydronaphthalene-1, 4-diol zwitterions. It consists of a conjugate acid of a (3R, 4S) -3-methyl-4- (hydroxymethyl) -2-oxo-2,3-dihydrobenzo [b] furan-5-carboxylate. It contains a (3S, 4R) -3,5-dihydroxy-4-methylbutanoyl-2- (methoxycarbonyl) -1-oxocyclohex-6-enecarboxylic acid (1-) and a (2R, 3S) -4-hydroxymyristic acid 3- (O-acetyl) -alpha-L-rhamnopyranosyl- (1- > 2) -beta-D-glucopyranosyloxy (1- < - > 1) -D-xylopyranosi date (2-). The major species in the gas phase of a propane-1,3-diammonium bis (trimethylsilyl) acetate (1: 1)."
403,"It is a non-proteinogenic L-alpha-amino acid that is L-tryptophan in which one of the methyl hydrogens at position 5 has been replaced by a hydroxy group. It has a role as a human metabolite and a mouse metabolite. It derives from a L-tryptophane. It is an enantiomer of a D-5-hydroxytryptophan. It contains a (5R, 6R) -5- (hydroxy) -5,6-dimethyltetrahydrofuro [2,3-c] pyrrole-2-carboxylic acid. It represents a tautomer of a (5S, 6S) -5-hydroxy-5,6- (methylenedioxy) -L-tryptophan zwitterion. It arises from a proton transfer from a hydride to a (5S) -tetrahydro-5H-indolo [2,1-b] quinolin-6-yl hydrogen. It belongs to a group of hydroxycoumarin zwitterions. It consists of a tautomers of a N (5) -hydroxy-3-methyl- (1H-indol-4-yl) -2-oxopropanoic acid with a free hydroxy group at the 5-position; it is a conjugate base of a L- (5-hydroxy) -3-methylindole-2,4-dihydroxybutyric acid."
404,"x. The molecule is a selenium oxoanion that is the conjugate base of selenomethionine, obtained by deprotonation of the carboxy group; major species at pH 7.3. It has a role as a human metabolite and a Saccharomyces cerevisiae metabolite. It is a member of selenium oxoanions and a monocarboxylic acid anion. It derives from a methionine zwitterion. It contains a selenomethionate (2-). It arises from a tautomerisation of a selenocysteinate. It comes from a hydride of an alpha-Se-methyl-L-selenohomogermanno-beta-D-glucosiduronic acid. There is a tautomer of a Selomethionine. It consists of a selomethionine zwitterionate- (S, S) -dimethyl-L- (2-hydroxy-2-oxoethyl) selenourea (1-). One of two possible tautomers of a pair of selenocysteine zwitterions. It may be a consequence of a reduction of the hydrogen bond between the two sulfur atoms. It can be a tautomeric or tautomerically equivalent to a seleno-myo-inositol (1-O-sulfuranyl) sulfate. It will be a part of a number of amino acids. It"
405,"DESCRIPTION: The molecule is a branched amino pentasaccharide consisting of an alpha-L-fucosyl residue, two N-acetyl-beta-D-glucosaminyl- (1- > 3) -beta-D -galactosyl residues, one N-acetylneuraminyl residue and one 2-acetamido-2-deoxy-6-O-sulfo-beta- D-glucopyranosyl residue attached in sequence. It has a role as an epitope. It is an oligosaccharide sulfate and an amino pentadecasaccharide. It derives from an A-6S-Neu5Ac- [symbol: see text] -alpha-Lc4Fuc- [beta1-3] -beta-GalNAc- [beta- > 3] -D-Glc- [beta-GlcpNAc- (2- > 6)] -N-Acetylneuraminic acid. It represents a conjugate acid of an asialo-GM1 (1-). It arises from a tautomerization of an iduronic acid zwitterion. It may be a tautomer of an unsulfated alpha-Lec (6-) -UA2S- [beta2-3GalNAc (3-)] -6-OSO (4) -hexasaccharide at pH 7.3. It contains a ditrans, polycis"
406,"It is a dicarboxylic acid that is succinic acid substituted by a 3-aminopropyl group at position 2. It has a role as a human metabolite. It derives from a succinic acid. It is an enantiomer of a (2S, 3R) -2-aminopropanoic acid and a (2R, 3S) -3-aminopropane-1,2-diol. It represents a tautomer of a 2- (3-amino-3-oxoprop-1-enyl) succinic acid zwitterion. It arises from a proton transfer from a hydride to a carboxylic acid group; it is the major tautomer at pH 7.3. It contains a (2E, 3Z) -2,3-dihydroxyprop-2-enoyl-L-valeric acid (1 +). It consists of a conjugate acid of a 3- (2-aminopropan-1,3-diyl) succinate (1-). There is a tautomeric relationship between a (1Z, 2E) -2,2,2-tridehydro-4-hydroxy-6-oxo-5-aminopentanedioate and a corresponding (2Z, 4E) -3,4,5,6-pentahydronaphthalene-1,5-dicarboxylate. It reflects a tautomerism of a"
407,") is a long-chain fatty acid anion that is the conjugate base of tetradecanoanoic acid, obtained by deprotonation of the carboxy group; major species at pH 7.3. It has a role as a human metabolite and a Saccharomyces cerevisiae metabolite. It derives from a tetradecanoate. It is an enantiomer of a dodecanoyl-beta-hydroxy-omega- (5Z, 8Z, 11Z) -icosatrienoate. It contains a 3-hydroxymyristoyl group (2-). It arises from a direct hydride transfer from a hexadecanoic acid to an octanoic acid zwitterion. It represents a tautomer of a tetradecanoadec-5-ene-1-carboxylic acid. It comes from a hydride of a 14-methylpentadecanoic acid with a 2-fold increase in the number of carbon atoms involved in the hydrogen bond between the two methyl groups (13: 0 / 14: 0) compared with a straight-chain saturated fatty acids. It originates from a myristoyl-alpha-L-carnitine. It belongs to a class of omega-hydroxy fatty acids that is derived from all-trans-octadecanoic acid and is substituted by a 3- [(Z) -3-oxopropyl] -2-hydroxybutano"
408,". is a member of the class of phenols that is phenol in which one of the hydrogens at position 2 has been replaced by a 4-hydroxyphenyl group. It has a role as a human xenobiotic metabolite. It derives from a phenol. It is a conjugate acid of a 2-hydroxy-4-phenyl-1,4-benzoquinone (1-). It arises from a tautomerization of a 2,3-dihydronaphthalene-1-ol zwitterion arising from a proton transfer from a hydride to a phenolic group. A tautomer of a 1,2-dihydroxy-3-phenylnaphthalene-1,2- (1H, 3H) -trione. It represents a major species at pH 7.3 (according to Marvin v 6.2.0.). The tautomer is an enantiomer of a 2,5-dihydroxypentane-1,2,6-triol. It contains a hydrogen bonded to a hydroxy groups at both positions 2 and 6 (+ / -). There is a tautomeric mixture of a 2,3,5-trihydroxy-2,4,6-triisopropylbenzene-1,3,5-diyl-bis (p-tolyl) phosphonic acid. It may be a tautomerically equivalent to a 2,4-diacetamido-3,6-dihydroxymercuribenzoate."
409,") is a dicarboxylic acid monoester obtained by formal condensation of the carboxy group of pyruvic acid with the hydroxy group of 2-naphthoic acid. It has a role as a chromogenic compound. It derives from a pyruvate. It is a conjugate acid of a 2-acetamido-2-deoxy-4-oxo-beta-D-glucopyranosato-3-phenylpropionate (1-). It arises from a hydride of a 2,3-naphthalenedicarboxylate. It comes from a tautomer of a 2- (2-hydroxyethyl) -4,6-dioxo-2,3-dihydro-1H-indene-1-carboxylate zwitterion. A conjugate base of a 2,6-diamino-2,4-dideoxypyridin-5-yl-3- [(Z) -2-hydroxyethenyl] propanoic acid; it is an enantiomer of a 2,5-diaminopentane-3,5-diyl-6-carboxylato-3,4-dioxolane-7-carboxylic acid, a mixture of which is also present in the urine of patients with chronic renal failure. It may be a metabolite of a number of drugs used in the treatment of diabetes mellitus and other metabolic diseases. It can be considered as a biomarker of exposure to these"
410,". It has a role as a mouse metabolite. It derives from a hydride of an olefinic compound. It is a conjugate base of a 4-hydroxy-2-methylbut-3-en-1-ol (1 +). It represents a tautomer of a 5-methoxy-2- (methylsulfanyl) -2-methylbutane-1,3-diol zwitterion. It arises from a proton exchange between a hydroxyl group and a methyl group of a 1,2-dihydronaphthalene-3,7-diol. It contains a hydrogen bonded to a 4,5-dihydroxy-2,3-dimethylbutanedioyloxyl (1-) .It is an enantiomer of a 3,5-dimethoxy-2,2-dimethyltricyclo [3.3.1.0 (2,7)] decan-6-yl-1H, 7H-benzo [d] pyrrolizine-7-ium-3,6-diolate zwittercation. It belongs to a class of pyrroles that is substituted by a methanesulfonyl group at the 1-position and two hydroxy groups at the 2-position. It may be a metabolite of 2,3,7,8-tetrachloro-dibenzo-p-dioxin. It carries a positive charge at all stages of the molecule. It acts as"
411,"ase- and 3-hydroxy-4-methyl-5-enoyl-CoA (4-) results from the deprotonation of the phosphate and diphosphate OH groups of 3-hydroxyhexacosanoyl-CoA; major species at pH 7.3. It is a conjugate base of a 3-hydroxymyristoyl- (4Z, 7Z, 10Z, 13Z, 16Z) -docosa-4,7,10,13,16-pentaenoic acid-CoA. It derives from an all-cis-docosapentaenoic acid. It has a role as a human metabolite and a Saccharomyces cerevisiae metabolite. It represents a member of omega-hydroxy fatty acyl-CoA thioesters and an 11,12-dihydroxy-5Z, 8Z, 9Z, 14Z-eicosatetraenoic acid receptor agonist. It arises from a condensation of an octanoic acid with the thiol group of coenzyme A. It belongs to a class of omega- [(1S, 2S) -2-hydroxycyclohex-2-en-1-yl] propanoic acids and is a derivative of a 3- (3-oxohexanoyl) -4-methylpentadec-6-enoate. It originates from a tricosanoic acid. it is a"
412,". It has a role as a plant metabolite. It derives from a catechin. It is a conjugate acid of a (-) -epigallocatechin-3-O- (6-O-galloyl-beta-D-glucoside) (1-). It exists in a 1: 1 ratio with an alpha-L-rhamnopyranosyl- (1- > 2) -beta-D, L-arabinopyranosyl residue at the 1-position and a (+) -epicatechin gallate at the 3-position. It contains a (R) -3-hydroxy-4-methoxy-5- (3,4-dimethoxyphenyl) -2-phenyl-2,3-dihydro-1H-benzo [de] isoflavan-7-yl- (1- < -- > 4) -trans-p-coumaroylagarofuran-5-one. It belongs to a group of hydroxyflavanones that is isolated from the leaves of Macaranga lanceolata and has been shown to exhibit inhibitory activity against HIV-1 reverse transcriptase. It also exhibits antiviral activity against HSV-1, HSV-2, varicella-zoster virus, herpes simplex virus, coxsackie virus and influenza virus. It may be considered as a potential metabolite and an antiviral agent. It"
413,"(-). It has a role as an Escherichia coli metabolite and a mouse metabolite. It is a conjugate acid of a 3-amino-3-deoxy-L-threo-hex-4-enopyranuronate- (1- > 2) -propanoate. It derives from a hydride of a D-glucuronic acid. It contains a beta-D-glucopyranosiduronic acid zwitterion. It may be a tautomer of a 6-aminohexanoyl- (1-- > 3) -2-acetamido-3- [(R) -3-hydroxytetradecanoyl] -L-threonoyloxirane-1-carboxylate. It arises from a proton transfer from a 5-hydroxymyristic acid to the carboxylic acid group of a malonic acid; it is not a conjugate base of a 7-deazahomodec-5-enoic acid or of any of the three possible isomeric forms of 3-aminomethyl-6-methylenecyclohexane-1, 4-dioic acid. The major tautomer at pH 7.3 (according to Marvin v 6.2.0.). There is a significant increase in the number of zwitterions that can be formed from a malonate (2-)"
414,". is a member of the class of imidazoles that is imidazole in which one of the hydrogens attached to the nitrogen is replaced by a 4-chlorophenyl group. It has a role as a non-steroidal anti-inflammatory drug, an EC 1.14.99.1 (prostaglandin-endoperoxide synthase) inhibitor and an antipyretic. It derives from an imidazole. It is a conjugate acid of a tolfenamic acid (1-) .It is an enantiomer of a (R) -4-chloro-3-methylphenyl-1H-imidazol-2-ylacetic acid. It comes from a hydride of an imidazo [1,2-a] [1,3,5] triazolo [4,3-b] pyrimidine. It contains a chloronaphthol-1-yl group (1 +). It represents a tautomer of a 5- (4-chlorophenyl) -3-methylimidazole-2,4-dione zwitterion. It arises from a tautomerisation of a 5-chloropyridinecarboxylic acid. A tautomer is a tautomorph of a 6-cyano-3- (4- (trifluoromethyl) phenyl) -1H-1,2,4-triazole-5-amine. It exists in equilibrium between two tautomers at neutral pH. It"
415,". It has a role as a mouse metabolite. It derives from a hydride of an olefinic compound. It is a conjugate base of a 4-hydroxy-2-methylbut-3-en-1-ol (1 +). An enantiomer of a (S) -4-hydroxy- (1S, 2S) -2-methylbutane-1,3-diyl-2,6-dioxolane-3,5-dicarboxylate. It contains a (R) -4- [(1R, 2R) -1-hydroxyethyl] -2-methyl-2- (hydroxymethyl) butanediyl] -2,6-diol (1-). It represents a tautomer of a 4,4 '-dihydroxy-2,2' -dimethyltricyclo [2.2.1] hept-5-ene-3,7-diolate zwitterion. It arises from a proton transfer from a deprotonation of a hydroxyl group of a 3,4-dihydroxy-2,3-dimethylbutanedione; it is one of the major species at pH 7.3. It belongs to a class of hydroxymyristic acids that is formed by condensation of two molecules of methanol with one molecule of hydrogen atoms of 1,2-benzenediol. It consists of a mixture of two tautomers in a ratio 1: 1."
416,"(3-deoxy-D-manno-oct-2-ulosonic acid). It has a role as an Escherichia coli metabolite and a mouse metabolite. It derives from a D-mannose. It is a conjugate acid of a 2,3-dideoxy-3-O-methyl-alpha-L-threo-hex-4-enopyranuronate- (1- > 4) -ulose (2-). it is an enantiomer of a 2,5-dihydroxy-6-oxo-3,4-dihydro-1H, 5H-pyrano [3,2-f] quinoline-7-carboxylic acid. It represents a tautomer of a 5-hydroxy-2,3,5-trideoxy-6- [(1R) -1-hydroxyethyl] -6-oxocyclohexa-1,4-dien-1-olate zwitterion. It arises from a proton transfer from a 5,6-dihydroxyisonicotinic acid to a 4,6-dihydroxymyristic acid (1-). This tautomer is the major species at pH 7.3 (according to Marvin v 6.2.0.). There is a link between a myo-inositol hexakis- (1,4,5,6-tetrakisphosphate) and a UDP-N-acetyl-beta-D"
417,"(1-) is the major species at pH 7.3. It has a role as an Escherichia coli metabolite and a mouse metabolite. It is a conjugate base of a 3-hydroxy-4-oxo-5Z, 8Z, 11Z, 14Z-eicosatetraenoic acid. It derives from a hydride of an all-cis-5,8,11-trienoyl-CoA (4-). It represents a tautomer of a 3- (3-hydroxyprop-2-en-1-yl) -2-oxopropanoic acid zwitterion arising from a transfer of a proton from a carboxylic acid to the 2-hydroxy group of a 2,3-didehydro-6-deoxy-alpha-L-threo-hex-5-enoyl- (4Z, 7Z, 9Z, 10Z, 13Z, 16Z, 19Z) -docosapentaenoyl moiety; it is an enantiomer of a (3S, 6S, 7S, 8S, 9R, 10S, 12S, 13R, 16R) -3-hydroxypentanoyl-4,7,10,14-tetramethyl-2,6,8-trioxaspiro [4.5] undec-7-ene-9-oyl"
418,". The molecule is an organic cation obtained by protonation of the tertiary amino group of N, N-dimethylethylenediamine; major species at pH 7.3. It has a role as a human metabolite and a mouse metabolite. It is an ammonium ion derivative and an organic cationic compound. It derives from a N- (dimethylamino) propane-1-aminium. It contains a N- [(diethylamino) methyl] -N- (2-hydroxyethyl) ethylenediamine (1 +). It arises from a tautomerisation of a bis- (ethylamino) ethane-1,2-diamine. It represents a conjugate acid of a bis (ethylammoniumyl) methane. It exists as a tautomer of a Bis (ethylaminoethanol) .It is a conjugate base of a Tris (18) NH (4) H (2) O. It can be derived from a hydride of a tris (ethylammine) ethane. It was an enantiomer of a mono (ethylamidinium) ethylene-2,2 ': 6', 7 '-trichloro-1,4,7,10-tetraazacyclododecane-18-amine (1-). There is only one of four possible combinations of these two compounds in the same molecule (n ="
419,"SUMMARY: The plant is a member of the class of xanthones that is 9H-xanthen-9-one substituted by hydroxy groups at positions 3, 6 and 8 and a prenyl group at position 2. It has been isolated from the aerial parts of Delphinium styracifolium. It derives from a hydride of an xanthan. It is a conjugate acid of a kaempferol 3-O-beta-D-xylopyranosyl- (1- > 2) -alpha-L-rhamnoside (1-). It exists as a tautomer of a dihydromyricetin zwitterion. It arises from a tautomeric exchange between a kaempferol 3,6,8-triacetate and a dihydronaphtho [2,3-c] furo [3,2-g] chromen-7-one. It originates from a trans-1,2-dihydroxynaphthalene-3-ol. It contains a cis-2,3-dihydroxy-6- (1-hydroxyethyl) -9,10-dihydroanthracene-2,7-dione (1 +) .2. It is an enantiomer of a dihydro-3R, 6S-epoxy- (2R, 6R) -2-acetoxy-2,2-dimethylpyrano [3,4-b] furan"
420,"(3-hydroxy-3-methylglutaryl-CoA). It has a role as an Escherichia coli metabolite and a mouse metabolite. It derives from a coenzyme A. It is a conjugate acid of a 3-hydroxymethylmalonyl-CoA (4-). it is an enantiomer of a 2-hydroxy- (3R, 4S) -3-methylcrotonyl-CoA 5 '-phosphate (3-); it is a tautomer of a 6-hydroxymandelic acid 5' -phosphate zwitterion. It arises from a hydride transfer from a crotonylation to the 3-OH group of 3-methylglutaconic acid. It contains a (3S, 4R) -3,4,5,6-trimethylcyclohex-2-en-1-ylpropanoic acid (2-). The major tautomer at pH 7.3 (according to Marvin v 6.2.0.). There is a proton exchange between a free 3-methyl-branched-chain 3-dehydro-alpha-D-manno-oct-4-enoate (1-) and a free 2,3-trans-hexacosanoyl-L-threonyl-beta-aspartyl-S-cysteinyl-R-5-hydroxystearic acid ("
421,"CONSIDERATIONS: The molecule is a member of the class of benzamides obtained by formal condensation of the carboxy group of 4-hydroxybenzoic acid with the amino group of 2-naphthylamine. It has a role as an EC 3.1.1.7 (acetylcholinesterase) inhibitor, an agrochemical and an antifungal agent. It derives from a 2-naphthaleneacetic acid. It is a conjugate acid of a 2- (4-hydroxy-3-methylphenyl) -4-methoxybenzamide (1-). It arises from a tautomerisation of a N- (2,4-dichlorophenyl) -2-naphthylacetamide zwitterion. It represents a tautomer of a 4- [(2,6-dimethylphenyl) methyl] -2-oxonaphthalen-1-amine. It comes from a hydride of a 2,3-dihydro-1H-inden-5-one. It contains a 4-hydroxymercury-6-yl acetate. It originates from a reaction of a butane-1,4-dioic acid with a N-acetyl-beta-D-glucosaminidase; it is an enantiomer of a (+ / -) -N-acetylisonipecarbaldehyde. A metabolite of the fungicide azoxystrobilin. It"
422,"The molecule is a member of the class of xanthones that is 9H-xanthen-9-one substituted by hydroxy groups at positions 1, 2 and 6. It has a role as a plant metabolite. It derives from a hydride of a 9,10-anthraquinone. It is a conjugate acid of a 1,8-dihydroxy-9,10-dihydronaphthalene-2,7-dione (1-). It represents a tautomer of a 2,3-dihydroxyanthranilic acid zwitterion. It arises from a tautomerisation of a 1,2-dihydroxyanthracene-9,10,10-tetracarboxylic acid. It contains a proton of a 2,2 '-dihydroxy-1,1' -biphenyl-6,6- (2H) -dicarboxylate.2. It is an enantiomer of a 1,4,7,9 '-trihydroxyanthranilate. It belongs to a tautomers of a 1,2,6,7-tetrahydrochrysene-3,6,8' -tricarbonyl-1,2-dihydroanthracene-2,7- (1H, 6'H) -dione. It originates from a deprotonation of a free hydroxyl group of a 1,10-dihydroxyanthracenediol. It was a conjugate base of a 1,6-dihydro-9- (2,6-dihydroxyindol-3-yl"
423,"ì). It is a member of the class of catechols that is (-) -epicatechin in which the hydroxy group at position 3 has been converted into the corresponding alpha-L-rhamnopyranosyl- (1- > 2) -beta-D-glucopyranoside. It has a role as a polyphenol, an anti-inflammatory agent and a human xenobiotic metabolite. It derives from a (1R, 2R) -1-hydroxy-3,4-dihydronaphthalene-2,7-dicarboxylic acid and a (R) -2-hydroxymyristic acid. It arises from a conjugate acid of a (+) -3-O-dehydro-3-deoxy-4-hydroxy- (1-hydroxyethyl) -L-threo-hex-5-enedioate. It originates from a hydride of a 2,3-dihydroxy-6-methylcyclohexa-1,4-dien-1-ol. It represents a tautomer of a protocatechuic acid zwitterion formed by transfer of a proton from one of the hydroxy groups to the carboxylic acid group; it is also a major species at pH 7.3. It contains a (3R, 4R) -3- (hydroxymethyl) -4-hydroxytetracosanoyl-2,6-dihydroxyhexacosanoate. It"
424,") is a dicarboxylic acid monoamide obtained by formal condensation of the carboxy group of salicylic acid with the amino group of glycine. It has a role as a metabolite. It derives from a salicylic acid. It is a conjugate acid of a N-acetyl-N- [(2-carboxyethyl) carbamoyl] glycinate and a N ', N' -bis (salicylidene) glycinate. It arises from a hydride of an alpha-D-glucose- (1- > 4) -D-glutathionyl-L-glutamate (1-). It contains a salicylidene- (2-). A tautomer of a O-succinylglycine zwitterion arising from a proton transfer from a hydrogen sulfate to a carboxylatoimino group; it is a major tautomer at pH 7.3. It may be a conjugate base of a 5-hydroxy-3-methyl-2-oxopyrazin-4-ium-1-olate. It comes from a tautomerism of a 6-hydroxysalicylic acid zwitterions derived from a glycine and a salicylate. It reflects a tautomerization of a 7-hydroxystearic acid zwittercation. It consists of a zwittertronate. It"
425,). (ABSTRACT TRUNCATED AT 250 WORDS)
426,". It has a role as a mouse metabolite. It derives from a putrescine. It is a conjugate base of a putrescine (1 +). It arises from a hydride of a 1,4-dihydronaphthalen-2-one. A tautomer of a 2,3-dihydro-1H-indene-1,3-dione zwitterion. It contains a protonated indol-3-ylacetic acid (1-) .It is an enantiomer of a meso-indo-1,4-dihydroquinolin-2 (1H) -one zwitterions. It differs from a corresponding compound of a 2,5-dioxo-1,2-dihydroquinoline-3 (2H) -carboxylic acid. One of a set of indole alkaloids isolated from the leaves and stems of Catharanthus roseus L. It is also used as a cathartic for the treatment of urinary tract infections, especially those caused by Gram-negative bacteria such as Escherichia coli and Pseudomonas aeruginosa. It carries a positive charge at the nitrogen atom and a negative charge on the aromatic ring. It can be expected that it will give rise to a reduction of the nitro group attached to the indolyl moiety. It may also be a precursor of a variety of secondary metabolites found in many other plant species. It"
427,"[(15S) -hydroperoxy- (5Z, 8Z, 10E, 13E) -icosatetraenoic acid] is an intermediate in the biosynthesis of arachidonic acid. It has a role as a human xenobiotic metabolite. It is a conjugate acid of a 15-HPETE (1-). It derives from a hydride of an icosa-5,8,10 (14), 16-trienoyl-L-threo-hex-5-enoate. The major species at pH 7.3. It belongs to a class of omega-hydroxy fatty acids and a series of omega- (9Z, 12Z, 16Z) -octadecatrienoyl derivatives. It originates from an all-cis-docosa-4,7,10,13,16,19-hexaenoic acid."
428,") is a dicarboxylic acid anion obtained by deprotonation of the carboxy groups of 2-aminoadipic acid; major species at pH 7.3. It has a role as a human metabolite and a Saccharomyces cerevisiae metabolite. It is a conjugate base of a 2-aminobicyclo [2.2.1] heptane-2-carboxylic acid. It derives from a hydride of a bicycloheptane (1 +). A conjugate acid of a 2- (aminoadipyl) -1,5-diaminopentane-2,6- (1H, 3H) -dione (1-). It exists as a tautomer of a 5-amino-5-oxopentanoic acid zwitterion arising from a proton transfer from a carboxylate group to a primary amino group. It arises from a condensation of two molecules of aspartic acid with one molecule of each of the two guanidino groups of an alpha-D-glucose. It contains a 3-hydroxy-4-methylpentanoyl-L-threoninate (2-). An enantiomer of a (2S, 3S) -2-hydroxyisovaleric acid candicarboxylate (5-). One of two possible isomeric forms of this compound. It may be derived from a branched-chain amino acids or other amino acids"
429,"). It has a role as an EC 3.1.1.7 (acetylcholinesterase) inhibitor, an antibacterial agent and an antifungal agent. It is a conjugate base of a trifluralin (1 +); it is an enantiomer of a trifluoperazine. It derives from a hydride of a 1,3,5-triazine. It contains a trifluoro-3- (trifluoromethyl) -1H-1,2,4-triazin-1-yl group. It belongs to a class of triazines that is substituted by a trifluoromethyl group at the 1- and 3-positions and a hydroxy groups at the 5 and 6-positions (1-trifluoromethyl-3,5-dioxo-1,2,3,4,5,6-hexahydro-1H-pyrimidin-4-yl). A member of monofluorobenzenes. It represents a tautomer of a bifluuralin zwitterion. It arises from a tautomerisation of a trifluoromethanesulfonic acid zwitteration of a 1,3,5,7-tetrahydr-6-azabicyclo [4.3.0] oct-7-ene-2,6,8-trione. It originates from a proton transfer from a 1,1 '-bis (2-hydroxyethoxy) -2,2' -biphenyl-4,4 '-dicarboxylato-2,2' - ("
430,". The molecule is a tetracyclic triterpenoid that is olean-12-en-28-oic acid substituted by hydroxy groups at positions 3, 7 and 17 (the 3beta, 7alpha stereoisomer). It has a role as a plant metabolite. It derives from a hydride of an oleanane. It is a conjugate acid of a 3beta-hydroxy-7-oxotetracosa-4,7,10,13,16-pentaene-3,17-dione (1-) .It is an enantiomer of a 5alpha-lanostane-3,7,11,14-tetrol. It contains a 3beta-hydroxy group. It arises from a tautomerisation of a 3alpha-hydroxy- (7alpha, 17alpha) -lanost-24-enedioic acid zwitterion. It represents a tautomer of a 4beta-hydroxypentanoyl-3beta-hydroxystearic acid. It may be a tautomeric mixture of a 5beta-hydroxyergosta-7,22-dien-23-one zwitteration. It consists of a complex of two molecules of hydrogen bonded to each of the 3beta and 7alpha faces of a Delta (7), Delta (8) -ergostanedioic acid."
431,"cq. The molecule is a dicarboxylic acid dianion obtained by deprotonation of both carboxy groups of L-malic acid; major species at pH 7.3. It has a role as a human metabolite and a Saccharomyces cerevisiae metabolite. It derives from a L-malate (2-). It is a conjugate base of a L- [(2R) -2-hydroxy-3-methylbut-2-en-1-yl] succinic acid. It represents an enantiomer of a D-manno-oct-6-ulosonic acid (1-). There is a tautomer of a -L-malonate semialdehyde zwitterion arising from a transfer of a proton from the carboxy group to the alpha-position of the malonate moiety. It arises from a hydride of a meso-2,3-dihydroxybutane-1,4-dioic acid. One of a number of possible tautomers of this compound, it is likely that it is the major tautomer under physiological conditions. It may be a consequence of a reduction of the carbon-carbon bond between the two carboxylic acid groups. It contains a 3- (2-carboxyethyl) -2,3-dihydroxy-4-methyl-5-oxo-4,5-dihydro-1H-pyrrolo [2,3-f]"
432,"DESCRIPTION: The patient is a 16-year-old girl who was referred to the pediatric endocrinology clinic for evaluation of short stature. She has a history of growth hormone (GH) deficiency due to pituitary gigantism. She had been treated with pegvisomant, which resulted in an improvement in her height standard deviation score (SDS) from -2 to + 2. She also had a diagnosis of Noonan's syndrome. Her karyotype was normal (46, XX) and she did not have any other associated congenital anomalies. She does not have a family history of consanguinity, nor do she have any personal or familial history of endocrine disorders. It is a member of phthalmies, a non-proteinogenic alpha-amino acid and a primary amino compound. It derives from a 6-aminopenicillanic acid. It contains a 3-hydroxy-4-methyl-5-oxo-Delta (1), Delta (2) -cyclohexadien-1-yl group. It has a role as a human metabolite and a G protein-coupled receptor 7 (GPR-7) agonist. It represents a conjugate base of a desacetylpramipexole (1 +). It arises from a tautomerisation of a"
433,". It is a conjugate base of a 4-hydroxy-3-methylbut-2-en-1-one (1 +). It has a role as a human metabolite and a Saccharomyces cerevisiae metabolite. It derives from a hydride of a hexacosane. It contains a hydrogen attached to a methyl group at the 3-position of a hopane (1, 6) -ditrans, polycis-hexacosa-2,6,10-trienoate. It represents a tautomer of a 3-hydroxyhopane-1,6,10,11-tetraenoic acid zwitterion arising from a proton transfer from a carboxylic acid group to a hydroxy groups at positions 7 and 8; it is also a major component of a phytotoxin produced by Pseudomonas syringae pv. phaseolicola (PPHOSPHOMOTRICULUS: Pseudomonas syringae pv. Oryzae) isolated from oilseed rape (Brassica napus L.) seeds. It belongs to a group of hopanes that are substituted by an acetoxy group at C-3 and a hydroxy group at O-6. It carries a beta-D-glucopyranosyl- (1- > 2) - [alpha-L-rhamnopyranosyl- (2- > 3)] -beta"
434,". is a member of the class of xanthones that is 9H-xanthen-9-one substituted by hydroxy groups at positions 1, 3 and 6 and a prenyl group at position 2. It has a role as a plant metabolite. It derives from a hydride of a 9,10-anthraquinone. It is a conjugate acid of a kaempferol 3-O-beta-D-glucoside (1-). It represents a tautomer of an kaempferol 3 '-O- (alpha-L-rhamnopyranosyl- (1- > 2) -beta-D- + + +) -D-glucoside zwitterion. It arises from a tautomeric interconversion between a kaempferol 3,6,8-triacetate and a kaempferol 3,3', 6 '-trichloro-9' -acetoxy-1,2-dihydronaphtho [2,3-b] furan-7-olate. It originates from a reaction of a quercetin 3,6,8- (p-coumaroyl) -9,12-dien-3beta-ol with a hydrogen from a formic acid. An enantiomer of a flavonol 3,6,8,8-trithiadienol 3,6,7,12,13,15-pentakisapentaenet-14-al. It belongs to a group of xanth"
435,". It is a pentacyclic triterpenoid that is olean-12-en-28-oic acid substituted by a hydroxy group at position 3 and methyl groups at positions 2, 3 and 6 (the 2alpha, 3beta stereoisomer). It has been isolated from the aerial parts of Phyllanthus emblica. It derives from a hydride of an oleanane. It contains a beta-D-glucopyranosyl- (1- > 2) -alpha-L-rhamnosyl- (2- > 3) -beta-D: - [alpha-L] -D-xylopyranosyl- (1 < -- > 4) -trans-feruloyl group. It represents a tautomer of a 3beta, 5alpha, 6beta-trihydroxy-22-methylstigmasta-7,22-dien-3-yl acetate zwitterion. It arises from a transfer of a proton from a water to a propionic acid. It belongs to a group of 3-O-acyl-2,3-dideoxy-alpha-l-threo-hex-4-enopyranos-5-enoate derivatives. It originates from a condensation of an oleic acid with a 3-hydroxy-6-methylbutanoyl-1,2-dihydronaphthalene-1"
436,". The molecule is a member of the class of xanthones that is 9H-xanthen-9-one substituted by hydroxy groups at positions 1, 3 and 7 and a prenyl group at position 8. It has been isolated from the aerial parts of Caesalpinia sappan. It derives from a hydride of a 9,10-anthraquinone. It is a conjugate acid of a caesalpin A. It is an enantiomer of a (3R, 12R, 13S) -3alpha, 7beta, 8alpha, 10beta, 14alpha, 16beta, 19alpha, 22beta, 25alpha-octacosatetrahydronaphthalene-1,3,6,10,14-pentakistigr-trien-19-oic acid. It represents a tautomer of a 3,6-dioxo-1,2-dihydro-9- (4-hydroxyphenyl) -2,7,10-trimethyltricyclo [6.2.1.0 (4,10) .0 (18)] hexacosatetraene-1,8-diol zwitterion. It arises from a tautomerisation of a 6-deoxy-2,3-di-O-methyl-alpha-L-threo-hex-2-enopyranosylascorbic acid zwitter"
437,". It is a conjugate acid of a 4-amino-3-oxopentanoic acid (1-). It has a role as a human metabolite and a Saccharomyces cerevisiae metabolite. It derives from a hydride of a hexanoic acid. It contains a 2-acetamido-2-deoxy-beta-D-glucopyranosyl- (1- > 2) -alpha-L-threo-hex-4-enopyranosiduronic acid (2-). One of two possible tautomers of a 4,6-diaminopentanoacetic acid zwitterion arising from proton transfer from the carboxy group to the amino group; it is also a tautomer of a 6-aminocaproyl-2,4-dideoxypentanoacetate. It may be an enantiomer of a 5-aminopentanoyl-2,4,6-trideoxymyristoyl-2,2'-didehydro-3 '-spiro-7' -azabicyclo [3.3.1] nonan-6 '-one zwitterions. It arises from a tautomerisation of a 4,6- (methylenedioxy) -2,4-dihydroxy-3- (methylamino) hexane-1-carboxylic acid. The major tautomer at pH 7.3 (according to Marvin v 6."
438,". The molecule is a 3-deoxy-D-manno-oct-2-ulosonic acid (2-keto-3-deoxygluconate) in which the hydroxy group at position 6 has been oxidised to the corresponding aldehyde. It has a role as an Escherichia coli metabolite and a mouse metabolite. It is a conjugate acid of a 6-deoxymannoheptose 6-phosphate (2-). It derives from a hydride of a D-glycero-beta-L-gulo-heptopyranose (1-anhydro-2,3-dideoxy-d-gluco-hexopyranose). it is a tautomer of a 5-dehydro-6-oxymannoheptulose 7-phosphate zwitterion. It arises from a tautomerisation of a 4,6-dihydronaphthalene-1,3,6-trisulfonic acid 7- (O-acetyl) -alditol 7-carboxylate. It may be a consequence of a reaction of a 4-amino-4,6-dimethylbut-1-ene-3,6,8-triacarboxylic acid with a hydroxyl group at the 6-position of the pyranose ring (s."
439,"). It is a member of the class of pyrazolopyrimidines that is 1H-pyrazolo [3,4-b] pyridine which is substituted at positions 2, 4, and 5 by (trifluoromethyl) sulfanyl, methyl, and nitro groups, respectively. It has a role as an EC 3.1.1.7 (acetylcholinesterase) inhibitor, an antiparkinson drug, an antioxidant, an anti-inflammatory agent, an apoptosis inducer, an anticoronaviral agent and an antineoplastic agent. It derives from a hydride of a 4H-pyrido [1,2-a] pyrimidin-4 (3H) -one. It represents a tautomer of a tolcapone zwitterion. It arises from a tautomerisation of a 1-phenyl-1H-pyrazole-4-carboxylic acid. It originates from a proton transfer from a 3-methylpyrazole-3,5-dicarboxylic acid to a 6-amino-1,3,5-triazine-2,4 (1H) -disulfonaphthalene-1-carbonitrile. It binds to the active site of acetylcholinesterase (IC"
440,"I. The molecule is an organophosphate oxoanion obtained by deprotonation of the phosphate OH groups of 4-hydroxy-3-sulfoquinic acid. It is the major microspecies at pH 7.3 (according to Marvin v 6.2.0.). It has a role as a human metabolite, a Saccharomyces cerevisiae metabolite and a mouse metabolite. It derives from a 4-hydroxycoumarin (2-) .It is a conjugate base of a 4- [(3S) -3-sulfooxy-3- (sulfo) -4,5-dihydro-1H-1,2,4-triazol-5-yl] -2-oxopyrazolo [3,4-c] pyridine-6-sulfonato-1-sulfonate. It arises from a tautomerisation of a 4,6-dihydroxy-2-oxo-5- (p-hydroxyphenyl) -1,2-dihydropyrazol-3 (4H) -one. It comes from a hydride of a 1,4-dihydroxypyrazole; it is an enantiomer of a 3,4,5-trihydroxy-3,5-dichloropyrazole 3,6-disulfonic acid sulfate (1-) .The major tautomer of a 4,6- (S) -sulfo-3,5- (R) -bis (2,4-dihydroxyphenyl) -2,5-dihydropyrazole-"
441,". The molecule is a member of the class of xanthones that is 9H-xanthen-9-one substituted by hydroxy groups at positions 1, 3 and 6 and a methyl group at position 2. It has a role as a plant metabolite. It derives from a hydride of an oxacrown ether. It is a conjugate acid of a 9,10-dihydro-9H- [1,3] dioxolo [4,5-b] xanthan-9 (10H) -one (1-). It arises from a tautomerisation of a 2,3-dihydroxy-9,10-dimethylxanthone zwitterion formed by a proton exchange between the two hydrogens of the 9,10-dihydroxanoyl group; it is a tautomer of a 1,2-dihydroxynaphthalene-9,9 '-dicarboxylato-1,3,6,10' -triacetic acid. It represents a major species at pH 7.3 (according to Marvin v 6.2.0.). There is a link between the xanthone family and the cyanogenic beta-glucosidases found in the cyanobacterium Anabaena sp."
442,"Threonine is an inositol phosphomannosylinositol phosphoceramide compound having a hexacosanoyl group attached to the ceramide nitrogen and hydroxylation at C-4 of the long-chain base, followed by hydroxylation at positions 2 and 3 of the Very-Long-Chain Fatty acid. It has a role as a Saccharomyces cerevisiae metabolite. It derives from a Man-beta1-2-Ins-1-P-Cer (t18: 0 / 2-OH-26: 0). It is a conjugate acid of a 2-O- (3-hydroxymandeloyl) -sn-glycero-3-phospho-1D-myo-inositol-4-sulfate (2-). it is an enantiomer of a 1-O- [(2S, 3S) -2-hydroxyicosanoyl] -alpha-D-mannosyl- (4E, 7Z, 10Z, 13Z, 16Z, 19Z) -hexadecapentaenoyl-sn-sphingoid base-linked to an Ins-6-phosphate- (1- > 4) -bis-phosphoryl-alpha-L-inositol (1- < - > 2) -phosphoethanolamine. It represents a tautomer of an all-cis-1,2-dimyristoyl-"
443,ós. It has a role as an Escherichia coli metabolite and a mouse metabolite. It derives from a glutamine. It is a conjugate base of a 3-aminoglutaric acid (1 +). It arises from a hydride of a glutamine zwitterion. It contains a 2-amino-2-deoxy-D-glucopyranosane-1-phosphate (2-). A tautomer of a 6-aminoadipic acid zwitterions. It may be a consequence of a proton transfer from the carboxy group to the alpha-amino group of a glutaminyl-6-aminomalonic acid (1-). The major tautomer at pH 7.3 (according to Marvin v 6.2.0.). There is a significant increase in the number of hydrogen bonds between the two carboxylic acid groups; it is thought to be a result of a change in the protonation state of the omega-hydroxy group of glutaminyl6-malonic acid. It predicts that there is a positive correlation between the size of the N-acyl group and the magnitude of the negative charge on the C-O-C bond. It also predicts that the length of the linker connecting the two parts of the molecule is also positively correlated with the acidity of the ammonium group.
444,"). It is a conjugate acid of a 1-O-oleoyl-sn-glycero-3-phospho- (1 '-sn-glycerol) arising from deprotonation of the phosphate OH group; major species at pH 7.3. It has a role as a human metabolite and a Saccharomyces cerevisiae metabolite. It derives from a lysophosphatidylethanolamine 12: 0. It comes from a hydride of a docosahexaenoyl (9Z, 12Z, 15Z, 18Z) -octadecatrienoic acid. It belongs to a family of phosphatidylglycerols 18: 0 / 0: 1 zwitterions. It originates from an all-cis-docosa-4,7,10,13,16,18-hexaenoic acids. It represents a tautomer of a 1- [(7Z, 10Z, 13Z, 16Z, 19Z) -3-oxoddocosapentaenoyl] -2-palmitoylglycero- (8Z, 11Z, 14Z, 17Z, 21Z, 22Z, 24Z, 29Z, 31Z-- > 0) -glycerophosphodilinoleyl-L-serine zwitterion. It arises from a proton transfer from a 1,2-dihexadecanoylglycerol to a -1-stearoyl-sn"
445,"It is a tripeptide composed of L-glutamic acid, L-aspartic acid and L-proline joined in sequence by peptide linkages. It has a role as a metabolite. It derives from an aspartic acid, a L-glutamate and a D-proline. It is an enantiomer of a (S) -glutamyl-L-aspartate- (2S, 3R) -3-hydroxymyristic acid. It contains a L- (+) -aspartyl group and a 3-hydroxy-4-methylbut-2-enesuccinyl (4S) -4-methylpiperidin-1-yl (5S) -L-proline (1-). It represents a tautomer of a [(3S, 4R) -3- (hydroxymethyl) -2-hydroxypropanoyl] -L-aspartate zwitterion with a proton at the 5-position of the piperidine ring. It arises from a tautomerisation of a N (6) - (3-hydroxypyrrolidine-2,4-dione) -D-proline zwittercation. It belongs to a group of pyrrolidin-3-ones. It consists of a tautomers of a Glu-Asp-OMe (1 +) and a Pro-Val-OMe zwitterions. It comprises a conjugate acid of a"
446,". It has a role as a mouse metabolite. It derives from a hydride of an olefinic compound. It is a conjugate base of a 4-hydroxy-3-methylbut-2-en-1-one (1 +). It arises from a tautomerization of a 3,4-dihydronaphthalene-1 (2H) -furan-2 (3H) -one zwitterion arising from a proton transfer from a carboxylic acid group to a hydrogen at the 4-position of a 3-methyl-5-oxocyclohexa-2,5-diene-1,2-dione"
447,"SUMMARY: The plant is a member of the class of xanthones that is 9H-xanthen-9-one substituted by hydroxy groups at positions 1, 3 and 6 and a prenyl group at position 8. It has been isolated from the aerial parts of Mallotus philippinensis. It derives from a hydride of an xanthan. It is a conjugate acid of a kaempferol 3-O-beta-D-xylopyranosyl- (1- > 2) -alpha-L-rhamnoside (1-). It arises from a tautomerism between a kaempferol 3,6,8-triacetate and a kaempferol 3,3 ', 6' -tetrol zwitterion. It represents a tautomer of a quercetin 3,6,8,8 '-triacetate. It can be considered as a metabolite of a plant species belonging to the genus Mallotetranthus. It may be a useful compound for the development of new anti-inflammatory agents. It also has a role as an anti-platelet aggregation agent and a plant metabolite. It contains a monosaccharide derivative, a secondary alcohol, a primary alcohol and a tertiary alcohol. It originates from a kaempferol 3,6-diacetoxy-7-methyl-2,3-dihydro-4H-furo ["
448,"). It has a role as a mouse metabolite. It derives from a tyrosine. It is a conjugate base of a 3-hydroxy-4-oxo-5-phenyl-4,5-dihydro-1H-1,2,4-triazolo [4,3-a] pyrimidine-6-carboxylic acid (1 +). A conjugate acid of a 3- (3-amino-3-carboxypropyl) -3-phenylpropanoic acid zwitterion. It arises from a proton exchange of a proton from a carboxyl group to a hydroxypyridin-2-yl group. It represents a tautomer of a 3,4-dihydroxy-5- (p-hydroxyphenyl) -4,5-dihydropyrimidin-2 (1H) -one. It originates from a hydride of a 3,5-dihydroxymercury-4- (methylsulfanyl) benzene-1-carboxylate. It belongs to a class of imidazoles that is substituted by an acetamido group at the 5-position and a methyl group on the 6-position. It contains a 2- (N-acetyl-L-alpha-aspartamido) -beta-D-glucopyranosyl- (1-- > 4) -D-glucosiduronic acid (1-) zwitterate. It comes from a tautomerism of a"
449,". The molecule is a member of the class of chalcones that is trans-chalcone substituted by hydroxy groups at positions 2, 4 and 5 and a methyl group at position 3. It has a role as a plant metabolite. It is a polyphenol and a chalcone. It derives from a trans- (+) -1,2-dihydroxy-3-methylbut-2-en-1-one. It represents a conjugate acid of a trans-2- (4-hydroxy-3,5-dimethoxyphenyl) -3- (3,4,5-trimethoxyphenyl) -2-oxopropanoate. It arises from a tautomerization of a cis-2,2 '-dihydroxy-4,4' -dimethoxy-1,1 '-biphenyl-3,3' -dicarboxylate. It originates from a hydride of an oleanane. It exists in two tautomers: it is a tautomer of a cis- (+ / -) -chalcone zwitterion. It contains a 3- (3,4-dimethyl-5-hydroxyphenyl) -2,3-dihydrofuro [3,2-c] furan-2 (5H) -one and a 1- (2,4-dihydroxyphenyl) -3-methylbutanoyl-1,3-dioxolane-5- (4H) -pyrano [2,3-f] chromen-"
450,"oglycerol (2-) is obtained by deprotonation of the phosphate OH groups of 1-stearoyl-2-oleoyl-sn-glycero-3-phospho- (1 '-sn-glycerol); major species at pH 7.3. It has a role as a human metabolite. It derives from an oleic acid. It is a conjugate base of a 1- (stearoyl) -2-oleoyl- (1,2-dioleoyl) -3-phospho-rac-glycerol. It was an enantiomer of a 1-myristoyl-2- (linoleoyl) -3- (9Z, 12Z, 15Z, 18Z) -docosahexaenoate (1-). It arises from a hydride of a 9,10-octadecadien-1-phosphate. It may be a tautomer of a 9- (myristoyl) -2,3-dioleyloxyergosta-5,8,11,14-tetraenoyl-beta-D-glycero- (1- > 2) -alpha-L-glycerophosphoethanolamine zwitterion. It originates from a 9-lauroyl-2,3-dihydroxyergost-5-ene-20-phosphate and a 12-methylheptadecanoyl-alpha-amin-2,6,10-trienoic acid."
451,"I. The molecule is a triterpenoid saponin isolated from the aerial parts of Celastrus orbiculatus. It has a role as a plant metabolite. It is a beta-D-glucoside, a pentacyclic triterpenoid, a cyclic terpene ketone, a trisaccharide derivative, a member of furans and a secondary alcohol. It derives from a 3-hydroxy-6-methylcyclohex-2-en-1-one. It contains an alpha-L-rhamnopyranosyl- (1- > 2) - [beta-D- (1---- > 4) -beta-D] -D-glucopyranosyl residue attached to a 3beta-hydroxyoleanolic acid via a glycosidic linkage. It arises from a hydride of an oleanane. It represents a conjugate acid of a celastrol (1-). It exists in two tautomers: at pH 7.3 it is a tautomer of a solamargine zwitterion. It can be directly observed by means of high-performance liquid chromatography (HPLC). In addition, it has a potential role as an anti-inflammatory agent, a hepatoprotective agent, an antineoplastic agent and a neuroprotective agent. It comes from a group of oleananes that are substituted by methyl groups at positions 3, 6, 7"
452,". It is a member of the class of benzamides obtained by formal condensation of the carboxy group of 4-aminobenzoic acid with the amino group of 2-amino-3-methylbutanoic acid. It has a role as a mouse metabolite. It derives from a 2-aminopropane-1,3-diol and a (R) -2-aminobicyclo [2.2.2] oct-2-ene-1-carboxylic acid. The compound is a conjugate acid of a N-acetyl-L-aspartate--2-ammonio-3- (2-aminoethyl) -2,4-diketopiperazine (1-). It arises from a tautomerisation of a N- [(1R) -1-carboxyethyl] -4-aminobenzoylamino-2,3-dimethylbutanoyl-D-proline zwitterion arising from a proton transfer from one of the two carboxy groups to the secondary amino group; it is the major species at pH 7.3. It consists of a tautomer of a 4- {[(1S) -1- (carboxymethyl) piperidin-4-yl] oxy} -N-acetylbutanoylamino-2- [(2R) -2- (acetamido) -3-methylbutyl] -2-oxopentanecarboxamide. It"
453,". It is a member of the class of imidazoles that is imidazole in which one of the hydrogens attached to the nitrogen is replaced by a 2-hydroxyethyl group. It has a role as a human metabolite and a mouse metabolite. It derives from a hydride of an imidazol-1-ium. It represents a tautomer of a 5-hydroxy-1H-imidazole-2,4-dione zwitterion. It arises from a tautomerisation of a 5- (2-aminoethyl) -1H-imidazo [4,5-f] imidazole-2,4,6 (1H, 6H) -trione; it is a conjugate acid of a 2,5-dihydr-oxy-3-methylimidazolidin-4-yl-1- (beta-D-ribofuranosyl) -e-5-carboxylate. It comes from a proton transfer from an imidazole to a hydrogen guaifenesine (1 +). One of two tautomers of a 3,5-diamino-1,2,4-triazole-6-carboxylic acid. It contains a free hydroxyl group at the 5-position (1) -position (2 +) and a free alpha-L-rhamnopyranosyl- (1- > 2) -D-ribofuranoside (1-) moiety (2-)"
454,"(3-deoxy-D-manno-oct-2-ulose). It has a role as an Escherichia coli metabolite and a mouse metabolite. It derives from a D-mannose. It is a conjugate acid of a 2,3-dideoxy-3-O-methyl-alpha-L-threo-hex-4-enopyranuronate- (1- > 4) -ulose (2-). it is an enantiomer of a 2,5-dideoxymyristate-6-ulosonic acid 3- (1 +) -5-carboxylate. It represents a tautomer of a 2,3,5-trideoxy-5-O- [(S) -1-carboxyethylidene] -D-mannosonic acid zwitterion. It arises from a proton transfer from a carboxylic acid group to a hydroxy groups at positions 2 and 6 of the pyranose ring. It belongs to a class of hydroxymyristic acids that is produced by decarboxylation of myo-inositol hexakis- (1,4,6) -triacontane-2,6-dioic acid. It may be a metabolite of vitamin D-ergosta-7,22-didehydro-3beta-hydroxy-5alpha-cholest-8 (14) -en-3beta"
455,"DESCRIPTION: The patient is a 27-year-old female with a history of type 2 diabetes mellitus, hypertension, and dyslipidemia. She has been treated with atorvastatin (10 mg / day) for more than 5 years. She also suffers from chronic obstructive pulmonary disease (COPD). It has a role as an anti-atherosclerotic agent, an EC 1.14.13.39 (3-hydroxy-3-methylglutaryl-coenzyme A reductase) inhibitor and a drug allergen. It derives from a hydride of an olefinic compound. It is a conjugate acid of a fluvastatin (1-) .It is an enantiomer of a (S) -fluvastatin. It contains a (R) -3-hydroxybutanoyl-CoA (4-). There is no significant difference between the two enantiomers in terms of their ability to inhibit HMG-CoA reductase. It may be a consequence of a long-term use of an antilipemic drugs such as atorvastatin. It does not directly interact with the catalytic site of the enzyme, but it may interfere with the binding of the cofactor to the enzyme. It can be a tautomer of a free (3S) -mevalonic acid zwitterion. It comes from a (3R) -3alpha-hydroxycholest-5-en"
456,"It is a member of the class of phenols that is phenol substituted by a 4-hydroxyphenyl group at position 2. It has a role as a mouse metabolite. It derives from a hydride of a phenol. It is an enantiomer of a 3-hydroxy-4-methoxyphenyl-2-phenylpropanoic acid. It represents a tautomer of a (3R, 4S) -3,4-dihydroxyphenyl-2- (p-hydroxyphenyl) propanoate zwitterion. It contains a (3S, 4R) -4-hydroxyphenyl-2- [(3R) -3-hydroxyphenyl] propan-1-ol. It arises from a tautomerisation of a 3- (R) -hydroxy-4- (L-threo-hex-5-enoyl) benzoic acid and a (2R, 3S) -3- (S) -3,4,5-trihydroxy-3-methylbutanoyl-beta-D-glucosiduronic acid. As a consequence of the protonation of a hydroxyl group of a 3,5-dihydroxymandelic acid it is replaced by a proton of a 2,3-dihydroxyphenylethane-1,2-diol. It was a conjugate base of a 3,5,3 '-trihydroxyditrans, octacis-hexakis-2,6-di"
457,"is an organic cation obtained by protonation of the amino group of (S) -ephedrine; major species at pH 7.3. It has a role as a human xenobiotic metabolite and a mouse metabolite. It is an ammonium ion derivative and an alpha, beta-unsaturated monocarboxylic acid anion. It derives from a (R) - (+) -synephrine (1 +) .s. It is a conjugate acid of a (1S, 2R) -2-phenylethyl-1- (3-hydroxy-3-methylbut-2-en-1-yl) -2- [(1R) -1-hydroxyethyl] -1,2,3,4-tetrahydroisoquinoline-5-carboxylate. It's enantiomer is the major diastereoisomer present in urine (1: 1 ratio). It contains a (2S, 3R) -3-hydroxynorephedrine (4 +) .The major tautomer is a (4S, 5R) -4-hydroxymandelic acid zwitterion. It belongs to a class of phenylpropanes that is substituted by an alpha-L-threo-hex-4-enesuccinate (1-) The primary amino group is an enantiomerically equivalent to a (1R, 2S) -N-methyl-N-ethyl-D-erythro"
458,". It has a role as a mouse metabolite. It is a conjugate acid of a N-acetylcarnosine (1-). It derives from a hydride of a cyclo-hexanedioic acid. A tautomer of a N- (3-methylbut-2-en-1-yl) carnosine zwitterion. It arises from a proton transfer from a carnosine to a 3-methyl-4-oxocyclohex-5-ene-1,2-dicarboxylate. It contains a 3- (hydroxymethyl) -4,5-dihydro-1H-1,2,4-triazolo [4,3-b] pyridine-6-carboxylic acid zwitterions. The tautomer is a member of N-acetyl-L-carnosines and a N, N-diacetyl-D-carnosinate zwittercation. It originates from a cis-3-hydroxymyristic acid and a trans-3,5-dinitro-4- (methoxycarbonyl) cyclohexa-2,5-dienesulphonamido-butane-1,4-diolate. It consists of a mixture of two major tautomers at pH 7.3 (one of which is protonated on the carboxy group; the other is not). Both tautomers are considered to be present in"
459,"). It has a role as an EC 3.1.1.7 (acetylcholinesterase) inhibitor, an antibacterial agent and an antifungal agent. It is a conjugate base of a physostigmine (1 +); it is an enantiomer of a (-) -physostigmine. It derives from a hydride of a 1,3-benzenediol. It contains a (S) -N-methyl-N '- (3-methylbutyl) -N ""- (2-phenylethyl) -N, N-dimethylethane-1,2-diamine (1-) .H (2) O (2-). A tautomer of a nefopam zwitterion. It arises from a proton exchange between a (S-) and a (R) -1- (4-fluorophenyl) -4-methylpiperazin-1-ium-2-ylidene] bis (acetohydroxamic acid. It represents one of the major forms of physostigmine at pH 7.3. It can be used to treat infections caused by Gram-negative bacteria such as Pseudomonas aeruginosa, Acinetobacter spp., Escherichia coli, Klebsiella pneumoniae, Enterobacter spp. and Serratia marcescens. It also acts as an antimicrobial agent against some strains of gram-positive bacteria including methicillin-resistant Staphylococcus aureus (MRSA) and vancomycin-resistant enterococci. It"
460,") is a member of the class of N-acylhomoserine lactones obtained by formal condensation of the carboxy group of palmitic acid with the amino group of N- (3-oxohexanoyl) homoserine lactone. It has a role as a bacterial metabolite. It derives from a hexadecanoic acid. It is a conjugate acid of a N- [(3R) -3-oxo-3-hydroxypiperidin-1-yl] homoserine lactonoate4-oyl-O-hexanoyl-L-homoserine semialdehyde (1-). It arises from a condensation of a 3-oxohexanoic acid with one of the hydroxy groups of an alpha, beta-unsaturated N-acetylhomoserine 6-phosphate. It comes from a hydride of an octadecanedioic acid and a N-hexadecanoylhomoserine 12-P-hydroxydecanoate. It contains a 3- (3 '-hydroxyphenyl) propanoyl group. It belongs to a subclass of omega- (2-hydroxyphenyl) hexacosenoic acids. It originates from a fatty acid 12-hydroxymyristoyl-D-threo-hex-2-enoate. It consists of a mixture of two isomers: cis- and trans-isomers. It"
461,"A (1) - and (4Z, 7Z, 10Z, 13E, 16Z) -14,15-epoxyicosa-4,7,10,13,16-hexaenoic acid in the mouse. It has a role as a mouse metabolite. It is an omega-hydroxy fatty acid, a long-chain fatty acid and a polyunsaturated fatty acid. It derives from an all-cis-docosa-5,8,10,13,16,16-pentaenoic acid. it is a conjugate acid of a 7-oxo-5Z, 8Z, 11Z, 14Z-icosapentaenoate. It arises from a hydride of an icosapentaenoic acid. An enantiomer of a (6Z, 9Z, 12Z, 15Z, 17Z, 20Z) -7-oxodocosahexaenoyl-l-glycero-3-pha-4-enoic acid?"
462,"). It has a role as an allergen. It is a tautomer of a 4-hydroxy-2-oxo-2H-1-benzopyran-3-carboxylic acid. It derives from a hydride of a 4H-1,4-benzoxazin-3 (4H) -one. It contains a 2,4-dichloro-6- [(methylsulfonyl) amino] pyrimidin-5-yl group (1-) and a 2,4,6-trichloro-1,3,5-thiadiazinane-3,5-dionato-7-yl hydrogen phosphate zwitterion (2-). The tautomer is a conjugate acid of a 4,4 '-dichloropyridine-2,6-bis (6-sulfo-alpha-L-rhamnopyranosyloxy) -2,2', 6,6 '-tetra-O-acetyl-beta-D-glucopyranosiduronic acid zwittercation. It arises from a tautomerization of a 4,6-dichloropyridinium-2,6- (6'S) -bis (p-tolylsulfanylsulfanyl) -2-hydroxyiminodibenzo [1,3] dioxolo [4,5-b] pyran-4 (5H) -onate. It belongs to a class of imidazoles that is substituted by"
463,"RESULTSING THE FOLLOWING STRENGTHS: The patient is a 52-year-old man with chronic lymphocytic leukemia (CLL). He has been treated with chlorambucil, which has been shown to be effective in patients with CLL. It has a role as an antineoplastic agent and an apoptosis inducer. It is a member of benzimidazoles, a primary amino compound, a secondary amino compound and a tertiary amino compound. It derives from a 3-amino-1-methyl-2-oxo-3,4-dihydro-2H-benzopyran-6-carboxylic acid. It arises from a hydride of a benzo [b] pyrrolizine. It consists of a conjugate base of a cladribine (1 +). It comes from a tautomer of a 5-chloro-7-deazabicyclo [3.2.1] heptane-2,3-dione zwitterion. It contains a proton at the second position of a cyclobicycloheptane ring. A tautomer is also a tautomerisation of a 4-hydroxy-3-aminopyrazolo [4,3-b] indol-8-one. It can be derived from a ditrans, polycis"
464,"SUMMARY: The molecule is a hydrate that is the dihydrate form of oxalic acid. It has a role as a human metabolite and a Saccharomyces cerevisiae metabolite. It contains an oxalate (2-). It derives from an oxalate. It is a conjugate acid of an oxalate (3-) .It is an enantiomer of an oxalate dihydrate. It arises from a hydride of a meso-2,3-dihydroxy-4-oxocyclohexanecarbonyl-1-ene-1, 4-dicarboxylic acid. A tautomer of a 2-hydroxy-3-methyl-5-oxo-4,5-dihydro-1H-pyrazol-6-olate. It may be a hydrate of a 2,5-dideoxy-D-threo-manno-oct-2-ulosonic acid (anhydro-delta-amino acid) (2 +) .H (2) O (4-) .H. It is one of the major species at pH 7.3 (according to Marvin v 6.2.0.). There is a strong correlation between the degree of hydration of oxalate and the number of hydrogen bonds involved in the coordination sphere of the metal ion (r = 0.999); it is therefore it is considered to be a fundamental property of oxalate."
465,"x. It has a role as an Escherichia coli metabolite and a mouse metabolite. It is a conjugate acid of a sulfoquinate (2-). It derives from a hydride of a quinic acid. It contains a sulfate (3-). There is a tautomer of a 4-sulfo-3-sulfonato-2,3-dihydro-1H-imidazo [4,5-f] -1,2,4-triazin-1-one zwitterion. It arises from a proton transfer from a sulfate to a quinidinone (1-). The major tautomer at pH 7.3. It may be a conjugate base of a 4,6-dimethoxy-2-hydroxy-5-methyl-3,7-dioxo-2,3,4-tetrahydroimidazo [4,5- f] pyrimidine-1 (2H) -thione. It exists in a tautomeric form of a 6-methoxy-3,5-dideoxy-D-glycero-alpha-L-manno-hepta- (2-- > 6) -D-threo-hexopyranosiduronic acid (1'S, 6'R, 7'S) -hexahydro-1H, 8'H, 9'H-pyrano-1,3a, 7,7a-tetraazaheptane"
466,". The molecule is a pentacyclic triterpenoid that is olean-12-en-28-oic acid substituted by hydroxy groups at positions 3 and 22 (the 3beta, 22beta stereoisomer). It has been isolated from the aerial parts of Tripterygium hypoglaucum. It derives from a hydride of an oleanane. It is a conjugate acid of a 3beta, 22-diacetoxy-3beta- (4-hydroxy-3-methylbut-2-enyl) -3beta, 22alpha-seco-urs-11-ene-23,24,28-triol (1-). A tautomer of a 3alpha, 22,22-trihydroxy-3,22-dimethylbishomopregnane-23,28-dial zwitterion. It arises from a tautomerisation of a diol of a tiglic acid. It belongs to a class of acetogenins and is a monosaccharide derivative. It contains a 1-O-acetyl-beta-D-xylopyranosyl- (1- > 2) -alpha-L-arabinopyranosyl group (1 +). An acetate ester is also present in the form of a 5alpha, 6beta-epidioxycholest-8 (14) -en"
467,". It is a monocarboxylic acid anion that is the conjugate base of O-acetyl-L-serine, obtained by deprotonation of the carboxy group; major species at pH 7.3. It has a role as a human metabolite and a Saccharomyces cerevisiae metabolite. It derives from an O-acetylserine (1-). It consists of a tautomer of an O- (3-methylbut-2-en-1-yl) -L-serine zwitterion arising from a proton transfer from a 3-methyl-2- (methylsulfanyl) propanesulfonic acid to a 4-hydroxy-3- (methylthio) -2-oxobutanoic acid. It contains a free 3-methy-l-threo-hex-4-enoyl group (1 +) .s. It is an enantiomer of an O ‑ acetyl-O-stearoyl- (2S, 3S) -3-methyl- (methylsulfinyl) -1,2-dideoxy-alpha-D-glycero-altro-hexos-5-ulosonic acid zwittercation. It belongs to a group of N-acylamino acids and a member of acetamides. It originates from a L-threonine and a D-serine. It differs from a N-"
468,". It is a monocarboxylic acid and a member of benzenes. It derives from a butyric acid. It has a role as a human xenobiotic metabolite, an Escherichia coli metabolite, a mouse metabolite and a Saccharomyces cerevisiae metabolite. It arises from a hydride of a benzene. It represents a conjugate acid of a 4-hydroxy-2-oxobut-3-en-1-oate (1-). It contains a 2-oxoethyl-5-methyl-6-oxo-3,4-dihydrobenzo [b] pyran-7-olate anion. A conjugate base of a 4- (2-hydroxyethyl) -2,3-dihydro-2,2-dimethyl-6- (methylsulfanyl) -5-oxopyrazolo [3,4-f] quinolin-1 (2H) -one (1 +); it is a tautomer of a 2- (hydroxymethyl) -2-hydroxyethanesulfonic acid zwitterion arising from a proton transfer from a deprotonation of a sulfate group. There is a direct relationship between the pKa of the benzimidazole ring and that of the carboxylic acid group. It originates from a 3- (1H-imidazol-4-yl) -2- (methoxycarbonyl) propanoic acid. The major tautomer at pH 7.3. It"
469,"). It has a role as an allergen. It derives from a histidine. It is a tautomer of a N-acetyl-L-histidinato-S-oxide zwitterion. It contains a N- (2-hydroxyethyl) succinimide- [1- (4-hydroxyphenyl) ethylidene] -L-alanyl-D-alaninate and a N- {2- [(Z) -2-hydroxy-3-oxopropyl] -3-oxoprop-1-enoyl} -L-alpha-amino-beta-methyl-dl-threonyl-epsilon-aminocaproyl side chain (1 + 2 + 1: 1). The tautomer is a conjugate acid of a N- [2- (E) -hydroxyiminomethyl] -N, N-diethylethylenediylidenecarbothioamidinato-L- (erythro) -beta-aspartate- (1- > 2) -imidazolidin-5-ium. It arises from a proton transfer from a 1H-imidazole to a C-6 of a trans-4-hydroxymercuriphenylene-1,1-diyl-bis (acetohydroxamic acid); it is the major tautomer at pH 7.3. It belongs to a group of"
470,"is a monounsaturated fatty acid ester resulting from the formal condensation of the carboxy group of oleic acid with the hydroxy group of glycerol. It has a role as a plant metabolite. It derives from an oleic acid. It is a conjugate acid of an oleoyl-glycerol (1-). It arises from a hydride of an octadecane. It represents a tautomer of an oleyl-glycerol zwitterion formed by a proton exchange between the two positions of the glycerol moiety. A metabolite of jasmonic acid, it is also found in plants infected with Fusarium oxysporum f. m."
471,"CONFICATION: The peptide is a tetrapeptide composed of L-proline, L-leucine, glycine and L-serine joined in sequence by peptide linkages. It has a role as a metabolite. It derives from a L-prolyl, a L -leucine, a glycine and a L ‑ serine. It is a conjugate acid of a (L-Pro-L-Leu-Gly) (1-). It represents a tautomer of a [L-Pro- (2S) -2-aminobicyclo [3.3.0] oct-2-en-1-yl] -L-glycine zwitterion. It arises from a tautomerisation of a N (6) - (3-amino-3-hydroxy-4-methylbutyl) -L-leucyl-D-alanyl- (2S, 3S) -3-aminoadipic acid. It contains a free 3-hydroxymyristoyl group (1 +); it is the major tautomer at pH 7.3 (according to Marvin v 6.2.0.). A member of the class of tripeptides referred to as C-terminal oligolysines. It consists of a tripeptide unit consisting of two L-prolines, one glycine and one L-alanine. It"
472,". The molecule is an organic cation obtained by protonation of the tertiary amino group of (S, S) -dodec-2-ene-1-carboxylic acid; major species at pH 7.3. It is an ammonium ion derivative and a dicarboxylic acid dianion. It derives from a (R) -3-hydroxy-1,2,3,4-tetrahydronaphthalene-1,2-diol (1-). It has a role as a human xenobiotic metabolite and a mouse metabolite. It consists of a conjugate base of a (2S, 3S) -7-hydroxynaphtho [2,3-b] furan-2 (3H) -carboxylic acid. It arises from a hydride of a naphthalene-1,4-diol. It contains a (S) -2-hydroxy- (1S, 3R) -3- (4-hydroxyphenyl) -1-methylbutanoyl (1-methyl-1H-indol-3-yl) acetate (1 +). There is a tautomer of a desmethyl-desoxy-6,7-dimethyl-2,3a, 4,5,6,7,8-hexahydro-2H-benzo [e] isoquinolizin-8-ium-7-olate. It exists as a zwitterion of a bis (2-hydroxyethyl) amine. It"
473,") is a trisaccharide derivative obtained by formal condensation of the carboxy group of palmitic acid with the amino group of 2-acetamido-2-deoxy-beta-D-glucopyranose. It has a role as an epitope. It derives from a palmitic acid. It is a conjugate acid of a N-acetylglucosaminyl- (1- > 3) -2-acetamido- (2- > 4) -O- [N- (hexadecanoyl) -alpha-L-rhamnopyranosyl] -N, N-dimethylethanolamide (1-). It arises from a tautomerization of a 1-O-palmitoyl-N-acetyl-beta- D-glucosamine zwitterion. It represents a tautomer of a 6-O- (palmitoleoyl) -N-stearoyl-alpha-L- rhamnopyranosityl-N, N -dimethylethanediamide. A metabolite of the nematode Caenorhabditis elegans. It contains a 6- (p-hydroxyphenyl) hexacosanoyl group and a myo-inositol 3,4,5,6-tetrakis-trisulfate (2-) at the 3- and 4-positions, respectively. It may be a member of glycosylpyranoses and a trisaccharides derivative. It originates from a hydride of a hexadecanoic acid."
474,". is a member of the class of xanthones that is 9H-xanthen-9-one substituted by hydroxy groups at positions 1, 3 and 7 and a prenyl group at position 2. It has been isolated from the roots of Cratoxylum cochinchinense and has been shown to exhibit cytotoxicity against human tumour cell lines such as HL-60, A-549, SK-MEL-28 and HCT-15 with IC (50) values ranging from 10 to 40 microg / mL. It also exhibits antibacterial activity against Gram-positive bacteria such as Staphylococcus aureus and Bacillus subtilis. It derives from a hydride of a xanthone. It is a conjugate acid of a crocetin (1-). It arises from a tautomerisation of an orsellinic acid zwitterion. It represents a tautomer of a violacein. It contains a 6-O-trans-feruloyl-beta-D-glucopyranosyl-alpha-L-rhamnopyranosyl- (1- > 2) -D-ribofuranosyl-spiro [bicyclo [2.2.1] hept-5-en-7-yl] -2,3-dihydro-1H-furo [2,3-c] furan-4-amine. It"
475,". The molecule is a triacyl-sn-glycerol in which the acyl groups at positions 1 and 2 are specified as hexadecanoyl and oleoyl respectively. It has a role as a mouse metabolite. It derives from a hexadecanoic acid and an oleic acid. It is a conjugate acid of a 1-palmitoyl-2- [(9Z, 12Z) -octadecadienoyl] -sn-glycero-3-phospho- (1Z, 2E, 4E, 6Z, 8Z, 10E, 13E) -hexadecatrienoyl-1,2-diglyceride (1-). It arises from a hydride of a 9,10-octadecadienoic acid. A tautomer of a 1,2-di-oleoyl-3,6,10,13,16,19,22-octakis-hexaenoic acid zwitterion. It comes from a cis-vaccenic acid. An enantiomer of a 2,3-dioleoyl-3- [(11Z, 14Z) -12-oxoleicosa-5,8,10,13,14,17-pentaenoic] -1,4,10,10,13-tetramethyl-2,6,10,10-hexadecatetraenoic acid; it is not known whether it is a syn or anti-Markovich's salt. It"
476,"was the sulfuric acid derivative of 4-hydroxybenzoic acid. It has a role as a human xenobiotic metabolite. It is a conjugate acid of a 4-hydroxy-3-sulfooxybenzoic acid (1-). It derives from a hydride of an umbelliferone. It contains a sulfate group at the 4-position and a 5-O-sulfo-L-threo-hex-4-enopyranosyluronic acid (2-). The compound is a tautomer of a 4- [5- (5-sulfophenyl) -1H-imidazol-2-yl] benzenesulfonic acid zwitterion. It arises from a proton transfer from a sulfuric to a free 5-OH-5-dehydro-6-deoxy-beta-D-glucosiduronic acid; it is an enantiomer of a 3- [5-sulfonato-1H-imidazo [4,5-f] xanthen-1-ylidene] -D-glucuronic acid."
477,"SUMMARY: The plant is a member of the class of xanthones that is 9H-xanthen-9-one substituted by hydroxy groups at positions 1, 3 and 7 and a prenyl group at position 8. It has been isolated from the aerial parts of Celastrus orbiculatus. It derives from a hydride of an xanthan. It is a conjugate acid of a celastrol (1-). It represents an enantiomer of a (+ / -) -Celastrol. It arises from a Diels-Alder reaction between a beta-D-glucose and a gamma-L-glutamic acid. It contains a trans-2,3-dihydro-1,3-oxabicyclo [2.2.2] oct-5-en-7-one. It exists as a tautomer of a cis-1,2-dihydronaphthalene-3,7-diol zwitterion in which it is tautomerically equivalent to a cis- (1R, 2R, 3R, 5S, 6S) -1,4,7,8,10,10a-octahydronaphtho [2,3-b] furo [3,2-c] furan-2 (3H) -ol. It possesses a role as a plant metabolite and an antineoplastic agent. It"
478,"osa-5,12,20-tetraenoic acid is a member of the class of (5Z, 8Z, 11Z, 14Z) -icosatrienoic acids. It has a role as a mouse metabolite. It derives from an all-cis-5,8,11,14,17-icosatetraenoic acid. It is a conjugate acid of a 5-hydroxy-8-oxotetracosahexaenoyl-sn-glycero-3-phospho-L-serine (1-). it is an enantiomer of a 6-hydroxy- (7Z, 10Z, 13Z, 16Z, 19Z, 22Z, 25Z, 31Z, 34Z, 42Z, 44Z, 49Z, 50S) -heptakis-5,7,12,12,13,14,20-pentaoctadecatrienoic acid; it is a tautomer of a 7-hydroxyoctadec-5-enoic acid zwitterion. As a human metabolite, it is thought to be involved in the pathogenesis of Alzheimer's disease and other neurodegenerative diseases such as Parkinson's disease, amyotrophic lateral sclerosis, Huntington's chorea, Friedreich's ataxia, and spinocerebellar ataxia. It arises from a polyunsaturated fatty acid binding to the high-affinity"
479,"RESULTSIA: The molecule is a lignan alkaloid with formula C31H26N2O5, originally isolated from the roots of Machilus yaoshansis. It has a role as a plant metabolite. It is an organic heterotetracyclic compound, an aromatic ether, a member of phenols, a tertiary amino compound, a cyclic hemiketal and a secondary alcohol. It derives from a hydride of a nordihydroguaiaretic acid. It arises from a conjugate base of a (+) -liriodenine (1 +). It does not appear to be a tautomerically equivalent to a (-) -epigallocatechin-3-O-beta-D-xylopyranosyl- (1- > 2) -alpha-L-arabinopyranoside zwitterion. It contains a tautomer of a lotaustralin. It also exists in the presence of an alpha-tocopherol (2 +); it is thus it is a tautomeric form of a cryptopleurine. It can be considered as a tautomers of a neolignan alkaloid. It may arise from a tautomerization of a hypoliriodenin-3 ', 4' -O-bis (2,2,2-trimethylbutanediyl)"
480,"ós: C (1) -C (8). It has a role as an Escherichia coli metabolite. It is a conjugate acid of a 3-hydroxy-4-oxo-5-carboxypyrazolo [3,4-d] pyrimidine-2,6-dicarboxylate. It derives from a hydride of a pyrazol-2-one. It represents a tautomer of a 3- (1H-indol-3-yl) propanoic acid zwitterion. It arises from a proton transfer from a pyrazole ring to the carboxylic acid group. It contains a free hydroxypyrazole (1-) and a free 3-hydroxypropanoate (2-). The major tautomer at pH 7.3 (according to Marvin v 6.2.0.). There is a tautomerism of a 3,5-dihydroxy-4- (methylamino) -4,5-dihydro-1H, 5H-pyrimido [4,3-b] indole-7-carboxylic acid. It originates from a tautomerization of a 3,5- (methylenedioxy) -1H-pyrrolo [3,2-c] pyrrole-6-carbonitrile. It may be a consequence of a change in the protonation state of a pyrrolopyrimidine moiety (+ / -) or a loss of a proton. It"
481,"(1-O-galloyl-beta-D-glucose) isolated from the aerial parts of Phyllanthus emblica. It has a role as a plant metabolite. It is a member of catechins and a polyphenol. It derives from a gallic acid. it is a conjugate acid of a (+) -epigallocatechin-3-gallate (1-). It arises from a hydride of an alpha-L-rhamnosyl-beta- (4-- > 6) -D-glucosyl-5-hydroxypent-4-en-1-one. It contains a galloyl group at the 3-position and a trans-chalcone moiety at the 4-position. A tautomer of a catechin zwitterion formed by a proton transfer from a free gallic acid to a hydrogen bonding between a hydroxy groups at positions 2 and 4. It originates from a cis-4 ', 5' -di-O- [(1R, 2R, 3R, 4S) -3-hydroxy-2- (3,4-dihydroxyphenyl) -1-methylpropan-2-yl] -5- (methoxymethyl) -2,3-dihydro-1H-pyrano [3,2-c] chromen-7-ol. It belongs to a group of phenolic compounds that"
482,"). The molecule is the D-enantiomer of 3-hydroxy-3-methylglutaric acid. It has a role as an Escherichia coli metabolite and a mouse metabolite. It derives from a D-serine. It is a conjugate acid of a (3R, 4S) -3-hydroxybutyrate- (1- > 2) -3,4-dihydroxybutane-1-phosphate (2-). it is an enantiomer of a 3-hydoxy- (3S, 4R) -3- (hydroxymethyl) glutaric acid- (1S, 2R) -4-hydroxymyristic acid. Its conjugate acid is a tautomer of a 3,5-dihydroxy-3- [(S) -1-hydroxyethyl] -2-methyl-4-oxopentanoic acid zwitterion. It arises from a proton transfer from a L-serine to a 3,6-dihydroxypentanoyl-D-glycero-alpha-hex-2-enesulonic acid at a rate equal to that of a proton exchange between the two carboxylic acid groups of a 2,3-dihydroxyhexanedioic acid; it is a minor component in the urine of patients with inborn errors of D-amino acid metabolism such as maple syrup urine disease and homocystinurias. It"
483,"als.gov number: NCT02640810). The primary outcome is the incidence of new-onset diabetes mellitus in patients with newly diagnosed type 2 diabetes mellitus. It is an enantiomer of a D-glucose. It has a role as a hypoglycemic agent, an anti-diabetic drug, an antioxidant and a human metabolite. It derives from a hydride of a myo-inositol (1-O-beta-D-glucopyranosyl- (1- > 6) -D-myo-inosityl-alpha-L-rhamnopyranose). A conjugate acid of a 3-O- [(1R, 2R) -1-hydroxy-1,2-dihydroxycyclohex-3-en-1-yl] -D-glucitol (1-). It exists in two tautomers: a zwitterion formed by a proton transfer from a free OH group to a carboxylic acid group; it is a tautomer of a 4-O- (R) -3-O- {[(1S, 2S) -2-hydroxycyclohexyl] oxy} -D-glucono-delta-1,4-lactone. It represents a major species at pH 7.3 (according to Marvin v 6.2.0.). There is no evidence for a difference between the two stereoisomers in terms of glycemic control."
484,". It has a role as a mouse metabolite. It derives from a hydride of an olefinic compound. It is a conjugate base of a 4-hydroxy-3-methylbut-2-en-1-one (1 +). It arises from a tautomerization of a 3,4-dihydronaphthalene-1 (2H) -furan-2 (3H) -one zwitterion arising from a proton transfer from a carboxylic acid group to a hydroxy groups at positions 5 and 6; it is a tautomer of a 3,5-dimethoxy-4-methyl-1,2-dihydrobenzo [g] chromene-2,7 (1H, 6H) -dione. It represents a major species at pH 7.3 (according to Marvin v 6.2.0.) .It is an enantiomer of a 2,3-dihydro-4,4-dimethyl-2,6-dioxo-1,2,3,4-tetrahydrobenzo [f] chromeno [2,3-c] pyrrole-6,8 (5H) -dicarboxylate. It contains a beta-D-fructofuranosyl- (2S, 3R) -3-hydroxybutanoyl (1-) -2-deoxy-alpha-L-threo-hex-5-enopyranosyl (2-) (1'S)"
485,"). It is a member of the class of pyrazolopyrimidines that is 1H-pyrazolo [3,4-b] pyridine which is substituted at positions 1, 3, and 5 by 2-chloro-4- (trifluoromethyl) phenyl, 4-methylpiperazin-1-yl, and methyl groups, respectively. It has a role as an EC 3.1.1.7 (acetylcholinesterase) inhibitor, an antiparkinson drug, an antioxidant, an anti-inflammatory agent, an apoptosis inducer, an anticoronaviral agent and an antineoplastic agent. It derives from a hydride of a 4H-pyrazolopyrimidine. It represents a tautomer of a memantine zwitterion. It arises from a proton transfer from a memaprine to a pyridinium cation. It comes from a tautomerism of a fampridine. It contains a mempride zwitterions. It belongs to a group of N-alkylpiperazine derivatives. It originates from a condensation of a trifluoro-4-hydroxy-1H-pyrazole-3-carboxylic acid with one of the two amino groups of a propanoic acid. It binds to the active site of acetylcholinesterase (IC (50) = 10 μM). Maprotiline is used in the treatment of Parkinson's disease. It"
486,". The molecule is a monocarboxylic acid anion that is the conjugate base of (S) -2-amino-3- (methylthio) propanoic acid, obtained by deprotonation of the carboxy group; major species at pH 7.3. It has a role as a human metabolite and a Saccharomyces cerevisiae metabolite. It is an ammonium ion derivative and a member of thiosulfinates. It derives from a mercaptopropane-1,3-dithiol (2-). It consists of a complex of a mercaptosuccinic acid zwitterion with a sulfonate group attached to one of the two carbon atoms of the thiophene ring. It contains a thioether bond. It arises from a tautomerisation of a 3-mercaptopropanesulfonic acid. It may be a tautomer of a 2-mercaptopropionyl-3-sulfanyl-4-hydroxy-5-methyl-1H-pyrrole-1-thiol. It comes from a hydride of a thiophene (1 +) -thiophene-2-carboxylate. It indicates a tautomerization of a sulfur dioxide zwittercation. It reflects a proton transfer from a sulfate to a dithioacetic acid (1-). There is a tautomeric relationship between a sulfide and a thiosulfate zwitterate zwittertride. It"
487,". It has a role as a mouse metabolite. It derives from a butyric acid. It is a conjugate acid of a 3-carboxy-4-hydroxy-5-methyl-2-oxopyrrolidine-1-carboxylate. It comes from a hydride of a pyrraline (1 +) and a propionaldehyde. It represents a tautomer of a 3- (4-hydroxyphenyl) propanoic acid zwitterion formed by a proton transfer from a carboxylic acid group to a hydroxy group at the 5-position of a pyrrolidinecarboxamide. It contains a 4-hydroxymuconic semialdehyde (1-). It arises from a condensation of a propionic acid with one of the two hydroxyl groups of a pyrrolizidine alkaloid, which is believed to be responsible for the toxic effects of pyrrolizine alkaloids found in Senecio jacobaea and Crotalus durissus. It belongs to a class of N-acyl-L-alpha-amino acids and is a member of pyrazines. It originates from a pyrrolic acid and a pyrrol-3-carboxylic acid. They are tautomers of a 5- (p-methoxyphenyl) -2,3-dihydro-1H-1,2,4-triazolo [4,3-b] pyridine"
488,". The molecule is a member of the class of benzamides obtained by formal condensation of the carboxy group of benzoic acid with the amino group of 2-naphthylamine. It has a role as a chromogenic compound. It derives from a benzoic acid. It is a conjugate acid of a 2- (1H-indol-3-yl) -2-naphthylamide (1-). It arises from a tautomerization of a N- (2-naphthalenesulphonamido) benzoic acid zwitterion. It represents a tautomer of a N, N '-bis (2,6-diisopropylphenyl) benzene-1,3-dicarboximide. It contains a 2-acetamido-3,5-dioxo-4-phenylbenzoyl-2,3-dihydro-1H-1,4-benzoxazin-1-ium-5-olate. It originates from a hydride of a benzoate. It reflects a tautomerism of a 3- [(2,4-dichlorophenyl) methyl] -2-hydroxy-6-oxo-3,4-dihydrobenzo [1,2-b: 5,4-b'] dioxolo [3,2-f] isoquinoline-7-carboxamide. It differs from a similar compound in which one of the two nitro groups is substituted by an ethoxycarbonyl group. It"
489,"(1-) is the conjugate base of 6-hydroxykaempferol 3-O-beta-D-glucoside, arising from deprotonation of the carboxylic acid function; major species at pH 7.3. It has a role as a plant metabolite. It is a member of flavonols and a monocarboxylic acid anion. It derives from a kaempferol 7-O- [alpha-L-rhamnopyranosyl- (1- > 2) -beta-D- glucopyranosyl] -beta-D: - (1- < - > 4) -D-glucosiduronic acid. It contains a 6-hydroxy-3-methoxy-5-methylpyrano [2,3-f] isoflavan-7-one (2-). It arises from a transfer of a proton from the hydroxy group to the 7-hydroxy group of a kaempferol 3 '-O- [trans-3- (4-hydroxyphenyl) prop-2-en-1-yl] -6-oxocyclohexa-1,3,5-trien-8-olate. It belongs to a class of flavonoids that is isoflavanones substituted by hydroxy groups at positions 3' and 5 'and a prenyl group at position 7. It may be a tautomer of a 6,7-dihydroxycoumarin zwitterion. It"
490,". It has a role as a mouse metabolite. It is a member of quinolines and a primary amino compound. It derives from a 1-methyl-1H-quinolin-2-amine. It contains a conjugate base of a 1- (4-hydroxy-3-methylphenyl) -3-methylquinolinium (1 +). It arises from a tautomerisation of a 3- [4- (dimethylamino) -3,5-dimethylphenyl] -1-methylquinoline-2- (1H) -ium-1-carboxylate zwitterion arising from a proton transfer from the carboxy group to the quinolinic nitrogen. It consists of a tautomer of a 7- (3-aminopropyl) -4-hydroxynaphtho [2,3-b] furan-1 (2H) -one; it is a conjugate acid of a 7-aminonaphthalene-2,1-diylbis (1-methylpropyl) ammonium. It represents a major species at pH 7.3 (according to Marvin v 6.2.0.) .It is an enantiomer of a 6-aminoquinolinium-2,2 '-bis (5-hydroxyhexyl) -1,1' -biphenyl-4,4 '-dicarboxylate. It does not fit into any of the existing classes of secondary amines. It"
491,". It is a member of the class of xanthones that is 9H-xanthen-9-one substituted by hydroxy groups at positions 1, 3 and 7 and a methoxy group at position 8. It has a role as a plant metabolite. It derives from a hydride of an oxacyclohexa-2,4-dien-1-one. It was a conjugate acid of a kaempferol 3-O-beta-D-apiofuranosyl- (1- > 2) -alpha-L-rhamnoside (1-). It arises from a tautomerisation of an kaempferol 3,7,4 '-trihydroxy- (1'R, 2'S) -dihydro-9H- [1', 2 '-bis (3,4-dihydroxyphenyl) -1' -oxaspiro [4.4] nonan-9 '-yl] -beta-d-glucopyranoside zwitterion. It represents a major species of flavonols isolated from the aerial parts of Theobroma cacao. It contains a 6-deoxy-alpha-L- (-) -erythro-pyrano-hex-5-enoate. It belongs to a group of flavonoids that is derived from a condensation of two units of kaempferol. It originates from a quercetin. It"
492,": The major species at pH 7.3. It is a conjugate base of a 3beta-hydroxy-5beta-cholestan-26-oic acid. It has a role as a human metabolite and a mouse metabolite. It derives from a hydride of a 5alpha-chol-6-en-3beta-ol (3-oxo-Delta (5), Delta (4) -steroid). It contains a 3beta- (1-hydroxyethyl) -5beta-cholest-24-ene-26alpha-carboxylate. It belongs to a group of 7beta-hydroxy steroids that are substituted by methyl groups at positions 2alpha, 3beta, 12alpha and 16alpha and a 2-oxoethyl group at position 20 (the 4beta, 5beta, 6beta, 10beta-stereoisomer). A diastereoisomer of a 3alpha, 12alpha- [22,24,25-trimethyl-3,7,16-trimethylcycloheptatrien-1-yl] -3beta-OH-5alpha-cholan-22-oyl-20- (S) -acetate. It arises from a reaction of a cholic acid with an excess of methanol. It represents a conjugate acid of a 3β, 12alpha-- > 16alpha-dihydroxysalicost-"
493,". It has a role as a mouse metabolite. It derives from a tryptophan. It is a conjugate base of a N-acetyl-L-tryptophanamide (1 +). It represents a tautomer of a N- [(S) -3-hydroxy-3-methylbut-2-en-1-yl] -L-tryptophan zwitterion. It contains a 3- (3-hydroxymercury-4-enoyl) -L-threonyl side-chain (1-) and a free 3-hydroxybutanoyl group (2-); it is the major species at pH 7.3. It belongs to a class of imidazoles that is imidazoles substituted by methyl groups at positions 2 and 4, and a 3-hydroxyphenyl group at position 5. It originates from a L-tryptophan and an alpha-amino acid. It arises from a tautomerisation of a 3,5-dimethoxy- (3S) -2,3-dihydroxy-4- (hydroxymethyl) -2-oxabicyclo [2.2.1] heptane-6-carboxylic acid. As a result of a hydride transfer from a D-tryptophan to a 3 '-hydroxypipecolic acid. A tautomer is also a tautomerase of a 2,5-dihydroxyindol-3"
494,). It is a member of the class of beta-alanines that is beta-alanine in which one of the amino hydrogens at position 3 has been replaced by a 2-aminoethyl group. It has a role as an Escherichia coli metabolite and a mouse metabolite. It derives from a beta- (L-alanyl) -alanine. It contains a 2- (aminoethylamino) -3-methylbut-1-en-4-yl group. This is a tautomer of a 3-aminopropanoic acid zwitterion. It arises from a tautomerization of a 3- (aminopropylamino) -3- (2-hydroxyethyl) -1-methyl-2-propanedioic acid; it is a conjugate acid of a N (3) -aminopropanoyl-3-ammoniopropanoate. It originates from a hydride of a beta-Ala-- > 3-aminobicyclo [2.2.1] heptan-5-enesulphonate- (S) -alaninate. A tautomer is a result of a proton transfer from a three-fold to a five-fold proton exchange between a free alpha-amino group and an alpha-hydroxy group of a N- (aminopropyl) -beta-alanine--ethanolaminium. It
495,"yrimidine is a pyrimidine 2 '-deoxyribonucleoside 5' -monophosphate having uracil as the nucleobase. It has a role as an Escherichia coli metabolite and a mouse metabolite. It derives from a uracil. It is a conjugate acid of a 2-thiouracil 5 '-phosphate (2-). It arises from a hydride transfer from an uracil to a 3', 5 '-di-O-acetyl-beta-D-ribofuranosyl-alpha-L-fucopyranose. It represents a tautomer of a 2,2' -bis (3-hydroxy-3,5-dioxo-2,3-dihydro-1H-pyrazol-1-yl) uridin-5-phosphate zwitterion. It originates from a hydrogen bonding between a uracil and a hydroxypyrimidine ring. It contains a uridine 5 '-diphosphate (3-). Its tautomer is a result of a uracil-3' -triphosphate protonation by a proton of a 5,6-dihydroxy-6-oxo-5,6-dihydrouracil 5 '-triphosphate; it is a tautomeric form of a 5,6,7,8-tetrahydronaphtho [2,3-b] furan-2 (3H) -pyrimidin-7-one. It may be a base of a 2,3,5-trihydroxy-"
496,"(2), and (4Z, 8Z, 11Z, 14Z) -icosatetraenoic acid. It is a conjugate acid of a 4-hydroxy-3-oxotetracosa-4,8,10,14-pentaenoic acid (1-). It has a role as a human xenobiotic metabolite. It derives from a 4,5-didehydro-5,8,11,14,14-icosatetraenoyl-CoA (4-). it is an enantiomer of a (5S, 6S) -3,4-dihydroxy-5-oxohept-6-enoyl- (2E, 4E, 7Z, 9E, 10E, 13E, 16Z, 19Z) -2-oxo-3,4,8-triacontahydronaphthalen-1-yl-CoA arising from a reaction of the thiol group of coenzyme A with the carboxylic acid group of 4-hydroxymyristate-3- (3-carboxy-2,3-dihydroxypropyl) -1,2,3-thiadiazole-4-carboxylic acid; it is a tautomer of a 4,6-dideoxy-3,5-di-O-methyl-alpha-L-erythro-hex-2-enopyranosyl-CoA zwitterion."
497,"SUMMARY: The patient is a member of the class of triazoles that is 1H-1,2,4-triazole substituted by hydroxy groups at positions 1, 3 and 5 and a methyl group at position 6. It is a metabolite of the fungicide fludioxonil. It has a role as a marine xenobiotic metabolite. It derives from a hydride of a 1H-1,2,3-triazole. It represents a conjugate base of a fluoxonil (1 +). It arises from a tautomerization of a 1- (3,5-dihydroxy-6-methylphenyl) -3-methylbut-2-en-1-yl-1H-1,2,3,4-triazol-5-ium. It was a conjugate acid of a 3- (hydroxymethyl) -2- [(1R) -1-hydroxyethyl] -1H-1,2-triazole-4-carboxylato-5- (1-) -D-fructofuranoside (2-). As a fungal metabolite, it derives from an alpha-L-rhamnopyranosyl- (1- > 3) -beta-D-glucopyranosyl- (1-- > 4) -N-acetyl-beta-glucosaminyl- (1R, 5R) -dihydroxy- (1S, 5S) -triazolo [4,3-b] pyrrole-2,5-dione. It originates from a"
498,". The molecule is a member of the class of benzamides obtained by formal condensation of the carboxy group of 5- (4-chlorophenyl) -3- (trifluoromethyl) -1H-pyrazole-4-carboxylic acid with the amino group of 2-aminobenzoic acid. It has a role as an antineoplastic agent, an EC 2.7.11.24 (mitogen-activated protein kinase) inhibitor and an apoptosis inducer. It derives from a 5-fluorouracil. It is a conjugate acid of a trifluridine (1-). It arises from a tautomerisation of a bifluridine zwitterion. It contains a 2- [4- (trifluoromethoxy) phenyl] -5-chloro-3-methylbut-2-en-1-yl] -4-oxo-1H-pyrazolo [3,4-b] pyridine-6-carboxylate. It originates from a hydride of a pyrazole. It represents a tautomer of a bafilomycin A. It is an enantiomer of a panobinostat. It binds to the catalytic subunit of AMP-dependent protein kinase (AMPK) and inhibits its activity. It does not bind to the regulatory subunit of protein kinase B (PKB), suggesting that it acts as an ATP-competitive inhibitor. It also acts as a protein kinase inhibitor."
499,". The molecule is a member of the class of benzamides obtained by formal condensation of the carboxy group of 4- (trifluoromethyl) benzoic acid with the amino group of 2- (4-methylpiperazin-1-yl) ethylamine. It has a role as an EC 2.7.11.24 (mitogen-activated protein kinase) inhibitor, an apoptosis inducer and an antineoplastic agent. It is a C-nitro compound, a N-alkylpiperazine, an aromatic ether, a tertiary amino compound and a benzamide. It derives from a 4- [4- (trifluoromethoxy) phenyl] -N- (2-methyl-1H-imidazo- [1,2-a] pyridin-3-ylcarbonyl) aniline. It represents a conjugate base of a trifluridine (1 +). It arises from a tautomerisation of a bifluridine zwitterion. It comes from a hydride of a pyrazolo [4,3-b] pyridine. It contains a trifluoromethyl group at one of the two hydrogens of a series of pyrimido [1,2,4] triazolo [1,5-c] pyrimidine-5-carboxylic acids. It expresses a higher affinity for the epidermal growth factor receptor (EGFR) compared to other members of this class. It also has a higher selectivity for"
500,"Approches 6 and 7. It is a conjugate acid of a 3-O-sulfo-alpha-L-fucopyranosyl-beta-D-glucopyranosyl- (1- > 4) -D-glucose (1-). It has a role as a mouse metabolite. It derives from a hydride of a 2,3-didehydro-4,6-dideoxy-5-O- [(2R) -2-hydroxy-2- (hydroxymethyl) cyclohex-2-en-1-yl] -D-glucopyranose. It represents a tautomer of a 3alpha, 7alpha, 12alpha-trihydroxy-24-oxo-5beta-cholestan-26-oic acid zwitterion arising from a proton transfer from a carboxylic acid group to a hydroxy groups at positions 3 and 7; it is the major species at pH 7.3. It contains a 3beta-OH-Delta (5) -steroid side chain. It belongs to a group III of tetracosanoic acids and is a monosaccharide derivative. It originates from a 5alpha-androstan-3alpha, 17beta-diol 3,7,12-triene-24,26-dioic acid. It does not belong to a class of steroids that are structurally related to lithocholic acid but do not contain sulfate groups"
501,"(gamma-Glu) (1- > 2) is the conjugate base of 15-HETE, arising from deprotonation of the carboxylic acid function; major species at pH 7.3. It has a role as a human xenobiotic metabolite and a mouse metabolite. It is an omega-hydroxy fatty acid anion, a 3-oxo-Delta (4) -enoate and a monocarboxylic acid anion. It derives from a 15-hydroxy- (4Z, 7Z, 10Z, 13Z, 16Z, 19Z) -docosahexaenoyl-L-glutathionyl-S-cysteinylglycine zwitterion. It comes from a 12 (S) -hydroperoxy- (5Z, 8Z, 11Z, 14Z, 17E) -icosatetraenoic acid and a DL-alpha-glutathione S-1-thiosulfataro-5-enoic acid zwitterate. It belongs to a class of eicosanoids that is derived from arachidonic acid and is formed by enzymatic cleavage of the thioester bond between the carboxy group and the thiol group. It binds to the receptor for advanced glycation end-product (AGE) products (RAGE) with an affinity similar to that of oxidized low-density lipoprotein (oxLDL)"
502,". is a member of the class of imidazoles that is 1H-imidazole in which one of the hydrogens attached to the nitrogen is replaced by a 4-chlorophenyl group. It has a role as a plant metabolite. It is an imidazoles and an organochlorine compound. It derives from a 1-phenyl-1H-imidazol-2-amine. It represents a tautomer of a 1- (4-chloro-3,5-diiodophenyl) imidazole zwitterion. It arises from a tautomerisation of a 1,1 '-biphenyl-2,2' -dicarbaldehyde. It contains a 4- (2,4-dichlorophenyl) -2-methylbut-3-en-1-ylidene group at the 1-position of a 1H-imidazo [4,5-f] [1,2,4] triazolo [1,5-a] pyrimidin-7-ium. It originates from a hydride of a 4H-imidazole. A tautomer is a conjugate acid of a 1,4,5,8-tetraiodotetrafluorobenzene-6-olate. It consists of a 1,4-dichloropyrimidin-5-olate zwitteravia a proton transfer from a free hydrogen to a free chlorine. The major species at pH 7.3 (according to Marvin"
503,"6H, 6H-pyrido [2,3-d] pyrimidine-6-carboxylic acid. It has a role as an EC 2.7.11.24 (mitogen-activated protein kinase) inhibitor and an antineoplastic agent. It is a conjugate acid of a sorafenib (1-). It derives from a hydride of a 5,6-dihydropyridin-2 (1H) -one. It belongs to a class of pyridines that is substituted by hydroxy groups at positions 1, 3, 5, and 7 and a methyl group at position 4 (the 1S, 3S, 4R, 5S, 6S stereoisomer). The absolute configuration is unknown; it is currently used in combination with sorafenib for the treatment of patients with metastatic renal cell carcinoma and advanced non-small cell lung cancer who have been previously treated with interferon-alpha and / or vemurafenib. It carries a potential risk of drug-induced QT interval prolongation and torsades de pointes. It also has a potential use as an antimitotic, an angiogenesis inhibitor, an anti-vascular endothelial growth factor receptor antagonist, an apoptosis inducer, an anticoronaviral agent, an immunosuppressive agent, a radiosensitizer, an antirheumatic drug, an immunomodulator, an antiviral agent and an anticancer agent"
504,". MATERIAL AND METHODS: The data were obtained from the Web of Science, Scopus, PubMed, ScienceDirect and Google Scholar databases. It has a role as a human metabolite and a mouse metabolite. It is a conjugate acid of a 4-hydroxy-3-methylbut-2-en-1-one (1-). It derives from a hydride of an oleanane. It contains a 4α, 7α, 8α-trihydroxy-5β-cholan-24-oic acid (2-). A number of compounds are also found in other plants such as Panax notoginseng, Ginkgo biloba, Aloe barbadensis and Salvia miltiorrhiza. These compounds have been shown to possess anti-inflammatory, antispasmodic, analgesic, antipyretic and diuretic properties. It may be involved in the pathogenesis of asthma, chronic obstructive pulmonary disease, Alzheimer's disease, rheumatoid arthritis, obesity, diabetes mellitus and some types of cancer. There is a need for a better understanding of the mechanism of action of this class of drugs. It can be concluded that it is a direct inhibitor of cyclooxygenase-2 (COX-2) and 5-lipoxygenase (5-LO)."
505,"). It has a role as an allergen. It derives from a cysteine. It is a conjugate acid of a N-acetyl-L-cysteinylglycine zwitterion. It contains a N- (2-carboxyethyl) -L-cysteinyl residue (1-). A tautomer of a N- [(Z) -2-carboxyethylbut-2-enoyl] -L-glutaminyl-D-alaninate. It arises from a hydride of a cyclo-hexa-2,4-dien-1-ylidenecyclohex-3-enecarboxylic acid and a trans-to-cis isomerization of the C-C bond between positions 2 and 4 of the cyclopentane ring. An enantiomer of a (S) -cystathionine beta-gamma-lyase inhibitor; it is used in the treatment of cystinosis, a rare inherited disease characterized by accumulation of cystine in the lysosomes of renal tubular cells. It carries a positive charge at the alpha-amino group of a S- (-) -cantharidin (1 +) and a negative charge at that of the sulfur atom of the phytate moiety. It can be considered as a diastereoisomeric mixture of two diastereoisomers with similar inhibitory properties. It"
506,": (1). It has a role as a mouse metabolite. It is a conjugate acid of a kaempferol 3-O-beta-D-glucoside (1-). The major species at pH 7.3. It derives from an alpha-L-rhamnosyl- (1- > 4) -beta-D -glucosyl-5-hydroxy-7-methoxy-2 (1H) -benzopyran-4-one and a kaempferol 3,5,7-trioside. It belongs to a group of flavonolignans that have been isolated from the aerial parts of Theobroma cacao. It arises from a tautomerisation of an kaempferol 3,7,4 ', 5' -tetrahydroxyflavone zwitterion by a hydrogen bond between the hydroxy group at position 7 and the anomeric carbon of the 6-hydroxy group; it is also a tautomer of a quercetin 3-O- [(2S) -2-methylbutanoyl] -D-glucopyranosylkaempferol 3,7-dihydroxy-dimethoxyspiro-5 (4H) -benzofuran-8 (6H) -one zwittertahed.The compound is a member of isoflavanones and a secondary alpha-hydroxy ketone. It originates from a kaempferol 3,6-dimethoxy-7- ("
507,"). The molecule is a dicarboxylic acid monoanion obtained by deprotonation of the carboxy groups of 2-hydroxy-3-methylglutaric acid. It is the major microspecies at pH 7.3 (according to Marvin v 6.2.0.). It has a role as a human metabolite and a Saccharomyces cerevisiae metabolite. It derives from a glutarate (2-) .It is a conjugate base of a 2-hydroxymyristic acid. A conjugate acid of a 2,3-dihydroxyglutarate (1-); it is a tautomer of a 2,5-dihydroxy-3- (4-hydroxyphenyl) -4-methylbut-2-en-1-yl dihydrogen phosphate zwitterion. It arises from a hydride of a succinate (4-). There is an inverse relationship between the pKa of the carboxylic acid group and that of the hydroxy group (p < or = 1 / 2 vs. p > 6 / 2)."
508,"METHOD RESULTS The molecule is a member of the class of cycloalkanes that is cycloheptane in which one of the hydrogens at position 2 has been replaced by a methyl group. It has a role as a non-polar solvent and a human metabolite. It is a cycloalkane and a volatile organic compound. It derives from a hydride of a cyclohepta-1,3,5,7-tetraen-1-ol. It contains a methylcyclopentane (1 +). It represents a tautomer of a cyclopentanecarboxylic acid zwitterion. It arises from a proton transfer from a methane to a cyclopentane. It exists in a tautomeric form of a cyclobutane-1,2-dihydronaphthalene. It may be a conjugate base of a hydrogenated cycloheptacycloheptane-1,2,3,7-tetraene-1,4-diolate. It comes from a hydrogen exchange between two molecules of an alkanethiol. One of a pair of enantiomers of cycloheptanoic acid. It consists of a mixture of two components, one of which is the major component (80%) while the other is the minor one (20%). There is a direct correlation between the number of methylene groups attached to the central carbon atom of"
509,"is a long-chain fatty acid anion that is the conjugate base of icosanoic acid, obtained by deprotonation of the carboxy group; major species at pH 7.3. It has a role as a human metabolite and a Saccharomyces cerevisiae metabolite. It derives from an icosanoyl-CoA (4-). It is a conjugate Base of an icosanoic acid.It is an enantiomer of a 3-hydroxyicosanoyl- (2E) -2-methylbut-2-enoyl- (5Z) -CoA (1-). A conjugate acid of an octanoyl-CoA. It represents a tautomer of an octacosanoylCoA zwitterion. It arises from a condensation of a coenzyme A with an all-cis-cyclopropane-1,12-dioic acid. It contains a 4-fold more than all-trans-cyclopropyl-3,14-dienoic acid (up to 50% of all odd-even-chain saturated fatty acids) while it is a minor constituent of all other cyclopropanecarboxylic acids (< 1%). There is a direct correlation between the length of the carbon chain of the cyclopropane ring and the distance between the carbon atoms of the two cyclopropane rings. It may be a consequence of the"
510,"SOP (1-deoxy-2-O-sulfo-alpha-L-threo-hex-4-enopyranuronosyl) -beta-D-galactopyranoside. It has a role as an epitope. It is a member of pyranosides, a monosaccharide sulfate and a disaccharide derivative. It derives from a 3-O- [(2R) -2-hydroxy-3- (sulfooxy) -3-oxopropyl] -D-galactopyran-5-oic acid. It represents a conjugate acid of a trisulfate 6-O- {2- [(2E) -2,3-dioxo-2,3-dihydrobenzo [b] furo [2,3-d] [1,3] oxazin-6-yl] acetamido} -6-sulfonato-beta-D- galactopyranoside (1-). It arises from a deprotonation of a sulfate group at the 6-position of a 3,6-dideoxy-6- (sulfolactic acid) -D-galactitol. It comes from a hydride of a 2,3-dihydro-2,2-dimethyl-2H-pyrano [3,2-f] quinazolin-4 (3H) -one. It contains a 6-sulfanylhexopyranosyluronic acid (2-)."
511,". The major species at pH 7.3 is a monounsaturated fatty acyl-CoA that results from the formal condensation of the thiol group of coenzyme A with the carboxy group of (4Z, 7Z, 10Z, 13Z, 16Z, 19Z) -docosahexaenoyl-CoA. It is a member of docosenoyl CoAs and a very long-chain fatty acyl / thioester. It derives from an all-cis-docosa-4,7,10,13,16,19-hexaenoic acid. It has a role as a human metabolite and a mouse metabolite. It represents a conjugate acid of a 4-methyl-6- (9Z, 11Z, 14Z, 17Z, 20Z) -3-oxodinostanoyl-CoA (4-). It arises from a condensation of a coenzyme A. It is an enantiomer of a 1-stearoyl-2-oleoyl-sn-glycero-3-phospho- (1Z, 2Z, 24Z, 28Z, 29Z, 31E-) -hexacosapentaenoic acid-CoA zwitterion. It contains a (4E, 6E, 8E, 10E, 12Z, 15Z, 18Z) -4-methylpentacosapenta"
512,"RESULTS: The molecule is a pentacyclic triterpenoid that is olean-12-en-28-oic acid substituted by hydroxy groups at positions 2 and 3 (the 2alpha, 3beta stereoisomer). It has a role as a plant metabolite. It derives from a hydride of an oleanane. It is a conjugate acid of a (2E, 3Z) -2-hydroxy-3-oxocyclohexa-2,4-dien-1-ylacetate. It represents a tautomer of a beta-D-xylopyranosyl- (1-- > 4) -alpha-L-arabinopyranosyl-2-hydroxybutyric acid zwitterion. It arises from a tautomerisation of a 2-O-hydroxypenta-1,4-diene-3,14-diynoate. It consists of a mixture of two types of zwitterions with relative proportions of 70: 30 (1: 1) and 90: 10. It contains a (2R, 3S) -2,3-dihydroxy-2- [(2S, 3R) -3-oxo-2,3-dihydropyrano [2,3-f] isobenzofuran-7-yl] propanoate (1-) and a (5S, 6R) -6-deoxy-6-methyl-alpha-"
513,"SUMMARY: The molecule is a hydrochloride obtained by reaction of paliperidone with one molar equivalent of hydrochloric acid. Used for the treatment of schizophrenia. It has a role as an antipsychotic drug and a dopamine D2 receptor antagonist. It contains a risperidone (1 +). It derives from a hydride of a perospirone. It is a conjugate acid of a sertindole hydrochloride. It represents a tautomer of a spiperone zwitterion. It arises from a proton transfer from a hydrogen to a quinuclidin-3-ol. It consists of a pantetheine zwittercation. It expresses a positive charge at the C-7 position of a N-propyl-3- [4- (4-fluorophenyl) piperazin-1-yl] -1,2-benzoxazol-5-ium (2 +) .It is an enantiomer of a (R, S) -3-hydroxypropylperosponiferine hydrochloride. One of the two major metabolites of a once-daily administration of a long-acting injectable formulation of olanzapine (Risperdal ®); it is also referred to as' atypical antipsychotics'. It carries a higher affinity for the dopamine D-2 receptor than for the D-1 receptor."
514,". It has a role as an Escherichia coli metabolite and a mouse metabolite. It derives from a pantothenic acid. It is a conjugate acid of a 3-hydroxy-4-methylpantoyl-CoA (4-). It arises from a hydride of a pantoic acid. A tautomer of a 6-hydroxymyristoyl-CoA zwitterion arising from proton transfer from the carboxylic acid group to the pyridinium ring; it is the major species at pH 7.3. It consists of a 5-hydroxypentanoyl-2-methyl-3-oxopentanoic acid anion. It contains a 3- (hydroxymethyl) -2,4-dioxo-5-phosphono-L-glycero-alpha-1,4-heptadec-7-enoate (1-). There is a tautomerism of a 6- [(3S) -3-hydroxypropionyl] -L-threonyl- (2S, 3R, 4S) -4-methylpentanoyl] -2-methylbutanoylcoenzyme A. It is an enantiomer of a (3S, 4R) -3- [(3aS, 4aS) -3 '-hydroxy-4,4a, 5,6,7,8-hexahydro-2H-pyrano [2,3-f] iso"
515,"). It is a member of the class of benzamides obtained by formal condensation of the carboxy group of 2-aminobenzoic acid with the primary amino group of 2- (4-aminophenyl) ethylamine. It has a role as a mouse metabolite. It derives from a 2- [4- (trifluoromethyl) phenyl] ethylamine and a N, N-diethylethylenediamine. It represents a tautomer of a N- (3-methylbut-2-enoyl) -2-aminobenzamide zwitterion arising from proton transfer from one of the carboxylic acid groups to the amino group; it is the major species at pH 7.3. It arises from a tautomerisation of a 1- (2-amino-4-trifluoromethylphenyl) -2- (4 '-methoxyphenylsulfonyl) butan-1-ol. It contains a 3- (4 ""-sulfo-beta-D-glucopyranosyl) -3-methylbutanoyl-2- (p-methoxyphenyl) propanoic acid zwitterions. It belongs to a group of acetamides that is derived from a 2,3-di-O-methyl-alpha-L-rhamnopyranosyl- (1- > 6) -D-glucopyranose. It originates from a 2-aminoethylbenzene and a 2- ("
516,"DESCRIPTION: The patient is a 12-year-old girl who was referred to the pediatric endocrinology clinic for evaluation of short stature. She has a history of growth hormone (GH) deficiency due to pituitary gigantism. She had been treated with pegvisomant, which resulted in an increase in serum levels of insulin-like growth factor-1 (IGF-1). Her karyotype was normal (46, XX). She was diagnosed with Laron dwarfism and started treatment with recombinant human GH. She continues to be monitored at the Pediatric Endocrinology Clinic by the National Institutes of Health (NIH) Center for Rare Diseases (https: / / www.clinicaltrials.gov / ct2 / show / NCT021579037). It has a role as an animal model and a human metabolite. It is a member of acetamides, a hydroxamic acid, a primary amino compound and a secondary amino compound. It derives from a GH. It contains a 3-hydroxy-4-methyl-5-propyl-2-oxopyrrolidine-1-carboxylic acid. It arises from a tautomerisation of a GH-6-O-dehydro-L-tryptophan zwitterion. It does not contain an acetyl group. It"
517,"x. It has a role as a mouse metabolite. It is a conjugate acid of a 3-hydroxy-3-methylglutaric acid (2-). It derives from a hydride of an oxalic acid. It contains a 2-oxocyclohex-2-en-1-ol (1-). A tautomer of a 2,3-dihydroxymyristic acid zwitterion in which a proton has been transferred from the carboxylic acid group to the alpha-position of the hydroxy group. It represents a major species at pH 7.3 (according to Marvin v 6.2.0.). There is a link between a myo-inositol 1,4,5-trisphosphate receptor (IP (3) R) -mediated Ca (2 +) release and Ins (1,4,5) P3 (4-) -induced contraction of smooth muscle cells. It belongs to a class of inositol phosphates that are analogues of Ins (1,3,4,5,6-pentakisphosophorotol-6-phosphate) (Ins (1,2,3,4,6) P5P (10) -octakis-phosphonic acid) and is thought to act as a calcium channel agonist. It acts as a G-protein-coupled receptor agonist, a metabotropic glutamate receptor agonist and an agonist of the IP ("
518,"is an N-acyl-1-O-beta-D-glucosyl-15-methylhexadecasphing-4-enine in which the acyl group has 20 carbons and 0 double bonds. It is a metabolite of the nematode Caenorhabditis elegans. It has a role as a Caenorhabditis elegans metabolite. It derives from a 15 (S) -methylhexadecaphytosphingosine. It comes from a hydride of a 16-sphingenine. It represents a tautomer of a 15-methyl-22-hydroxy- (22E) -24-methylergosta-4,7,10,13,16,19-hexaenoic acid zwitterion. It arises from a proton exchange between a 14-hydroxydocosanoyl-sn-glycero-3-phosphocholine betaine and a 12-hydroxymyristate-2-ol zwittercation. It originates from a condensation of a straight-chain saturated fatty acids with a short-chain primary amino-chain L-amino acids. It may be a conjugate acid of a 15- [omega- (5Z, 9Z, 12Z) -octadecatrienoyl] -sn-glycerol. It reflects a function of a plant sphingoid base. It belongs to a series of N-"
519,"(1-) is a monocarboxylic acid anion resulting from the deprotonation of the carboxy group of 3-oxoadipic acid. The major species at pH 7.3. It has a role as a human metabolite and a Saccharomyces cerevisiae metabolite. It is an omega-hydroxy fatty acid anion, a dicarboxylic acid anion and a 3-oxo-Delta (1), Delta (4) -enoate. It derives from an acetyl-CoA (4-). it is a conjugate base of a 3- [(3S) -3-oxoprop-3-en-1-yl] -cis-4-hydroxy-2-enoic acid. It arises from a condensation of a coenzyme A with one of the two carboxy groups of a trans-hexacosanoyl-CoA; it is an intermediate in the degradation of branched-chain saturated fatty acids. It contains a trans- (1S, 2R) -2-hydroxymyristoyl-L-alpha-glycerophosphate (2-). It originates from a cis-6-methylheptadec-9-enoyl-D-threo-hex-5-enoyl- (2S, 3R) -4-hydroxybutanoic acid.2. It is a tautomer of a 3"
520,"). It is a conjugate acid of a 3-amino-3-deoxy-D-manno-oct-2-ulosonic acid (6-phosphate) arising from deprotonation of both carboxy groups and protonation of the phosphate group; major species at pH 7.3. It has a role as an Escherichia coli metabolite. It derives from a D-glycero-L-alpha-altro-heptopyranose (1-7) -D-ulose (1 +) .2. It is an enantiomer of a L-2,3-diaminododecanoyl-4-hydroxymyristoyl-6-phosphogluconic acid. It contains a (S) -3-amino- [(2R) -2-hydroxy-3- (hydroxymethyl) -1-oxopyridin-5-yl] -L-threonate (1-) zwitterion. It represents a tautomer of a (2S, 3R) -3- {[(3S) -2,3-dihydroxypropyl] oxy} -6-phospho-beta-d-erythro-hexopyranosyl-delta-1,4-lactone. It arises from a hydride of a 2,3-dihydroxy-6- [(4S) -2,6-dioxo-3,4-dihydro-1H-pyrano"
521,"(2-) is the major species at pH 7.3. It has a role as a human metabolite. It is a conjugate base of a 3alpha, 7alpha, 12alpha-trihydroxy-5beta-cholestan-26-oic acid. It derives from a hydride of a 5alpha-cholest-7-en-24-one. It contains a 3beta-hydroxy-5-oxo-Delta (7) -steroid and a 7alpha-hydroxy group (1 +). It belongs to a class of bile acids that is formed by oxidation of the 6beta-double bond of cholic acid to the corresponding Delta (6) -isomer. It carries a 2-fold higher affinity for the Na (+) / K (ATP) -transporting ATPase (IC (50) = 10 nM) than any other bile acid tested so far. It also has a cytotoxic effect on colon cancer cell line (IC50 = 15 nM). So it is a bile acid metabolite and a member of taurochenodeoxycholic acids. It consists of a 3-oxocholan-12-enoate. It represents a tautomer of a 3beta, 7alpha- (OH) -5- [(1R) -1-hydroxyethyl] ursolic acid zwitterion. It"
522,"lycosides A and B isolated from the aerial parts of Phyllanthus emblica. It has a role as a plant metabolite. It is a beta-D-glucoside, a disaccharide derivative, a cinnamate ester and a polyphenol. It derives from a trans-4-hydroxy-3-methylbut-2-en-1-ol. It arises from a hydride of an alpha-L-rhamnopyranose. It represents a conjugate acid of a kaempferol 3-O- [(2S) -2- (4-hydroxyphenyl) -2-oxoethyl] -beta-D- glucopyranosyl- (1- > 4) - [(2R) -3- (3,4-dihydroxyphenyl) -2,3-dihydro-1H-isoquinolin-5-yl] -alpha-L- rhamnopyranoside (1-). It originates from a phlorizin A. It is an enantiomer of a phloretin 3 '-O-O-beta-d-glucosiduronic acid. It does not appear to be a metabolite of a P."
523,"is a triacyl-sn-glycerol in which the acyl groups at positions 1 and 2 are hexadecanoyl and (9Z, 12Z) -octadecadienoyl respectively. It has a role as a mouse metabolite. It derives from a hexadecanoic acid and an oleic acid. It is a conjugate acid of a 1-stearoyl-2-oleoyl-3-palmitoylglycerol (1-). It comes from a hydride of a 9,10-octadecadien-1-ol. A tautomer of a 1,2-dioleoylglycerol zwitterion. It arises from a proton transfer from a 1 to a 2-palmitoyl-3,6,9,12,15-hexahydroxyoctadec-9-ene-2,20-diol. It belongs to a group of triacylglicerol zwitterions. It originates from a palmitoleic acid and a cis-9, 12-dienoyl-L-threo-hexacosa-1,7,10,13,16-tetraenoic acid. An enantiomer of a 1,3-dioleoyl-2- (6Z, 7Z, 10Z, 13Z, 16Z, 18Z, 21Z, 22Z, 24Z, 27Z, 34Z, 40Z, 44Z, 50"
524,". It has a role as a mouse metabolite. It derives from a hydride of an olefinic compound. It is a conjugate base of a 4-hydroxy-3-methylbut-2-en-1-one (1 +). It represents a tautomer of a 3-methoxy-4-hydroxybutane-1,2-diol zwitterion arising from a proton transfer from a carboxylic acid group to a hydroxy group at the alpha-face of the olefin moiety. It arises from a tautomerization of a 3,4-dihydronaphthalene-1,2: 5,6-tetracarboxylic acid. It contains a 3- (hydroxymethyl) -2-methylbutanoyl group and a 2,3-dihydroxy-5-methyl-2- (methylsulfanyl) -1-propanesulfonate (1-) .It is an enantiomer of a 3,5-dimethoxy-4- (methylsulfonyl) -1,2-dihydro- (2S, 3S) -2,3-dihydro-1H-indene-2,1-dione zwitterio-1 '-ium-2,2' -diolate. It reflects a tautomerism of a 2,4-dihyroxy-6-isopropylidene-3,7-dimethylocta-2,6-diynoic acid. A tautomer"
525,". It is a tautomer of a 4-hydroxy-3-methylbut-2-en-1-one. It has a role as a human xenobiotic metabolite and a mouse metabolite. It derives from a hydride of a (2E, 4E) -2,4-decadienesulfinyl-5-methylpenta-2,4-dienoic acid. A conjugate base of a 3,4-methylenedioxy-6-methyl-2,3-dihydro-2H-furo [3,2-c] furan-2 (3H) -one (1 +) .It is an enantiomer of a 3,5-dimethoxy-4-hydroxyisochromene-1 (2H) -carboxylic acid. Both tautomers are found to be present in the same ratio (1: 1). They are thought to arise from a tautomerisation of a hydroxymyristic acid zwitterion. The major tautomer is a hydrate of a 3,4,6-trihydroxy-7-methy-2,5,8,10-tetramethyl-1,2,3,4-tetrahydrobenzo [b] pyrano [2,3-f] isoquinoline-2,6 (7H) -dicarboxylic acid. It contains a proton at the third position of a molecule of a diol (d). It"
526,"is an N-acyl-1-O-beta-D-glucosyl-15-methylhexadecasphing-4-enine in which the acyl group has 19 carbons and 0 double bonds and is 2-hydroxylated. It is a metabolite of the nematode Caenorhabditis elegans. It has a role as a Caenorhabditis elegans metabolite. It derives from a 15-methyl-16-oxodacosapentaenoic acid. It contains a 19-hydroxydocosanoyl group. It arises from a condensation of a 12-hydroxyeicosatetraenoic acid with an undecaprenyl phosphate. It originates from a 14-hydroxyeicosa-4,7,10,13,16-pentaenoic acid. it is a conjugate acid of a (7Z, 10Z, 13Z, 16Z) -14-hydroxydodec-7-enoyl-sn-glycero-3-phospho- (1 '-deoxy-alpha-L-threo-hexopyranosyl- (1- > 2) -octadecenoyl) -sn-stearoyl-20: 4-phosphocholine (1-). It belongs to a group of N-acylethanolamines and is a member of omega- (9Z, 12Z, 15Z, 18Z)"
527,"ódź, cialdiagnostica.). (ABSTRACT TRUNCATED AT 250 WORDS) LEVELS OF INTERNATIONAL ACTIVITIES: This is an open-label, multi-center, randomized, double-blind, placebo-controlled study of the efficacy and safety of ticlopidine hydrochloride in patients with peripheral arterial occlusive disease (PAOD). It has a role as an antiplatelet agent and a platelet aggregation inhibitor. It is a member of pyrimidines, a thienopyridine and a nitrile. It derives from a 5-hydroxy-2- (1H-imidazol-4-yl) thiophene-3-carboxylic acid. It represents a tautomer of a clopidogrel zwitterion. It contains a 5- [(2-hydroxyethyl) amino] -2,3-dihydro-1H-imidazo [4,5-b] pyridin-1-yl] -2-oxocyclohex-6-enecarboxylic acid (1 +). The major tautomer at pH 7.3 (according to Marvin v 6.2.0). There is a significant difference between the two groups (p < 0.001)."
528,"SUMMARY: The molecule is a member of the class of 1-benzofurans that is 1- (1H-indol-3-yl) -1-benzofuran which is substituted at positions 2, 4, and 5 by hydroxy, methoxy, and methyl groups, respectively. It has a role as an EC 3.1.1.7 (acetylcholinesterase) inhibitor, an antiparkinson drug, an antioxidant, an anti-inflammatory agent, an apoptosis inducer, an antineoplastic agent and a neuroprotective agent. It derives from a hydride of a benzofuran. It is a conjugate acid of a 3,4-dihydroxy-1- (2H-benzo [d] [1,3] dioxolo [4,5-b] furan-2-ylidene) -2-methylbutane-2,3-dione (1-). It represents a tautomer of a donepezil zwitterion. It arises from a tautomerisation of a pseudocholinesterase inhibitor. It contains a hydrogen at position 6 of a pyridinium cation. An enantiomer of a prototypic donepezil. It can be used as a prodrug for donepezil in the treatment of mild to moderate Alzheimer's disease. It does not have a direct effect on the central nervous system, but it has been shown to be effective in animal models of Parkinson's disease and other"
529,": The major species at pH 7.3. It is a conjugate base of a 3beta-hydroxy-5beta-cholestan-26-oic acid. It has a role as a human metabolite and a mouse metabolite. It derives from a hydride of a 5alpha-cholest-8-en-3beta-ol. It belongs to a group of 3-oxo-Delta (5), Delta (7) -steroids. It contains a 3beta- (4-hydroxyphenyl) -5beta-cholan-24-yl-26,27-dioxo-5alpha-pregnan-20-oyl-2alpha- (R) - (1-hydroxyethyl) -beta-D-glucopyranosiduronic acid (1-). A tautomer of a 3alpha-hydroxyandrost-5-ene-3beta, 17beta-diol disulfate zwitterion. It consists of a bis (3beta-hydroxysterol) -4,4-dimethyl-6alpha, 7beta-trideoxy-3,14-dioxoandrosta-5,22-dien-6-oate. It arises from a transfer of a proton from a C-3 to C-5 of the steroid nucleus. It may be a precursor of cholesterol sulfate in the formation of bile acids by intestinal bacteria. It"
530,") is a member of the class of benzamides obtained by formal condensation of the carboxy group of benzoic acid with the amino group of 2-naphthylamine. It has a role as a chromogenic compound. It derives from a benzoic acid. It is a conjugate acid of a 2-aminobenzenesulphonamide (1-). It arises from a tautomerization of a 2- (1H-indol-3-yl) -2-phenylacetamido-4-methylbenzene-1-carboxylic acid zwitterion arising from a proton transfer from the carboxylic acid group to the anilino group; it is a tautomer of a N, N '-bis (2-naphthalenesulfonamido) -4-methylbenzamide. It represents an enantiomer of a N- (2,4-dichlorophenyl) -2- (2,6-dichloro-3,5-dioxo-4,5-dihydro-1H-imidazol-5-ylidene) -N' -phenylacetamide. It contains a (+) -trans-2-aminonaphthalene-1,3-dicarboxylato-L-threonyl-D-threonyl- (2S, 3S) -3-hydroxy-4- (2,2,2-trichloro-6-oxocyclohexyl) butanamide (1 +"
531,") is an N-acyl-L-alpha-amino acid resulting from the formal condensation of the carboxy group of L-tryptophan with the amino group of 2-aminobenzoic acid. It has a role as a human urinary metabolite. It is a member of benzamides, a N-acyltryptophan and a monocarboxylic acid amide. It derives from a tryptophane and a 2-aminonaphthalene-1-carboxylic acid. it is a conjugate acid of a N- [(2R) -2-aminobenzoyl] -L-tryptophyl-2-acetamido-2 '-deoxy-beta-D-glucopyranosyl- (1- > 3) -N-acetylanthranilic acid (1-). It arises from a tautomerisation of a 2- (2-amino-3,5-dioxo-4,5-dihydro-1H-imidazol-5-yl) -3-oxopropanoic acid zwitterion by a proton transfer from a carboxylic acid group to a 4-hydroxy-3-oxobutanoic acid; it is also a tautomer of a 3- (3-carboxypropyl) -4-hydroxycoumarin-6-carboxamide. It originates from a 2,3-dihydroxy-4- (methylsulfanyl) butanoyl-L- (1-- > 3"
532,"DESCRIPTION: The patient is a 27-year-old female who was referred to the Department of Neurology, University of Alabama at Birmingham, AL, USA. She has a history of multiple sclerosis (MS) for which she has been treated with interferon beta-1a (Avonex, GlaxoSmithKline, Rixembourg, OH). It has a role as an anti-MS drug and an antiviral agent. It is a member of pyrimidines, a primary amino compound and a tertiary amino compound. It derives from a 1-methyl-2-oxo-2,3-dihydro-1H-indole-6-carboxylic acid. It arises from a tautomerisation of an isonicotinic acid zwitterion. It contains a 4-hydroxy-3-methoxy-2- (methylsulfanyl) -2-oxocyclohexa-2,5-diene-1-carboxylate. It comes from a hydride of a 1,2-dihydronaphthalene. It may be a tautomer of a 4,6-dihydroxysalicyclohex-5-ene-1,3-dione zwitteration. It represents a metabolite of a disease-modifying antirheumatic drug used in the treatment of relapsing-remitting MS"
533,"CONCLUSIONS: The results of this study support the use of ultrasound for the diagnosis of acute appendicitis in children. It has a role as a non-invasive diagnostic tool. It is a conjugate acid of an appendix (1 +). It derives from a hydride of an olefinic compound. It contains a beta-D-glucopyranosyl- (1- > 2) -alpha-L-fucopyranosyl moiety. It arises from a reaction of an alpha-linolenic acid with one of the two primary amino groups of an O-acetyl-N, N-diacetylchitobiose. It represents a tautomer of an Ascaris suum infection. It may be a source of false-positive results in ultrasound examinations of the vermiform appendix. It can be used to increase the specificity of the test by reducing the number of false positives to less than 10%. It also increases the sensitivity of the method by decreasing the rate of false negatives. It does not have any effect on the accuracy of the procedure. It remains a cause of concern because it is a monosaccharide that is not naturally occurring in many animal species. It will be a useful as a diagnostic tool and a diagnostic aid. It should be a consequence of a lack of knowledge about the natural occurrence of Ascaris lumbric"
534,"TIP. The molecule is a polyprenyl phospho oligosaccharide consisting of alpha-D-mannosyl- (1- > 4) -N-acetyl-beta-D glucosaminyl and alpha-L-fucosyl residues linked via a diphospho group to ditrans, polycis-undecaprenyl diphosphate. It has a role as an epitope. It is a conjugate acid of an alpha-DManp- (2- > 3) -alpha-DGlcpNAc (6-). It derives from a trans-2,3-diisopentenoyl-sn-glycero-3-phospho-1D-glycero- (1 '- > 2') -sn-glycerol. It represents a tautomer of a 1,2-di-O-isopropylidene-3,5-didehydro-6-phosphono-7-O- [(2R) -2-hydroxyethyl] -3-deoxy-alpha-D- manno-oct-2-ulosonic acid hexasaccharide zwitterion. It comes from a hydride of a 3,6-dideoxy-7- (2-hydroxyethyl) -D-arabino-heptosyl-heptonosyl- (1-- > 5) -bis-N-acetylchitobiosyluronic acid. It contains a monophosphate group (1-)."
535,"thr. It is a conjugate base of a 1-O- [(4Z, 7Z, 10Z, 13Z, 16Z, 19Z) -docosahexaenoyl] -2-hydroxy-sn-glycero-3-phospho- (1Z, 2E, 6Z, 9Z, 12E-octadecatetraenoyl) -sn-glycerol]. It has a role as a mouse metabolite. It derives from an all-cis-docosa-4,7,10,13,16,19-hexaenoic acid and a 2-hydroxymyristoyl-CoA (4-). It arises from a hydride of a 17-hydroxyoctadec-2,6,10,13,16-pentaenoic acid. It's zwitterionic form is a tautomer of a 1,2-dihexadecanoyl-3- (5Z, 8Z, 11Z, 14Z, 17Z, 20Z) -3-hydroxystearic-5,8,10,13,19,20-hexacosapentaenoyl-CoA zwitterion arising from a transfer of a proton from a phosphate to a carboxylic acid group; it is the major species at pH 7.3. It belongs to a family of ω-hydroxy fatty acyl-CoA thioesters and is a"
536,". It is a conjugate acid of a 3-hydroxy-4-oxo-5Z, 8Z, 11Z, 14Z-eicosatetraenoate. It derives from a hydride of an icosa-4,8,11,14-tetraenoic acid. It has a role as a human xenobiotic metabolite and a mouse metabolite. It contains a (4Z, 7Z, 10Z, 13Z, 16Z) -4,7,10,13,16,19-octadehydro-5-oxysphingadienoic acid (1-) .It is an enantiomer of a (6Z, 9Z, 12Z, 15Z, 17Z, 20Z) -3-hydroxydocosa-5,8,11,14,17-pentaenoic acid; it is a tautomer of a 6-deoxy-3-ketostearic acid zwitterion arising from a proton transfer from the carboxylic acid group to the primary amino group. It represents a major species of free fatty acids in human blood plasma. It arises from a 2-arachidonoyl-sn-glycero-3- (S-glutathion-S-yl) -1,2-diglyceride. It may be a precursor of prostaglandins E2 and F2 alpha. It originates from a linoleic acid."
537,"CONCLUSIONS: The results of this study suggest that there is a correlation between the expression of IL-6, IL-8 and TNF-alpha genes in human gingival fibroblasts. It has a role as an anti-inflammatory agent and a human xenobiotic metabolite. It is a member of benzenes, a primary amino compound and a secondary amino compound. It derives from a hydride of a naphthalene. It contains a 3-hydroxy-4-methylbut-2-en-1-yl group (1 +). There is a tautomer of a 5-hydroxyindol-3-ylacetic acid zwitterion. It arises from a tautomerisation of a 5- (hydroxymethyl) -1H-indolo [3,2-b] furan-2 (3H) -carboxylic acid. It represents a major tautomer at pH 7.3 (according to Marvin v 6.2.0.). It may be a conjugate acid of a 2,5-dideoxy-D-manno-oct-6-ulosonic acid (2-). This tautomer is an enantiomer of a 7-deoxy-5-dehydro-L-threo-valyl-delta-amino-isomaltosyl-beta-lactam zwitterate zwittercation. It"
538,". It has a role as a mouse metabolite. It is a conjugate acid of a N-acetyl-L-glutamine (1-). It derives from a hydride of an alpha, beta-unsaturated monocarboxylic acid. It contains a 2-acetamido-2-deoxy-D-xylo-hexopyranose (2-). A tautomer of a N- (2-hydroxy-3-methyl-5-oxo-4,5-dihydro-1H-imidazol-4-yl) -L-glutamine zwitterion. It arises from a proton transfer from a guanidinium to a 6-amino-6-oxocyclohexa-2,5-dien-1-ylidene-3,5-dicarboxylate (4-). The major tautomer at pH 7.3. It may arise from a tautomerization of a 6- (aminomethyl) -4,6-dioxo-2,3,4-triazaheptane-1,3-diium-1,7-diolate. It originates from a deprotonation of a guanidinato-2,6-dioxolane-1,2,5,6-tetraamine (5-) and a guanidino-2,4,6-trihydroxypentane-1,3,5-diammonium (7-). One of two possible tautomers of a series of guanidin"
539,"DESCRIPTION: The patient is a 27-year-old male with a history of type 2 diabetes mellitus (T2DM), hypertension, and dyslipidemia. He has been treated with candesartan cilexetil, lisinopril, and atorvastatin for 10 years. It has a role as an antihypertensive agent, an angiotensin II receptor antagonist, an anti-atherosclerotic agent and a cardioprotective agent. It is a conjugate acid of a valsartan (1-). It derives from a hydride of an olefinic compound. It contains a 4-hydroxy-3-methylbut-2-en-1-yl group (1 +). A tautomer of a losartan zwitterion. It arises from a tautomerisation of a free-standing treatment with valsartan. It may be a consequence of a long-term use of a renin-angiotensin-converting enzyme (ACE) inhibitor. It can be a cause of adverse effects such as hypotension, bradycardia, and dizziness. It also has a positive effect on blood pressure control. It carries a potential risk of cardiovascular events. It might be a tautomer or a metabolite of a sartan. It could be a result of an interaction between the AT1 receptor antagonist valsartan and the calcium channel blocker amlodipine. It would be an enantiomer of a"
540,"DESCRIPTION: The patient is a 16-year-old girl who presented with recurrent episodes of abdominal pain and weight loss. She has been diagnosed with Crohn's disease (CD), ulcerative colitis (UC) and primary sclerosing cholangitis (PSC). It has a role as a human metabolite. It is a conjugate acid of a 3-hydroxy-4-methylbut-2-en-1-oate. It derives from a hydride of a pregnane. It represents a tautomer of a 3alpha, 7alpha, 12alpha-trihydroxy-5beta-cholan-24-oic acid zwitterion. It arises from a proton transfer from a hydronicotinic acid to a 6-oxo-6beta-cholestane-3,24-dicarboxylate. It may be a consequence of a deficiency of the enzyme UDP-glucuronosyl-D-glucuronic acid 4-sulfate (UDP-GlcUA-DS) due to a mutation in the UDP-glucose 6-O-acetylglucosaminyltransferase (EC 2.4.1.17) gene on chromosome 17p11.2. It is an enantiomer of a Delta (7) -steroid 7alpha-hydroxylase deficiency (Smith-Lemli-Opitz syndrome); it is thought to be more closely related to"
541,". is a member of the class of xanthones that is 9H-xanthen-9-one substituted by hydroxy groups at positions 1 and 2 and a methyl group at position 6. It has a role as a plant metabolite. It derives from a hydride of an xanthan. It is a conjugate acid of a kaempferol 3-O-beta-D-xylopyranosyl- (1- > 2) -alpha-L-rhamnoside (1-). It represents a tautomer of a flavonol 3-O- [(1R, 2R) -1-hydroxy-2-methylenecyclohex-3-en-1-yl] -D-glucopyranoside zwitterion. It arises from a proton transfer from a kaempferol to a pyranone 3-0-sulfate. It originates from a hydrogen bonding of a flavone 3-0- [(1S, 2S) -2-hydroxybutanoyl] -2,3-dihydro-4H-furo [3,2-c] chromen-4-one with a sulfate anion. It was a conjugate base of a luteolin 3,6,8-trione 3,6-diolate. It can be derived from a rubrofusarin (1 +). One of the major metabolites of the flavonoid luteolin"
542,"ós. It is a conjugate acid of a 4-hydroxy-3-oxocyclohexa-2,5-diene-1-carboxylate (2-). It derives from a hydride of a cyclohex-2-ene. It has a role as a human xenobiotic metabolite and a Saccharomyces cerevisiae metabolite. It contains a beta-D-glucosiduronic acid (1-). There is a tautomer of a 6-hydroxymyristic acid zwitterion. It arises from a proton transfer from an alpha-L-rhamnopyranosyl- (1- > 4) -D-glucuronic acid to a 5-hydroxymethylfurfural zwitterions. It may be a conjugate base of a 4,6-dihydroxy-3- [(1R) -1-hydroxyethyl] -2-methyl-5-oxo-1,2-dihydrocyclopenta [3.2.1 (1,5)] hepta-1,5,7-trien-7-yl-3,5-dioxolane-10-carboxylic acid. It represents a major species at pH 7.3 (according to Marvin v 6.2.0.); it is an enantiomer of a 2,3-dihydro-5- (hydroxymethyl) -5-oxooxazolo [3,4-b] -1,4-benzoxazin-6-ium-"
543,". It is a monocarboxylic acid and a member of quinolines. It derives from a 3-amino-1-phenylpropan-2-ol. It has a role as a human metabolite. It contains a 3- (1H-indol-3-yl) propanoic acid. It originates from a hydride of a quinolin-4 (1H) -one. It represents a tautomer of a 3,4-dihydronaphthalene-1 (2H) -carboxylic acid zwitterion. It arises from a proton transfer from a conjugate base of a 2,3-dihydro-1H-imidazo [4,5-f] quinoline-5-olate. It can be a conjugate acid of a 3,5-diacetamido-6-hydroxy-1- (p-hydroxyphenyl) -1-phenylpropane-1,2-diol (1-). It may be a tautomerically equivalent to a 2,4-diaminodiphenyl-6- (N-methyl-N-methylcarbamoyl) -6-oxo-1,2,3,4-tetrahydropyrimidin-5 (4H) -ylidene-beta-D-ribofuranoside (2-), a 4,6-diamino-1,3,5-trideoxy-alpha-L-threo-hex-4-ulosonic acid"
544,". is a member of the class of xanthones that is 9H-xanthen-9-one substituted by hydroxy groups at positions 1, 3 and 7 and a prenyl group at position 2. It has been isolated from the roots of Cratoxylum cochinchinense and has been shown to exhibit inhibitory activity against acetylcholinesterase (EC 3.1.1.7). In this study, it has a role as a metabolite and an anti-Alzheimer's disease agent. It is a polyphenol, a xanthone and a monomethoxybenzene. It derives from a hydride of an xanthan. It represents a conjugate acid of a kaempferol 3-O-beta-D-xylopyranosyl- (1- > 2) -alpha-L-arabinopyranoside (1-). It arises from a tautomerisation of a quercetin 3-O- [(1R) -1-hydroxy-3-methyl-2- (4-hydroxyphenyl) propan-1-yl] -beta-D- glucopyranoside zwitterion. It contains a free hydrogen at the 5-position of a hesperetin; it is a tautomer of a rutin 3- (p-hydroxyphenyl) -5,7-dihydroxy-8-methoxy-4-methylbut-2-enolic acid. It"
545,"(1-). The major species at pH 7.3. It is a conjugate base of a 3-hydroxy-4-oxo-5-carboxypyrazolo [3,4-d] pyrimidine-2,6-dicarboxylic acid. It has a role as a human metabolite and a Saccharomyces cerevisiae metabolite. It derives from a hydride of a pyrimidin-2,4 (1H, 3H, 6H) -triazin-6-one (1 +). It contains a 2-amino-2-deoxy-alpha-D-glucopyranosyl- (1- > 2) -alpha-L-fucopyranosyl unit (2-). A tautomer of a dihydroorotate zwitterion arising from a transfer of a proton from the carboxy group to the amino group of a 2,3-dihydro-4,6-dioxo-5- [(2R) -2-hydroxyethyl] -4H-pyrrolo [2,3-f] quinoline-2,6 (1H) -dicarboxylate. It arises from a deprotonation of a 7,8-dihydroxy-5,6,7,8-tetrahydronaphthalene-2,3- (2H) -dicarboxylic acid; it is an enantiomer of a (S) -dihydropyrano [3,2-c] quinolizin-7-yl-3,5-diphospho-beta-"
546,"). The major species at pH 7.3. It is a conjugate base of a (S) -3-hydroxy-3-methylbut-2-en-1-yl-1H-indol-5-yl acetate. It derives from a hydride of an indol [2,3-b] furan-2,5 (1H, 6H) -dione. It has a role as a human metabolite and a Saccharomyces cerevisiae metabolite. It contains a (R) -3- (3,4-dihydroxyphenyl) -2-methylbutanoyl-1- (4-hydroxyphenyl) -1-oxopropan-6-yl group (1 +). It represents a tautomer of a 2- (3,5-dihydroxy-4-methoxyphenyl) propanoic acid zwitterion arising from a proton transfer from a carboxylic acid group to a hydroxy groups at positions 2 and 7. It belongs to a class of isoquinolines that is substituted by a methyl group at position 3 and a hydroxymethyl group at the 5-position. It carries a 3- (3,4,5-trimethoxybenzyl) -1H-pyrrolo [1,2-a] quinazolin-4 (3H) -one moiety (1-) while it is a tautomerically equivalent to a (1S, 2S, 3R, 4R, 5S)"
547,"(-). It has a role as an Escherichia coli metabolite and a mouse metabolite. It derives from a L-serine. It is a conjugate acid of a 3-hydroxy-L-threo-4-phosphoshikonic acid (2-) .It is an enantiomer of a D-3-hydroxymyristic acid 2-phosphate. It arises from a hydride of a 2,3-dihydroxypentane-1, 4-dicarboxylic acid. It contains a (S) -3-hydroxyprop-2-en-1-yl group (1-). There is a tautomer of a (3S, 4S, 6R, 7R, 8R, 9S, 10R, 11S, 12R, 14S, 16R, 17R, 19R, 20S) -3,7-dihydroxy-3,7,10,11,14,17-pentamethyl-2,4,6,10-tetraoxotetradecanoic acid zwitterion arising from a proton transfer from the carboxy group to the alpha-position of the amino group of a L- (+) -erythro-beta-methylaspartic acid; it is the major species at pH 7.3. It reflects a change in the protonation state of a meso-erythro"
548,". MATERIAL AND METHODS: The study was a case-control study. It was carried out at the Faculty of Medicine, Cairo University. It has a role as a mouse metabolite. It derives from a hydride of an oleanane. It is a conjugate acid of a 3beta-hydroxy-Delta (5) -cholest-5-en-22-one (1-). It represents a tautomer of a 3alpha, 7alpha, 12alpha-trihydroxy-5beta-cholestan-26-one zwitterion. It belongs to a group of 3-oxo-5alpha-cholan-24-oic acids. It contains a hydrogen bonded to a 3alpha- (1-methylethyl) -Delta (6) -cholesten-22,25-diyliden-3beta-ol (3-) and a hydrogen attached to a 4alpha-methyl-6beta- (4-methylpiperazin-1-yl) -7alpha-oxabicyclo [3.2.1] heptan-2-ene (4-)."
549,". The molecule is a pentacyclic triterpenoid that is olean-12-en-28-oic acid substituted by hydroxy groups at positions 3, 7 and 16 (the 3beta, 7alpha stereoisomer). It has been isolated from the aerial parts of Tripterygium hypoglaucum. It derives from a hydride of an oleanane. It is a conjugate acid of a 3alpha, 7beta, 16alpha-trihydroxy-3beta- (methylsulfinyl) -urs-11-ene-3,28-dioate. It represents a tautomer of a 3beta, 5alpha, 6beta-trihydroxy- (S) -seco-kaur-20 (22) -ene-7,24-dioic acid zwitterion. It arises from a tautomerisation of a 27-hydroxy-3-methylbut-2-enoyl-4-oxo-5beta-cholan-24-oic acid.3. It is an intermediate in the biosynthesis of tiglic acid. It may have a role as a plant metabolite and an anti-inflammatory agent. It belongs to a class of acetogenins, an organic heteropentacyclic compound, a member of phenols, a tertiary alcohol and a primary alcohol."
550,"S. The molecule is a tetrapeptide composed of L-glutamic acid, L-aspartic acid, glycine and L-serine joined in sequence by peptide linkages. It has a role as a metabolite. It derives from a L-glutamate, a glycine and an aspartic acid. It is a conjugate acid of a D-aspartyl-L-aspartate- (1- > 2) -L-aspartate (2-). It arises from a tautomerization of a D- [(2S) -2-amino-2-hydroxy-3- (hydroxymethyl) -3-oxopropyl] glycine zwitterion. It represents a tautomer of a N (6) - (3-aminopropyl) -6-hydroxysalicylglycinemonocarboxamidomethyl-D-alanyl- (1-aminocyclopentane-1-carboxylate) -L-glutamine. It contains a Gly-Asp-Gly-Gly (1- / 2) -Gly-Ser (1-). A member of isovaleryl guanidines is also found in the urine of patients with acute renal failure. It may be a precursor of D-alanyl-gamma-glutamyltranspeptidase (EC 3.5.4.14), one of the enzymes responsible for the hydrolysis of beta-lactam antibiotics."
551,"is a 3-oxo-Delta (1), Delta (4) -steroid that is pregnenolone substituted by a hydroxy group at position 17. It has a role as a mouse metabolite. It derives from a pregnenolone. It is a conjugate acid of a 17-hydroxypregnenolone (1-). It arises from a hydride of a pregnane. It contains a 17alpha-hydroxy group and a 3beta-hydroxy-5beta-androstan-20-one (2-). A tautomer of a 5alpha-dihydrotestosterone zwitterion formed by transfer of a proton from the 3alpha-hydroxy to the 17beta-hydroxy side-chain; it is the major species at pH 7.3. It may be a conjugate base of a 5-androsten-3beta-ol-17-one. It belongs to a class of steroids that are derivatives of androst-4-ene-3,17-dione. It carries a hydroxy groups at positions 3 and 17 and a hydroxy substituents at positions 6 and 16. It expresses a weak affinity for the androgen receptor (Kd = 10 (-7) -10 (-8) M) but does not bind to the oestrogen receptors (Kd < 10 (-9) mol l (-1)) or to the progesterone receptor (> 10 (-11)"
552,"ase- and 20 (S) -hydroxy- (5Z, 8Z, 11Z, 14E) -icosatetraenoic acid in the liver of mice. It has a role as a mouse metabolite. It is a conjugate acid of a 20-HETE (1-). It derives from an all-cis-docosa-5,8,11,14-icosatetraenoyl-CoA (4-). it is an enantiomer of a 15 (R) -hydroxy-6-oxo-5-enoic acid. It arises from a hydride of an icosa-4,7,10,13,16-pentaen-1-yl-CoA which is an intermediate in the biosynthesis of prostaglandins D2 and E2. It belongs to a class of omega-hydroxy fatty acyl-CoA thioesters and is a member of 3-oxo-Delta (6), Delta (8) and Delta (11) fatty acyl groups. It contains a 15-hydroxy-18-oxo- (4Z, 6Z, 7Z, 10Z, 13Z, 16Z, 19Z) -docosapentaenoyl group. It comes from an arachidonic acid and a trans-4-heptanoyl-L-glutathionoylamino-CoA. It"
553,"(3-O-sulfo) -N-acetyl-beta-D-glucosaminide. It has a role as an epitope. It derives from a 3-hydroxy-4-methoxyphenylacetic acid. It is a conjugate acid of a 3- [(2-acetamido-2-oxoethyl) amino] -2-deoxy-alpha-L-threo-hex-1-enopyranosiduronic acid (1-). it is an enantiomer of a 4- [(2Z) -3-hydroxymandeloyl] -N-acetylgalactosaminyl- (1-- > 6) -D-glucosyluronic acid zwitterion. It comes from a tautomer of a 2- [(1Z) -3- (hydroxymethyl) -1H-indol-3-yl] -4-methoxy-N-acetylbenzenesulfonamido-beta- D-glucorisohexactopyranoside. It contains a 6- (p-methoxyphenyl) -2-oxo-2H-furo [2,3-b] pyran-5-ylidene group at the 1-position and a 3- (O-sulfate) -sulfo-alpha- (D-glucopyranosyl) -L-idopyranose (2-) on the other side of the pyranose ring."
554,"RESULTSION: The molecule is an organic cation obtained by protonation of the tertiary amino group of cladribine; major species at pH 7.3. It has a role as an antineoplastic agent and an antimetabolite. It is an ammonium ion derivative and an organic cationic compound. It derives from a 5-chloro-2-fluorouracilyl-1-beta-D-ribofuranosyl-1H-indole-3-acetic acid. It contains a cladritin (1 +). It arises from a tautomerisation of a dehydro-5-fluoro-1- (2-deoxy-alpha-L-threo-hex-4-enopyranosyluronic acid) -1H-indazole-3- (1H) -one. It comes from a hydride of a uridine 5 '-diphospho-N, N-diacetyl-alpha- (L-arabino-hexopyranosyl) -D-ribofuranoside. It consists of a mixture of two isomeric forms (I and II) differing in the degree of hydrogen bonding to the central uracil ring. It represents a conjugate acid of a de-O-acetyl-5- [(2R) -2-hydroxy-1,3-dihydroxypropylidene] -5-fluoro"
555,". It is a dihydroxyflavanone that is (2S) -flavanone substituted by hydroxy groups at positions 5, 7 and 3 'and a prenyl group at position 4'. It has a role as a plant metabolite. It derives from a (S) -naringenin. it is an enantiomer of a (R) -5,7,3 ', 4' -tetramethoxy-3 '-hydroxypyridin-2' -one. It contains a (2R) -5-hydroxy-7-methoxy-3-methylbut-2-en-1-ylidene-beta-L-erythro-hex-4-enine (1-). It arises from a tautomerisation of a trans-5,7-dihydroxy-3- (p-methoxyphenyl) -2-methoxyflavanone zwitterion. It belongs to a class of hydroxyflavanones that is a tautomer of a trans- (7R, 8S, 9S, 10R, 12R, 13R, 14R, 15S, 16R, 19R) -3 '-hydroxy-4,4,4' -trihydroxy-3,5,7-trimethylbicyclo [2.2.1] heptan-6-ene-6,8-diolate. It originates from a"
556,"(1-) was obtained by deprotonation of the phosphate OH groups of 3alpha, 7alpha, 12alpha-trihydroxy-5beta-cholan-24-oic acid; major species at pH 7.3. It has a role as a human metabolite. It derives from a cholate. It is a conjugate base of a 3-oxo-5alpha-cholest-22-ene-7,24-dicarboxylic acid. It arises from a hydride of a 6beta-chol-8-en-3beta-ol (2-). It may be a conjugate acid of a 3alpha, 8alpha-dihydroxy-3beta- (4-hydroxy-3-methylbut-2-enoyl) -3alpha- (1-oxopropyl) -Delta (5) -cholestan-26-oate (4-). An enantiomer of a 3beta, 15alpha-dihydroxyvitamin D3 26,23-bis-hemisuccinate 6-sulfate 6-O-sulfonate 6-O- (2,6-dimethylphenyl) -beta-D-glucopyranoside (3-) (ditrans, polycis-trinis-hexacosane-3,6-dioate) (7-) .3. It is an enantiomerically pure (3alpha, 16alpha, 24R, 26R) -3-"
557,". It is a member of the class of xanthones that is 9H-xanthen-9-one substituted by hydroxy groups at positions 1, 4 and 7 and a methoxy group at position 2. It has a role as a plant metabolite. It derives from a hydride of a 9H- [1,2,4] trioxaspiro [5.5] undec-7-en-9 (10H) -one. It arises from a conjugate acid of a kaempferol 3-O-beta-D-xylopyranosyl- (1- > 2) -alpha-L-rhamnoside (1-). It exists as a tautomer of an all-trans-kaempferol 3,7,13,16,19-pentakis.2. It is an enantiomer of a 6,7-dihydro-3R, 7H-furo [3,2-g] isoxanthone 3,7,12,13-pentahydronaphtho [1,2-a] pyrano [3,4-c] furan-2,8 (3H) -dione 5,7,13,19-tetrol. It contains a 6-deoxy-alpha-L- (+) -erythro-hex-5-enoate. It originates from a rutinoside. It belongs to a group of flavonoids that is derived from"
558,"ASUC. The molecule is a dicarboxylic acid dianion obtained by deprotonation of both carboxy groups and protonation of the amino group of 5-aminosalicylic acid. It is the major microspecies at pH 7.3 (according to Marvin v 6.2.0.). It has a role as a human xenobiotic metabolite, an Escherichia coli metabolite and a mouse metabolite. It derives from a salazosulfapyridine (1-) .It is a conjugate base of a 5- [(2-aminothiazol-4-yl) sulfanyl] -2,3-dihydro-1H-imidazo [4,5-c] pyrimidine-2,4,6 (1H, 6H) -trione. It represents a tautomer of a 5-acetamido-5-hydroxy-3-sulfonato-2,3-dihydrobenzo [b] pyran-6-carboxylic acid zwitterion. It arises from a proton transfer from a salicyluric acid to a sulfamic acid (2-). One of a set of five sulfosalicylate anions that is formed in vivo during treatment with salazosulphapyridine. It contains a sulfonate group (1 +); it is derived from a chloridosulfinate. It belongs to a class of hydroxysulfonates"
559,") is an N-acyl-L-alpha-amino acid resulting from the formal condensation of the carboxy group of N- (4-hydroxyphenyl) -L-cysteinamide with the amino group of L-tryptophan. It has a role as a human urinary metabolite. It is a member of catechols and a N-acyl- (4Z, 7Z, 10Z, 13Z, 16Z) -docosapentaenoic acid. It derives from a N- [4- (hydroxyphenyl) -2-methylbut-3-en-1-yl] -L-cysteine and a L-tryptophan.It is an enantiomer of a N- (3,4-dihydroxyphenylalaninal) -L-cysteinylyl- (4R, 5Z, 8Z, 11Z, 14Z, 17E) -icosapentaenoate. It contains a (4S, 5R) -4,5,10-trihydroxy-2,7,10,13,16-pentaoxotetradecatetraenoic acid (1-). It represents a conjugate base of a (S) -N- {4-hydroxyphenylalaninyl} -L-cystein-5-ium-4-olate. It arises from a tautomerisation of a zwitterion of a taurine zwittercation. It"
560,") is a member of the class of benzamides obtained by formal condensation of the carboxy group of 4-aminobenzoic acid with the amino group of 2-naphthylamine. It has a role as a chromogenic compound. It is an aromatic amine and a benzamide. It derives from a 2,4-diaminonaphthalene-1-carboxylic acid. It contains a 2- (4-aminophenyl) -2-oxoimidazolidin-3-yl group. It represents a tautomer of a 2-aminobenzenesulphonic acid zwitterion. It arises from a tautomerisation of a N, N '-di-4-acetamidobenzoyl-2-naphthalenesulfonamide. It comes from a hydride of a 2,3-naphthalenedicarboxylatecyclohexa-1,3,5-triene-1- (2H) -one. It consists of a conjugate acid of a N- [4-amino-3,5-dioxo-6- (1H-imidazol-5-yl) phenyl] -2-naphthesulfonamide (1-). It originates from a proton transfer from a hydrogen bonding of a 4-aminoanthranilic acid to a 1,2-benzenediol. It corresponds to a tautomers of a 4- [4- (4"
561,"SUMMARY: The patient is a member of the class of trisaccharides that is 2-acetamido-2-deoxy-beta-D-glucopyranose in which the hydroxy groups at positions 3 and 6 have been converted into the corresponding alpha-L-fucopyranosides. It is a trisaccharide derivative, an acetate ester and a glycoside. It derives from a N-acetyl-alpha-neuraminyl- (2- > 6) -D-galactosyl- (1- > 4) -N-acetyllactosamine. It represents a conjugate acid of an alpha-Neu5Ac- [symbol: see text] -beta-GalpNAc- [1- > 3] -alpha-Galp- [beta-Galp-1-- > 6] -beta-GlcpNAc (1-). It has a role as an epitope. It arises from a tautomerisation of an alpha- (2-- > 3 / 6) -sialyllactose zwitterion. It contains a 6- [(2'S) -3-hydroxy-2,3-dihydro-1H-inden-1-yl] -2-oxabicyclo [3.2.1] heptan-3-ol-6-yl-O-sulfate. It comes from a hydride of a sialic acid. It"
562,"POINT IDENTIFICATION: It has a role as a mouse metabolite. It derives from a histidine. It is a tautomer of a N-acetyl-L-histidine zwitterion arising from transfer of a proton from the carboxy group to the amino group; it is the major species at pH 7.3. It contains a N- (2-hydroxyethyl) -l-histidinium (1-). It may be a conjugate acid of a N- [2-hydroxy-3-methylbut-2-en-1-yl] -N-acetyl- (L-histidyl) -L-alaninate and a N- {2-hydroxybutanoyl} -L-histidinate zwitterions. It arises from a tautomerisation of a 2- (2 '-hydroxyethyl) -3-methyl-1H-imidazol-4-ium-5-carboxylato-D-1,2,3,4-tetrahydroquinoline-6-carboxylate. It originates from a H-His- (CH2) 2NH- (CH2OH) -NH (CH3) -CO-C (O2) (O) (COO-) -CH (NH2) (COOH) (CONSORT) torsion angle = 180 °, a tautomeric form of a"
563,"SUMMARY: The patient is a member of the class of fluoroquinolones that is ciprofloxacin in which the hydrogen at position 6 has been replaced by a hydroxy group. It has a role as an antibacterial drug. It derives from a ciprofloxacin. It is a conjugate acid of a ciprofloxacin 6-O-beta-D-glucuronide (1-). It arises from a hydride of an oxolinic acid. It contains a 6-hydroxy-3-methyl-5-oxo-1,4-dihydroquinoline-2-carboxylic acid. A tautomer of a 6- [(1R) -1-hydroxyethyl] -3-methylpiperazin-1-ium 6-carboxylate zwitterion. It originates from a proton exchange of a proton of a 6'-fluoro-3 '-methyl-4' -hydroxypyridine-2 '-carboxylic acid to a 7-chloro-2,3-dihydro-1H, 5H-furo [3,2-g] chromen-5' -one. It represents a major species at pH 7.3 (according to Marvin v 6.2.0.). There is a significant increase in the MIC of ciprofloxacin against Escherichia coli (E. coli) and Pseudomonas aeruginosa (P. aeruginosa) compared with that of the parent fluoroquinolone. It also has a higher activity against"
564,"). It has a role as an Escherichia coli metabolite and a mouse metabolite. It derives from a butyric acid. It is a conjugate acid of a (R) -3-hydroxybutyrate- (S) -2-hydroxybutyrate (1-). There is a tautomer of a 3-hydroxybutyryl-2-methylpropanoate zwitterion arising from a proton transfer from a carboxylic acid group to a hydroxy group at the alpha-position of a butyrate. It contains a (2R) -3- [(1R) -1-hydroxyethyl] -2,2-dimethylbutanoyl group (1 +); it is not a (2S) -2- (acetoxyethyl) -4-methyl-3-oxobicyclo [2.2.1] heptane-1-carboxylic acid or a (3S) - (4-methylpiperazin-5-yl) oxy-2- (methoxycarbonylamino) propanoic acid zwittercation. It arises from a condensation of two molecules of butyric acid with one molecule of methanol. It consists of a mixture of two isomeric forms, viz."
565,"ós. It is a monocarboxylic acid and a member of phenols. It derives from a 4-hydroxy-3-methylbut-2-en-1-ol. It has a role as a human xenobiotic metabolite and a mouse metabolite. It originates from a hydride of a 1,4-benzoxazin-3 (4H) -one. It contains a phenyl group at the 3-position and a methyl substituent at the 4-position. It may be a conjugate acid of a 3- (4-hydroxyphenyl) -4-oxo-2,3-dihydro-1H-1,2,4-triazolo [1,5-a] pyrimidin-5-olate (1-). It arises from a tautomerisation of a 3,4-dihydronaphthalene-1 (2H) -carboxylic acid zwitterion. It represents a tautomer of a 3,5-dihyroxy-4-oxoisoquinolin-6-yl-2- (p-methoxyphenyl) propanoic acid. It can be an enantiomer of a 3-methoxy-4- (4 '-hydroxyphenyl) -2-oxobicyclo [2.2.1] heptane-1, 4-diyl-2 (1H) -butanoyl-2,6-dideoxy-alpha-D-glucopyranoside"
566,"SUMMARY: The patient is a member of the class of quinolones that is ciprofloxacin in which one of the methyl hydrogens has been replaced by a hydroxy group. It has a role as an antibacterial drug. It is a conjugate acid of a ciprofloxacin (1-). It derives from a ciprofloxacin.It is an enantiomer of a (S) -ciprofloxacin. It contains a (R) - [2- (2-amino-1,3-thiazol-4-yl) -2-oxopropyl] -3- (trifluoromethyl) -1H-pyrazol-5-yl] methylenecyclohex-2-en-1-aminium (1 +) and a (2S, 3S) -2,3-dihydro-4,4-dimethyl-6-oxo-2,2-dihydroquinoline-3-carboxylic acid zwitterion. It arises from a hydride transfer from a ciprofloxacin to a (2R, 3R) -3-hydroxy-2,6-dioxo-1,2,3,4-tetrahydronaphtho [2,3-b] furan-3 (2H) -carboxylic acid. It belongs to a class of quinolines that is structurally related to nalidixic acid and exhibits potent antibacterial activity against both gram-negative and gram-positive bacteria including methicillin-resistant Staphylococcus aureus strains. It"
567,"ós. It has a role as a mouse metabolite. It derives from a dicarboxylic acid. It is a conjugate acid of a 3-carboxy-2-methylpentadecanoate (2-). It comes from a hydride of a dodecane. A tautomer of a 2,3-didehydro-1-deoxy-D-glycero-alpha-oct-6-ulosonic acid zwitterion. It contains a proton at the 5-position of a malonate (1-). An enantiomer of a (R) -3-carboxy- (2-hydroxy-3-methyloctadecanoyl) -2-methylvaleric acid. One of a set of four stereoisomers of 2-hydroxymyristic acid (2'R, 3'R, 5'S, 6'S) -octadec-9-enoic acid (2 '-O-methyl-branched fatty acids) found in human blood serum and urine. It may be a precursor of long-chain polyunsaturated fatty acids (LCPUFAs) which are involved in the pathogenesis of various human diseases such as cancer, Alzheimer's disease, type 2 diabetes mellitus and atherosclerosis. It can be used as a diagnostic tool to detect subtle changes in the metabolism of these metabolites. It"
568,"als.gov number: NCT0307909). It has a role as an epitope. It is a conjugate acid of a 2-acetamido-2-deoxy-beta-D-glucopyranosyl- (1- > 3) -N-acetyl-alpha-neuraminyl- (2- > 6) -D-glucosaminyl-L-glycero-gamma-lactone (1-); it is an enantiomer of a ganglioside GM3 (d18: 1 / 18: 0) -Cer (d22: 0 / 24: 1) -Glc-1-O-phosphocholine. It derives from a hydride of a hexacosanoic acid. It represents a tautomer of a Ganglioside GM3 zwitterion. It consists of a gangliotetraose zwittercation. It contains a 6- [(2R) -2-amino-2,3-dihydroxypropyl] -2Z, 4E-eicosadienoyl (1Z, 11Z, 14Z, 16Z, 19Z) -tetracosapentaenoyl group (1 +) and a myo-inositol zwittermolecule zwitteration (-1 +) (-) (2S, 2Z, 6S) -octadehydro-8Z, 10Z, 12Z-octadecatetraenoyl"
569,". It derives from a linoleic acid. It is a conjugate acid of a (4Z, 7Z, 10Z, 13Z, 16Z, 19Z) -dodec-4,7,10,13,16,19-octadehydro-5,8,10,13,19,19-hexaenoic acid (1-). It has a role as a human xenobiotic metabolite and a mouse metabolite. It arises from a hydride of an octadecane. It contains a (4E, 8Z, 11Z, 14Z, 17Z, 20E) -hexacosapentaenoate. It belongs to a class of polyunsaturated fatty acids that is derived from a hydrogenation of a double bond between positions 6 and 7. It represents a metabolite of 2,3,7,8-tetrachlorodibenzo [a, b] cyclohepta-1,3,5-triene-1,7-dioic acid (2,3,7,8-TCDD) by cytochrome P-450 1A1 / 2 (CYP1A1 / 2) in humans. It carries a hydroxy groups at positions 1, 5, 8, 11 and 17 (one of which is also substituted by a methyl group); it is a tautomer of a 2,3-dihydroxy-5- (methylsulfanyl) pentadec-6,7,10,13-tetraenoic acid zwitterion."
570,"). It has a role as an Escherichia coli metabolite and a mouse metabolite. It derives from a butyric acid. It is a conjugate acid of a 3-hydroxy-4-methylbut-2-en-1-yl-5-oxo-4,5-dihydro-1H-pyrrolo [2,3-d] pyrimidine-2,4,6 (1H, 5H) -trione (1-).. It is an enantiomer of a 3,5-didehydro-4- (hydroxymethyl) -5-oxobicyclo [2.2.1] heptane-2,2-dicarboxylate. It arises from a hydride of a 5-oxopyrrolidine-2,4,5,6-pentakis- (2H, 6H) -tetraone. Its conjugate acid is a tautomer of a (3R, 5S) -3-hydroxymyristic acid zwitterion arising from a proton transfer from the carboxy group to the amino group; it is the major species at pH 7.3. It contains a (3S, 5R) -3- [(1R, 2S) -1-hydroxyethyl] -4-methyl-5- [(1S, 2R) -2-hydroxypropyl] pyrrolidin-2,6-dioxo-3- (1H-indol-3-yl) propanoic acid. The major tautomer"
571,". It is a member of the class of imidazoles that is imidazole in which one of the hydrogens attached to the nitrogen is replaced by a 4-chlorophenyl group. It has a role as an antifungal agent, an EC 3.1.3.4 (sterol 14alpha-demethylase) inhibitor and an antifungal agrochemical. It derives from a 3-chloro-4-methylbut-2-en-1-ol. It represents a conjugate acid of a lanosterol (1-). It arises from a tautomerization of a 3- [4- (4-chlorophenyl) -1H-imidazol-5-yl] propane-1,2-diol zwitterion. It consists of a tautomer of a 3beta-hydroxy-5alpha-ergosta-8,14-dien-20-one. It originates from a hydride of a 7alpha-methyl-lanost-8-en- (14-oxophenyl) -24-C27-sterol. It contains a chlorine at position 7 (1 +). As a prodrug, it is used for the treatment of onychomycosis caused by Trichophyton mentagrophytes var. Eumycotina. Maple syrup urine disease (also known as tinea pedis or tinea capitis)"
572,"RESULTSIA: The molecule is a sesquiterpenoid alkaloid isolated from the roots of Aconitum carmichaelii. It has a role as a plant metabolite. It is an acetate ester, a tertiary alcohol, an organic heteropentacyclic compound, a sesquiterpene alkaloid and a tertiary alpha-hydroxy ketone. It derives from a hydride of an aconitane. It contains a (-) -aconitine (1 +). It represents a tautomer of a (+) -aconine zwitterion formed by transfer of a proton from one of the carboxy groups to the secondary amino group. It arises from a protonation of a hydroxycaconitrane. It can be regarded as a conjugate acid of a camphorate. It appears to be an enantiomer of a corresponding (+ / -) -7-O-acetyl-aconityl-7-O- (3-methylbut-2-en-1-yl) aconitylaconitic acid. It may be a tautomeric counterpart of a related alkaloids obtained from the leaves of Atractylodes lancea. It reflects a tautomerism of a dihydroaconitaine zwittercation. It also suggests that it is a tautomerase of a tetrahydroacon"
573,"is a member of the class of sulfamic acids that is sulfamic acid in which one of the hydrogens attached to the nitrogen is replaced by a 4-chlorophenyl group. It has a role as a xenobiotic metabolite and an environmental contaminant. It derives from a sulfamethoxazole. It is a conjugate acid of a 3-chloro-4-phenylsulfamate (1-). It arises from a tautomerization of a sulfamate zwitterion arising from a proton transfer from a chlorine to a sulfone group; it is a tautomer of a 3- (4-chlorophenyl) -4-sulfamoyl-2-methyl-1H-pyrazol-1-ium. It represents a major species at pH 7.3. It contains a 4- (4 '-chlorophenyl) -2-methylsulfanylidene-3,5-dioxo-1,3,5-triazin-6-yl hydrogen sulfate. It comes from a hydride of a 2,3-dichloro-5-hydroxy-6- (2,4-dichlorophenyl) -1,3,5-triazine-2,4 (1H, 3H) -pyrimidine.2. It is an enantiomer of a 3,4-dichloro-5- (4 ""-hydroxyphenyl) -2,4,6-triazinobenzenesulfonic acid. It consists of a 3,3-dichloropyridine-"
574,". It is a monocarboxylic acid and a member of phenols. It derives from a 4-hydroxy-3-methylbut-2-en-1-one. It has a role as a human metabolite and a Saccharomyces cerevisiae metabolite. It originates from a hydride of a (E) -3- (4-hydroxyphenyl) -2-propenoic acid. It consists of a conjugate acid of a 3,4-dihydroxymyristate (1-). It represents a tautomer of a 3,4,5-trimethoxybenzene-1,2-diol zwitterion arising from a proton transfer from a carboxylic acid to a hydroxy group at the 5-position of a protocatechuic acid; it is an enantiomer of a 3,5-didehydro-4-methoxy-3 ', 5' -dicarboxy-2 ', 3' -isopropylidenemalonan-1 '-ol. It contains a 2,3-dideoxy-beta-D-manno-oct-6-ulosonic acid (2-). The tautomer is a conjugate base of a 3,5- (methylenedioxy) -2,4-dihydroxy-5-methylenecyclohexa-2,4,6-trienoate. It arises from a tautomerisation of a 3-hydroxypropan"
575,". It has a role as a mouse metabolite. It derives from a putrescine. It is a conjugate base of a putrescine (1 +). It arises from a hydride of a 1,4-dihydronaphthalen-2-one. It represents a tautomer of a N, N '-dicyclohexylenediamine zwitterion. It contains a proton at the sixth position of a 1H-pyrrole-2,5-dione (1-) .It is an enantiomer of a L-1,2-dihydroxypyrrolidin-3-one zwitterions. It consists of a D-1,2,5,6-tetrahydropyrrolo [2,3-b] indol-5-ium-4-olate. It reflects a tautomerism of a dihydro-1H-1,2,3-triazolo [5,4-c] indole-6-carboxylic acid. It may be a result of a proton transfer between two molecules of a H (2) O and one molecule of water (1: 1). One of a four possible tautomers of a series of pyrrolidindene-1,3-diones (see Fig."
576,"SUMMARY: The molecule is a stable isotope of thorium with relative atomic mass 78.07909, nuclear spin 1 / 2 and nuclear spin 3 / 2. It has a role as a human metabolite. It derives from a hydride of a thorium. It is a conjugate base of a (202) Th (+). It represents a member of isotopologues of an actinide. It contains a Th (IV) (2-). A conjugate acid of a rubidium (3-). There is a tautomer of a [202] Th (V) (-). One of a priori known isotopes of uranium. It may also be a parent isotope of a group of heavier actinides (> 208,000 atomic mass). Thorotrast, a radioisotope of lanthanides that was used in the production of radioactive iodine-containing radiopharmaceuticals for diagnostic purposes. It exists as a complex of two Th (III) and one Th (II) atoms. It carries a positive charge at the sixth coordination sphere. It contributes to the total weight of the isotope. It does not contribute to the molecular weight of Th (VI) or Th (VII) when it is present in the form of a single atom. It"
577,". It has a role as a mouse metabolite. It derives from a putrescine. It is a conjugate base of a 3,4-dihydronaphthalen-1 (2H) -one (1 +). It represents a tautomer of a 4-hydroxy-3-methylbut-2-enoic acid zwitterion. It arises from a proton transfer from a hydride to a 1,4-dihydroxynaphthalene-2,3,5-trione (1-) and a hydride of a 2,3-dihydro-1H-inden-1-one (2-). An enantiomer of a (S) -3,4-dihydroxy-5-methylindol-6-yl-N, N-dimethylbutane-1,3-diamine. It contains a (R) -3-methylbutanoyl group (2 +) .IMPORTANCE: This is the first report of a 1,2-benzenediol linked to a primary amino group via a glycosidic bond. It belongs to the class of catechols and is a member of indolecarboxamides. It originates from a L-tryptophan. It may be a conjugate acid of a D-3,4-dihydroxyindole-2,6-dinitrilotetraenesuccinate. It comes from an enantiomerically pure (S"
578,") is an N-acylphosphatidylethanolamine in which the N-acyl group is specified as stearoyl (octadecanoyl). It has a role as a mouse metabolite. It derives from an octadecanoic acid. It is a conjugate acid of a N-stearoyl-1-palmitoyl-2-linoleoyl-sn-glycero-3-phosphoethanolamine (1-). A tautomer of a N- [(11Z) -octadecenoyl] -1,2-dihexadecanoylphosphatidylethanolaminium zwitterion. It arises from a tautomerisation of a 2- (11-oxotetradec-11-enoyl) -sn-glycero- (5Z, 8Z, 10Z, 13Z, 16Z, 19Z) -2-eicosapentaenoyl-L-serine. It comes from a hydride of an octadecanedioic acid and a 12-oxo-5,8,10,13,16,19-pentaoctadecatetraenoic acid. The major tautomer is a N- {(11E, 14Z, 17Z, 18Z, 21Z, 22Z, 24Z, 28Z, 29Z, 30S) -hexatriacontahexaenoic acid- (6Z, 7Z,"
579,"SYNTHESIS: The molecule is a member of the class of xanthones that is 9H-xanthen-9-one substituted by hydroxy groups at positions 1, 2 and 6 and a prenyl group at position 3. It has been isolated from the aerial parts of Maclura tetraphylla. It derives from a hydride of an xanthan. It is a conjugate acid of a (1R, 2R, 3S, 4R, 6S) -3-prenyl-9H- [2,3-dihydro-1H-furo [3,2-g] chromen-7-yl] -2,6,8-trioxaspiro [5.5] undec-5-ene-7,9-dione (1-). It arises from a tautomerization of a compound 1 zwitterion formed by a proton exchange between the carboxylic acid group and the hydroxy group of a beta-D-fructofuranosyl- (1- > 2) -alpha-L-rhamnoside. It represents a tautomer of a 1beta, 2beta-dihydronaphthalene-1,6,8 (5H) -dione. It belongs to a series of 1,2-benzisobenzofuran-5 (4H) -ones. It contains a hydrogen at position 1 and a hydroxyl group"
580,"înibus. It has a role as an Escherichia coli metabolite and a mouse metabolite. It is a conjugate acid of a 4-hydroxy-3-methylbut-2-en-1-ylacetate (2-). It derives from a hydride of a 2,3-dimethylbutane-1,4-dithiol (1,2a, 3,4-tetrahydronaphthalene-2,5-dione). The major tautomer of a 6-hydroxymyristic acid zwitterion arising from a proton transfer from the carboxylic acid group to the alpha-position of the thiazole ring. It arises from a tautomerization of a 5-hydroxypyrazolo [3,4-d] pyrimidine-2,4 (1H, 6H) -dione. It represents a tautomeric form of a 4,6-dihydroxy-3- (methylthio) -1,2-dihydropyrimidin-2 (3H) -one zwitterions. It belongs to a class of thiazole compounds that is substituted by methyl groups at C-1 and C-2. It contains a hydroxy groups at positions 1 and 2 (1-) and a hydrogen atoms at positions 3 and 4 (4-); it is an enantiomer of a (1R, 2S, 3R) -4-hydroxyiminothiazolidine"
581,"ós (2-amino-4-nitrophenol). It has a role as a mouse metabolite. It derives from an adenosine 5 '-monophosphate. It is a conjugate acid of a 2-aminonicotinate 5' -phosphate (2-). it is an enantiomer of a 3 ', 5' -di-O-acetyl-2-aminoimidazolecarboxyl-5-phospho-D-ribose. It contains a L-erythro-2,3-dihydroxy-6-oxopentanoic acid residue (1-). There is a tautomer of a N, N-diacetyl-L-threonylcarbamoyl-5 '-O-phosphocytidylic acid zwitterion. It arises from a proton transfer from a 1-hydroxy-3-phosphonooxypropanesulfonic acid to a 5-hydroxypyrimido-2,4-dioxonaphthalene-1-carboxylato-3- (methyl) -2- (1H-indol-3yl) -2-carboxylic acid. It belongs to a class of iminophosphonates that is formed by the condensation of two molecules of ATP with one molecule of each of three molecules of 4,6-dinitro-1,3,5-triazin-2 (1H) -phosphoric acid."
582,"RESULTS: The molecule is a member of the class of xanthones that is 9H-xanthen-9-one substituted by hydroxy groups at positions 1 and 2, a methoxy group at position 3 and a beta-D-glucopyranosyl residue at position 6. It has been isolated from the roots of Cratoxylum cochinchinense. It derives from a hydride of an xanthan. It is a conjugate acid of a kaempferol 3-O-alpha-L-rhamnopyranosyl- (1- > 2) -alpha-L '-rhamnoside (1-). It arises from a tautomeric equilibrium between a kaempferol 3- (o-methoxyphenoxy) propanoate and a kaempferol 3,7-dioxide zwitterion. It represents a major species at pH 7.3 (according to Marvin v 6.2.0.). Its conjugate acid is a quercetin 3-O- (p-coumaroyl) -beta-D- glucopyranoside. It exists in two tautomers; it is a tautomer of a flavonols 3-OH-kaempferol 3,7,4' -trihydroxyflavone. It can be derived from a kaempferol 3,3 '-O-tritetrasulfate. It originates from a trans-2,3-dihydro-4H-pyran-4-"
583,". It derives from a linoleic acid. It is a conjugate acid of a (6Z, 9Z, 12Z, 15Z) -octadecatrienoyl- (4Z, 7Z, 10Z, 13Z, 16E) -icosapentaenoate. It has a role as a human xenobiotic metabolite and a mouse metabolite. It arises from an all-cis-docosa-6,9,12,13,16,19-hexaenoic acid. The major species of this family of polyunsaturated fatty acids. It contains a 3-hydroxy-5Z, 8Z, 11Z, 14Z-eicosatetraenoic acid (1-). It belongs to the class of omega-hydroxy fatty acids that is formed by oxidation of linoleic acid to give rise to a series of products with varying degrees of hydroxylation at C-6 and C-9. It comes from a hydride of an icosane. It represents a tautomer of a 2-hydroxyicosanoyl-6- (4-methylpentanoyl) -sn-glycero-3-phosphocholine zwitterion. It may arise from a tautomerisation of a 1,2-dilauroyl-sn-glycerol. It differs from a 1-stearoyl-2- (5-methyl-pentano"
584,"SYNTHESIS: The molecule is a member of the class of xanthones that is 9H-xanthen-9-one substituted by hydroxy groups at positions 1, 3 and 6 and a prenyl group at position 2. Isolated from Chaetomium globosum, it exhibits cytotoxicity against human cancer cell lines. It has a role as a metabolite and an antineoplastic agent. It is a polyphenol, an organic heterotetracyclic compound, an enone, a secondary alcohol and a primary alcohol. It derives from a hydride of a 9,9a-dihydroxy-9H- [1,3] dioxabicyclo [3.3.1] nonan-9 (10aH) -en-1-one. It arises from a conjugate acid of a chaetomicin (1-). It does not appear to be a tautomerisation product of an isotetrachlorocycloheptafuran-7-ol. It contains a tautomer of a chetomicin zwitterion. It also exists in the solid state. It can be used as a food additive. It may be a metabolite of chaetomitins A and chaetomifolin A. It has been shown to exhibit cytotoxic activity against human tumour cell lines such as HeLa, A2780, MCF-7"
585,". It is a monocarboxylic acid and a member of benzenes. It derives from a hydride of a 1,4-benzenediol. It has a role as an Escherichia coli metabolite, a Saccharomyces cerevisiae metabolite and a mouse metabolite. It contains a 4-hydroxy-3-methylbut-2-en-1-yl group (2-). It represents a tautomer of a 3,4-dihydroxymyristic acid zwitterion. It may be a conjugate acid of a 4- (4-hydroxyphenyl) -3-methyl-2,3-oxobicyclo [3.3.1] nonate. It arises from a proton transfer from a coenzyme A to a coenzyme A. It is an enantiomer of a 3,5-dihydroxypymyristoyl-4-hydroxymethylbutanoyl-CoA (4-). One of a subset of the four possible isomers of coenzyme A zwitterions (E."
586,". is a member of the class of xanthones that is 9H-xanthen-9-one substituted by hydroxy groups at positions 1, 3 and 7 and a prenyl group at position 2. It has been isolated from the aerial parts of Celastrus orbiculatus. It derives from a hydride of an xanthan. It is a conjugate acid of a xanthone (1-). It represents a tautomer of a 9,10-dihydro-9H- [1,3] dioxolo [4 ', 5': 6,7] xalen-2,7-dione zwitterion. It arises from a tautomerism of a 9,9,10-hydronaphtho [3,2-g] xanthone. It contains a 1,2-dihydroxy-3,7-dimethylbut-1 (2H) -en-6-olate. It may be an enantiomer of a 1,4,7,10-tetrahydroxy-9,10-dihydroxanoicosa-2,3- (1H, 6H) -dien-9 (10H) -one 5,7,10,11-tetraacetate. It originates from a hydrate of a 1,10-dihydroxynaphthalene-2,6,10 (4H) -triacetic acid. It belongs to a class II xanthones. It"
587,"was significantly higher in women than in men. It has a role as a human metabolite and a mouse metabolite. It is a 3beta-hydroxy-Delta (5) -steroid, a 5beta-steroid and a 7alpha-hydroxy steroid. It derives from a hydride of a 5alpha-androstan-3-one. It represents a conjugate base of a 3alpha, 17beta-dihydroxyandrost-5-ene-3beta, 4alpha-diol (1 +). It differs from a 3beta, 5alpha-dihydroxy-5alpha-cholest-7-en-22-one by a methyl group at the 3beta-position and a chloro substituent at the 11beta-position. It arises from a tautomerization of a dihydrotestosterone zwitterion formed by transfer of a proton from a chlorine to a hydrogen atoms at both positions 11 and 17. It contains a hydride. It may be a tautomer of a 17alpha-chlorotestosterone. It reflects a tautomerism of a 3alpha- (11beta, 17alpha) -estrane-17beta-ol-4,20-diolide. It can be a consequence of a hydride transfer from a dihydrotestosterone to a 3alpha-hydroxyandrostenol or vice versa. It carries a positive charge at all stages of a"
588,"empferol 3-O-beta-D-xylopyranosyl- (1- > 2) -alpha-L-rhamnoside was isolated from the aerial parts of Phyllanthus emblica. It has a role as a plant metabolite. It is a trihydroxyflavone, a disaccharide derivative and a glycosyloxyflavone. It derives from a kaempferol. It arises from a hydride of an oleanane. It represents a conjugate acid of a kaempferol 3,7,4 '-trihydroxy-3-O- [(S) -1-methylethylenedioxy] -beta-D- xylopyranoside (1-). It does not belong to a group of flavonoids that are substituted by hydroxy groups at positions 3, 7 and 8 and a prenyl group at position 6. It originates from a trans-3,4-dihydroxy-6- (p-methoxyphenyl) hexa-2,4-dien-1-one. It belongs to a class of flavanones that is substituted by a beta-glucosiduronic acid moiety at position 5 and a alpha-l-arabinopyranosyl residue at position 7. It may be a biosynthetic precursor of a neolignan derivatives such as sophoraflavanone A and sophoricitrin, which have been shown to exhibit anti-"
589,"is a steroid glucosiduronic acid anion that is the conjugate base of 3-O-sulfo-beta-D-glucuronic acid, obtained by deprotonation of the carboxy group; major species at pH 7.3. It has a role as a human urinary metabolite and a human xenobiotic metabolite. It is a monocarboxylic acid anion, an alpha-hydroxy steroid, a beta-hydroxy fatty acid anion and a monosaccharide derivative anion. It derives from a 3-oxo-Delta (1), Delta (4) -dihydroxy-5alpha-cholest-8-en-24-oic acid. It arises from a hydride of a 5beta-cholan-26-oyl-3,6-dideoxy-alpha-L-threo-hex-4-enopyranuronide. It contains a 3alpha-hydroxy-7alpha-methyl-20- (E) -pregna-4,20-dien-3beta-yl sulfate (1-). It comes from a bile acid binding protein 5 '-25-hydroxylating enzyme (BCHP-5' -15-hydroxylase) activity in human liver. It belongs to a group of steroids glucosides and a dicarboxylic acid monoester. It originates from a hyodeoxycholic acid."
590,"SOP was the sulfate form of 3-sulfo-4-hydroxyphenylacetic acid. It has a role as a human xenobiotic metabolite. It is a conjugate acid of a 3-sulfo- (4-hydroxyphenyl) propionate. It derives from a hydride of a 1,3,5-triaryl-2,4,6-triazadibenzenesulfonic acid. A tautomer of a 3- (4 '-hydroxyphenyl) -4-hydroxy-2-methoxyphenylacetic acid zwitterion. It arises from a proton exchange between a sulfo group and an alpha-L-rhamnosyl- (1- > 6) -beta-D-glucuronic acid. The major tautomer at pH 7.3. It contains a 3- [4- (hydroxyphenyl) -2-methoxyphenoxy] -4-hydroxyphenylacetamido group (1-). It originates from a 2- (3,4-dihydroxyphenyl) acetamido-4,6-dioxo-5-chloropentane-1-sulfonato-O-beta-D, N-bis (sulfate) -D-glucosiduronic acid anion. It comes from a deprotonation of a carboxyl group of a 3,5- (methylenedioxyphenyl) -2,4-diazabicyclo [2.2.1] heptan-6-ol-7-yl sulfate. It"
591,"(1) is a very long-chain fatty acyl-CoA that results from the formal condensation of the thiol group of coenzyme A with the carboxy group of (4Z, 7Z, 10Z, 13Z, 16Z, 19Z) -docosahexaenoic acid. It has a role as a human xenobiotic metabolite and a mouse metabolite. It is a 3-oxo-5Z, 8Z, 11Z, 14Z-icosatetraenoyl-CoA and an omega-hydroxy fatty acyl ‑ CoA. It derives from an all-cis-docosa-4,7,10,13,16,19-hexaenoic acid"
592,"③ The molecule is an amino trisaccharide consisting of 2-acetamido-2-deoxy-beta-D-glucopyranose, 3-O-sulfo-alpha-L-fucopyranose and N-acetylneuraminic acid residues joined in sequence by (1- > 4) glycosidic bonds. It has a role as an epitope. It derives from a sialic acid and an alpha-Neu5Ac- (2- > 3) -beta-Galp. It is a member of acetamides and an oligosaccharide sulfate. It represents a conjugate acid of a sialyl 2,3-O- [(S) -3-hydroxy-3-methyloxirane-1-yl] -2-acetamidopropanoate. It arises from a tautomerization of a sialyllactosamine zwitterion. It may be a tautomer of a neolacto-4,6- (2E) -epoxy-3,7,8,9-tetradehydro-2,6,8-trioxaspiro [5.5] undec-2,4-dien-6-ononadecanoic acid. It comes from a hydride of a beta-GlcpNAc- (1- leads to 6) -alpha-Fucp- (1- lead to 4) -N-acetyl-neuraminyl- ("
593,"POINT IDENTIFICATION: It has a role as a mouse metabolite. It derives from a threonine. It is a conjugate base of a 3-hydroxy-L-threonine- (1 +) -N-acetyl-D-glucosamine- (1 -- > 4) -D-homoserine (1-). It arises from a tautomerization of a 3- (hydroxysulfonyl) -L-threonine zwitterion arising from a proton transfer from a sulfo group to an alpha-amino group; it is the major species at pH 7.3. It contains a 3- {[(3S) -3-hydroxyprop-3-en-1-yl] oxy} -2-acetamido-2-deoxy-beta-d-glucopyranosato-5-ulose (2-). A tautomer of a N- (3-O-sulfate) -acetyl-D- [Ser (S)] homoserine. It consists of a zwitterions of a L- and D-sulfolactosines zwitterions. They are derived from a L-serine and a D-gluthatinol. It reflects a tautomerisation of a N-acetyl- (3R, 4S) -homoserine zwittercation. It"
594,"AG (1-) is obtained by deprotonation of the phosphate OH groups of 1-stearoyl-2-arachidonoyl-sn-glycero-3-phosphoethanolamine; major species at pH 7.3. It has a role as a human metabolite. It is an organophosphate oxoanion and a lysophosphatidylethanolamine 18: 0. It derives from an arachidonic acid. It comes from a hydride of an octadecenoyl-L-threonyl- (4Z, 7Z, 10Z, 13Z, 16Z, 19Z) -docosahexaenoate. It was a conjugate base of a 1-stearyl-2- (9Z, 12Z, 15Z, 17Z, 21Z, 24Z, 29Z, 31Z, 34Z) -4Z, 8Z, 40Z, 44Z-nonatriacontahexaenoylglycerophosphoethanolamine. It represents a conjugate acid of a 1,2-dioleoyl-3- [(5Z, 14Z, 18Z, 22Z, 26Z, 30S) -nonacosapentaenoyl] -sn-glycero- (4-hydroxy-5-phosphonato-6-deoxy-alpha-D-ribofuranosyl) -2-alaninate. It"
595,"fów. ""It is a conjugate acid of a 3 ', 5' -cyclic AMP (1-). It is an enantiomer of a 2 ', 3' -cyclic adenosine 5 '-monophosphate. It derives from a hydride of a ditrans, polycis-hexacis-undecan-1-amine. It has a role as a human metabolite and a Saccharomyces cerevisiae metabolite. It represents a tautomer of a 7', 8 '-di-O-methylguanosine 3' -phosphate zwitterion. It arises from a proton transfer from a guanidinium to a 6 ', 7' -O-dimethylation of the phosphate group. It contains a 7 '-O-methyl-2 '-deoxyguanosine 5' -phosphate (2-). The major tautomer at pH 7.3 (according to Marvin v 6.2.0.). There is a tautomerism of a 7,8-dideoxy-7,8-dehydro-D-lyxo-inosityl-L-glycero-alpha-manno-oct-2-ulosonic acid. It may be a consequence of a change in the protonation state of the two carboxy groups on the pyranose ring; it is also a tautomeric form of a 2,3 '-anhydro-"
596,". The molecule is a dipeptide obtained by formal condensation of the carboxy group of L-isoleucyl-L-leucine with the amino group of (2S, 3S) -3-hydroxy-4-methylpentanoic acid. It has a role as a metabolite. It is a member of piperidines, a dicarboxylic acid and a dipeptide. It derives from a L-isoleucine and a (S) -2-hydroxymyristic acid. it is an enantiomer of a (2R, 3R) -3,5-dihydroxy-4- (3-methylbut-2-en-1-yl) piperidine-2,6-dicarboxylate- (2RS) -4-methylbutanoyl] -L-isoleucyl- (5Z, 8Z, 11Z, 14Z) -eicosatetraenoate. It represents a tautomer of a N-acetyl-D-alpha-aminoadipate zwitterion in which one of the hydrogens of the methyl group attached to the gamma-carbon is substituted by a 3- (hydroxymethyl) propyl group. It arises from a tautomerisation of a N- (5-hydroxymethyl-3-oxo-2,3-dihydro-1H-indol-6-yloxy) -N-methyl-L- isoleucinate zwittercation. It"
597,") is a member of the class of benzimidazoles that is benzimidazole in which one of the hydrogens attached to the nitrogen is replaced by a 4-chlorophenyl group. It has a role as an allergen. It is a secondary amino compound and a benzimidazole. It derives from a 2-chloro-4- (4-chlorophenyl) -5- (1H-imidazol-1-yl) -1H-benzimidazole. It contains a chloranilic acid. It arises from a tautomerisation of a 5-chloropyridine-2-amine zwitterion. It represents a tautomer of a 6-bromo-2- {[1- (p-chlorophenyl) -4-oxo-1H-imidazole-5-yl] sulfonyl} -1-methylbenzimidazole. A conjugate acid of a 4,4 '-dichloro-2,2' -dimethylbenzimidazole-5,5 '-disulfonic acid, it is an enantiomer of a 2,4-dichloro-6- {[3- (trifluoromethyl) phenyl] oxy} -2,2' -biimidazole-1,1 '-dioxide (1 +). It differs from a 2,4,6-trichloro-1,3,5-triazin-3-ium-3,5-diolate. It originates from a hydride transfer from a benzimidazole to the exocyclic ring of a"
598,") is an N-acylsphingosine in which the ceramide N-acyl group is specified as hexadecanoyl (palmitoyl). It has a role as a mouse metabolite. It derives from a hexadecanoic acid. It is a conjugate acid of a N- [(9Z, 12Z) -octadecadienoyl] -sphingosine1-phosphate (1-) .It is an enantiomer of a Cer (d18: 1 / 16: 0) myristanoyl-beta-D-erythro-sphingosine. It comes from a hydride of a straight-chain saturated fatty acids. It represents a tautomer of a N-hexadecasphinganine zwitterion. It arises from a proton transfer from a trans-9-octadecenoyl-sn-glycero-3-phosphoethanolamine to a cis-16: 0- (palmitoylethanolaminoyl) osphingosine dihydrogen phosphate zwittercation. It reflects a tautomerism of a C16-sphingenine and a C16: 0-Cer 12-O-methyl-alpha-KDO-1-P betaine. It originates from a 14-methylhexadecaphytosphingosine. It may be a tautomeric consequence of a combined use of these two compounds. It"
599,". It is a member of the class of xanthones that is 9H-xanthen-9-one substituted by hydroxy groups at positions 1, 3 and 6 and a methoxy group at position 7. It has been isolated from the aerial parts of Delphinium styracifolium. It derives from a hydride of an xanthan. It it is a conjugate acid of a kaempferol 3-O-beta-D-xylopyranosyl- (1- > 2) -alpha-L-rhamnoside (1-). It represents a tautomer of a 3beta, 6beta-dihydroxy-9alpha, 10beta-dimethoxy-7,10-dimethylpyrano [3,2-c] xanthin-9 (3H) -one zwitterion. It arises from a proton transfer from a hydroxymethylxanthone to a kaempferol 3,6,7beta-triacetate. It belongs to a group of flavones that is derived from a linkage between positions 3 and 7 of the flavone skeleton. It contains a monosaccharide moiety attached to a 4 '-O-methyl-5-O- (methoxymethyl) -2-furancarboxylicosylxanthone (2-) via a glycosidic bond. It originates from a kaempferol 3,6-bis (hydroxymethyl) -beta-D"
600,". The molecule is an organic cation obtained by protonation of the tertiary amino group of (+ / -) -norspermidine; major species at pH 7.3. It has a role as a human metabolite. It derives from a spermidine (1-). It is a conjugate acid of a N (1), N (2) -bis (3-hydroxy-3-methylbut-2-en-1-yl) spermidine. It exists as a tautomer of a N- (1,3-dioxo-2,3-dihydro-1H-imidazol-4-ium-5-ylmethyl) spermidine zwitterion. It arises from a condensation of a spermidine with a 3-hydroxybutane-1,2-diamine. It contains a 3- (beta-D-ribofuranosyl) -1-methylbutanediolaminium (2-) and a 3- [(Z) -3-oxabicyclo [2.2.1] heptane-1,5-diyl] -2-oxopropyl-alpha-L-threo-1,4-diaminohexa-2,4-dienoate (1- +). Coinciding with a decrease in the number of protons bound to the primary amino group it is a rise in the positive charge of the secondary amino group"
601,"). It is a member of the class of sulfamides that is sulfamic acid in which one of the hydrogens attached to the nitrogen is replaced by a 4-chlorophenyl group. It has a role as an environmental contaminant and a xenobiotic. It derives from a 2-chloro-4- (trifluoromethyl) -1H-pyrazol-3-amine. It arises from a conjugate acid of a 4,4 '-dichloro-2- (4-fluorophenyl) -4-methylsulfanyl-1H-pyrazole-3,5-dicarboxylate. A metabolite of the herbicide fluazifop-P-ethyl, it is not detected in human urine. It contains a chloro substituent at the 4-position on the phenyl ring. It comes from a hydride of a pyrazolo [4,3-b] pyridine. It represents a tautomer of a 2,4-dichloropyridine-5-sulfonate zwitterion formed by a proton transfer from a proton to a carboxy group; it is a tautomeric form of a 4,6-dichlorobenzenesulfonic acid. It originates from a 6-fluoro-4-methyl-2H-pyridin-2-ylamino-1,3,5-triazine-2,4 (1H) -pyrimidin-7-yl sulfate. It belongs to a group of"
602,). (ABSTRACT TRUNCATED AT 250 WORDS)
603,". The molecule is a triacyl-sn-glycerol in which the acyl groups at positions 1 and 2 are specified as oleoyl and linoleoyl respectively. It has a role as a mouse metabolite. It derives from an oleic acid and a linoleic acid. It is a conjugate acid of a 1-oleoyl-2- (linoleoyl) -sn-glycero-3-phospho- (1Z, 2E, 4E, 8Z, 11Z, 14Z) -eicosapentaenoate. It comes from a hydride of an all-cis-docosa-4,7,10,13,16,19-hexaenoic acid. A tautomer of a 1,2-dioleoyl-3- (9Z, 10E, 13E, 16Z, 19Z) -2-linoleoyl-3,8,10,14,19-pentahydroperoxy-5Z, 7Z, 12Z-octadecatriacontatetraenoic acid zwitterion arising from proton transfer from an acid to a free fatty acid. An enantiomer of a 2,3-dioleoyl- (1S, 2R, 2S, 3R, 6S) -trioleoylglycerol. It arises from a deprotonation of a hydroxy group at the 1-position of a 1,2,3-trioleylglycerone. It"
604,"uscripts were obtained by formal condensation of the 4-hydroxy group of kaempferol 3-O-beta-D-xylopyranosyl- (1- > 2) -alpha-L-rhamnoside with formic acid. It has a role as a plant metabolite. It is a member of flavonols, a monosaccharide derivative and a pentacyclic triterpenoid. It derives from a kaempferol 3,7,4 '-trihydroxy-5-methoxy-6-methylenecyclohexa-2,4-dien-1-one. It arises from a hydride of an oleanane. It represents a tautomer of a 3beta, 7alpha-dihydroxy-6,7,8,11,14-pentahydroxycyclohex-2-en-28-yl acetate zwitterion. It originates from a dehydrogenation of a 7-hydroxy-3- [(1R) -1-hydroxyethyl] -6,7,11,14,15-tetrahydroxy-2,3,4-trimethyl-5alpha-cholest-22-ene-26-al-3-yl- (4beta-- > 6) -beta-D- (4alpha-- > 8) -D-hexopyranosyl-1,2-dideoxy-alpha-L- (4R) -arabino-pyranoside. It contains a formate. It"
605,".: The molecule is a pentacyclic triterpenoid that is olean-12-en-28-oic acid substituted by hydroxy groups at positions 3 and 22 (the 3beta, 22beta stereoisomer). It has been isolated from the roots of Tripterygium hypoglaucum. It derives from a hydride of an oleanane. It is a conjugate acid of a 3beta, 22-diacetoxy-3beta- (4-hydroxy-3-methylbut-2-enyl) -3alpha-spirost-5-ene-1-carboxylate. It arises from a tautomerisation of a 3alpha, 2beta-dihydroxy-3alpha- (3,4-methylenedioxyphenyl) -4alpha-lanostane-22-carboxylic acid. It represents a tautomer of a 5alpha, 6alpha-epidioxyergosta-7,22-diene-3beta, 24-diol. It may be a precursor of tiglic acid, a potent anti-inflammatory agent and immunosuppressive agent used in the treatment of rheumatoid arthritis. It also has a role as an anti-arthritic agent, an immunosuppressive agent and an antineoplastic agent. It consists of a cyclic ketone, a delta-lactone, a diol, a triol and a tertiary alcohol. It"
606,") is a member of the class of N-acylhomoserine lactones obtained by formal condensation of the carboxy group of octanoic acid with the amino group of trans-4-hydroxy-3-methylbut-2-enoic acid. It has a role as a bacterial metabolite. It is a N- (acyl) -homoserine lactone, a monocarboxylic acid and a secondary allylic alcohol. It derives from an oct-6-enoyl-L-homoserine. It contains an octanoyl group. It arises from a trans- 4-hydroxymyristic acid. A conjugate acid of a trans-4- [(1E) -3-oxotetradec-1-enyl] -4-hydroxyhexanoyl-L- (4Z, 8Z) -dodecadienoate. It represents a tautomer of a cis-4,8Z, 10Z-tridehydro-3,8-dioxo-9-hexadecenoic acid zwitterion. It comes from a hydride of a 5-hydroxypiperoxytetradecanoic acid. The major tautomer at pH 7.3 is a zwitteration of a 4,5-dihydroxy-3- (4-hydroxyphenyl) -2,8-dimethylheptadecanoylhomoserine (1-). It"
607,". The molecule is an inorganic sodium salt composed of sodium and calcium ions in a 1: 1 ratio. It has a role as a human metabolite. It contains a calcium (2 +). It is a conjugate acid of a calcium dihydrogen citrate. It derives from a hydride of a calcite (anhydrous). A tautomer of a monohydrate of a disodium calcium oxalate dihydrate. It exists in two isomeric forms, one of which is hydrated while the other is free to react with water. It can be used as a chelating agent for the treatment of hypercalcaemia of malignancy. It possesses a high affinity for calcium (3-fold higher than that of calcium chloride) and a high selectivity for calcium over magnesium. It also has a long-term effect on bone pain relief. It does not have a significant effect on urinary calcium excretion but it has a short-term positive effect on serum calcium levels. It carries a high risk of adverse effects such as acute renal failure and hypercalciuria. It may be considered as an excipient due to its lack of solubility in aqueous solution. It consists of a mixture of calcium oxalate monohydrate (1 +) and calcium phosphate dihydrate (5 +); it is expected to be present in the form of"
608,"(3 +). It has a role as a mouse metabolite. It is an organosulfonate oxoanion and a member of phenols. It derives from a 3- (4-sulfophenyl) -2-hydroxy-5-oxo-4,5-dihydro-1H-pyrazole-1-carboxylic acid. It contains a 2- [4- (2-sulfonatopropoxy) phenyl] -5-oxoimidazolidin-3-yl] -4,6-dimethyl-1,3,5-triazine-2,4-dione zwitterion. It arises from a tautomerization of a 3,3 '-di-tert-butyl-5- (p-hydroxyphenyl) -2- (2,4,6-trimethoxyphenyl) -6-oxopyrazolo [3,4-d] pyrimidine-4-one. It comes from a hydride of a 3,5-diamino-6-hydroxypyrimidazino [2,3-b] pyrazin-1 (2H) -one. The major tautomer is a conjugate base of a 3,5,3' -tri-O-sulfo-6- (2,6-dimethoxypyrid-2-yl) -1,3,5-benzotriazine-2,4 (1H) -dione (1 +); it is a tautomer of a 4,4 '-bis-O- ("
609,"is a member of the class of benzamides obtained by formal condensation of the carboxy group of benzoic acid with the amino group of 2-naphthylamine. It has a role as a chromogenic compound. It derives from a benzoic acid. It is a conjugate acid of a 2-aminonaphthalene-1-sulfonic acid (1-). It arises from a tautomerisation of a 4-acetamidobenzenesulfonic acid zwitterion. A tautomer of a N, N '-bis (2-aminobenzenesulfonyl) -N, N ""-bis [2- (acetylamino) -2-naphthyl] ethane-1,2-diamine; it is an enantiomer of a N- (2,4-dichlorophenyl) -2- (2,6-diisopropylphenyl) -4-oxoquinazoline-3-amine. It comes from a hydride of a 2,3-dihydro-1H-indene-1 (2H) -one. It contains a 2- (3,5-di-tert-butyl-4-hydroxyphenyl) -3-methylbut-2-enamido group and a 7-chloro-6-methyl-5-oxo-5,6-dihydrobenzo [1,3] dioxolo [4,5-b] indol-2 (1H) -yl] acetate. It"
610,". is a member of the class of imidazoles that is imidazole in which one of the hydrogens attached to the nitrogen is replaced by a 2-hydroxyethyl group. It has a role as an allergen. It derives from a hydride of an imidazole. It is a conjugate acid of a 5-ethyl-1H-imidazol-2-amine (1-). It represents a tautomer of a 5- (2-aminoethyl) -1H-imidazole zwitterion. It arises from a tautomerisation of a 2,5-dihydr-oxy-1-methylimidazolidin-4-ium and a 5,6-dihydro-1H, 5H-imidazo [4,5-c] pyrimidine-3-ium. The major tautomer at pH 7.3. It reflects a tautomerization of a 5,6,7,8-tetrahydro-2H-pyrimido [4,3-b] indole-1,2-oxazin-3 (4H) -ium. It contains a 2- (hydroxyethyl) -1-methyl-5-oxoimidazolidine-4- (1H) -olate. It originates from a hydrate of a 5,5-dimethyl-6-hydroxy-1,3,4-thiadiazole-3- (H) -one. It belongs to a tautomers of a 2,3,5-trimethyl-"
611,") is a member of the class of benzamides obtained by formal condensation of the carboxy group of 4-aminobenzoic acid with the amino group of 2-naphthylamine. It has a role as a chromogenic compound. It is a secondary amino compound, a monochlorobenzene and a benzamide. It derives from a 2,4-diaminonaphthalene-1-carboxylic acid. It represents a tautomer of a N- (2,4-dichlorophenyl) -4-aminobenzoyl-2-naphthalenesulfonamide zwitterion. It arises from a tautomerisation of a N-acetyl-4-aminophenylbutanediamide; it is a conjugate acid of a 4- {[2- (4-aminophenyl) -2-oxoethyl] amino} -2-naphthylacetamido-2,6-dideoxy-beta-D-glucopyranosato-6-O-methyl-L-threo-hex-3-enopyranosid-5-yl] -1,3-dioxolane-7-carboxylate. It comes from a hydride of a 2,3-dihydro-1H-imidazo [4,5-f] [1,2,4] triazolo [1,5-a] [1,3,5] benzotriazin-6 (6H) -one. It contains"
612,". It is a phosphatidylcholine 36: 2 in which the acyl groups specified at positions 1 and 2 are (7Z, 10Z, 13Z, 16Z, 19Z) -docosapentaenoyl and (5Z, 8Z, 11Z, 14Z, 17E) -icosatetraenoyl respectively. It has a role as a mouse metabolite. It derives from an all-cis-docosa-5,7,10,13,16,19-hexaenoic acid and an icosa-5, 8,11,14,17-pentaenoic acid. It represents a tautomer of a 1,2-dioleoyl-sn-glycero-3-phospho-L-serine zwitterion arising from a tautomerization between a 1-stearoyl-2-palmitoylethanolamine- and a 2-palmitoyl-l-serine- (1- > 2) -ethanolaminium-induced protonation of the phosphate group; it is the major species at pH 7.3. It arises from a cis-7, 10-tridehydro-9-oxooctadeca-5,10,12,13,16-tetraenoic acid while it is a trans-isomer of a corresponding 1,2-di-linoleoyl- sn-glycerol. It comes from a (7"
613,"SUMMARY: The molecule is an amino acid zwitterion obtained by transfer of a proton from the carboxy to the amino group of N (alpha) -acetyl-L-lysine; major species at pH 7.3. It has a role as a human metabolite and a Saccharomyces cerevisiae metabolite. It is an enantiomer of a N (epsilon) - [(2R, 3S) -3-hydroxy-3-methylbut-2-en-1-yl] -L-lysinium (1-). It derives from a L- [(2S, 3R) -3- (3,4-dihydroxybutanoyl) -2-oxoprop-1,3-dioxolane-2,5-diyl] lysine. It contains a L-glutaminium (2-). A tautomer of a N- (alpha-D-glutamylamino) -L-lysine. There is no evidence that it is a conjugate base of a 3- (3-hydroxymyristic acid) -N- (2,3-dihydroxypropyl) -N (delta) -acetyllysine (1 +) .3. It is a member of guanidines and an amino acidotetraspanamate zwittercation. It consists of a conjugate acid of a 6- (R) -acetamido-2,3,4-trideoxy-"
614,". The molecule is an organic cation obtained by protonation of the tertiary amino group of (S) -homocystine; major species at pH 7.3. It has a role as a human metabolite and a Saccharomyces cerevisiae metabolite. It is an ammonium ion derivative and an alpha-amino acid zwitterion. It derives from a (2S) -2-hydroxy-3-methylbut-2-en-1-yl-4-methylbutane-1,3-diamine. It represents a tautomer of a (1S, 2R) -3-methylglutaconic acid. It exists in equilibrium with a (1R, 2S) -3- (hydroxymethyl) -1-methylbutyl-2,3-dimethylbutanediium (1-). It arises from a hydride of a norcanadine (1 +). One of four possible tautomers of a racemic homocarnosine (5 + / 5 +) .The major tautomer is a (4S) -4-methyl-3- (N-methylcarbamoyl-L-threonyl) -4,5-dihydroperhydroperoxybicyclo [2.2.1] hept-6-enesulfamate. It contains a (R) -6-hydroxymyristoylsarcosine (2-) .It is"
615,". It has a role as a mouse metabolite. It derives from a hydride of an olefinic acid. It is a conjugate acid of a 3-oxotetradec-1-ene-1,2-diol (1-). It contains a hydroxy group at the 4-position and a 2-hydroxycyclohex-2-enoyl group; it is a tautomer of a 4-hydroxy-2- (2-oxoethyl) -2-oxocyclohexa-2,5-diene-1,3-dione zwitterion. It arises from a proton transfer from a 5-hydroxypentane-1,2,6-trione to a 1,4-dihydronaphthalene-2,5,8-triol. It comes from a Diels-Alder reaction between two molecules of acrolein, both of which are in close proximity to each other on the surface of the cell membrane. It may be a source of reactive oxygen species that can lead to cell death by apoptosis or necrosis depending on the type of cell. It belongs to a class of polycyclic aromatic hydrocarbons that is produced by oxidation of polyunsaturated fatty acids such as pristane and hopane. It also occurs naturally in plants and fungi. It acts as a biomarker of oxidative stress due to lipid peroxidation. It"
616,"ós: a member of the class of benzodiazepines. It has a role as a human xenobiotic metabolite and a mouse metabolite. It is a conjugate acid of a diazepam (1-). It derives from a hydride of a 1,4-benzodiazepin-2-one. It contains a 3-carboxy-5-methyl-1-phenyl-2,3-dihydro-1H-benzo [de] isoquinoline-1,4-dione (2-). A tautomer of a beta-carboline-3-carboxylate zwitterion arising from a proton transfer from a deprotonation of a carboxylic acid group; it is an enantiomer of a 7-chloro-9-hydroxy-3,5,5a, 6,7,8,8a-hexahydrodibenzo [c, e] cycloocta [1,2-b] pyrrole-2,4,8-triolate. It arises from a condensation of a chloronazepam with two molecules of hydrochloric acid. It carries a proton at each end of a molecule of a benzodiazepine. It may be a conjugate base of a 6-oxo-7-hydroxycoumarin-3 '-carboxylatecyclopent-4' -en-1 '-yl-3- (p-hydroxyphenyl) -1-propanone (1 +)."
617,"R (1) is a sialotriaosylceramide obtained by formal condensation of the carboxy group of alpha-N-acetylneuraminyl- (2- > 3) -beta-D-galactosyl- (1- > 4) -N-glycoloylsphingosine with the hydroxy group of 2-acetamido-2-deoxy-3-O- [(4Z, 7Z, 10Z, 13Z, 16Z, 19Z) -docosa-4,7,10,13,16,19-hexaenoyl] -3-sulfo-beta-galactose. It has a role as a mouse metabolite. It is a member of acetamides, a trisaccharide derivative and a ganglioside. It derives from an alpha-Neu5Ac-Cer (d18: 1 / 22: 0). It represents a conjugate acid of a 2-O-acetyl-N- [(4S, 7R, 14S, 15S, 18R) -7-hydroxy-3,14-dioxo-5,6,8,10,13,16-hexadehydro-2,4,10,13,19,19-hexacosapentaenoic acid] -alpha-neoctacosapentaenoyl-beta- [1- > 3] -beta-GalNAc- (1- < - > 4 '-Bn) -Cer ("
618,". is a member of the class of xanthones that is 9H-xanthen-9-one substituted by hydroxy groups at positions 1, 2 and 3 and a prenyl group at position 6. It has a role as a plant metabolite. It derives from a hydride of a 9,10-anthraquinone. It is a conjugate acid of a kaempferol 7-O-beta-D-apiofuranosyl- (1- > 2) -alpha-L-rhamnoside (1-). It represents a tautomer of an kaempferol 7- (p-hydroxybenzoyl) -2,3-dihydronaphtho [2,3-b] furan-4 (3H) -one zwitterion. It arises from a proton transfer from a kaempferol to a hydrogen atoms 3 and 5 of a beta-sitosterol; it is an enantiomer of a corresponding kaempferol 6,7-diacetoxy- (+ / -) -7-hydroxy-2,3,5-trimethyl-9,10-dihydropyrano [3,2-c] phenanthro [1,2-a] pyran-9 (1H) -on-2 (5H) -oxide. It contains a (+) -kaempferol 7,8-dihydroxy-2- (3,4,5-trimethoxybenzoyl) -2-methylbut-3-en-"
619,"is a long-chain fatty acid ethyl ester resulting from the formal condensation of the carboxy group of oleic acid with the hydroxy group of ethanol. It has a role as a plant metabolite. It derives from an oleic acid. It is a conjugate acid of an oleoyl-1-stearoyl-2-linoleoyl-sn-glycero-3-phosphate (2-). It represents a tautomer of an oleyl-1- (2-oxotitanoyl) -sn-glyceride zwitterion. It originates from a hydride of an octadecanoic acid. The major tautomer is a hydrate of an oleate. It arises from a tautomeric exchange between an oleate and an oleoyl- (1-O-hexadecanoyl) -2-lauroylglycerol. It contains a 2-O- [(9Z, 12Z) -octadecadienoyl] -2-myristoyl-L-glyceryl-glycerol (1-) .2. It is an enantiomer of a 2 '-O-oleoyl-alpha-linolenoyl-beta-lipoteichoic acid taurin A. It is not a member of the same class of lysophosphatidylethanolamine taenes that have been previously reported to be generated by enzymatic hydrolysis of cell membranes. It may be a"
620,". The molecule is a member of the class of furans that is furan-2 (3H) -one substituted by a hydroxy group at position 3 and methyl groups at positions 4 and 5 respectively. It has a role as a plant metabolite. It derives from a hydride of a furan. It is a conjugate acid of a 3,4-dihydro-2H-furo [3,2-c] furan-2,5-dione (1-). It represents a tautomer of a 3- (methylsulfanyl) -4-methylbut-2-en-1-ol zwitterion. It arises from a tautomerisation of a 4- (hydroxymethyl) -2,2-dimethylfuran-3-one. It contains a proton of a 3,3-dimethyl-2,3-dihydrofuran-2,4 (1H, 6H) -dione (1 +) .2. It is an enantiomer of a 4-methyl- (methylsulfonyl) -2-oxo-1,2-dioxopyran-3 (4H) -yl acetate. It consists of a 3-hydroxy-3,5-dioxo-2,4,5- (methylenedioxy) tetrahydrofuran-2- (1H) -onyl-1,1-bis (hydr) -1,2,4-triazolidin-4-olate. It reflects a tautomeric"
621,") is a member of the class of benzamides obtained by formal condensation of the carboxy group of phenylacetic acid with the amino group of 2-naphthylamine. It has a role as a chromogenic compound. It derives from a phenylacetic acid. It is a conjugate acid of a 2-phenylacetamido-2- (4-carboxyphenyl) -4,6-dideoxy-alpha-D-glucopyranosyl- (1- > 3) -2-naphthylacetate. It arises from a tautomerisation of a N- (2,4-dichlorophenyl) -2- [(2,6-dioxo-3,4-dihydro-2H-pyran-5-yl) oxy] acetamide zwitterion arising from a proton transfer from one of the carboxylic acid groups to the secondary amino group; it is a tautomer of a N, N '-bis (2,4,6-trichloro-4-hydroxy-3-methoxybenzyl) -N, N-dimethyl-L-alaninato-2-aminonaphthalene-1-carboxamide. It contains a 2- {4- [(3,5-di-tert-butylphenyl) diazenyl] phenyl} -4-oxo-2,3-dihydrobenzo [1,2-f] oxazin-6-yl} acetamido group and a free amino group ("
622,"(3-hydroxyacyl-CoA) results from the formal condensation of the thiol group of coenzyme A with the carboxy group of 3-hydroxypentanoic acid. It has a role as a human metabolite and a Saccharomyces cerevisiae metabolite. It is a conjugate acid of a 3-hydroxy-3-oxopentanoyl-CoA (4-). It derives from a coenzyme A. It is an enantiomer of a 2-hydroxy- (3R) -3-hydroxypentanoyl-CoA [3- (4-hydroxyphenyl) propionyl-CoA] arising from a hydride transfer from a cis-aconitic acid to a trans-aconityl group; it is a tautomer of a 6-hydroxymyristic acid 3-phosphate zwitterion. It arises from a trans- (4S) -3,4-dehydro-4-methylenecyclohex-2-ene-1-carboxylic acid. The major tautomer at pH 7.3 (according to Marvin v 6.2.0."
623,". The molecule is a member of the class of xanthones that is 9H-xanthen-9-one substituted by hydroxy groups at positions 1, 3 and 6 and a methyl group at position 2. It has a role as a plant metabolite. It derives from a hydride of an oxaspiro compound. It is a conjugate acid of a 9,10-dihydroxynaphthalene-2,7-dione (1-). It represents a tautomer of a 2,3-dihydro-9,10-dioxo-9H- [1,2,4] triazolo [4,3-a] xanthene-9,12-dione zwitterion. It arises from a tautomerization of a 2,2 '-dihydroxy-1,1' -dimethylspiro [cyclohex-5 '-en-1' -yl] -1,3,6,8-tetrahydronaphtho [2,3-c] xanthin-9 (10H) -one. It belongs to a class of xanthine derivatives. It contains a 1,2-dihydroxy-3-methylbut-4-enoyl-3,5-dioxolane-10-carboxylic acid. It originates from a hydrolysis of a hydrogen bond between positions 1 and 6 of a beta-D-glucopyranosyl- (1- > 6)"
624,". It is a member of the class of xanthones that is 9H-xanthen-9-one substituted by hydroxy groups at positions 1, 3 and 6 and a methyl group at position 2. It has a role as a plant metabolite. It derives from a hydride of a 9H- xanthan-9 (10) -one. It contains a 2,6,8-trimethyl-9,10-dihydrodibenzo [b, e] xanthene-1,9 (10H) -dione. The compound is a conjugate acid of a kaempferol 3-O-beta-D-rutinoside (1-). It arises from a tautomerisation of an kaempferol 3- (O-alpha-L-rhamnopyranosyl- (1- > 4) -beta-D- ribofuranosyl) -D-glucopyranoside zwitterion. It represents a tautomer of a quercetin 3-O- [(2R) -2-methylbut-2-en-1-yl] -L-rhamnoside. It can be considered as a biosynthetic precursor of a flavonoid phytoalexin. It originates from a condensation of a flavonol with a trans-p-coumaric acid. It appears to be a primary metabolite of a phytosiderophores produced by graminaceous plants. It"
625,". It is a member of the class of xanthones that is 9H-xanthen-9-one substituted by hydroxy groups at positions 1, 3 and 6 and a prenyl group at position 8. It has been isolated from the aerial parts of Celastrus orbiculatus. It derives from a hydride of an xanthan. It it is a conjugate acid of a kaempferol 3-O-beta-D-xylopyranosyl- (1- > 2) -alpha-L-rhamnoside (1-). It arises from a tautomerisation of an kaempferol 3,6,8-triacetate. It may be a tautomer of a quercetin 3,6,8- (4-hydroxy-3-methoxyphenyl) -9,10-dihydropyrano [2,3-g] chromen-9 (10H) -one zwitterion. It represents a major species of celastrusin 3-O- (6 ''-O-p-coumaroylerythritol) -3' -O-sulfate. It originates from a cis-1,2-dihydroxymyristic acid. It contains a trans-3,5-dihydroxy-6-methylenecyclohexa-2,7-dien-1-yl-alpha-l-arabinopyranoside"
626,". The molecule is a member of the class of xanthones that is 9H-xanthen-9-one substituted by hydroxy groups at positions 1, 3 and 7 and a methoxy group at position 8. It has a role as a plant metabolite. It derives from a hydride of an oxacycle. It is a conjugate acid of a 9,10-dihydro-9H- [1,3] dioxolo [4,5-g] xanthone-1,8 (1H, 8aH) -dione (1-). It arises from a tautomerization of a 2,3-dihydroxy-9,10-dihydroxanoanthracene-1,9-dione zwitterion. It represents a tautomer of a 9,10,11-tetrahydro-9H, 10H-dibenzo [b, f] xanthene-2,6,8 (5H) -trione. It contains a 6-hydroxy-1,2-dioxo-3,7-bis (methoxycarbonyl) tricyclo [3.3.3.1.0 (2,5)] oct-5-en-10-yl acetate. It originates from a hydrogen bonding between a hydroxyl group of a 1,10-dihydroxyxanthone and a carboxy group of an alpha-L-rhamnopyranosyl- (1- > 2) -beta-D-glucopyranoside. It"
627,". The molecule is a dicarboxylic acid monoamide obtained by formal condensation of the carboxy group of glutaric acid with the amino group of 2-naphthylamine. It has a role as a chromogenic compound. It is a monocarboxylic acid and a member of naphthalenes. It derives from a glutaric acid. It represents a conjugate acid of a 2- (glutathion-S-yl) -2,3-diaminonaphthalene-1-carboxylate. It arises from a tautomerisation of a 2-acetamido-2-phenylbutane-1,3-dione zwitterion. It comes from a hydride of a 1,4-naphthoquinone. It contains an acetyl group at the 1- and 4-positions and a hydroxy groups at the 2- and 5-positions. It reflects a tautomer of a 2,5-dihydroxy-6-methyl-3-oxo-1,4-dihydro-1H-benzo [e] [1,2] oxazin-7-ium-9-olate. It belongs to a class of N-acyl-D, L-alpha-aspartates. It originates from a glutamate and a glutarate. It corresponds to a tautomers of a N- (2-hydroxyphenyl) -2-aminoethanesulfonic acid zwittertadecarboxamide. It"
628,". It is a member of the class of chalcones that is trans-chalcone substituted by hydroxy groups at positions 3, 4 and 5, a methyl group at position 2 and a prenyl group across positions 6 and 7 respectively. It has a role as a plant metabolite. It derives from a trans-chalcedanin A. It is an enantiomer of a (3R, 4S, 5S) -chalcone. It contains a (3S, 4R, 5R) -3- [(2E, 6E) -3,7-dimethylocta-2,6-dien-1-yl] -4-hydroxy-5- (hydroxymethyl) -2-methylbut-2-enoic acid. It arises from a (3E, 4aS, 5aS) -3-hydroxypenta-2,4-diene-1,6,8-triol. It represents a tautomer of a cis- (3a, 4a, 4b, 5a, 6a, 7a, 8a, 9a, 10a, 10b, 11a, 11b, 12a, 13a, 14a, 16a, 18a, 19a, 20a, 22a, 23a, 25a, 26a, 28a, 30a, 31b, 31bc, 3"
629,"osa (4Z, 7Z, 10Z, 13E, 16Z, 19Z) -tetraenoic acid is an intermediate in the biosynthesis of arachidonic acid. It has a role as a human xenobiotic metabolite. It derives from an all-cis-docosa-4,7,10,13,16,19-hexaene. It is a conjugate acid of a (5Z, 8Z, 11Z, 14Z, 17Z, 21R, 21S, 24R) -5,8,10,13,14,17-pentahydroxy-18-oxoheptadec-5-enoic acid (1-). It arises from a hydride of an icosa-5,8,9,10,13,16-hexaen-3-one. It represents a tautomer of a 1-hydroxyicosatetraenoyl-beta-D-glycero-gamma-L-homoglycerol zwitterion. It was a major species at pH 7.3 (according to Marvin v 6.2.0.). There is a direct correlation between a decrease in the serum concentration of IL-6 and an increase in the expression of inducible nitric oxide synthase (iNOS) in peripheral blood mononuclear cells (PBMC) after treatment with interferon-gamma (IFN-gamma) (p < 0.05"
630,"CONS: IDENTIFICATION FOR A RETROSPECTIVE MEDICINE. It has a role as an EC 3.1.1.7 (acetylcholinesterase) inhibitor, an antineoplastic agent and an anti-inflammatory agent. It is a conjugate acid of an aceclofenac (1-). It derives from a hydride of an olefinic cis-1,4-cyclohexadiene. It represents a tautomer of an aceto-beta-hydroxycoumarin zwitterion. It contains a 3-acetamido-4-methylbut-2-enoyl-5-methyl-6-oxo-3,4-dihydro-2H-pyran-1-yl group. It arises from a tautomerisation of an indomethacet-L-acid.It is the major species at pH 7.3 (according to Marvin v 6.2.0.). As it is a prodrug, it is used for the treatment of acute and chronic pain associated with osteoarthritis, rheumatoid arthritis, post-traumatic osteoarthritis, tendinitis, bursitis and tendinitis. It does not have any effect on blood pressure or heart rate. It also has a potential use as an antipyretic, an analgesic, an antirheumatic drug and an antispasmodic drug."
631,". The molecule is a 3-hydroxy monocarboxylic acid that is (R) -3-hydroxybutyric acid substituted by a methyl group at position 2. It has a role as a human xenobiotic metabolite and a mouse metabolite. It derives from a butyric acid. It is a conjugate acid of a (2R) -2-hydroxy-3-methylbutyrate- (1S) -1-O-methyl-L-erythritol 4-phosphate (1-). It arises from a hydride of a butan-2-ol. It represents a tautomer of a 2,3-dihydroxy-3- (S) -methylbutyric acid zwitterion. It consists of a proton of a 2-hydroxymuconic acid. A is the major microspecies at pH 7.3 (according to Marvin v 6.2.0.), while it is a minor component at pH 7.2 (after subtracting the deprotonation of the carboxy group). There is a direct correlation between a decrease in blood lactate concentration and an increase in urinary 3-hydroxyisovaleric acid excretion (r = 0.999, p < 0.001); it is thought to be a consequence of a deficiency of branched-chain amino acid metabolism. It may be a biomarker for diagnosis of inborn errors of metabolism."
632,". It has a role as a mouse metabolite. It derives from a tyrosine. It is a conjugate acid of a 4-hydroxy-3-nitrophenolato-O-beta-D-xylopyranosyl-alpha-L-rhamnopyranoside (2-). It arises from a tautomerization of a 2-hydroxy- (4-hydroxyphenyl) -4-hydroxymandelic acid zwitterion arising from a proton transfer from a carboxylic acid group to a hydrogen bonding between the phenolic hydroxy group and the alpha-position of the anomeric hydroxy group; it is a tautomer of a N-acetyl-4-hydroxyphenylalanine.It is an enantiomer of a 1-acetonitropentane-6-sulfonatopent ent ent-2-enesulphonates. It originates from a hydride of a 1,4-benzoquinone. It contains a 5-nitro-2,3-dihydro-1H-benzo [f] isoquinolin-7-yl group (1-). The tautomer is a result of a tautomerisation of a 2,5-diaminophenyl-4,6-dihydronaphthalene-1-sulfonic acid. It represents a tautomers of a 2,4-diacetonitrophenol and a 2,6-di"
633,"ne (1 +). It has a role as an Escherichia coli metabolite and a mouse metabolite. It is a conjugate acid of a 3-amino-3-deoxy-L-threo-hex-4-enopyranuronate- (1- > 2) -4,6-dideoxy-alpha-D-glucopyranuronate. It derives from a hydride of a D-glucuronic acid. It contains a 2,3-dihydro-1H-imidazo [4,5-f] xanthen-6-ol-1-phosphate (2-); it is a tautomer of a 3,5-dinitropyruvic acid zwitterion. It arises from a tautomerization of a 5-hydroxy-2,3-dihydroimidazo [4,5-"
634,". It is a trisaccharide derivative obtained by formal condensation of the carboxy group of stearic acid with the amino group of beta-D-GalNAc- (1- > 4) - [alpha-Neu5Ac- (2- > 3)] -beta-L-Gal. It has a role as a mouse metabolite. It derives from an octadecanoic acid. It represents a conjugate acid of a beta-D- [(7Z, 10Z, 13Z, 16Z) -octadec-7-enoyl] -2-acetamido-2-deoxy-6-O-acetylgalactitol (1-). It arises from a hydride transfer from a stearic acid to a N-acetyl-alpha-neuraminyl- (1- < --4) -beta-D: -galactosyl- (1 < --3) -N-acetylglucosaminyl moiety. It belongs to a group of gangliosides 18: 1 / 18: 0 / 22: 0 zwitterion zwitterions and a member of trisialogangliosides 36: 1 zwitterium zwitterions. It results from a condensation of a stearoyl group of 12-hydroxy-14-methylpentacosanoic acid with one of the two primary amino groups of an alpha-"
635,": C. It has a role as a plant metabolite. It is a hydroxycinnamic acid and a cinnamate ester. It derives from a trans-4-hydroxy-3-methoxycinnamic acid. It represents a conjugate acid of a (3R) -3-O-feruloyl-beta-D-glucopyranosyl- (1- > 2) -alpha-L-arabinopyranoside (1-). It arises from a hydride of a coniferyl alcohol. It contains a 3-O- [(E) -3- (4-hydroxyphenyl) prop-2-en-1-yl] -2-methylbutanoyl] -L-threo-hex-5-enoate. It belongs to a group of hydroxycinnamic acids that is substituted by an alpha-L- (+) -lyxofuranosyl group at position 4. It originates from a trans- (4R) -4-hydroxymandelic acid. A is a tautomer of a 4 '-O-dehydro-3', 5 '-di-methoxy-4' -hydroxycinnamate zwitterion formed by a proton transfer from the carboxylic acid to the alpha-anomeric position of a 2,3-dideoxy-2- [(1R) -1-hydroxyethyl] -beta-"
636,"It is a member of the class of L-serines that is L-serine in which one of the hydrogens attached to the amino group has been replaced by a 3-methylbut-2-en-1-yl group. It is an enantiomer of a D-serine zwitterion. It has a role as a human metabolite and a mouse metabolite. It derives from a L- [(3R) -3-methylbutanoylamino] -L-serine. It represents a tautomer of a L-Ser.3. It is not a conjugate base of a N (3), N (5) -dimethyl-L-threonine.6H, 7H-thieno [2,3-b] [1,4] oxazin-6-ium-7-olate. It arises from a tautomerization of a N- (3-methyl-but-4-enoyl) -L-serinal. It consists of a zwitteration of a D- [(3S) -3- (methylthio) -2-methylbutyl] -1,2,3,4-tetra-hydro- [1,2,3] triazolo [1,5-a] pyrimidine-6,8-diium-carboxylic acid. It contains a 3- (methylsulfonyl) -1-propanesulfonate."
637,"(3), (4), and (5), respectively. It has a role as an allergen. It is a member of benzimidazoles, a primary amino compound and a secondary amino compound. It derives from a hydride of a benzimidazole. It contains a chlorantraniliprole (1 +). It represents a tautomer of a trichlormethrin zwitterion formed by proton transfer from the carboxy group to the alpha-position of the benzimidazole moiety. It arises from a tautomerisation of a trichothiazole zwittercation. It consists of a triclazinemethanesulfonic acid zwitteration. It expresses a high affinity for ryanodine receptor type 1 (RyR2) (EC 2.7.11.23) (Kd = 10 (-7) -10 (-8) M). Triclazinone derivatives are widely used as insecticides in agricultural and horticultural crops and have been shown to be highly toxic to non-target organisms such as honey bees (Apis cerana cerana) and honeybee larvae (Apiculatus cerana mellifera). Therefore, it has a potential use as an acaricide, an insecticide, an agrochemical and a nematicide. It also has a toxicological effect on honey bees"
638,"CONCLUSION: The present study is the first report of a rare case of primary intraosseous squamous cell carcinoma of the mandible. It has a role as a mouse model and a human urinary metabolite. It is a member of benzenes, an organochlorine compound, a secondary alcohol and a primary alcohol. It derives from a 3-hydroxy-4-methylbut-2-en-1-one. It comes from a hydride of a 1,4-benzenediol. It arises from a tautomerism of a 3,4-dihydronaphthalene-1,2-diol zwitterion. It may be a conjugate acid of a 3- (3-deoxy-beta-D-manno-oct-6-ulopyranosyloxy) -4-methylbutanoyl-2,6-dioxo-2,3-dihydrobenzo [b] furo [2,3-d] pyran-5-olate. It represents a tautomer of a 3,4,6-trihydroxy-7-methyl-2,7,10,11-tetradehydro-2H-benzo [f] pyrano [3,2-c] furan-2- (7H) -carboxylic acid. It originates from a dehydrogenation of a 7,8-dihydroxy-9,10-dihydro-9H-anthracen-9-one"
639,"(1 → 2) -epigallocatechin-3-O-β-D-glucoside in red wine. It has a role as a plant metabolite. It is a polyphenol and a trihydroxyflavan. It derives from a (+) -catechin and a (-) -trans-pinocatechin- (4beta, 8-dihydroxyflavan-4-yl) -L-alpha-L-rhamnopyranose. It belongs to a group of catechins that are substituted by hydroxy groups at positions 3, 5, 6 and 7 and a prenyl group at position 4 (the 3R, 4R, 5R, 6S stereoisomer). It represents a conjugate acid of a (3R, 4S, 5S, 6R, 7R, 7R, 8R, 9S, 10R, 12R) -3 '-O-p-coumaroyl-5,6,7,8,9' -tetrahydroxy-5- (3,4,5-trimethoxyphenyl) -2,3-dihydro-4H-furo [3,2-g] quinazoline-4 (3H) -one. It arises from a condensation of a 3- (3,4-dihydroxyphenyl) -5-methylbut-2-en-1-yl group with a beta-d-glucose. It"
640,". It has a role as an allergen. It is a conjugate base of a tixocortol (1 +). It derives from a hydride of an 11,12-epoxytrichothec-13-en-19-oic acid. It contains a tixiocortyl group (1-). An enantiomer of a 3alpha, 7alpha, 12alpha-trihydroxy-11-oxotetracosane-7,23-dione (2 +); it is a tautomer of a 3beta, 7alpha- (3-hydroxypropoxy) -11beta, 14alpha-didehydro-5alpha-androstan-22-one zwitterion. It represents a major species at pH 7.3 (according to Marvin v 6.2.0.) and a member of the class of trichothecenes that includes trichothecene mycotoxins such as deoxynivalenol, DON, DON-F and DON-E. It may be a causative agent of Fusarium head blight and trichothecosis in cereals and other food products. It also acts as a sensitizer for allergic contact dermatitis induced by Trichophyton mentagrophytes dermatitidis (Gibberella fujingensis) but does not cross-react with antibodies raised against trichothec"
641,". The molecule is a member of the class of chlorobenzenes that is benzene substituted by chloro groups at positions 1, 2 and 4. It has a role as an environmental contaminant and a xenobiotic. It derives from a hydride of a benzene. It is a conjugate base of a 2,4,6-trichloro-1,3,5-triiodobenzene (1 +). It represents a tautomer of a 2,4-dichloro-2,4,6-trichlorobenzene zwitterion. It arises from a proton transfer from a chloronitrobenzene to a hydrofluoric acid. A group of chlorinated benzenes. It consists of a mixture of mono- and bis-ortho-chloro compounds. It contains a 1,2-dichlorobenzene and a 1,3-dichloropyridinium (1-). An enantiomer of a 1,3,4,6-tetrachlorobenzene-tricarbonyl-2- (4-chloro-fluorophenyl) -1H-imidazol-2-ylide. It corresponds to a monochloro-2,2 '-dichlorobiphenyl-5-yl-1H-imidazolin-2' -yl-3H-imidin-3 '-ium-6' -olate. It exists in a tautomeric form of a 2,4,6- [tetrachloro] -1,3,5-tris (4"
642,"(1-) is obtained by deprotonation of the phosphate OH groups of 3-deoxy-D-manno-oct-2-ulosonic acid; major species at pH 7.3. It has a role as an Escherichia coli metabolite and a mouse metabolite. It is a conjugate base of a 3-deoxy- [(3R) -3-hydroxy-6-oxocyclohexa-2,5-dien-1-yl] -2,3-di-O-methyl-L-arabino-hex-4-enuronic acid. It derives from a L-glycero-delta-pentitol 5-phosphate (2-). It arises from a hydride of a D-mannotriose (3-). A conjugate acid of a 3,6-dideoxy-3-O- (3-hydroxymyristoyl) -D-mannoheptose (5-). There is an inverse relationship between the number of carbon atoms in the pyranose ring to which the hydroxy group is carboxylated (n = 0, 1, 2, or 3) and the pK value of the carboxy group (i.e., when it is at the alpha-anomeric position it is protonated); it is thought to be a fundamental property of a polysaccharide."
643,"). It is a member of the class of benzamides obtained by formal condensation of the carboxy group of 4-aminobenzoic acid with the amino group of 2-aminonaphthalene-1-sulfonic acid. It has a role as a fluorescent probe and a fluorochrome. It derives from a 2-aminonaphthalenesulfonic acid and a 4- (N-acetyl-N-beta-D-glucosaminyl) -2-naphthylamine. It contains a 4-acetamido-2- [N- (2-aminoethyl) -3,5-dioxo-4,5-dihydro-1H-1,2,4-triazol-3-yl] butanoyl group. It arises from a hydride of a 1,4-benzenediol. It represents a tautomer of a 1- (4-amino-2-nitrophenyl) -4-azoniabicyclo [2.2.2] oct-5-ene-2,3-dicarboxylic acid zwitterion. It consists of a 3- (2,4-dinitrophenyl) -3-sulfanyl-4-hydroxy-5- (2,4,4-trimethylpentanoyl) -2,3-dihydrobenzo [1,2-b: 5,4-b '] bis [1,3] dioxolo [3,2-f] isoquinolin-6-ium."
644,orolac is a non-steroidal anti-inflammatory drug that is ketorolac in which the hydroxy group at position 6 has been oxidised to the corresponding carboxylic acid. It has a role as an antipyretic and an anti-allergic agent. It is a conjugate acid of a ketorolac (1-). It derives from a hydride of an oleanane. It represents a tautomer of a etoricoxib zwitterion. It arises from a proton transfer from a ketorolac to a carboxylic acid anion. It contains a proton of a ketobupivacaine (1 +). There is a tautomeric relationship between a ketorolac and a tolvaptan (2 +) .It is an enantiomer of a levobupivatransoprazole. It reflects a tautomerisation of a dexketoprofen. It may be a consequence of a change in the pH of a patient's gastrointestinal system. It can be a tautomerase of a Ketorolac. It consists of a keto-Δ (6) -ketorolac. It comes from a tautomers of a dextromethorphan and a levodocrotaline zwitterions. It originates from a one of two molecules of a single-stranded β-D-ribo-furanosyl- (1 → 4) -D-
645,". It has a role as an Escherichia coli metabolite and a mouse metabolite. It is a conjugate acid of a 3-aminopropanoate. It derives from a hydride of a 2-butanedioic acid. It comes from a tautomer of a 4-amino-3-oxopentanoic acid zwitterion arising from proton transfer from the carboxylic acid group to the alpha-position of a 5-aminocyclohex-2-en-1-ylacetic acid; it is the major species at pH 7.3 (according to Marvin v 6.2.0.). It arises from a condensation of two molecules of pyruvate and one molecule of acetoacetate. It contains a 5- (aminomethyl) -2-methyl-2,4-dioxopentanoate (2-), a 3- (ammonio) -3-hydroxy-5-oxo-4,5-dihydro-1H-pyrrole-2,5-dicarboxylate (1-) and a beta-D-fructofuranose (1- / 2-deoxy-alpha-L-threo-hexopyranosiduronic acid) anion. It may be a conjugate base of a 6-aminonononpyruvic acid and a 5 '-aminonpyruvaleric acid. There is a tautomerism of a"
646,". It has a role as an Escherichia coli metabolite and a mouse metabolite. It derives from a L-serine. It is a conjugate acid of a 3-amino-3-deoxy-D-manno-oct-2-ulosonate 6-phosphate (2-). It arises from a tautomerization of a zwitterion formed by a proton transfer from the carboxy group to the alpha-anomeric hydroxy group of a DL-2,3-diaminoheptane-4,6-dioic acid; it is the major species at pH 7.3. It contains a 3- (N-acetyl-L-threo-hex-4-enoylamino) -2-oxopentanoic acid anion. It belongs to a class of aminophosphonates and a member of guanidines. It originates from a hydride of a D-glycero-gamma-pentitol 5-phosphate. It represents a tautomer of a 3,5-diaminopentane-2,4,6-trione-1-phosphate, a compound of which is also used as a precursor for the synthesis of phosphonoformic acid in phosphorous acid production. It may be a useful reagent for the preparation of phosphonic acid derivatives such as phosphonoacetic acid and phosphonoformate."
647,"_ {2-hydroxy-3-methylbut-2-en-1-yl} (5Z, 8Z, 11Z, 14Z) -icosatetraenoic acid in mice. It has a role as a mouse metabolite. It derives from an all-cis-icosa-5,8,11,14-tetraenoic acid. It is a conjugate acid of a (7Z, 10Z, 13Z, 16Z, 19Z) -7-hydroxymyristate-8-enyl-5-oxo-7,10,13,16,19-hexaenoic acid (1-). It arises from a deprotonation of a 7-hydroxyicosane-8,10,13,14,16-tetraenoyl-CoA; it is a tautomer of a 7- [(1S, 2R, 3R, 4S, 5S) -3,7-dihydroxyicosanoyl] -5,10,13,15,16-hexadec-11-enoyl] -CoA zwitterion arising from a proton transfer from a carboxylic acid group to a 5-hydroxypentanoyl group. It represents a major metabolite of omega-3 polyunsaturated fatty acids. It may be a candidate for a human blood serum metabolite and a diagnostic biomarker. It originates from an icosapentaenoic acid."
648,". It has a role as a mouse metabolite. It derives from a hydride of an olefinic compound. It is a conjugate base of a trans-4-hydroxy-2-oxocyclohex-3-ene-1-carboxylic acid. It represents a tautomer of a cis-4,4 '-dihydroxy-2,2' -cyclopentanodithiophene-1,1 '-dioxide zwitterion. It arises from a proton transfer from a hydroxyl group to the carbon atom bearing the double bond (+ / -) and from a hydrogen atoms of the cycloalkene moiety (2-) to the oxygen atom of the cyclobutane ring (1-). It contains a 1,2-dihydronaphthalene-1,3-diolate. It belongs to a class of isoquinolines that is substituted by methyl groups at positions 2 and 5, a methyl group at position 3 and a hydroxy groups at both positions 6 and 7 (1R, 2S, 3S, 4R, 5S, 6S, 7R, 7R, 8R, 9S, 10R, 11R, 12S, 13R, 14R, 16R, 17S, 18R, 19R, 20S, 21R, 21S, 22S, 23R)."
649,". The molecule is a benzoate ester obtained by formal condensation of the carboxy group of 4-hydroxybenzoic acid with the hydroxy group of 2-phenylethanol. It has a role as a plant metabolite. It is a member of phenols and an aromatic ether. It derives from a 3-phenylpropanoic acid and a trans-2-phenyloxirane-1-carboxylic acid. It arises from a hydride of a 2-phenyl-2,3-dihydro-1,4-benzoxazin-3 (4H) -one. It represents a conjugate acid of a 2- (4-hydroxyphenyl) -2-phenylethyl acetate. It comes from a tautomer of a 4- [(2E) -2- (p-methoxyphenyl) ethenyl] -3-methoxybenzene-1,2-diol zwitterion; it is an enantiomer of a 3- [(1E, 6E) -3- (hydroxymethyl) -2,6-dimethylbut-3-en-6-yl] -4-hydroxy-2,2-dimethylbutanedioate. It contains a beta-D-xylopyranosyl- (1- > 2) -alpha-L-arabinopyranosyl side chain (1-). It belongs to a class of benzoates that is substituted by a methyl groups at positions 2 and 4. It"
650,"SUMMARY: The molecule is an amino acid zwitterion obtained by transfer of a proton from the carboxy to the amino group of (S) -2-hydroxy-3-methylglutaric acid; major species at pH 7.3. It has a role as a human metabolite. It is an enantiomer of a (R) -2- (1H-imidazol-1-yl) -3-methyl-3- (2-oxoethyl) -2,3-dihydro-1,4-oxazin-6-ium-5-olate. It derives from a L-glutathionato-D-glutamate (1-) and a (2S, 3S) -3,4-dihydroxy-2-methylbutanoic acid. It contains a (2R, 3R) -3,3,3-trimethyl-2- [(1S) -1-hydroxyethyl] -2-hydroxybutanoyl] -L-threoninate (2-). It corresponds to a tautomer of a succinyl-L-glutamate- (+) -4-hydroxysalicylate. It belongs to a class of alpha-amino acids that is zwitterate and is derived from a (1R, 2S) -2S-2,7-dihydroxyhept-4-enoate and a succinate. It represents a conjugate base of"
651,"SO4Ac- (1- > 3) -beta-D-Galp- (1- < 4) -D-GlcpNAc. It has a role as an epitope. It is a conjugate acid of a 6-O-sulfo-alpha-L-gulopyranosonic acid (2-). It derives from a hydride of an alpha-glucosiduronic acid. It represents a tautomer of a 6- [(6S) -hydroxy-6-oxo-5,6-dihydro-2H-pyran-2-yl] -2-acetamido-4,6-disulfonic acid zwitterion arising from a proton exchange between the carboxy group and the sulfo group; it is the major species at pH 7.3. It belongs to a group of monosaccharides and is a member of acetamides. It arises from a tautomers of a N-acetyl-beta-glucosaminyl- (1-3) -N-acetyl- (6-hydroxy-5-oxohexanoyl) -L-threonopyrazin-4-one. It contains a 6- {3- [(5Z) -hydroxynaphtho [2,3-b] furo [3,2-f] [1,2,4] triazin-7-ylidene] oxy"
652,"oglycerols are triacyl-sn-glycerol in which the acyl groups at positions 1 and 2 are specified as oleoyl and linoleoyl respectively. It has a role as a mouse metabolite. It derives from an oleic acid and an octadecanoic acid. It is a conjugate acid of a 1-oleoyl-2- (linoleoyl) -sn-glycero-3-phospho-1D-myo-inositol (1-). it is an enantiomer of a 2-stearoyl-1- (9Z, 12Z, 13Z, 16Z, 19Z) -docosahexaenoyl- (4Z, 6Z, 7Z, 8Z, 11Z, 14E) -icosapentaenoyl-1,2-diglyceride. It comes from a hydride of an all-cis-docosa-4,7,10,13,16,19-hexaenoic acid. As a metabolite, it is a member of lysophosphatidylethanolamine 20: 3. It arises from a phosphorylation of a linoleic acid by a platelet-activating factor (1-O-octadecanoyl-2-O- [(1Z, 2Z, 17Z, 22Z, 24Z, 27Z, 29Z, 30Z, 34Z)] -hexacosapentaen"
653,"). It is a member of the class of imidazoles that is 1H-imidazole in which one of the hydrogens attached to the nitrogen has been replaced by a 4-chloro-3- (trifluoromethyl) phenyl group. It has a role as an EC 2.7.11.24 (mitogen-activated protein kinase) inhibitor, an apoptosis inducer, an antineoplastic agent and an anti-inflammatory agent. It derives from a 4H-1,2,4-triazolo [4,3-b] -1,3,4-benzoxazin-1 (2H) -one. It represents a tautomer of a 1- (4-Chloro-3- [trifluoromethyl] phenyl) -4-methyl-1H-imidazol-2-amine zwitterion. It arises from a tautomerisation of a 1,2-dihydro-3H-imidazo [4,5-f] -1,2,4-triazole-3-ium-5-carboxylic acid. It contains a 4- (trifluoro-methyl) -3-methylbut-1-enyloxy group at position 1 and a chloride ion at position 2. It originates from a hydride of a 1H-Imidazolium. It comes from a conjugate acid of a 1,1 '-dicyclohexyl-2,2' -biphenyl-4,4 '-disulfonate. It"
654,". It is a member of the class of xanthones that is 9H-xanthen-9-one substituted by hydroxy groups at positions 1, 3 and 7 and a methoxy group at position 2. It has a role as a plant metabolite. It derives from a hydride of an eudesmane. It contains a 2,3-dihydroxy-5-methoxyxanthone (1-). It arises from a conjugate acid of a kaempferol 3-O-beta-D-xylopyranosyl- (1- > 2) -alpha-L-rhamnoside (2-) .It is an enantiomer of a quercetin 3-O- [(2R) -2-hydroxyprop-2-en-1-yl] -5-methoxy- (2S) -cinnamate. It represents a tautomer of a quercitrin zwitterion. It originates from a tautomerisation of a quinic acid. It may be a consequence of a proton transfer from a quercetin to a 6-hydroxy-3-methoxy-8-methyl-2,4,6,7-tetrahydro-2H-furo [3,2-g] isochromen-4-one. It can be a conjugate base of a trans-kaempferol 3,7-dihydroxymyristic acid."
655,"(n-3) is a polyunsaturated fatty acid that is (4Z, 7Z, 10Z, 13Z, 16Z) -docosa-4,7,10,13,16,19-hexaenoic acid substituted by a hydroxy group at position 12. It has a role as a human xenobiotic metabolite and a mouse metabolite. It is a long-chain fatty acid, an omega-3 fatty acid and a hydroxy monounsaturated fatty acid. It derives from a trans-4-hydroxymyristic acid. it is a conjugate acid of a 12-hydroxyheptadec-4 '-enyl-CoA (4-). It arises from a hydride abstraction from a hepta-2,4-dienoyl-CoA. It belongs to a class of cyclohex-1-enoyl CoA thioesters. It represents a tautomer of a 12- (6Z, 9Z, 12Z, 15Z, 17Z, 18Z, 21Z, 22Z, 26Z, 29Z, 31Z, 34Z, 38Z, 43Z, 48Z, 53R-hexatriacontaxyl-CoA) -configured tetracosapentaenoyl coenzyme A. It is an enantiomer of a (12S, 14R,"
656,". It has a role as a mouse metabolite. It derives from a tyrosine. It is a conjugate acid of a 3-hydroxy-4-oxo-5-phenyl-1H-pyrrole-2,5-dicarboxylate (2-). It arises from a tautomer of a 3- (4-hydroxyphenyl) -4-oxobut-2-en-1-one zwitterion arising from a proton transfer from a carboxylic acid group to a primary amino group; it is an enantiomer of a 3,5-dihydroxypyrrolidine-2,4-dicarboxylic acid. It contains a (R) -3-hydroxyphenylpyruvic acid and a (S) -3- (3,4-dihydroxyphenyl) -4,5-dihydro-1H, 5H-pyrrolo [2,3-b] pyridin-6-yl) acetic acid (1-). There is a trace of a (3R, 4S) -3 '-O-hydroxypyrrolidinocyclohexane-1', 4 '-diyl-L-threonedioic acid formed by tautomerisation of the 3-hydroxyl group of 3-O-methyl-D-erythro-hex-2' -enoate. It may be a metabolite of 2,3,7,8-tetrachloro-dibenzo-p-dioxin"
657,"ós de las inclusiones de 1, 2, 3, 4 and 5 years of follow-up. It has a role as an allergen. It is a tautomer of a 2,4-diaminotoluene. It derives from a hydride of a 2,4,6-trihydroxy-1,3,5 (10) -tetraen-1-one. It contains a 2,3-dihydro-1H-imidazo [4,5-f] [1,10] naphtho [1,8-c] xanthen-7-one (1-). It arises from a tautomerisation of a 2,6-diamino-3,5-dichloropyridin-4-one zwitterion. It may be a conjugate acid of a 2,5-diaminopentane-1,3 (2H) -dionyliden-6-olate. It belongs to a class of imidazoquinolines that is formed by tautomerization of a 2,4,6,8-tetrahydroxy-9,10-dihydroimidazo [4,5,8-jk] phenanthridine-1,9 (10H) -thioxole-17-ium-18-carboxylate. It represents a major species at pH 7.3 (according to Marvin v 6.2.0.). There are two tautomers of a"
658,"Cer (d18: 1) in patients with Niemann-Pick disease type C. It has a role as a mouse metabolite. It is a conjugate acid of a (6Z, 9Z, 12Z, 15Z) -octadecatrienoate. It derives from a hydride of a sphingan-1-ol. It belongs to a group of ceramides and a series of N-acyl-sphingoid bases. It contains a trans-1,2-dienoyl-sn-glycero-3-phospho- (1 '-amino-2' -deoxy-beta-D-glucopyranosyl) ethanolamine (1-). It represents a tautomer of a N- (6-methylheptadecanoyl) -sphinganine zwitterion. It arises from a proton exchange between a 6- (methylhexadecanoylamino) hexadec-6-enamide and a 4-hydroxy-2-methylpentacosanoyl-osphingosine zwittercation. It reflects a conformational change of a N-stearoyl-sphingatidylethanolamine zwitterium. It originates from a transversion of a 6-fold increase in the number of carbon atoms of a phytosphingosine moiety relative to that of a sphingosine. It may be a"
659,"is an omega-hydroxy fatty acid ascaroside obtained by formal condensation of the alcoholic hydroxy group of (5Z, 8Z, 11Z, 14Z) -icosatetraenoic acid with ascarylopyranose (the alpha anomer). It is a metabolite of the nematode Caenorhabditis elegans. It has a role as a Caenorhabditis elegans metabolite. It derives from an all-cis-5-hydroxyicosa-5,8,11,14-tetraenoic acid. It contains an alpha-L-rhamnopyranosyl- (1- > 2) -beta-D-glucopyranosyl- (1S, 2R) -2-acetamido-2-deoxy-3-O- (4-hydroxyphenyl) -L-threo-hex-1-enoate. It arises from a conjugate acid of an ascr # 17 (1-). it is a tautomer of an oscr # 23 zwitterion. It belongs to a group of omega-hydroxytetracosanoic acids and a member of acetamides. It originates from a (4Z, 7Z, 10Z, 13Z, 16Z, 19E) -docosa-4,7,10,13,16-hexacosapentaenoic acid. Crown-4-enoic acid is a secondary allylic alcohol. It"
660,"S RESULTSION: The patient is a 27-year-old woman who has been diagnosed with multiple myeloma (Durie and Salmon stages III and IV). She has been treated with bortezomib, thalidomide, dexamethasone, and pamidronic acid. She is in remission for 5 years after the diagnosis of multiple myeloma. It has a role as an anti-myeloma drug. It is a member of benzimidazoles, an organobromine compound, an organofluorine compound, a primary amino compound and a secondary amino compound. It derives from a bortezomib. It represents a conjugate base of a carfilzomib (1 +). It arises from a tautomerisation of a bortezomib zwitterion. It comes from a hydride of a 21-azabicyclo [4.3.0] dec-7-ene-3-carboxylic acid. It contains a 2-methyl-3- (4-methylpiperazin-1-yl) -1-oxo-2,3-dihydro-1H-indolo [3,2-f] [1,2,4] triazolo [4,3-a] [1,4] benzodiazepin-6-ium. It belongs to a group of compounds that is structurally related to bortezomib but is less active than bortezomib in vitro. It"
661,"auri. It has a role as an Escherichia coli metabolite and a mouse metabolite. It derives from a uroporphyrinogen III. It is a conjugate acid of a 5-hydroxy-6-oxo-5,6,7,8-tetrahydro- [4,5] cyclohepta [1,2-b] pyran-3-oate (2-). It arises from a tautomerization of a 5,6-dihydroxy-7-oxoporphyrinogen III zwitterion arising from a proton transfer from a carboxylic acid group to a 4-carboxy-5-hydroxymyristoyl group; it is the major species at pH 7.3. It belongs to a class of protoporphyrins that is derived from a protochlorophyllide a by deprotonation of the two carboxy groups and protonation of one of the secondary amino groups of the tetrapyrrole macrocycle. It contains a 5- (4-carboxybutanoyl) -4,6-dioxohexahydro-2-methyl-2H-pyrano [3,2-f] chromen-1-ium (1-), a 6- (3,5-dioxo-4,5-dihydro-1H-pyrrolo [2,3-c] quinolin-8-yl) hexadec-9-enoate (3-)."
662,"RESULTSEASE: The patient is a 27-year-old man with a history of chronic obstructive pulmonary disease who has been treated for 10 years with inhaled corticosteroids, long-acting beta2-adrenergic agonists, and long-term oxygen therapy. He has been diagnosed with idiopathic pulmonary fibrosis (IPF). It has a role as a human xenobiotic metabolite. It is a member of benzenes, an aromatic ether, a secondary alcohol and a tertiary alcohol. It derives from a hydride of a naphthalene. It contains a 3-methylbut-2-en-1-ol. It represents a tautomer of a 5-hydroxyindol-3-ylacetic acid zwitterion. It arises from a tautomerisation of a 4-hydroxy-3,5-diiodo-1H-indole-1- (3-methyl-2,6-dioxo-1,2,3,4-tetrahydrobenzo [d] [1,3] oxazin-6-yl) benzene-1,2-diol. It may be a conjugate acid of a 7-dehydro-5-deoxy-L-threo-erythro-hex-4-enine (1-) .It is an enantiomer of a levothyroxine. It does not exist in the thyroid gland; it is a taut"
663,"It is an amino sugar that is 2-acetamido-2-deoxy-beta-D-glucopyranose in which one of the hydroxy groups at position 6 has been converted into the corresponding alpha-L-fucopyranoside. It is a member of acetamides and an oligosaccharide derivative. It derives from a N-acetyl-alpha-neuraminyl- (2- > 6) -beta-D: -GlcpNAc- (1- > 4) -D-GlcpNAc. It represents a conjugate acid of an alpha-LFuc-6beta- [N- (2-- > 3)] -alpha-Kdop-6beta-GalNAc-1-OAc (1-). It arises from a hydride transfer of an acetyl group to the anomeric carbon of a beta-Galp- (1- < --4) -alpha-Neu5Ac- (2- < --6) -GlcNAc. It contains a 6-O- (2'R, 3'R) -3 '-carboxy-2' -dehydro-3 '-deoxy-1,2-O-isopropylidenecyclohexa-2,5-dienesucosane-6-yl group. It may be a metabolite of 2,3,7,8-tetrachlorodibenzo-p-dioxin (TCDD)"
664,". It is a member of the class of omega-hydroxy fatty acids that is (5Z, 8Z, 11Z, 14Z) -icosatetraenoic acid in which one of the terminal methyl hydrogens has been replaced by a hydroxy group. It derives from an all-cis-icosa-5,8,11,14-tetraenoic acid. A metabolite of the nematode Caenorhabditis elegans. It has a role as a Caenorhabditis elegans metabolite and a mouse metabolite. It belongs to omega-hydroxyoctadecanoic acids and a long-chain fatty acid. It originates from an 18-hydroxyicosanoic acid. it is a conjugate acid of a (6Z, 7Z, 10Z, 13Z, 16Z, 19Z) -18-hydroxytetracosapentaenoate. It arises from a hydride of an icosane. It represents a tautomer of a 26-hydroxyoctacosanoic acid zwitterion. It contains a 6-hydroxyheptadec-1-yl-beta-D-fructofuranosyl- (1- > 2) -glyceryl-alpha-L-rhamnopyranosyl-3-hydroxy-5-methylpentadecanoyl-sn-glycero-4-phosphocholine zwitterions. It reflects a tautomerisation of"
665,") is a member of the class of N-acyl-L-serines obtained by formal condensation of the carboxy group of (4Z, 7Z, 10Z, 13Z, 16Z, 19Z) -docosahexaenoic acid with the amino group of trans-4-aminocaproic acid. It has a role as an anti-inflammatory agent and a human xenobiotic metabolite. It is a N- (omega-1) -hydroxy fatty acid ascaroside, a 3-oxo-Delta (1), Delta (4) -enoate and a N-acetyl-L- (+) -serinate. It derives from a (4E, 8Z, 9Z, 12Z, 15E) -tetracosa-4,7,10,13,16,19-hexaenoic acid. it is an enantiomer of a (4S, 6S, 8R, 10R) -4-acetoxy-N- (4-hydroxynononanoyl) -L-threoninostearate. It contains a (4R, 8S, 10S) -3,4-dihydroxydocosapentaenoyl-sn-glycero-3-phospho- (1- > 2) -alpha-D-gluc-5-enoate. It represents a conjugate acid"
666,". The molecule is a dicarboxylic acid dianion obtained by deprotonation of both carboxy groups and protonation of the amino group of (2S, 3S) -3-hydroxy-3-methylglutaric acid; major species at pH 7.3. It is an enantiomer of a (2R, 3R) -3- (3-methyl-2-oxo-2,3-dihydro-1H-imidazol-5-yl) -2-oxopropanoic acid zwitterion. It has a role as a human metabolite and a Saccharomyces cerevisiae metabolite. It derives from a L-glutathionato-S-cysteinylglycine (1-) .It is a tautomer of a 3- (3 '-deoxy-beta-D-threo-hex-4-enopyranosyl) -2- (N-acetyl-L-cysteinyl) -L-glutamine.2. It is one of a series of diastereoisomeric derivatives of (2Z, 4E, 6Z, 8Z, 10Z, 12Z, 14Z, 16Z, 19Z) -3- {[(3S) -1-hydroxyethyl] amino} -2-oxobicyclo [3.2.1] nonan-8-ol-6-ium-18-carboxylic acid. A conjugate base of a"
667,"(1-O-galloyl-beta-D-glucose) isolated from the aerial parts of Phyllanthus emblica. It has a role as a plant metabolite. It is an alpha-L-rhamnoside, a member of catechols and a polyphenol. It derives from a 3-hydroxy-4-methoxy-5-methyl-2-phenyl-2,3-dihydro-1H-benzo [de] isoquinolin-1-one. It arises from a conjugate acid of a kaempferol 3-O- (3,4-dihydroxyphenyl) -beta-D- glucoside (1-). It originates from a hydride of a 1,2-benzenediol. It belongs to a class of phenolic compounds that is substituted by hydroxy groups at positions 2 and 6 and a galloyl group at position 7. It represents a tautomer of a quercetin 3 '-O- (p-coumaroylquinic acid) 3' -O-sulfate zwitterion. It contains a 3- (3,4,5-trimethoxyphenyl) -2-hydroxyacetoxy-6- (o-hydroxyphenyl) -6-methylhexa-2,4-dieneselenolate. It comes from a condensation of a gallic acid with a 2,3-dihydroxy-6-methylbut-3-en-"
668,". It has a role as a mouse metabolite. It derives from a valeric acid. It is a conjugate acid of a 3-hydroxy-4-methyl-2-oxocyclohex-1-enecarboxylate (2-). It arises from a hydride of a cyclopentanecarboxylic acid. A tautomer of a 3- (hydroxymethyl) -4-methylpentanoic acid zwitterion formed by proton transfer from a proton to a carboxylic acid group; it is the major species at pH 7.3. It may be a prebiotic compound and an intermediate in the formation of long-chain fatty acids. It contains a 2,3-didehydro-3-methylbutanoyl (+) -branched-chain acyl-CoA (4-), a coenzyme A (1-) and a 5-hydroxy- (2E, 6E) -2-methylheptacosanoyl-CoA anion. It originates from a propionyl-CoA and a hydroxymyristic acid. One of two possible candidates for the origin of life on Earth. It will be a conjugate base of a short-chain C5-saturated fatty acid coenzyme A. It is an enantiomer of a medium-chain C4-CoA. It might be a consequence of a reduction of the carbon atom"
669,"(3-deoxy-D-manno-oct-2-ulosonic acid). It has a role as an Escherichia coli metabolite and a mouse metabolite. It derives from a D-glucuronic acid. It is a conjugate acid of a 2,3-didehydro-6-O-sulfo-alpha-L-threo-hex-4-enopyranuronate- (1- > 4) -D-glucuronate (2-). it is an enantiomer of a 4,6-dideoxy-6- [(3S) -3-hydroxy-3-methyl-5-oxo-4,5-dihydro-1H-pyrrolo [2,3-d] pyrimidin-7-yl] -alpha-D, L-glucopyranose. It represents a tautomer of a 3,4-didehydroshikimic acid zwitterion. It arises from a proton transfer from a ditrans, polycis-hexacis-2,6-dien-1-yluronic acid to a 3,6-dihydroxypentane-2,4-dienesulosonate anion. It contains a 3- (glutathion-S-yl) -4-hydroxybutanoyl group (1-). The major species at pH 7.3 (according to Marvin v 6."
670,"(omega-1) and (5Z, 8Z, 11Z, 14R) -icosatetraenoic acid (20-HETE) are major lipoxygenase products of arachidonic acid. It has a role as a human xenobiotic metabolite. It is a conjugate acid of a 5-HETE (1-). It derives from an all-cis-icosa-5,8,11,14-tetraenoic acid. it is an enantiomer of a (4Z, 7Z, 10Z, 13Z, 16Z, 19Z, 22E) -20-HETE. It was a tautomer of a 6-hydroxy-5-oxohepta-4,7,10,13,16,19-hexaenoic acid zwitterion. It arises from a proton transfer from an alpha-linolenic acid to a hydroperoxy group at the 5-position; it is a secondary allylic alcohol and a tertiary allylic alcohol. As a primary fatty acid synthase inhibitor, it is used in the treatment of inflammatory diseases such as rheumatoid arthritis and psoriasis. It also acts as an anti-inflammatory agent and exhibits anti-platelet aggregation activity. However, it has been shown to be less toxic than the parent compound due to its ability to inhibit cyclooxygenase-2 (COX-2) -mediated prostaglandin synthesis. It"
671,"(av) is a dicarboxylic acid monoester obtained by formal condensation of the carboxy group of salicylic acid with the hydroxy group of beta-D-glucopyranose. It has a role as a metabolite. It derives from a salicylic acid. It is a conjugate acid of a 3-O- [(2E) -3- (4-hydroxyphenyl) prop-2-en-1-yl] -2-deoxy-alpha-L-threo-hex-4-enopyranuronide (1-). It arises from a tautomerisation of a 6-O-salicylaldoxime zwitterion; it is a tautomer of a 6- (5-hydroxy-1H-indol-3-yl) -3,5-dioxo-2,3-dihydro-1H, 5H-furo [3,2-g] chromen-7-yl acetate. A metabolite of the anti-inflammatory drug sulindac. It may be a useful tool for the detection of this compound in human urine and for the determination of its urinary excretion. It contains a beta-D- glucopyranosyl- (1- > 2) - [(5Z, 8Z, 10E) -octadec-5-enoyl] -alpha-L- arabinopyranoside"
672,". The molecule is a member of the class of benzamides obtained by formal condensation of the carboxy group of 4-aminobenzoic acid with the amino group of 2-naphthylamine. It has a role as a chromogenic compound. It is a substituted aniline and a benzamide. It derives from a 2,4-diaminonaphthalen-1 (2H) -one. It represents a tautomer of a N- [2- (1H-indol-3-yl) -2-oxoethyl] -4-aminobenzoyl-2-naphthalenecarboxamide zwitterion. It arises from a tautomerisation of a N-acetyl-4- (2-hydroxy-3,5-diiodo-4-nitrophenoxy) benzene-1-carboxamide. It contains a 2- (5-iodosalicylamido) -5-oxo-2,3-dihydro-1H-indene-1,3-diolate. It originates from a hydride of a 2-naphtalenecarboxylic acid. It consists of a conjugate acid of a 1- {[5- (2,6-dichlorophenyl) -1,3,4-oxadiazol-5-yl] methyl} -2- {[(2E) -3- (4-hydroxyphenyl) -1-oxopentyl] amino} -2-naphthoic acid."
673,". The molecule is an ammonium ion derivative that is the conjugate acid of L-histidine, arising from protonation of the amino group; major species at pH 7.3. It has a role as a human metabolite and a Saccharomyces cerevisiae metabolite. It is a tautomer of a L-histidine.It is an enantiomer of a D-histidine zwitterion. It derives from a hydride of a L- [(2R) -2-amino-1,3-thiazol-4-yl] -1H-indol-5-ylacetic acid. It contains a N (alpha) - (1-hydroxyethyl) -L-histidinium (1-). It arises from a proton transfer from a Histidine to a trans-2-aminocyclohex-1-ene-1,1-diolium (2-). One of a number of possible tautomers of both L-His and D-His. It may arise from a tautomerisation of a 3-dehydro-3-deoxy-L-Histidine zwitterions. It carries a 3- (2-aminopropyl) -3-methyl-l-Histin-6-yl-5- (3-ammoniopropyl) -3,4-dihydro-1H-1,2,4-triazolidin-"
674,"(3-Hydroxyacyl-CoA) results from the formal condensation of the thiol group of coenzyme A with the carboxy group of (3Z, 7Z, 10Z, 13Z, 16Z) -docosa-3,7,10,13,16-hexaenoic acid. It has a role as a human xenobiotic metabolite. It is an omega-hydroxy fatty acyl CoA, a 3-hydroxy carboxylic acid CoA thioester and a very long-chain fatty acyl carrier protein. It derives from a (6Z, 9Z, 12Z, 15Z, 18Z) -3-hydroxydocosapentaenoyl-CoA. It belongs to a series of docosanoyl-CoA derivatives that are produced by oxidation of the 3-methyl group of all-cis-docos-6-enoic acid; it is a conjugate acid of a 3- [(5Z, 8Z, 11Z, 14Z, 17Z) -22,25-trioxodocosahexaenoyl] -CoA (4-). It arises from a hydride transfer from a docosanoic acid to a coenzyme A. It is a member of monomethylethanolines and a tertiary alpha-hydroxy ketone. It contains a 2-methylglutaconyl-CoA ("
675,". It has a role as a mouse metabolite. It derives from a hydride of an olefinic compound. It is a conjugate base of a 4-hydroxy-3-methylbut-2-en-1-one (1 +). It represents a tautomer of a 3-methoxy-4-hydroxymyristic acid zwitterion arising from a proton transfer from the carboxylic acid group to the alpha-position of the olefin. It arises from a tautomerization of a 3,4-dihydronaphthalene-1 (2H) -furan-2 (3H) -one. It reflects a tautomerism of a 2,3-dihyroxy- (1E, 4E) -pentadeca-2,4-dienoic acid. It contains a 3- (hydroxymethyl) -1-methylbutanoyl group (1-) and a 2- (hydroxyethyl) -2-oxopropan-1,3-dienoate (2-). The major tautomer at pH 7.3 (according to Marvin v 6.2.0.). As a consequence of this tautomerisation, it is a source of a large amounts of methane (up to 80%) in the headspace of exhaled breath condensate. It may be used as a biomarker of inflammation. It"
676,"(5-sulfosalicylic acid). It has a role as a mouse metabolite. It is a conjugate acid of a 5- [(3-sulfooxiran-2-yl) diazen-1-yl] -2,4,6-triiodopyrimidin-4-olate. It derives from a hydride of a 1,3,5-tris (sulfophenyl) -2,4-pyrimidinedicarboxylic acid. It comes from a tautomer of a N- (3,5-diiodo-6-sulfonamido-3,4-dihydro-1H-1,2,4-benzothiadiazin-3-ylidene) -2- (sulfanyl) acetohydroxamic acid zwitterion. It arises from a proton transfer from a sulfuric acid to a 3- (2,6-diisopropylphenyl) -2-hydroxy-4- (sulfanylmethyl) -5-oxo-4,5-dihydropyrimidin-7-yl acetate. It contains a 2- (4,6-diiodophenyl) -4-hydroxypyrimidine-5-yl group (1-) and a sulfate group (2-). The major tautomer at pH 7.3. It represents a conjugate base of a N, N '-bis (3,4,5-trimethoxybenzenesulfonyl) -N, N'H-tetramethylethylenediamine"
677,". It is a conjugate acid of a 3-hydroxy-4-methylbut-2-en-1-one (1-). It derives from a hydride of a hexacosane. It has a role as a human metabolite and a Saccharomyces cerevisiae metabolite. It represents a tautomer of a 2,3-dihydronaphthalene-1 (2H) -one zwitterion. It contains a 3- (hydroxymethyl) -2-methyl-2,3-dihydro- (4Z, 7Z, 10Z, 13Z, 16Z) -pentatriaconta-4,7,10,13,16,19-hexaene-2,1-diolate. It may be an enantiomer of a (3S, 4R, 5R, 6S, 7S, 8R, 9S, 10R, 12R) -2,3-dihydroxy-3,4-dimethylheptadec-7-enoyl-3,5-dimethylbutanoyl-1,2-dihydro-1H-benzo [e] -1,3-oxazin-6-ium-2,2-dicarboxylate. It arises from a proton transfer from a coenzyme A to a coenzyme B. It is not a conjugate base of a coenzyme A. It is the major species at pH 7.3 (according to Marvin v 6.2.0"
678,"). The molecule is a member of the class of benzamides obtained by formal condensation of the carboxy group of 4-aminobenzoic acid with the amino group of 1-aminocyclohexane-1-carboxylic acid. It has a role as an epitope. It is a monocarboxylic acid and a benzamide. It derives from a 2-aminoheptane-1,3-diamine. It contains a 4- [(2-aminoethyl) amino] -2-oxobicyclo [3.3.1] nonan-3-yl group. It represents a tautomer of a N-acetyl-D-aspartylglutamate zwitterion. It arises from a proton transfer from a guanidinium to a carboxylato-C (6) H (5) -NH (2) - (4-aminobutyl) -4-aminobenzoate. It reflects a tautomerism of a 4-acetamido-2-aminobenzoyl-L-glutamic acid zwittertadecarboxylates. It originates from a hydride of a 1,4-cyclohexanedionaphthalene-1,3- (1H) -dicarboxylic acid. A tautomer is a conjugate base of a N- [2- (ethylamino) ethyl] -D-aspartyl- (1-ammonio) cyclohexane-1"
679,". It has a role as a mouse metabolite. It is a conjugate acid of a 4-hydroxy-3-methylbut-2-en-1-ylacetate (1-). It derives from a hydride of an olefinic compound. It represents a tautomer of a 3,4-dimethoxycinnamic acid zwitterion formed by a proton transfer from a carboxylic acid group to a hydroxy group at the 3-position of a 3-methoxy-4-methyl-5-phenylisochromene-1,2-dione. It arises from a tautomerization of a 3,5-dimethoxy-4- [(1R) -1-hydroxyethyl] -2,7-dimethylocta-2,4-dienoyl-beta-D-glucopyranosyl-alpha-L-rhamnopyranosyl- (1- > 2) -D-glucopyranoside. It contains a 3- (3-hydroxyphenyl) propanoic acid and a 2,3-dihydroxy-5- [(2R) -3-hydroxypropoxy] -2-methylbutanoyl-6-oxocyclohexa-1,3-diene-1, 4-dione (2-) rather than a 3- [(2S) -3- (hydroxymethyl) propyloxycarbonyl] -5-oxo-2,5-dihydropyrano [2,3-b] furan-"
680,". It is a member of quinolines, a primary amino compound and a secondary amino compound. It derives from a hydride of a quinolin-2 (1H) -one. It has a role as a human metabolite and a mouse metabolite. It contains a 1-methyl-4-quinolinium-3-olate (1-). It arises from a tautomerisation of a 5-hydroxy-7-methylquinoline-2,3-dione zwitterion. It consists of a tautomer of a 5- [(1R) -1-hydroxyethyl] -6,7-methylenedioxy-1,2,3,4-tetrahydroisoquinoline-1-ol. It represents a conjugate base of a 5,7-dimethyl-6-hydroxynaphtho [2,3-f] quinoline-2,7-dione (1 +) .2. It is an enantiomer of a 7- [(1S) -1 '-hydroxyethyl] -7-methylquinolinesulphonylidene-5,6,7,8-tetrahydro-2H-isochromen-2-olate. It differs from a counterpart of a 7-hydroxyquinolinesulfonyl-5,6H-dibenzo [b, e] indole-1,4-oxazin-3 (4H) -ium-3,6-diolate zwitterions. It originates from a"
681,". It has a role as a mouse metabolite. It derives from a putrescine. It is a conjugate acid of a 3,4-dihydroxypentane-2,5-dione (2-). It represents a tautomer of a 4-hydroxy-3-methylbut-2-en-1-yl-1,4-dihydronaphthalene-2,7-dione zwitterion. It arises from a proton transfer from a hydride to a 1,4-dihydroxy-2,3-dimethylbutane-1,3-dione and a hydride of a 1,2-dihydro-3,5-dimethyl-4-oxo-1H-pyrazol-6-one (1-). The major tautomer at pH 7.3 it is an enantiomer of a (+) -3,4-dihydroxy- (2S, 3S) -3-methylbutanedioyloxirane-2,6-dicarboxylate. It contains a (2E) -3- (hydroxymethyl) -2-oxabicyclo [2.2.2] octan-5-yl group (1 +) .2. It is an enantiomerically related to a (2R, 3R) -3,3,3-trimethylbicyclohexyl-1,5-dioxolane-2,4-dicarboxylic acid. It originates from a (4R, 5S) -4-hydroxy"
682,"is a beta-D-glucoside in which the anomeric hydroxyl hydrogen is replaced by a 4-hydroxy-3-methoxyphenyl group. It has a role as a plant metabolite. It derives from a phloretin. It is a conjugate acid of a 4- (4-hydroxyphenyl) -3,5-dimethoxy-6-O-p-coumaroyl-alpha-L-rhamnopyranosyl- (1- > 2) - [4-O- (4 '-hydroxyphenyl) -3-methoxyphenyl] -D-glucopyranose (1-). It arises from a transfer of a proton from a carboxylic acid to a phlorizin B. It is an enantiomer of a 3,4,5-trihydroxy-4-methoxyphenylacetophenone. It contains a (S) -4-hydroxyphloretin and a (R) -3,4,5-trimethoxyphloretin (2-). A tautomer of a 3,3', 4 ', 5-tetrahydroxy-4,4' -dimethoxyphloretin zwitterion. It may be derived from a (2R) -2,4-dihydroxy-6- [(2S) -1-hydroxyethyl] -5-methylpent-2-en-1-one. It belongs to a class of isoflavanones that is substituted by a phenyl group at position"
683,"lycosides A and B have been isolated from the aerial parts of Phyllanthus emblica. They have a role as a plant metabolite. They are beta-D-glucoside, a disaccharide derivative, a trihydroxyflavone, a cinnamate ester and a glycosyloxyflavone. It derives from a trans-4-coumaric acid. It is a conjugate acid of a kaempferol 3-O- [alpha-L-rhamnopyranosyl- (1- > 2) -beta-D- + + +] -sophoroside-7-O-beta-glucopyranoside (1-). It arises from a hydride of an oleanane. It exists in a 1: 1 molar ratio with a myo-inositol 3,4,5,6-pentakisulfate (2-). These compounds are also found in the leaves of Phytolacca americana. It has a potential role as an anti-inflammatory agent, an antineoplastic agent, a platelet aggregation inhibitor, an antibacterial agent and an antifungal agent. It contains a phloretin 3- (6-hydroxy-3-methylbut-2-en-1-yl) - (2S) -2,3-dihydro-2H-furo [3,2-f] isochromen-5-olate. It originates from a cis-"
684,". It has a role as a mouse metabolite. It derives from a hydride of an olefinic compound. It is a conjugate acid of a trans-4-hydroxy-3-methylbut-2-en-1-ol (1-). It represents a tautomer of a cis-4- [(E) -3,7-dimethylocta-2,6-dienyl] -2-oxabicyclo [3.1.0] heptane-2,3-diol zwitterion. It arises from a proton exchange between a hydroxyl group and the olefin moiety of a cis- (4Z, 7Z, 10Z, 13Z, 16Z, 19Z) -docosa-4,7,10,13,16,19-pentaene-2,6,10-triol. A major metabolite of all-trans-retinoic acid in human hepatoma HepG2 cells. It may be a useful biomarker for differentiating between patients with acute promyelocytic leukemia and those who are at risk of developing drug-induced liver injury. It also has a potential role as an antiviral agent, an antineoplastic agent, a hepatotoxic agent and an EC 1.14.13.39 (cytochrome P-450) inhibitor."
685,". It is a trisaccharide derivative obtained by formal condensation of the carboxy group of alpha-linolenic acid with the amino group of (4Z, 8Z, 11Z, 14Z, 17Z) -icosatetraenoic acid. It has a role as a mouse metabolite. It derives from an all-cis-docosa-4,8,10,13,16,19-hexaenoic acid and an alpha-linolenoyl-beta-D-glucopyranosyl- (1- > 2) -N-acetylneuraminyl-L-serine. It belongs to a group of omega- [4- (4-hydroxy-3-methylbut-2-en-1-yl) phenyl] hexacosanoic acids. It represents a tautomer of a (4R, 8S, 9Z, 10E, 13Z, 16Z, 19Z) -2-hydroxymyristic acid zwitterion. It arises from a hydride of an 18: 3omega6,8,10,14,17-pentacosatetraenoyl- N-acetyl-sn-glycero-gamma-oct-4-enamide. It contains a (4S, 8R, 10S) -4-hydroxytetracosanoyl-1,2-dideoxy-alpha-l-"
686,"ós. It has a role as an allergen. It derives from a tryptophan. It is a conjugate acid of a 2,4,6-trihydroxy-3-methyl-5-oxo-5,6-dihydropyrano [2,3-c] chromen-7-olate. It represents a tautomer of a 6-hydroxy-3- (4-hydroxyphenyl) -5,6-dihydro-2H-pyran-2-one zwitterion. It originates from a hydride of a 4H-pyrido [2,1-b] [1,4] oxazin-3 (6H) -one. It belongs to a class of phenols that is formed by tautomerization of a 4,6-dihydronaphthalene-1,3 (2H) -diol. It contains a free hydroxy group at the 3-position of a 3,6-dihydroxy-3,5-dimethylcyclohexa-2,5-dien-1-one (1 +). It arises from a tautomerisation of a 3-hydroxyhexa-2,4-dienoyl-6- (4 '-hydroxyphenyl) -5-hydroxypenta-1,3,5-trienoic acid. It may be a metabolite of 2,3,7,8-tetrachlorodibenzo [a, g] perylene-7,12-diynoic acid (TCDD)."
687,"is a member of the class of pyrazoles that is 1H-pyrazole substituted by hydroxy groups at positions 2 and 4. It has a role as a plant metabolite. It derives from a hydride of a 4H-pyrazole. It is a conjugate base of a 2-hydroxy-4-hydroxypyrazolo [3,4-c] pyrazole (1 +). It was a conjugate acid of a 2- (4-hydroxyphenyl) -4-hydroxypyridin-3-one (1-). A tautomer of a 4-hydroxy- (2H-pyrazole-2-yl) -1,2-dihydropyrazol-5-one zwitterion. It arises from a tautomerism of a 4H- (1H-pyrazolo [3,2,1-ij] quinolin-6-ylidene) -1,4-dihydronaphthalene-1-one. It originates from a proton transfer between a hydrogen atoms 1 and 4 of a 4- (hydroxymethyl) -2-hydroxynicotinic acid; it is an enantiomer of a (2S, 4R) -3,5-dihydroxy-2,6-dimethyl-1H-pyrazolo- [3,2-b] pyridine-2,4 (1H) -dione. One of two possible tautomers of a 2,3-dihydro-"
688,". It is a member of the class of xanthones that is 9H-xanthen-9-one substituted by hydroxy groups at positions 1, 3 and 7 and a methyl group at position 8. It has a role as a plant metabolite. It derives from a hydride of a 9H- xanthan-9 (10E) -en-9,11-dione. It contains a 7alpha, 8alpha, 10beta, 13alpha, 14beta, 16alpha-decahydronaphtho [2,3-c] furan-6,10 (11E) -dien-1-yl group. It represents a tautomer of a 1beta, 3alpha, 7alpha-trihydroxy-6beta-methyleneicosa-7,10,11,13-tetraenoic acid zwitterion. It arises from a tautomerisation of a 1alpha, 3beta, 7alpha- (methylenedioxy) -9,10-epoxy-9H, 10E, 11E-eicosatetraenoyl-1,2-dihydronaphthalene-3,7-diol. It may be a conjugate acid of a 1beta- {[(1R, 2R) -1-hydroxy-3-oxocyclohex-5-en-6-yl] oxy} -6-"
689,". is a member of the class of imidazoles that is imidazole in which one of the hydrogens attached to the nitrogen is replaced by a 4-chlorophenyl group. It has a role as an EC 1.14.13.39 (nitric oxide synthase) inhibitor. It derives from a hydride of an imidazole. It is a conjugate acid of a 5-chloro-1H-imidazole-2,4-dione (1-). It arises from a tautomerisation of a 5- (4-chlorophenyl) -1H-imidazol-2-amine. It represents a tautomer of a 1-cyano-4,5-dihydro-1H, 1,2,4-triazole-3-ium-3,5-dicarboxylate zwitterion. It originates from a proton transfer from a hydrogen chloride to a 1H-imidazo [4,5-f] -1,2,4-triazol-6-ium 1,1-dioxide. It contains a 4- (4 '-chlorophenyl) -4-methylimidazole-5-olate. It belongs to a group of imidazolium salts. It consists of a tautomers of a N-methyl-L-histidinium bis (p-tolylsulfanyl) amide. One of a set of four imidazoles with similar chemical and biological properties. It can be used as a trypanocidal drug"
690,". It is a member of quinolines, a primary amino compound and a secondary amino compound. It derives from a 5-hydroxytryptophan. It has a role as an Escherichia coli metabolite and a mouse metabolite. It arises from a tautomerization of a N (alpha) -acetyl-L-tryptophanamide zwitterion arising from a proton transfer from the carboxy group to the amino group; it is a tautomer of a N- (2-hydroxy-3-methylbut-2-en-1-yl) -L-tryptophanate. It contains a 5- [(1R) -1-hydroxyethyl] -1H-indol-6-ylato-4-yl] -L-threonyl-D-threoninate. It represents a conjugate base of a 3- (R) -indolo [2,3-b] pyrroline-5-carboxylate. It consists of a zwitterions of a L- (1-) and a D- (1,2-dihydronicotinic acid) -5-oxo-DL-tryptophan zwitterions. It differs by one of the two hydrogens at the 5-position of the indole ring (delta + / delta + = 0). It may be derived from a L-tryptophan and a D-tryptophan."
691,"SUMMARY: The molecule is an amino acid zwitterion obtained by transfer of a proton from the carboxy to the amino group of L-cysteinylglycine; major species at pH 7.3. It has a role as a human metabolite and a Saccharomyces cerevisiae metabolite. It is an enantiomer of a L-cystathionine beta-S-yl (1- > 2) -alpha-D-cysteinyl betaine. It derives from a gamma-L-Glu (2-). It contains a L- (+) -cysteinyl-S- (1- < - > 3) -L-glutamate (1-). There is a tautomer of a N (alpha) - [(2S, 3S) -3-hydroxy-4-methylbut-2-en-1-yl] -L-cysteineylglycine.It is a conjugate base of a N- (L-cysteine-S) - (1S, 3R) -4-methylbutanoylglycine. It arises from a tautomerisation of a 5-methylthiobenz [b, e] indoline-3-amine. It was a conjugate acid of a 5- (S) -methylthiohydantoine-l-6-carboxylate. It comes from a hydride of a thiazolium. It"
692,"CONCLUSIONS CONCLUSIONSː The results of this study suggest that there is no significant difference between the levels of IL-1β, IL-6 and TNF-α in gingival crevicular fluid of patients with chronic periodontitis and healthy controls. It has a role as a pro-inflammatory agent and a biomarker. It is a member of benzenes, a primary amino compound and a tricarboxylic acid. It derives from a hydride of a dibenzo [b, f] cyclohepta [1,2-b: 3,4-b '] dien-1-one. It contains a 3-oxo-Delta (1), Delta (2) -prostaglandin E2 (1-). It arises from a cyclo-oxygenase 2 (COX-2) -dependent arachidonic acid metabolism. It consists of a conjugate acid of a 3- (3-oxoolean-12-en-15-yl) -1,4-dideoxy-D-threo-hex-4-enopyranuronate- 1-carboxylate. It represents a tautomer of a 2,3-dihydro-3-oxo- (5Z, 8Z, 10E, 13E) -octadecatrienoic acid zwitterion. It originates from a 5-hydroxy-6,8,10,14-tetradehydro-"
693,". The molecule is a member of the class of phenols that is phenol substituted by a methoxy group at position 2 and methyl groups at positions 3 and 4. It has a role as a plant metabolite. It derives from a phenol. It is a conjugate acid of a 2- (3,4-methylenedioxyphenyl) -3- (methylsulfanyl) propan-1-ol (1-). It represents a tautomer of a 3- (p-methoxyphenyl) propane-1,2-diol zwitterion. It arises from a proton transfer from a hydride to a phenol.It is an enantiomer of a 4- (3,5-dimethylphenyl) -2- (3,4,5-trimethoxyphenoxy) butane-1,3-diol. It belongs to a group of phenols, a primary allylic alcohols and a secondary allylic alcohol. It consists of a tautomers of a 3,3 '-dimethyl-4,4' -dihydroxybiphenyl-2,2 '-diol. It reflects a tautomerism of a 2,4-dimethoxypentyl-2,6-diphenyl-1,4-dihydronaphtho [2,3-b] furan-1 (3H) -one. It originates from a hydrogen bonding of a hydroxy groups of a protocatechuic acid. It comes from a tautomeric form of a 3,4-dihydroxy-"
694,") is an omega-hydroxy fatty acid ascaroside obtained by formal condensation of the alcoholic hydroxy group of icosanoic acid with ascarylopyranose (the alpha anomer). It is a metabolite of the nematode Caenorhabditis elegans. It has a role as a Caenorhabditis elegans metabolite. It derives from an icosa-5,8,11,14-tetraenoic acid. It arises from a conjugate acid of an oscr # 15 (1-). it is an enantiomer of an 8-hydroxystearic acid 7-O-beta-D-glucopyranosyl- (1- > 2) -alpha-L-rhamnoside. It contains an alpha-linolenoate and a 6-hydroxyicosanoyl group attached to the ascyrrhetic acid skeleton via a 3-oxo-Delta (1), Delta (6) -prostaglandin J (2) amide bond. It originates from a c."
695,". The molecule is a member of the class of xanthones that is 9H-xanthen-9-one substituted by hydroxy groups at positions 1, 3 and 6 and a methyl group at position 8. It has been isolated from the aerial parts of Atractylodes lancea and has been shown to exhibit inhibitory activity against acetylcholinesterase (EC 3.1.1.7). In this study, it has a role as an anti-cholinesterase agent and a plant metabolite. It derives from a hydride of an xanthan. It is a conjugate acid of an acyloxyxanthone (1-). It arises from a tautomerisation of an oxynaphtho [2,1-b] furan-7-carbaldehyde zwitterion. It represents a tautomer of an acyclononaphthoquinone. It contains a hydrate of an acetoxyacyloxyacyloxyxanthine (1 +). An enantiomer of a (+ / -) -1,3,6,8-tetra-O-acetyl-beta-D-xylopyranosyl-L-erythro-pyrano-hex-4-ene-9 (6E) -en-1-ol. It also exists in the form of a monohydrate of an acetate salt of an"
696,"). It has a role as an allergen. It is a member of benzenes, a primary amino compound and a secondary amino compound. It derives from a (Z) -2- (2-aminoethoxy) -1-phenylpropan-1-ol. It contains a 4-acetamido-3-methylbut-2-enoyl group. It arises from a tautomerization of a N-acetyl-L-aspartyl-D-phenylalanine zwitterion formed by a proton transfer from the carboxy group to one of the amino groups. It represents a tautomer of a N- [(E) -4-hydroxy-3- (4-hydroxyphenyl) -2-oxobicyclo [2.2.1] heptane-5-yl] -L-aspartic acid. It belongs to a group of aminocyclopropanes that is derived from a cis-1,2-dicyclopropane-1,3-dicarboxylic acid and a trans-2,3-diaminobicyclohexane-1,1-dicarboxylate. It originates from a hydride of a cyclo-1,4-hexanedicarboxylic acid. A tautomer is a conjugate acid of a 4- [(1E) -3-hydroxyiminomethyl] -N-tert-butanesulfinyl-2- (1H-indol"
697,"(acyl-CoA) (4-) was obtained by deprotonation of the phosphate and diphosphate OH groups of 3-oxohexanoyl-CoA; major species at pH 7.3. It has a role as a human metabolite. It is a conjugate base of a 3-oxo-6-methylheptanoyl-CoA. It derives from a hexanoylcoenzyme A. It is an enantiomer of a 3- [(3S) -3-hydroxy-4-methylpentanoyl] -sn-glycero-1-phospho-1D-glycero- (4Z, 7Z, 10Z, 13Z, 16Z, 19Z) -docosahexaenoyl-2-hydroxystearoyl-sn-glycerol-3-phosphate (2-). It belongs to a class of thioesters that is formed by condensation of two molecules of ethanol with one molecule of 2-methyl-2,4-pentanedioic acid. It represents a member of isovaleryl-L-alpha-aminocaproic acids and a secondary allylic alcohol. It originates from a (3Z, 5Z, 6Z, 8Z, 9Z, 12Z, 14Z, 15E) -icosapentaenoate. It arises from an all-cis-3,"
698,"RESULTS The molecule is a 3-deoxy-D-manno-oct-2-ulosonic acid. It has a role as an Escherichia coli metabolite and a mouse metabolite. It derives from a D-mannose. It is a conjugate acid of a L-threo-3-hydroxymyristic acid (2-). It represents a tautomer of a 6-phosphogluconic acid zwitterion. It arises from a hydride of a 2,3-dihydroxy-4-methyl-5-oxo-Delta (2) -hexacosanoic acid. There is a link between the two hydroxy groups at C-6 of the pyranose ring and the carboxylic acid group at N-7 of the uronic acid moiety. It may be a prebiotic building block for the formation of complex carbohydrates such as cellulose, chitin, hemicellulose, pectin, and xylogalacturonan. It contains a 3- [(3S) -3-hydroxy-4- (hydroxymethyl) -2-oxopentanoyl] -D-mannosyl residue (1-O-phospho-beta-L-arabinofuranosyl- (1- > 2) -D-ribofuranosyl] -4-amino-4,6-dideoxy-d-glucopyranose (1-)."
699,"nn. It is a conjugate base of a 4-hydroxy-3-methylbut-2-en-1-amine. It derives from a hydride of a (2E) -hexadec-2,4,5,6-tetraenoic acid. It has a role as a human metabolite and a Saccharomyces cerevisiae metabolite. It represents a tautomer of a 4,4 '-dihydroxy-3,3', 5,5 '-tetradehydro-2,2' -dimethylspiro [indoline-3,2 '-xanthen] -5-one zwitterion. It arises from a transfer of a proton from a carboxy group to a hydroxy groups at positions 4 and 5 of a 2,3-dihydroxybutane-1, 4-diyl-alpha, beta-L-arabinofuranosyl- (1- > 6) -beta-D-fructofuranoside; it is the major species at pH 7.3. It contains a 3,4-dihydroxy-3,5,10-trimethylpentatrienesuccinate (2-). It belongs to a class of guanidinium ions that is formed by protonation of a guanidinium group on the exocyclic ring of a 3-amino-3,5-dimethylbutanoyl-2,6-dioxabicyclo [2.2.1] heptane-7-carboxylic acid"
700,". is a member of the class of xanthones that is 9H-xanthen-9-one substituted by hydroxy groups at positions 1 and 2 and a methyl group at position 6. It has a role as a plant metabolite. It is a xanthone, a polyphenol and a monosaccharide derivative. It derives from a hydride of a 9H- xanthan-9,9-dione. It represents a conjugate acid of a kaempferol 3-O-beta-D-xylopyranosyl- (1- > 2) -alpha-L-rhamnoside (1-). It arises from a tautomerisation of an kaempferol 3 '-O- [(1R) -1-hydroxy-2-methylbut-3-en-1-yl] -beta-D- glucopyranoside zwitterion. It consists of a tautomer of a hesperetin 3' -O-alpha-L- (+) -rhamnopyranosyl-6 '-D-glucopyranosyl-7' -N-methylbutanoylstigmasta-5,22-dien-3beta-amine. It differs from a similar compound in terms of the number of methylene groups between the two halves of the xanthone ring and the position of the hydroxy group on the pyranose ring. It may be a taut"
701,". It has a role as an allergen. It is a member of benzenes, a primary amino compound and a secondary amino compound. It derives from a hydride of a 1,4-benzenediamine. It contains a 2-aminonaphthalene-1-sulfonic acid (1-). It arises from a tautomerization of a 2,3-dihydro-1H-benzo [b] naphtho [1,8-de] xanthen-7-one zwitterion. It consists of a tautomer of a 3-amino-4-hydroxy-2-methylbutane-1,2-dione. It may be a conjugate acid of a 2,5-diaminopentane-1,7-diolate. It originates from a proton transfer from a hydrogen bonding to the naphthalene ring system. A tautomer is a tautomerism of a 2,3- (dimethylamino) -4- (indol-3-ylmethylene) -1,4-benzoquinone. It represents a major metabolite of 2,3,7,8-tetrachloro-dibenzo [a, d] anthracene-7,9-diynium-3,6-diyl-2,2 '-biquinoline-4,4' -dicarboxylate. It exists in equilibrium between two tautomers at neutral pH (1: 1 and 2: 1)."
702,". The molecule is the D-enantiomer of mandelic acid. It has a role as an Escherichia coli metabolite and a mouse metabolite. It is a conjugate acid of a D-mandelate. It derives from a hydride of a meso-2,3-dihydronaphthalene (1 +). It represents a tautomer of a D- and L-mandehydro-alpha-ketoglutarate zwitterion. It arises from a proton exchange between a proton of a mandelal and a hydrogen of a 2-hydroxy-3-methylbutane-1,4-diol. It reflects a change in the protonation state of a keto group at position 5 of a 2,5-dimethyl-4-oxocyclohexa-2,5-dien-1-one. It may be a consequence of a reduction of a methyl group on the side chain of a branched-chain saturated fatty acid, but it is not a primary amino compound. It can be a conjugate base of a rac-5-ammonio-2,5- (dimethylamino) -3,4-dihydroxy-6-methylpentacosane-1,5,10-triyl-beta-D-galactoside. It comes from a dehydration of a myo-inositol 1,2,3,4,5,6-pentakis"
703,". It is a monocarboxylic acid anion that is the conjugate base of 4-hydroxyphenylacetic acid, obtained by deprotonation of the carboxy group; major species at pH 7.3. It has a role as a human xenobiotic metabolite and a Saccharomyces cerevisiae metabolite. It derives from a phenylacetic acid. It contains a 3-hydroxy-4-methylbut-2-en-1-yl group (1-). It arises from a tautomer of a 4-hydroxymandelic acid zwitterion arising from a proton transfer from a carboxylic acid group to an alpha-L-rhamnosyl- (1- > 2) -beta-D-glucuronic acid moiety. It originates from a hydride of a phenylacetate. It comes from a parent compound of a family of phenylpropanoic acids. It consists of a monosodium salts of a 3- (4-hydroxyphenyl) propanoic acid and a 4- (4 '-hydroxyphenyl) -2-oxobicyclo [2.2.1] heptane-7-carboxylic acid zwitterions. They are connected by a hydrogen bonds to each of the secondary amino groups of a 5-hydroxyisonicotinic acid. The primary amino group is derived from a 6-hydroxyacetamido-5-methyl-2,4-dihydroxybenzoate. It"
704,"DESCRIPTION: The patient is a 25-year-old female who was referred to our hospital with complaints of abdominal pain and weight loss. She has a history of type 2 diabetes mellitus (DM2). She had been diagnosed with DM2 at the age of 20 years. She also has a family history of premature ovarian failure (POF). Her medical history is that of her mother, sister, grandmother and aunt. She does not have a diagnosis of DM2 until she is 50 years old. It has a role as a human metabolite. It is a conjugate acid of a 3-O-acetyl-beta-D-glucosaminide (1-). It derives from an alpha-L-gulopyranosyl- (1- > 4) -D-glucopyranose. It represents a tautomer of a 6-O- [(2R) -2-hydroxyethyl] -3-deoxy-6- [(2S) -2- (hydroxymethyl) -4,5-dihydroxycyclohex-2-en-1-yl] -alpha-D- glucopyranose zwitterion. It originates from a hydride of a 2,3-didehydro-N-acetylneuraminic acid. It arises from a tautomerisation of a 3,6-dideoxy-2- [(1R) -2"
705,"6H, 6H-pyrido [2,3-d] pyrimidine-6-carboxylic acid. It has a role as an EC 2.7.11.24 (phosphoinositide 3-kinase) inhibitor and an antineoplastic agent. It is a conjugate acid of a palbociclib (1-). It derives from a hydride of a 4H-pyrano [3,2-g] chromeno [4,3-b] quinolin-4 (5H) -one. It belongs to a group of pyridopyrimidines that is substituted by hydroxy groups at positions 2 and 5 and a methyl group at position 6 (the 1S, 2S, 5R, 6S stereoisomer). The absolute configuration is unknown; it is currently used in combination with cyclin-dependent kinase 4 / 6 inhibitors for the treatment of patients with hormone receptor-positive metastatic breast cancer who have been previously treated with endocrine therapy alone or in those who have received prior anti-HER-2 / neu therapy but are not considered to be candidates for trastuzumab due to lack of previous exposure to this drug because of adverse effects such as QT interval prolongation and increased risk of heart failure. It does not have a significant effect on progression-free survival. It may be a metabolite of a second-generation CDK4 / 6 inhibitor"
706,". It has a role as a mouse metabolite. It derives from a hydride of a benzene. It is a conjugate acid of a 2,3,7,8-tetrachlorodibenzo-p-dioxin (2-). It represents a tautomer of a 4,4 '-dichlorodiphenyl-2,2' -biphenyldicarb-1 '-ol zwitterion. It contains a 2-hydroxy-3-methylbut-2-en-1-yl group (1-). An enantiomer of a 3,5-dichloro-4-hydroxydiisopropylbiphenyl-1,1' -bis (1,2-diphenylethane) -2,2 '-diolate. It belongs to a group of polychlorinated biphenyls (PCBs) that are widely distributed in soils, sediments and aquatic environments. It acts as an environmental contaminant due to its ability to bioaccumulate and persist in the environment. It can be used as a persistent organic pollutant (POPs) in soil, sediment, and water. It carries a negative charge at the ortho position of the phenyl ring. It also has a positive charge on the ortho- and para-positions. It may be a source of a carcinogenic PCB congeners such as 3,3', 4,4 ', 5-pentachloro-7,8-bis- (2-chloropyridyl) biphenyl-2,2"
707,"RESULTSIA: The molecule is a sesquiterpenoid alkaloid isolated from the aerial parts of Ajuga bracteosa. It has a role as a plant metabolite. It is an acetate ester, a tertiary alcohol, an organic heteropentacyclic compound, a sesquiterpene alkaloid and a tertiary alpha-hydroxy ketone. It derives from a hydride of an abietane diterpenoid. It contains a (-) -aristolochene-8,14-dien-1-ol. It represents a conjugate base of a (+) -7-O-methylabieta-8 (14), 14-diene-1,14-diol (1 +). It arises from a tautomerisation of a 7-O- (3-methyl-3,5-dioxoprop-2-en-yl) abeo-tricyclo [5.2.1.0 (2,7)] undec-8-ene-1,14,15-triol; it is also a tautomer of a 7,8-dihydro-7,8-dihydroabietic acid zwitterion. It differs from a previously described abbreviation abbreviations abbautianolone and abautianic acid. It may be derived from an acetate esters of abamectin"
708,". The molecule is a member of the class of pyrrolidines that is pyrrolidine in which one of the hydrogens attached to the nitrogen is replaced by a methyl group. It has a role as a human metabolite and a mouse metabolite. It derives from a hydride of a pyrrolidine. It is a tautomer of a (1R, 2S) -1,2,3,4-tetrahydropyrrolidin-1-ol zwitterion. It contains a (1S, 2R) -2-methyl-1- (3-methylbut-2-enyl) -3- (1H-indol-3-yl) propanoic acid. A major tautomer at pH 7.3 (according to Marvin v 6.2.0.). It arises from a proton transfer from a secondary to a primary amino group. One of a pair of enantiomers of (R, S) -1,2,3,4,4a, 5,6,7,8,8a-octahydro-1H-indolo [2,3-f] isoquinolin-10 (1H) -amine. It corresponds to a conjugate acid of a rac-1,2-diaminocyclohex-5-ene-methanol (1-) .2. It is an enantiomer of a corresponding (S, R) -1,1-dimethyl-2,2-diaminopseudourea. It"
709,"). It has a role as an allergen. It is a member of benzenes, a primary amino compound and a secondary amino compound. It derives from a hydride of a 1,3,5-triazine. It contains a 2,4,6-triaminotoluene (1 +). A tautomer of a 4,4 '-bis (4-aminophenyl) -2,2': 6 ', 2' '-teraphthalene-1,4,7-trisulfonic acid zwitterion. It arises from a tautomerisation of a 2,4-diaminodiphenyl-1,3,5-trithiane-2,7-disulfonic acid. It represents a conjugate acid of a 3,3 '-diaminodiphenyltrithio-2,4,6-tribenzenesulfonate (2-) .It is an enantiomer of a 3,5-diaminopteridine-2,6-disulfonatotrityltrityl-2,2' - (3-hydroxy-5-methylphenyl) -1,1 '-biphenyl-1,4-disulfonate. It differs from a corresponding compound of a 2,3-diaminopropan-1-ol (1-) by a change of the hydrogen bond between the two nitrogens to a one of the same degree. It reflects a tautomeric state of a 4,6-di"
710,"). It is a member of the class of pyrazolines that is 1H-pyrazolo [3,4-b] pyridine which is substituted at positions 1, 3, and 5 by amino, trifluoromethyl, and phenyl groups, respectively. It has a role as an EC 2.7.11.24 (mitogen-activated protein kinase) inhibitor, an apoptosis inducer, an anti-inflammatory agent, an antineoplastic agent and an immunosuppressive agent. It derives from a hydride of a 1H-pyrazole. It represents a tautomer of a 1- (trifluoromethyl) -3-phenyl-1H-pyrazol-5-amine zwitterion. It arises from a tautomerisation of a 5- (N-methyl-N-propylaminocarbonyl) -1-phenylpyrazole-3-carboxylic acid. It contains a 2- (4-methylpiperazin-1-yl) -1H-imidazol-4-ium-2-olate. It originates from a proton transfer from a 4- (trifluoro-methyl) -1- (p-tolyl) imidazole to a proton of a 1,1 '-biphenyl-4,4' -dicarbethoxy-2,2 '-imidazolidine-5,5' -dicarboxylic acid. The tautomer is a mixture of two tautomers: one arising from a protonation of"
711,". It is a member of the class of imidazoles that is imidazole in which one of the hydrogens attached to the nitrogen atom has been replaced by a 4-chlorophenyl group. It has a role as an EC 2.7.11.24 (mitogen-activated protein kinase) inhibitor, an apoptosis inducer, an antineoplastic agent and an anti-inflammatory agent. It derives from a 5-chloro-1H-indol-3-ylacetic acid. It comes from a tautomer of a 5- [4- (p-chlorophenyl) piperazin-1-yl] -1H-imidazole-2-carboxylic acid zwitterion; it is a conjugate acid of a N- (4-chlorophenylmethyl) -5-chloropyridine-2- (1H-imidazol-4-yl) acetate. It arises from a proton transfer from a hydride to a 1H-indole-3,5-dicarboxylate. A tautomer is also present in a series of N-substituted imidazoles. It contains a 3- (4 '-chlorophenyl) -4-oxo-4H-1,2,4-triazolo [4,3-b] pyridine-6-carboxamide (1-). It belongs to a group of compounds that is substituted at position 2 by a phenyl group and at position 5 by a"
712,"SUMMARY: The molecule is a member of the class of echinocandins that is echinocandin B in which the hydroxyl group at position 1 has been converted to the corresponding beta-D-glucopyranosyl- (1- > 2) -alpha-L-fucopyranoside. It has a role as an antifungal drug. It is a conjugate acid of an echinocandinate B (1-). It derives from an anhydrous echinomycin B. It is an enantiomer of an Echinocandin B. It contains a beta-D- [1- > 4] -D-GlcpNAc. It represents a tautomer of an alpha-echinocandinine B zwitterion. It arises from a tautomerisation of an aglycon-1-ene-1,3-dicarboxylic acid dihydrate. It may be a conjugate base of an alpha- (1-- > 4) -anhydr-1 '-D-glucopyranosyl echinocandino-2,3-b (1', 4 ') -imidazolidin-2-one. It reflects a tautomeric exchange between an alpha- and beta-anhydro-1,2-diacetoxy-3-deoxy-6-O-sulfo-alpha-l-pyranosaminyl-beta- D-glucorysaccharide. It"
713,". It has a role as a mouse metabolite. It derives from a hydride of an olefinic compound. It is a conjugate base of a 4-hydroxy-3-methylbut-2-en-1-one (1 +). It represents a tautomer of a 3,4-dihydronaphthalene-1,2-diol zwitterion arising from a proton transfer from the carboxy group to the phenolic OH group. It arises from a tautomerization of a 2,3-dihydro-4,4-dimethyl-5-oxo-1H-benzo [b] furan-1 (3H) -one"
714,"SUMMARY: The molecule is an organic cation obtained by protonation of the tertiary amino group of (R) -dodec-2-en-1-amine; major species at pH 7.3. It has a role as a muscarinic antagonist, an EC 3.1.1.7 (acetylcholinesterase) inhibitor and an antispasmodic drug. It is an ammonium ion derivative and an aromatic ether. It derives from a (1R, 2R) -1-hydroxy-1,2,3,4-tetrahydronaphthalene-1,7-diamine. it is an enantiomer of a (1S, 2S) -1- (4-chloro-3,5-dimethylphenyl) -4-methylpiperidin-3-ium tosylate (1 +). It contains a (S) -2-hydroxymercuronium (1-). Its conjugate acid is a tautomer of a desmethyl-desoxyvesamicol zwitterion. It arises from a tautomerisation of a desiccated desoxy-baccatin zwitterine. It comes from a hydride of a ditrans, polycis-hexacis-2,6-dienediamine. It was a conjugate acid of a rac-1,2-dimethoxy-4- [(3R, 4S) -3-hydroxyphenyl] -1,2,"
715,". It derives from a butyric acid. It is a conjugate acid of a 3-hydroxy-4-methyl-2-oxobut-1-enoate. It has a role as a human metabolite and a Saccharomyces cerevisiae metabolite. It arises from a hydride of a butyrate. It contains a (3R, 4S) -3-hydroxytetracosanoyl group. It may be an enantiomer of a (3S, 4aS) -3- (hydroxymethyl) -4-methylbicyclo [2.2.1] heptane-2,8-dicarboxylic acid."
716,". The molecule is a pentacyclic triterpenoid that is olean-12-en-28-oic acid substituted by hydroxy groups at positions 3, 6 and 20 (the 3beta, 6alpha stereoisomer). It has been isolated from the leaves of Tripterygium hypoglaucum. It derives from a hydride of an oleanane. It is a conjugate acid of a 3beta-hydroxy-6alpha-20- [beta-D-xylopyranosyl- (1- > 2) -alpha-L-arabinopyranosyl] -3,6,20-trioxolanost-24-ene-26-oate. It arises from a tautomerisation of a 3beta- (6-O-acetylglucosyloxy) -6-deoxy-Delta (1), Delta (4) -seco-urs-12,20-dien-30-al. It represents a tautomer of a 4beta-acetoxy-7alpha-hydroxydodec-9,20 (22) -trien-26,27-olide zwitterion. A metabolite of the human colon cancer cell line HT-29. It may have a role as a plant metabolite and a human urinary metabolite. It belongs to a class of acetogenins. It"
717,". The molecule is the L-enantiomer of homocystine. It has a role as an Escherichia coli metabolite and a mouse metabolite. It derives from a L-homocysteine. It is a conjugate base of a (2S) -2-amino-2-oxobicyclohex-3-ene-1-carboxylic acid. A conjugate acid of a homoserine (1 +). It arises from a hydride of a L- (S) -homocysteinine. It exists in two tautomeric forms: a zwitterion at pH 7.3 and a free L-homoserine zwittercation at pH 7.2. It may be a tautomer of a D- (L-Homocystinium) -6-hydroxy-L-cysteine. It contains a free D-homocysteinate. It reflects a tautomerisation of a free L- (1S, 2R) -5-hydroxyhomoserine 6,7-didehydro-6-oxopentanoic acid. It can be a consequence of a proton transfer from a hydroxysulfonic acid to a free homoserine. There is a tautomerase effect of a D-homo-5-hydroxyhomocrotaline. It consists of a complex of a -L-homospermine zwitterionate"
718,"SUMMARY: The plant is a member of the class of xanthones that is 9H-xanthen-9-one substituted by hydroxy groups at positions 2, 6 and 8 and a prenyl group at position 3. It has been isolated from the aerial parts of Machilus yaoshanensis. It derives from a hydride of an oxacycle. It is a conjugate acid of a kaempferol 3-O-beta-D-xylopyranosyl- (1- > 2) -alpha-L-arabinopyranoside (1-). It represents a tautomer of a quercetin 3-O- [(2E) -3- (4-methylbut-2-en-1-yl) -2,3-dihydro-2H-furo [3,2-g] isochromen-5-yl] -beta-D- glucopyranoside zwitterion. It arises from a tautomerism between a quercetin 3,7,3 '-triacetate and a kaempferol 3,7,7' -tet rac-1 '-ene-1,2-diol. It originates from a quercetin 3,4-diacetoxy-6- (p-hydroxyphenyl) -2,2-dimethylpyrano [2,3-b] furan-3 (4H) -one. It contains a cis-configured configuration."
719,"(-). It is a conjugate base of a 3-amino-4-hydroxy-5-methyl-2-oxopentanoic acid. It has a role as a human metabolite and a Saccharomyces cerevisiae metabolite. It derives from a hydride of a cystine zwitterion. It contains a L-threo-gamma-glutamyl-L-cysteinylglycine (1-); it is an enantiomer of a D-3-aminoadipic acid S-glutathionate (2-). The ratio of the two species is 1: 1. It corresponds to a tautomer of a N, N-bis (3-ammoniopropyl) -L-homocysteinylglycinium. It consists of a 3- [(R) -3-ammonioprop-1-enyl] -4,5-dihydroxybutanedionato-alpha-D-glucosylglycine zwitterions with a free thiol group at the 5-position of the guanidino group. It represents a major species at pH 7.3 (according to Marvin v 6.2.0.). There is a substantial difference between the two stereoisomers in terms of the length of the alkyl chain attached to the sulfur atom (mean + / - standard deviation = 2.42 + / -0."
720,"(DS) is a steroid sulfate anion obtained by deprotonation of the sulfo groups of 3-oxo-5beta-cholan-24-oic acid; major species at pH 7.3. It has a role as a human metabolite. It is a bile acid sulfate anion and a monocarboxylic acid anion. It derives from a 3-oxochol-6-ene-1,4-dithiol-3-sulfate (2-). It contains a 3alpha, 7alpha, 12alpha-trihydroxy-5 beta-cholestan-26-oyl-sulfo-beta-D-glucopyranosyl- (1- > 4) -beta-glucosiduronic acid zwitterion. It arises from a hydride of a 6beta-chol-4-en-1-yl-26,27-bisnorchola-1,3,5 (10) -trien-22-oyloxanthen-3beta-oate. It may be a conjugate base of a 3,7,12-tri-hydroxy-5alpha-cholane-3,6-dien-26- (S) -disulfonic acid. It represents a conjugate acid of a 3beta- (OH) -cholanic acid-Delta (5) -steroid sulfate (1-) .B. It is an"
721,"(3-deoxy-D-manno-oct-2-ulosonic acid). It has a role as an Escherichia coli metabolite and a mouse metabolite. It derives from a D-mannose. It is a conjugate acid of a 2,3-dideoxy-3-O-methyl-alpha-L-threo-hex-4-enopyranuronate- (1- > 4) -D-glucose (2-). it is an enantiomer of a myo-inositol 3,4,5,6-tetrakisphosphate (1-). Its conjugate acid is a tautomer of a 3-O- [(2R) -2-hydroxy-3- (hydroxymethyl) -3-oxotetrasphinganine-1-yl] -D-mannose zwitterion. It arises from a proton transfer from a hydride to the pyranose ring of a 3,6-dideoxy- (3R) -6-dehydro-6-deoxymyristate-2,4-diphosphomannose. It represents a major tautomer at pH 7.3 (according to Marvin v 6.2.0.). One of three tautomers of a ditrans, polycis and octacis-2,6-diaminopimelate 5-phosphate. The third tautomer is a"
722,"It is a dicarboxylic acid and a member of glutaric acids. It derives from a glutaric acid. It is an enantiomer of a (3R, 4S) -3-amino-4-hydroxy-5-methyl-2-oxobicyclo [2.2.2] oct-3-en-1-one. It has a role as a human metabolite. It arises from a hydride of a gamma-aminobutyric acid. A is a conjugate acid of a 3- (3-aminopropyl) -4,6-dideoxy-L-threo-hex-4 '-ulosonic acid (1-). It represents a tautomer of a 3,5-didehydro-D-glycero-alpha-gamma-valeric acid zwitterion arising from a proton transfer from the carboxylic acid group to the amino group; it is a major species at pH 7.3. It contains a (3S, 4R) -3- [(1R, 2S) -1-hydroxyethyl] -4-hydroxypentanoyl-6-oxo-2,3-dihydro-1H-pyrrolo [2,3-f] quinolin-7-yl-4- (methylamino) -2-oxobutanoic acid (2-). There is a tautomerism of a 3-ammonio-"
723,". It is a member of quinolines, a primary amino compound and a secondary amino compound. It derives from a 4-hydroxy-3-methylbut-2-en-1-ol. It has a role as a mouse metabolite. It arises from a hydride of a quinolin-4 (1H) -one. It consists of a conjugate base of a 3,4-dihydronaphthalene-1,2-diol (1 +). It represents a tautomer of a 2,3-dihydroxy-4-methyl-5-oxo-1,2,3,4-tetrahydroquinoline-1,2 (2H) -diolate zwitterion arising from a proton transfer from a hydrogen bonding to a hydroxy groups at the 6 and 7 positions. It contains a 3- (3,5-dihydroxyphenyl) -4-methylbutanoyl-alpha-L-rhamnopyranosyl- (1- > 2) -beta-D-fructofuranoside (1-); it is an enantiomer of a 3,4,5-trihydroxy-3,7-dimethylisovalerolactonyl- (1R, 2S) -2-hydroxymyristic acid. It originates from a tautomerisation of a 4,6-dihyroxymyristoic acid zwittertadecarboxylate- (5R, 6S) -"
724,". The molecule is a pyrimidine 2 '-deoxyribonucleoside 5' -triphosphate having uracil as the nucleobase. It has a role as an Escherichia coli metabolite and a mouse metabolite. It derives from a dTTP. It is a conjugate acid of a dTMP (3-). it is an enantiomer of a dUTP (4-). It represents a tautomer of a UDP-alpha-D-ribofuranosyl-3 ', 5' -diphospho-beta-L-uridine 5 '-monophosphate zwitterion. It arises from a hydride transfer from an UTP to an ATP (2-); it is a tautomeric form of a UMP. It reflects a proton transfer from a UMP to an NTP (1-). A major tautomer at pH 7.3. It may also be a tautomerism of an UMP (5-). There is a precedent in the family of pyrimido [1,2-d: 4,5-d] imidazol-4-ium-1-ium diolate zwitterions. It contains a diphosphate group (1 +). One of a set of three triply linked dinucleoside polyphosphates (n = 6-7) that are found in DNA polymerase III (Pol III) and Pol II (Pol II)."
725,"uvi. It has a role as an Escherichia coli metabolite and a mouse metabolite. It is a conjugate acid of a 3-amino-3-deoxy-D-manno-oct-2-ulosonate 6-phosphate (2-). It derives from a hydride of an alpha-L-rhamnopyranose. It contains a 3- [(S) -1-carboxyethyl] -2-hydroxy-4-methyl-5-oxo-4,5-dihydro-1H-pyrrole-2,5-dicarboxylate (1-); it is an enantiomer of a (R) -3-amino- (3-aminomethyl) -5-oxopentanoic acid 5-phosphate. It represents a tautomer of a 3,5-diaminopentane-2,4-diyl phosphate zwitterion. It arises from a proton transfer from a deprotonation of a carboxy group to a hydroxypentane ring. It reflects a tautomerism of a 2,3-diaminopropanesulfonic acid 5- (O-carboxymethyl) -D-ribofuranoside 5 '-phosphate. It belongs to a class of pyridinium salts that is formed by the condensation of two molecules of hydroxymyristic acid with one molecule of each of three molecules of water (1: 1 ratio)."
726,"RESULTS: The patient is a primary carnitine deficiency. It has a role as a human metabolite. It derives from a hexacosanoic acid. It is a conjugate acid of a 3-oxohexanoyl-L-carnitine (1-) .It is an enantiomer of a 2-hydroxy-3-methylglutaric acid taurine conjugate. It arises from a hydride of a straight-chain saturated fatty acids. It may be a tautomer of a 4-hydroxymandelic acid taurine zwitterion. It originates from a 6-methyl-2-oxo-Delta (1), Delta (2) -octanedioic acid and a beta-hydroxyisovaleric acid. As a consequence of a secondary carnitine deficiency, it is a very rare inborn error of metabolism. It carries a negative charge at the N-atom of a medium-chain acyl-CoA (i.e. a positive charge on the C-terminal end of the acyl group). It suggests a possible involvement of a proton motive force in the transport of a branched-chain fatty acid carrier. It will be a useful tool for the diagnosis of inborn errors of fatty acid oxidation. It can also be used as a diagnostic tool to assess the severity of a disorder of carnitine biosynthesis. It"
727,". It has a role as a mouse metabolite. It derives from a hydride of an olefinic compound. It is a conjugate base of a 4-hydroxy-3-methylbut-2-en-1-one (1 +). It represents a tautomer of a 3,4-dihydronaphthalene-1 (2H) -furan-2 (3H) -one zwitterion. It arises from a proton transfer from a hydrogen to a 3-methyl-5-oxo-2,3-dihydro-1H-furo [3,2-h] chromen-7-yl group. It was a conjugate acid of a 4,4 '-dihydroxy-3,5- (methylenedioxy) -2,2', 5,5 '-tetramethyl-1,2-dihydrobenzo [e] [1,3] dioxol-10 (4H) -ylidene-3,5-dimethylbutane-1,4-dione (1-). An enantiomer of a (+) -3,3-dihyroxy-2,3a, 5-trihydroxy-7,8,10,10a-tetrahydro-7H-dibenzo [b, d] pyrano [4,3-f] isochromeno [2,3-c] pyrrole-6-one. It differs from a (-) -"
728,"SUMMARY: The plant is a member of the class of chalcones that is trans-chalcone substituted by hydroxy groups at positions 2 ', 3' and 4 'and a prenyl group at position 6'. It has been isolated from the aerial parts of Tripterygium hypoglaucum L. It has a role as an anti-inflammatory agent and a plant metabolite. It is a dihydroxychalcone, a polyphenol and a monomethoxychalcone. It derives from a trans- (3R, 4R, 5S) -3,4,4a, 5,6,7,8,8a-octahydronaphthalene-1-ol. It arises from a hydride of a trans-chebulic acid. It contains a 7-O-methyl-beta-D-glucopyranosyl- (1- > 2) -alpha-L-rhamnopyranosyl-5-O- (p-coumaroyl) -beta-D- arabinopyranoside (1-). A tautomer of a cis- (2R, 3R, 4S, 5R, 6'R, 7R, 8R, 9R, 10R, 11R, 12R, 13R, 14R, 16R, 17S, 19R) -6 '-O-prenylbaccatin III. It"
729,"SUMMARY: The molecule is a hydrate that is the dihydrate form of disodium cromoglycate. It has a role as an anti-asthmatic drug, an antispasmodic drug and a mast cell stabilizer. It contains a disodium cromoglycolate (anhydrous). It derives from a hydride of a 1,4-benzenediol. It is a conjugate acid of a sodium cromolyn (2-). it is an enantiomer of a monohydrate. It arises from a reaction of two moles of water with one mole of sodium cromoglycolate. It represents a tautomer of an isomalic acid zwitterion. It exists as a hydrate. It can be considered as a model compound for studying the effect of excipients on the stability of inhaled beta-agonists. It also provides a clue to understanding the mechanism of action of drugs used in the treatment of asthma and chronic obstructive pulmonary disease. It belongs to a group of pyrazolone salts and is thought to be responsible for the bronchodilating effects of cromoglycates. It forms a hydrate and acts as a chloride channel blocker at the level of the cystic fibrosis transmembrane conductance regulator (CFTR) anion channel. It possesses a high affinity for the CFTR chloride channel (Kd = 10 (-6) M) and is"
730,. It has a role as a mouse metabolite. It derives from a butyric acid. It is a conjugate acid of a 3-hydroxybutyrate--a tautomer of a 2-hydroxy-3-methylbutyric acid zwitterion arising from a proton transfer from a hydride to a carboxylic acid group; it is an enantiomer of a (+) -3-hydroxybutyryl-L-carnitine takeover a (-) -2-hydroxybutyric acid takeoff takeon takeup takee takeout takered takein takeoness taketide takeoning takeovers takeons taeste taetal takers taketides takeingness takec take1 takeeh take4 take5 takeet tae6 tae7 tae8 tae9 tae10 tae11 tae12 tae14 tae15 tae16 tae17 tae19 tae20 tae18 tae13 tae21 tae22 tae23 tae24 tae26 tae27 tae28 tae31 tae33 tae34 tae36 tae37 tae38 tae44 tae46 tae41 ta
731,"SUMMARY: The patient is a member of the class of quinolones that is ciprofloxacin in which the hydroxy group at position 6 has been converted to the corresponding alpha-L-rhamnopyranosyl- (1- > 2) -beta-D-glucopyranoside. It is a semisynthetic derivative of ciprofloxacin. It has a role as an antibacterial drug, an antimicrobial agent and an antiinfective agent. It derives from an alpha-L- rhamnopyranose. It contains a ciprofloxacin (2-). It arises from a conjugate acid of a ciprofloxacin 6-O-beta-D- (1 +) -rhamnopyranoside. It comes from a hydride of a 1,4-benzoxazin-3 (4H) -one. It represents a tautomer of a 6-deoxy-6-fluoro-4-oxo-1,4-dihydro-7- (1H-indol-3-yl) -5H-pyrido [2,3-b] quinolin-4 (5H) -carboxylic acid zwitterion. It originates from a hydrate of a 7-chloro-6- [(1R) -1-methyl-1H-inden-1-yl] -2- [(1S) -2-hydroxyethyl] -1,4-dihydroquinoline-5-carboxylic acid. It consists of a conjugate base of a"
732,". It has a role as a mouse metabolite. It derives from a valeric acid. It is a conjugate acid of a 3-hydroxy-3-methylglutaryl-CoA (2-). It arises from a hydride of an alpha-methyl-D-manno-oct-2-enoate. A tautomer of a HMG-CoA zwitterion formed by proton transfer from the carboxy group to the alpha-position of the malonic acid moiety; it is the major species at pH 7.3. It contains a 3- (3-hydroxybutanoyl) -3-methylglutarate (1 +) and a free 3-hydroxymyristic acid (1-). There is a tautomeric relationship between a mevalonic acid zwitteration and a homomethionium cation. It may be a consequence of a reduction of the carbon-carbon double bond in the side chain of a branched-chain fatty acid, but it is unlikely to be a primary amino compound or a secondary amino compound. It will be a candidate for use as a human metabolite and a Saccharomyces cerevisiae metabolite. An enantiomer of a L-valine derivative. It can be used as a building block for the synthesis of enantiomerically pure L- or D-valine. It does not"
733,". The molecule is an organic cation obtained by protonation of the amino group of N-acetyl-L-tryptophan; major species at pH 7.3. It has a role as a human metabolite and a Saccharomyces cerevisiae metabolite. It is an ammonium ion derivative and an alpha-amino acid zwitterion. It derives from a N-acetyltryptophan.2. It is a conjugate acid of a N- [(1S, 2R) -2-hydroxy-1-methylindol-3-yl] -L-tryptophanate. It represents a tautomer of a 1H-indolo [2,3-b] pyrrole-4-carboxylic acid. It arises from a hydride of a indole (1-methyl-1H-indole-5-carboxylato) -4- (beta-D-ribofuranosyl) -L-alanine.5- (p-hydroxyphenyl) -1,2-propanediol. it is an enantiomer of a 1- [(1R, 2S) -1-hydroxyiminomethyl-2-oxoindolin-3- (2H) -yl] -4-oxo-2- (3H) -quinolin-6-yl-amine hydrochloride (1 +). It contains a L- (-) -indolorotidine 5-phosphate (2-) anion. It"
734,"(omega-1) is a 20-hydroxy fatty acid anion that is the conjugate base of 20-hydroxy- (5Z, 8Z, 11Z, 14Z) -icosatetraenoic acid, obtained by deprotonation of the carboxy group; major species at pH 7.3. It has a role as a human xenobiotic metabolite. It derives from an all-cis-icosa-5,8,11,14-tetraenoic acid. It is a conjugates base of a 20- {[5S, 6E, 7Z, 10Z, 13Z, 16Z, 19Z] -icosapentaenoyl} ic acid. A conjugate acid of a 20,25-dihydroxy- (5 Z, 8 Z, 11 Z, 14 Z) -dioxotetracosatetraenoate. An enantiomer of a leukotriene B4 (1-). It arises from a threo-5,6,7,10,13,16,19-heptadec-5-enoic acid and a (5R, 6S) -5,6,7,8-tetradehydro-9-oxo- (4Z, 10-dimethyl-2-oxopentadecen-1-yl) -L-gamma-glutamyl-L-cysteinylglycine zwitterion. This is a conjugate"
735,", a very long-chain fatty acid that is (5Z, 8Z, 11Z, 14Z) -icosatetraenoic acid substituted by a hydroxy group at position 12. It has a role as a human xenobiotic metabolite. It derives from an all-cis-5,8,11,14,17-icosapentaenoic acid. It is a conjugate acid of a 12-hydroxy-15-methylicosa-4,8,11,14-tetraenoic acid (1-). it is an enantiomer of a 15-hydroxy- (4Z, 6Z, 7Z, 10Z, 13Z, 16Z, 19Z) -20-methylicosatrienoate. It arises from a hydride of an icosatetraene. It belongs to a class of omega-hydroxy fatty acids that is analogues of arachidonic acid and is a product of the oxidation of this fatty acid to give rise to a series of epoxyeicosatrienoic acids. It consists of a mixture of two isomeric forms, one of which is the 12S-hydroxy derivative and the others are the 9S, 12R, 13S-dihydroxy and 9R, 12S, 13R-dihydroxy derivatives. It represents a tautomer of a 12,15-dihydroxyicosatrienoic acid zwitterion. It"
736,"It is a tripeptide composed of L-histidine, L-proline and L-tyrosine joined in sequence by peptide linkages. It has a role as a metabolite. It derives from a L-His- (L-Pro) 2 and a L -Tyr. It is an enantiomer of a cyclo (His-Pro-Tyr) ₂. It contains a L- [3- (3-hydroxy-3-methylbutyl) -2-propenyl] -L-histidinium (1-). It represents a tautomer of a Gly-His-Phe-Tyr zwitterion. It arises from a proton transfer from a hydride to the amino group of a glycine; it is a conjugate base of a Gly- (3- (3,5-dihydroxytriprop-1-enyloxy) -3-methylbut-2-enyl) -L-histidine. It reflects a tautomerism of a glycine- (3- {3- [(3R, 4R, 5R) -3,4,5,6-tetrahydro-5-dihydroxy-1H-1,2,4-triazol-4-yl] -3-oxopentanyl} -L-alaninate. It originates from a glycyl-L-serine zwitterione.It is one of a series of tripeptides constructed from two L-"
737,"). The molecule is a member of the class of benzamides obtained by formal condensation of the carboxy group of 1- (4-chlorophenyl) -3- (trifluoromethyl) -1H-pyrazole-4-carboxylic acid with the amino group of 2-naphthylamine. It has a role as an EC 2.7.11.24 (mitogen-activated protein kinase) inhibitor, an apoptosis inducer and an antineoplastic agent. It derives from a 1-naphthalenesulphonamide. It is a conjugate acid of a 2- [4- (trifluoromethoxy) phenyl] -2-naphthyl-3-oxopropanoate (1-). It arises from a tautomerisation of a 1- (2,4-dichlorophenyl) -3-ethylbenzamide-2-nitrilo-1,3-dioxolane-5-carboxylate zwitterion arising from a proton transfer from one of the two nitrogens to the primary amino group; it is a tautomer of a 3- [4- {4- (trifluoro-methyl) phenyl} piperazin-1-yl] propanoic acid. It represents a major species at pH 7.3. It belongs to a group of compounds that are substituted by trifluoromethyl groups at positions 2 and 4 and a tert-butyl group at position 5. It contains a cyano group and"
738,"). It has a role as an allergen. It derives from a tyrosine. It is a conjugate acid of a tyrosyl-N-acetyl-beta-D-glucosaminide (1-) .It is an enantiomer of a 3,5-dinitro-1-phenyl-1H-pyrazol-4-ylacetamido-2-propanoic acid. It contains a L-tyrosyl moiety. It arises from a tautomerization of a 3-nitro-1- (p-hydroxyphenyl) -1H-pyrazole-5-carboxylic acid zwitterion. It represents a tautomer of a N- (3,5-dinitrophenyl) -1-phenylacetamidobutyryl-2- (L-tyrosinamido) -2-propanenes.The major tautomer is a compound of a 3- (2,6-dioxo-1,4-dihydropyridin-3-yl) -3-nitropyridine-5- (H) -indol-6-one. It originates from a proton transfer from a free L-tyrosine to a free 3-nitroindole-L-phenylalanine zwitterone.It is the main tautomer at pH 7.3. It may be a tautomerase of a non-steroidal anti-inflammatory drug (NSAID) -induced gastrointestinal side effects. It"
739,"(3-hydroxyacyl-CoA) results from the formal condensation of the thiol group of coenzyme A with the carboxy group of (3Z, 7Z, 10Z, 13Z, 16Z) -docosa-3,7,10,13,16-hexaenoic acid. It has a role as a human xenobiotic metabolite and a mouse metabolite. It is a conjugate acid of a (6Z, 9Z, 12Z, 15Z, 19Z) -3-hydroxydocosapentaenoyl-CoA (4-). It derives from a (4Z, 8Z, 11Z, 14Z, 17Z) -18-hydroxyicosatetraenoic acid and a coenzyme A. It is an enantiomer of a 2-hydroxy-3-oxostearic acid CoA thioester. It comes from a hydride of a 3-oxo-5Z, 9,10,13,16,16-hexatriacosa-4,7,10,13-pentaene-1,5,10-triylium-diium-1,2-diolate. It belongs to a class of short-chain fatty acids CoA thioesters arising from deprotonation of the phosphate and diphosphate OH groups of 3-oxopropyl-18-hydroxystearoyl-CoA; it is a stereoisomer of 2"
740,") is an icosanoid anion that is the conjugate base of (5Z, 8Z, 11Z, 14Z) -icosapentaenoic acid, obtained by deprotonation of the carboxy group; major species at pH 7.3. It has a role as a human xenobiotic metabolite and a mouse metabolite. It derives from an all-cis-5,8,11,14,17-icosatetraenoic acid. It is an enantiomer of a (5S, 6R, 7Z, 10E, 13Z, 16Z, 19Z) -5-oxoicosapentaenoate. It contains a (6S, 8S, 9R, 10S, 12R) -7-hydroperoxyicosa-6,8,10,14-tetraenoic acid (1-). It arises from a (5R, 6S) -5,8-diepoxyicosatrienoyl-CoA (2-) rather than a (6 S, 7S, 10R, 12S) -9-hydroxy-5-oxotetracosatetraenoyl- CoA (4-). There is a direct correlation between the degree of oxidation of the five-carbon double bond in the arachidonic acid chain and the biological activity of the leukotriene E4 (LTE4) / leukotriene B4 (LTB4) ratio. It"
741,"(3-hydroxyacyl-CoA) results from the formal condensation of the thiol group of coenzyme A with the carboxy group of (4Z, 7Z, 10Z, 13Z, 16Z, 19Z) -docosahexaenoyl-CoA. It is a member of cyclopropanes, a long-chain fatty acid CoA thioester and a 3-hydroxy fatty acyl-CoAs. It derives from an all-cis-docosa-4,7,10,13,16,19-hexaenoic acid. It has a role as a human metabolite and a mouse metabolite. It arises from a trans-4-hydroxymyristoyl-CoA and a (3Z, 5Z, 6Z, 9Z, 12Z, 14Z, 17Z) -3-hydroxyicosatetraenoic acid bound to a coenzyme A. It is an enantiomer of a (2Z, 24Z, 27Z, 30Z, 33Z, 38Z, 41Z, 44Z, 50Z, 55Z, 57Z, 70Z, 81Z) -2-hydroxydocosapentaenoic acid-CoA (4-). It comes from a (3R, 4S) -3,4-dihydroxytetradecanedioic acid. This is a conjugate acid of"
742,"is a member of the class of dibenzofurans that is dibenzo [b, f] furan substituted by hydroxy groups at positions 1 and 2. It has a role as a marine xenobiotic metabolite. It derives from a hydride of a dibenzofuran. It is a conjugate acid of a 1,1,1-trichloro-2,2,2-trifluoropropan-3-ol (1-). It represents a tautomer of a 1,2-dibromo-2,3-difluoro-3,3,3-trifluoro-3,4-dihydro-1H-benzopyran-1-ol zwitterion. It contains a hydroxy group at position 1 and a hydroxide ion at position 2 (1: 1 ratio). The major tautomer is a hydrate of a 2,3,7,8-dichloro-2,3,4,7,8-pentafluoren-6-ol. It arises from a tautomerization of a 1,2,3,4,7,8,12,12b-octahydronaphthalene-6,8-diol. It originates from a deprotonation of a two of the six hydrogens of a tetrabromocycloheptane; it is a tautomeric form of a 1,2,5,6-pentamethylbicyclo [2.2.2] octacycloheptan-2-ol"
743,"SYNTHESIS: The molecule is a member of the class of xanthones that is 9H-xanthen-9-one substituted by hydroxy groups at positions 1, 3 and 7 and a methyl group at position 8. It has a role as a plant metabolite. It is an organic heterotetracyclic compound and a polyphenol. It derives from a hydride of a 9H- [1,3] dioxolo [4,5-g] xanthan-9 (10H) -one. It arises from a conjugate acid of a violacein (1-). Violacein is a tautomer of a viologen zwitterion. It contains a hydrogen bonded to a 6-O-methyl-beta-D-xylopyranosyl-alpha-L-rhamnopyranosyl- (1- > 2) -D-ribofuranosyl-5-hydroxyxanthone (2-). It originates from a reaction of a 4-hydroxy-3,6-dimethoxy-1,2-benzoxabicyclo [3.2.1] heptane-2,7-dione with a 2,3-dihydro-1H-pyrano [4,3-b] xanthene-1 (3H) -acetic acid. Maillard reaction products are known to be formed during browning of"
744,"It is a dipeptide obtained by formal condensation of the carboxy group of L-aspartic acid with the amino group of 2-naphthylamine. It has a role as a chromogenic compound. It derives from a L-aspartate. It is an enantiomer of a 2-anthraniloyl-L-aspartyl-D-asparagine (1 +). It represents a tautomer of a 2- [(S) -2-amino-3-hydroxy-4-methyl-5-oxo-4,5-dihydro-1H-1,2,4-triazolo [1,5-a] pyrimidin-6-yl] -L-aspartic acid- (1S, 2S) -1,2-diaminocyclohexane-1-carboxylic acid zwitterion. It arises from a tautomerisation of a N- (2-aminoethanesulfinyl) -2- [(4S) -4-methylbut-2-enoyl] -1-oxopentanoic acid. It contains a L- (6S) -6-hydroxymercuribenzoate anion and a N-acetyl-D- (4S) -3-hydroxybutanoylsarcosuccinate. It originates from a hydride of a 2,3-diaminopentanedioic acid; it is a conjugate base of"
745,". MATERIAL AND METHODS: The study was a case-control study conducted at the Faculty of Medicine, Cipto Mangunkusumo, Jakarta, Indonesia. It has a role as an anti-ulcer drug and an antispasmodic drug. It is a member of benzofurans, a primary alcohol, a secondary alcohol and a tertiary alcohol. It derives from a hydride of a benzofuran. It contains a 5-hydroxy-3-methylbut-2-en-1-ol (1 +). It represents a tautomer of a mefenamic acid zwitterion. Both tautomers have been found to be present in the same sample. It arises from a tautomerisation of a 4-methyl-5-oxo-2,3-dihydro-1H-furo [3,2-b] furan-2 (3H) -one. It can be a consequence of a proton pump inhibitor (PPI) treatment for gastro-oesophageal reflux disease (GORD); it is also used in combination with H2-receptor antagonists (H2RAs) for the treatment of peptic ulcer disease. It may be a cause of side effects such as nausea, vomiting, diarrhoea, constipation and blurred vision. It does not appear to be"
746,". is a member of the class of xanthones that is 9H-xanthen-9-one substituted by hydroxy groups at positions 1 and 2 and a methyl group at position 6. It has a role as a plant metabolite. It derives from a hydride of an xanthan. It is a conjugate acid of a kaempferol 3-O-beta-D-xylopyranosyl- (1- > 2) -alpha-L-rhamnoside (1-). It represents a tautomer of a gentiopicroside zwitterion. It arises from a proton transfer from a kaempferol 3,6,8-triacetate to a hesperidin 3-O- (6 ''-O-p-coumaroylatosyl) -beta, D-glucosiduronic acid (2-). A minor component of the flavonoid fraction of Astragalus membranaceus, it is also found in Angelica dahurica and Carthamus tinctorius. It may be a precursor of astragalin, a flavonol glycoside and a phytoalexin. It contains a free hydroxyl group at C-7 of the xanthone ring and a 4' -hydroxy-3 '-methoxy-5' -methylbut-2 '-en-1"
747,". It is a member of the class of imidazoles that is imidazole in which one of the hydrogens attached to the nitrogen is replaced by a 2-hydroxyethyl group. It has a role as an antifungal agent. It derives from a hydride of an imidazole. It represents a tautomer of a 5-ethyl-1H-imidazole-2-carboxylic acid zwitterion. It arises from a tautomerisation of a 5- [(1-hydroxyethyl) -1H-imidazol-4-yl] -2-oxopyrazolidin-3-ium-1-ium. It contains a 5- {2- [1- (hydroxyethyl) -1-hydroxyethyl] -5-oxoimidazolyl} -2-oxo-1,2-dihydro-3H-imidazo [4,5-e] [1,3] benzothiazole-6-carbonitrile. A conjugate acid of a tolnaftate (1-) .It is an enantiomer of a 3,5-diamino-1,2,4-triazolo [4,3-b] pyridine-7-ium tosylate. It differs from a corresponding compound of a 2,5-diaminotetramethylimidazole (1,1 '-biphenyl) -4-ol (1 +) .H (2) O (2 +). It consists of a taut"
748,". It is a member of quinolines, a primary amino compound and a secondary amino compound. It derives from a 1H-quinolin-4-ol. It has a role as a mouse metabolite. It arises from a conjugate base of a 3,4-dihydronaphthalen-1 (2H) -one (1 +). It represents a tautomer of a 2-hydroxy-3-methylisoquinoline-1-carboxylic acid zwitterion arising from a proton transfer from a hydride to a tertiary amino group. It contains a 2,3-diacetamido-2,3-dimethylbutane-1,4-diol (1-); it is an enantiomer of a N-acetyl-L-aspartyl-D-phenylalaninate. It exists in equilibrium between two tautomers at pH 7.3 (according to Marvin v 6.2.0.). The ratio of the two species is 1: 1. It reflects a tautomerism of a N- (2,3-dihydroxypropyl) -L-aspartyl- D-phenylalanine. It originates from a 2- (2,6-dimethylphenyl) -3-methylbut-2-enoylamino-1,2,3,4-tetrahydro-5-isoquinolinecarboxylato-4- (1H) -quinazoline-6-olate. It"
749,"(5-oxo-5H-pyrido [4,3-b] indole-6-carboxylic acid) is a metabolite of vitamin B6. It has a role as a human metabolite and a mouse metabolite. It is a conjugate acid of a pyridoxine 5 '-phosphate (2-). It derives from a hydride of a 5,6,7,8-tetrahydro-4H-pyrimido [4,5-d] pyrimidine. It represents a tautomer of a 5,6-dihydroxy-7,8-dihydropterin 5' -carboxylato-D-ribitol 4 '-phosphate zwitterion. It arises from a proton transfer from a pyridoxine to a 5-hydroxypyridoxine 5' - (2-deoxy-alpha-L-threo-hex-4-enopyranosyluronic acid) (1-). it is an enantiomer of a corresponding 5-hydroxy-7-deazabenzooxopterinesulphonic acid. It belongs to a class of hydroxanthranilic acids, a member of protoporphyrins and a monosodium salt. It contains a coenzyme B (12) H (1) -H (4) -pantothenate. It consists of a mixture of the two major species at pH 7.3 (approximately 60%); it is"
750,"KI). It has a role as a fluorochrome. It is an organosulfonate salt and a member of chalcones. It contains a 4-chloro-3-nitro-5- (2-furyl) -2 (1H) -pyrazol-1 (2H) -one. It derives from a 2- [4- (dimethylamino) phenyl] -4-hydroxy-5-sulfophenyl-1,3-dihydro-2H-pyrazolo [3,4-c] pyridin-1-ium. It comes from a hydride of a 4H-pyrazolo- [4,3-b] [1,4] benzoxazin-6-one. it is a conjugate acid of a 4- [3- (3,5-dimethoxy-4-hydroxyphenyl) -1-methylpropyl] -3-nitrobenzene-1,2-disulfonate. It arises from a tautomerisation of a 1- [N- (2,6-dimethoxyphenyl) -2- (1H-pyrrol-2-yl) ethyl] -3- (2,4-dichlorophenyl) -1H-pyrazole-4,6-dione zwitterion; it is the major species at pH 7.3. It originates from a proton transfer from a 3- [3,5-dimethyl-4- (2,4,6-trihydroxyphenyl) phenoxy] propanesulfonic acid to a 6- ["
751,". CONCLUSIONS: The results of this study show that there is no statistically significant difference between the two groups in terms of weight, height, body mass index (BMI), waist circumference and hip circumference. It has a role as a human metabolite. It is a tautomer of a 4-hydroxy-3-methylbut-2-en-1-one. It derives from a hydride of a 1,4-benzoxazin-3 (2H) -one. There is a positive correlation between the number of cigarettes smoked per day and the risk of developing type 2 diabetes mellitus (p < 0.001) .It is an enantiomer of a 3-methoxy-4-hydroxyisonicotinic acid. It contains a 2,3-dihydro-1H-imidazol-5-one (1-). It arises from a tautomerisation of a 3,4-dihydronaphthalene-1,2-dione zwitterion. It may be a result of a tautomerization of a 4,4 '-dinitropyrazine-2,2' -disulfonic acid. This tautomer is a conjugate acid of a 2,4-dihydroxy-6-methyl-3,5-dioxo-1,2,3,4-tetrahydropyrano [3,2-b] pyrazin-7-olate (1 +)."
752,"CONS. It has a role as an EC 3.1.1.7 (acetylcholinesterase) inhibitor, an antineoplastic agent and an anti-inflammatory agent. It is a conjugate base of a pyridostigmine (1 +). It derives from a hydride of a pyridine. It represents a tautomer of a N-pyridylcarbamoyl-L-serine zwitterion. It contains a pyridinium ion at the 1-position and a carbamate group at the 4-position. It originates from a bis (2-chloroethyl) -N-methyl-N- [(3R) -3-hydroxy-3- (3-methylbut-3-en-1-yl) -1-oxopropyl] -L-alanyl-D-glycero-alpha-manno-hepta- (1,6-diaminopentanoyl) -alpha-amino-alpha- (1- > 6) -aminocta-3,6-diaminohexacosa-6-ynoic acid. It consists of a zwitterionic form of a physostigmine. It arises from a tautomerisation of a neostigepahine. It belongs to a group of pyridinium salts that is derived from a choline. It includes a quaternary ammonium ions and a phosphoramidate anion. It comes from a tertiary amino acids. It"
753,"ós. It has a role as a mouse metabolite. It derives from a tryptophan. It is a conjugate acid of a 3-hydroxy-4-methyl-5-oxo-4,5-dihydro-1H-pyrrole-2,5-dicarboxylate (2-). It represents a tautomer of a 3- (hydroxymethyl) -4-methylbut-2-en-1-one zwitterion arising from a proton transfer from a carboxylic acid group to a primary amino group; it is an enantiomer of a 2,3-dihydroxy- (3R, 4S) -3,4-methylenedioxy-5- [(2R, 3S) -3-hydroxymethylbutanoyl] -5-oxopyrrolidine-2,4-dicarboxylic acid. It arises from a tautomerization of a 3,5-dihydroxy-4- [(1R, 2S) -2-hydroxyethyl] -5,6-dihydronaphthalene-1,2-dione. It originates from a hydride of a 1,4-dihydropyridin-2 (1H) -one. It belongs to a class of hydroxycoumarins that is formed by condensation of the two hydroxy groups of L-ascorbic acid with the carboxy group of D-glucose. It contains a beta-D-glucopyranosyl- (1- > 2) -alpha-L-arabinopyran"
754,"③ The patient is a member of the class of quinolones that is ciprofloxacin in which the hydroxy group at position 3 has been converted into the corresponding alpha-L-rhamnopyranosyl- (1- > 2) -beta-D-glucopyranosyl derivative. It is a conjugate acid of a ciprofloxacin 3-O-glucuronide (1-). It derives from a hydride of an 8-quinolinecarboxylic acid. A metabolite of the broad-spectrum antibiotic ciprofloxacin. It has a role as a human xenobiotic metabolite and a marine xenobiotic metabolite. It contains a 6-fluoro-4-oxo-5-aminopyrazolo [3,4-d] pyrimidine-3-carboxylic acid. It represents a tautomer of a 3-deacetoxyciprofloxacin zwitterion. It arises from a migration of a proton from the carboxy group to the 6-hydroxy group of a 7-demethyl-9-oxononicotinoyl-2,6-dihydro-1H, 5H-furo [3,2-g] quinolin-6-one. It may be a consequence of a conformational change induced by protonation of the secondary amino group on the quinolone ring. It originates from a ciprofloxacin (1 +) .H. It is an enantiomer of a 7- [(1R) -1-hydroxyethyl"
755,"is a bile acid anion that is the conjugate base of 3-oxo-5beta-cholan-24-oic acid, obtained by deprotonation of the carboxy group; major species at pH 7.3. It has a role as a human metabolite and a mouse metabolite. It is a dihydroxy monocarboxylic acid anion, a 3-hydroxy fatty acid anion and a long-chain fatty acid anions. It derives from a (7Z, 10Z, 13Z, 16Z) -docosa-7,10,13,16-pentaenoic acid. It belongs to a family of dicarboxylic acids and a series of primary bile acids. It consists of a mixture of 2-hydroxy-3-oxobicyclo- [3.3.1] octa-7,10-dien-1-oate and 3-oxo- (9Z, 12E) -dodecatrienoate (1- +). It contains a 3- (glutathion-S-yl) -3-oxocholest-7-en-8-oate (2-) zwitterion. It arises from a condensation of two molecules of chenodeoxycholic acid with one molecule of each of three molecules of trihydroxyhexacosanoic acid in a 1: 1 ratio (1: 2)."
756,"Theses: 1-deoxy-D-manno-oct-2-ulosonic acid (2-keto-3-deoxyoctonate) in which the pro-R hydrogen at position 8 has been replaced by a hydroxy group. It is a metabolite of Mycobacterium tuberculosis. It has a role as a human metabolite and a mouse metabolite. It derives from a 2-hydroxy-3,7,10,13,16,19-octadehydro-N-acetylneuraminic acid. It represents a tautomer of a 2,3-di-O-methyl-N- [(2R) -2-hydroxymyristic acid] -O- (6-sulfo-alpha-L-rhamnopyranosyl) -L-threonine zwitterion. It arises from a tautomerisation of a 7,8-dihydroxy-2,8- (R) -dioxonononanohexadec-9-enoate. It may be a conjugate acid of a 2,5-dioxo-7- (S) -glutathionyl-N, N-acetamidomaltoheptanoyl-beta-D- (1- > 4) -aminomaltoheptonate (1-). It originates from a hydride of a N-acetyl-7-deazaheptadecas"
757,". It is an amino acid zwitterion obtained by transfer of a proton from the carboxy to the amino group of L-aspartic acid. It has a role as a human metabolite and a Saccharomyces cerevisiae metabolite. It derives from a L-aspartate (1-). It contains a D-asparate (2-) .It is a conjugate base of a N-acetyl-L-aspartate.The major species at pH 7.3. It may be a conjugate acid of a N- [(S) -3-hydroxy-3-methyl-2-oxoprop-1-enoyl] -L-asparaginate. It arises from a tautomer of a L- [O-acetylaspartato] -D-aspartate. It was an enantiomer of a non-O-carboxylate- (O-carbamoyl) -L-aspartate zwitterIon. It indicates a possible involvement of this amino acid as an Escherichia coli metabolite, a Mycoplasma genitalium metabolite or a mouse metabolite. There is a strong positive charge of a glutamate (+ 4); it is probably is a result of a protonation of a free L-glutamate (1 +). As a consequence of this protonation, there is a net uptake of a H (+) -glutamate- (E) -"
758,"(2-) is the conjugate base of 3-hydroxyanthranilic acid; major species at pH 7.3. It has a role as a human xenobiotic metabolite and a mouse metabolite. It derives from an anthranilate. It is a tautomer of a 3-hydroxy-4-aminobenzoic acid zwitterion. It arises from a proton transfer from a 4-aminophenyl group to a 2-hydroxypenta-2,4-dienoate. It contains a 3- (3-hydroxyphenyl) -2,4,6-trien-1-ynoate (1-). It belongs to a class of catechol-O-beta-D-glucosiduronic acids and a monocarboxylic acid anion. It consists of a monosodium urate anions and a 5-hydroxynonaphthalene-2,3,5-trisulfonate. It comes from a hydride of a naphthalene-1, 4-dienecarboxylate. It originates from a 2,3-dihydroxy-6-methyl-L-arabinose and a 3,4-dihydroxyanthranil-2, 6-dicarboxylate (1H) -dicarboxylic acid. It can be derived from a vanillate and a L-threo-hex-3-enoic acid. A parent compound of a family of catechols."
759,". The molecule is a pentacyclic triterpenoid that is olean-12-en-28-oic acid substituted by hydroxy groups at positions 3 and 22 (the 3beta, 22beta stereoisomer). It has been isolated from the roots of Tripterygium hypoglaucum. It derives from a hydride of an oleanane. It is a conjugate acid of a 3beta, 22-diacetoxy-3beta- (3,4-dihydroxyphenyl) -23,24-cyclolanost-26-ene-3,22-diol (1-). A conjugate base of a tiglic acid (2 +). An intermediate in the biosynthesis of tiglate, it has been proposed to play a role as an anti-inflammatory agent, an antineoplastic agent and a plant metabolite. It was found to have a strong inhibitory effect on the production of nitric oxide (NO) produced by lipopolysaccharide-stimulated BV-2 microglial cells (IC (50) = 10 microg ml (-1)) with an EC 3.1.13.39 (nitric oxide synthase) specific inhibitor (NG-hydroxy-L-arginine: NAD (+) oxidoreductase). Titglates were also found to be able to inhibit the release of interleukin-1beta (IL-1beta)"
760,"). It is a member of the class of pyrimidines that is uracil in which one of the hydrogens attached to the nitrogen is replaced by a 2-amino-2-deoxy-beta-D-glucopyranosyl group. It has a role as an Escherichia coli metabolite and a mouse metabolite. It derives from a UDP-N-acetylmuramoyl-L-alanyl-gamma-glutamyl-meso-2,3-diaminopimelate. It arises from a conjugate acid of an UDP-6-O- [(2R) -2-aminobicyclo [2.2.2] oct-3-en-1-yl] -D-gluco-1,4-diaminomaltose (2-). it is a tautomer of an UTP zwitterion formed by a proton transfer from the carboxy group to the alpha-anomeric centre of the pyranose ring. It contains a uridine 5 '-diphosphate (3-). A major species at pH 7.3 (according to Marvin v 6.2.0.). There is a net proton over a lifetime of a complex between two molecules of UMP and six molecules of ATP. It comes from a hydride of an uridylyl- (2'R, 3'S) -3' -hydroxy-2 '"
761,"). The molecule is an organic cation obtained by protonation of the tertiary amino group of (R) -vinpocetine; major species at pH 7.3. It has a role as a human xenobiotic metabolite and a plant metabolite. It is an ammonium ion derivative and an organic molecular entity. It derives from a (S) - (+) -2-methyl-1,2,3,4-tetrahydroisoquinolin-1-ium (1 +) .2. It is a conjugate acid of a (2R, 3R) -2- [(1R, 3S) -3-hydroxy-3-methylpiperidin-4-yl] -3- (1H-indol-5-yl) -1-oxopropanoic acid. It arises from a tautomerisation of a vincamine zwitterion. It contains a (1S, 2S) -2,3-dihydroxypropyl-1- (2-hydroxyethyl) -4- (3,4,5-trimethoxyphenyl) butane-1,3-diol (1-). It represents a tautomer of a radec-vincaminic acid tosylate. It can be derived from a hydride of a 6,7-dimethoxy-2- (2,4,5-trimethylphenyl) -1,2,3,4,4a, 5,6,7,8,8a-octahydronaphthalene-1"
762,". It has a role as an allergen. It derives from a hydride of an olefinic compound. It is a conjugate base of a 4-hydroxy-3-methylbut-2-en-1-one (1 +). It represents a tautomer of a 3,4-dihydronaphthalene-1 (2H) -one zwitterion. It contains a hydrogen bonded to a 3-methyl-2,3-dihydro-1H-benzo [b] furan-5-yl group (1-) and a hydrogen attached to a 3,5-dimethylbutane-1,4-diol (2-). An enantiomer of a (+ / -) -4-hydroxybenzobicyclo [2.2.1] heptane-2,3- (4H) -dione. It arises from a tautomerisation of a 4,4 '-dihydroxy-2,2' -bipyrrole-5,5 '-dicarboxylatecyclohex-4-ene-1,2-dione. It consists of a zwitterionic form of a 4,5-dihydroxypentane-2,4-dienediol. It may be a conjugate acid of a 4,5- (methylenedioxy) -2,2-dimethylbicyclo [3.2.1] heptan-6-yl-1, 4-diolate. It"
763,"(2-). It has a role as a mouse metabolite. It is a conjugate base of a 4-hydroxy-3-methylbut-2-enedioic acid. It derives from a hydride of a pentane-2,4-dienedioate; it is an enantiomer of a 3-hydroxy- (4Z, 7Z, 10Z, 13Z, 16Z, 19Z) -docosa-4,7,10,13,16,19-hexaene-2,6,10-triylium-3,5-diolate. It contains a (S) -3-hydroxyacyl-CoA (4-) and a 5-hydroxymyristoyl- (5Z, 8Z, 11Z, 14Z, 17Z, 20Z) -5-hydroxyicosapentaenoyl-CoA zwitterion (1-). A tautomer of a (4S, 7R, 8S, 10R, 13S, 15Z, 18Z) -7-hydroxyoctacosanoyl-5,8-dideoxy-alpha-D-xylo-hexopyranosulf-4-ulose-1-phosphate. It arises from a deprotonation of a carboxy group on the phosphonic acid moiety of a 6-hydroxypent-7-enoic acid."
764,". It has a role as a plant metabolite. It is an organic heterotetracyclic compound and a member of phenols. It derives from a 4-hydroxy-3-methylbut-2-en-1-ol. It represents a tautomer of a (+) -catechin zwitterion. It contains a 3- (3,4-methylenedioxyphenyl) -2-hydroxypropanoic acid anion. It arises from a hydride of a flavan-4-one. It belongs to a group of catechols that is substituted by an alpha-L-rhamnopyranosyl- (1- > 2) -beta-D-glucopyranosyl moiety at positions 3 and 5, by a methyl group at position 6 and a prenyl group in a 1: 1 ratio. It originates from a (-) -epigallocatechin 3-O-beta-d-ribofuranosyl-5-O- [(1R) -1-hydroxyethyl] -beta-D- glucopyranoside. It may be a conjugate acid of a neolignan B (1-). It can be an enantiomer of a dihydromyriflavonoside B. It is a tautomeric form of a neohesperidin B (1 +)...."
765,"SUMMARY: The molecule is a hydrochloride obtained by reaction of paliperidone with one molar equivalent of hydrochloric acid. Used for the treatment of schizophrenia. It has a role as an antipsychotic drug and an EC 3.1.1.7 (protein kinase C) inhibitor. It contains a haloperidol (1 +). It is an enantiomer of a perospirone hydrochloride. It derives from a hydride of a 6H-dibenzo [b, d] cyclohepta [1,2-b] pyridine. It represents a conjugate acid of a paliposide (1-) .The major tautomer at pH 7.3 (according to Marvin v 6.2.0.) .It is a tautomer of a risperidone zwitterion. It exists in a mixture of two hydrogen chloride counterions (1: 1). One of the two components is protonated at the same time (2: 1 ratio); it is the major species at any stage of the drug's life cycle. It provides a rationale for the long-term use of this drug. It also contributes to the understanding of the mechanism of action of other antipsychotics such as amisulpride and ziprasidone. It can be used as a first-line treatment for patients with schizophrenia who are not responding to conventional therapy"
766,"SOP. It has a role as an epitope. It is a conjugate acid of a 2-acetamido-2-deoxy-beta-D-glucopyranosyl- (1- > 3) -2-O-phosphonato-alpha-L-threo-hex-4-enopyranosyluronic acid (1-). It derives from a hydride of a D-galacturonic acid. It contains a 2- [(3S) -3-hydroxy-3-methyl-5-oxo-4,5-dihydro-1H-pyrazol-1-yl] -4,6-dioxo-3- (tert-butyldimethylsilyloxy) pentopyrano [2,3-d] pyrimidine-7-yl group (4-). A tautomer of a 6-O- (3-hydroxymyristic acid) -D-galactobiose zwitterion in which is formed by proton transfer from the carboxy group to the amino group of a 6- (N-acetyllactosaminyl) -6-deoxy- (3R, 4R) -3,4,5,6-tetra-triacontahydronaphthalene-2,6,8-triol. It arises from a tautomerisation of a 3,6-dideoxy-6-deaminopenicillanic acid"
767,": Ciências de Saúde do Sul, Brazil. It is an organofluorine compound and a member of phenols. It derives from a hydride of a 1,2,4-triazolo [4,3-a] pyrimidin-1 (3H) -one. It has a role as an anti-ulcer drug and an EC 1.14.13.39 (prostaglandin-endoperoxide synthase) inhibitor. It arises from a conjugate acid of a 5-fluoro-1,2,4-triazole-3-carboxylic acid. It contains a trifluoromethyl group at the 4-position of a 1H-imidazo [4,5-f] [1,3,5] triazin-6-one (1-). It represents a tautomer of a 5- [(trifluoromethyl) sulfonyl] -1H-imidazol-2-yl acetic acid zwitterion. It differs from a congener of a 5H- [1,2,4] triazolo- [3,4-b] [1,7] naphthyridine-3,6-diol. It originates from a tautomerisation of a 5,7-dimethyl-1H-pyrazolo [4,6] pyrimidine-3,7-dione. It does not fit into any of the four possible tautomers described in the literature. It may be a tautomeric mixture of a 5H-imidazo"
768,"_ {γ, δ} -Tetraenoic acid [(5Z, 8Z, 11Z, 14Z)] -5,8,11,14,17-pentaenoic acid] is an intermediate in the biosynthesis of resolvin D1. It has a role as a human xenobiotic metabolite and a mouse metabolite. It is an enantiomer of a (6S, 7Z, 10E, 13E, 16Z, 19Z, 22E, 25E) -docosahexaenoic acid. It derives from a hydride of an all-cis-docosa-4,7,10,13,16,19-hexaenoic acid. A conjugate acid of a resolvin- (4Z, 15Z, 18Z, 21E, 24Z, 26Z, 29Z, 34E, 40Z, 44Z, 46Z, 48Z, 50Z, 55Z, 63Z, 70Z, 80Y) -hexahydroxy-20 (S) -epoxyeicosatetraenoyl-CoA (1-). It represents a tautomer of a dihydroxystearic acid zwitterion with a hydrogen bonding to both the hydrogens of the carboxy group and the thiol group of the heptadec-5-enoyl moiety. It originates from a (5"
769,"atidylserine (2-) is the major species at pH 7.3. It is a conjugate base of a 1-stearoyl-2-linoleoyl-sn-glycero-3-phospho-1D-myo-inositol. It has a role as a human metabolite, a Saccharomyces cerevisiae metabolite and a mouse metabolite. It derives from a L-threo-hex-4-enoyl-L-serine (1-) .It is an enantiomer of a 1,2-di-O-arachidonoyl- (5Z, 8Z, 10Z, 13Z, 16Z) -docosa-5,8,10,13,16,19-pentaenoic acid (1'S, 2'R, 3R, 6'S) -1 '-bis (palmitoyloxy) -1- (stearoyl) -sn-glycerol 5-phosphoshiphos-2' -yl-D-manno-heptadecanoyl-3 '-phosphoethanolamine (1 +). It contains a (7Z, 11Z, 14Z, 18Z, 19Z, 22Z, 25Z) -3-hydroxytetratriacontapentaenoyl group (1- & mgr; -OH) (7%). A tautomer of a"
770,") is an N-acyl-1-O-beta-D-glucosyl-15-methylhexadecasphing-4-enine in which the acyl group has 19 carbons and 0 double bonds and is 2-hydroxylated. It is a metabolite of the nematode Caenorhabditis elegans. It has a role as a Caenorhabditis elegans metabolite. It derives from a 15-methyl-16-oxodacosapentaenoic acid. It comes from a hydride of an 18-carbon fatty acid. it is a conjugate acid of a 15 (S) -methylhexadecaphytosphingosine (1-). It contains a 2-hydroxy-3-oxooctadecanoyl (stearoyl) -1-O- (2-hydroxydocosanoyl) -sn-glycero- (4Z, 8Z, 11Z, 14Z) -eicosatetraenoate. It arises from a condensation of a cis-11,12-dienoic acid with a beta-d-glucose. It represents a tautomer of a 14-hydroxy- (6Z, 7Z, 10Z, 13Z, 16Z, 19Z) -18-methylicosatetraenoic acid zwitterion. It originates from a 6-deoxy-Delta12,14-sphingadienoic acid."
771,"(omega-6) is an icosanoid anion that is the conjugate base of 12-HETE, obtained by deprotonation of the carboxy group; major species at pH 7.3. It has a role as a human xenobiotic metabolite and a mouse metabolite. It is a long-chain fatty acid anion, a hydroxy polyunsaturated fatty acyl-CoA (4-) and a 12-hydroxy- (5Z, 8Z, 11Z, 14Z) -icosatetraenoate. It derives from an all-cis-5,8,11,14,14-icosatetraenoic acid. It comes from a hydride of an icosa-5,8 (14) Z, 11 (2), 15 (3), 19-icosapentaenoyl-CoA. It arises from a reaction of a 12 (S) -HETE with one of the six carboxylic acid groups of a 1-stearoyl-2-oleoyl-sn-glycero-3-phospho-L-serine (1-). It contains a 4-hydroxynonanoyl-5-phenylvaleryl-6-deoxy-alpha-D-threo-hex-4-enoate (2-). A tautomer of a 12- [(7Z, 10Z, 13Z, 16"
772,"(1-) is the conjugate base of 3-hydroxyanthranilic acid, obtained by deprotonation of the carboxy group; major species at pH 7.3. It has a role as a human xenobiotic metabolite. It derives from an anthranilate. It is a tautomer of a 3-hydroxy-4-methoxycatechin- (4Z, 8Z, 10Z) -dodecatrienoic acid zwitterion. It arises from a 2-hydroxynonaphthalene-1-carboxylic acid and a 3- (3-hydroxyphenyl) propanoic acid. It comes from a parent compound of a class I antiarrhythmic drugs. It consists of a 2,3-dihydroxy-4- (methylamino) benzoic acid zwitterions. It contains a 2- (3,4-dihydroxyphenyl) propan-5-enoate. It belongs to a family of catechol O-beta-D-glucosiduronic acids--members of which are substituted by hydroxy groups at positions 6 and 8. It can be derived from a L-tyrosine and a N-acetyl-L-tryptophan--it is not a member of classes I and II antiarrhythmics used in the treatment of premature ventricular contractions (PVCs) or atrial fibrillation (AFl). It originates from a"
773,"). It is a conjugate base of a 3-amino-4-hydroxy-5-methyl-2-oxocyclohexa-2,5-diene-1-carboxylic acid. It has a role as a human metabolite and a Saccharomyces cerevisiae metabolite. It derives from a hydride of a cyclo-hexane-1,4-dione. It contains a 3- [(1R) -1-hydroxyethyl] -2,3-dihydro-1H-pyrrolo [2,3-d] pyrimidin-6-yl group (1-); it is an enantiomer of a (S) -3-amino- [(1S) -2-hydroxyethylidene] -5-methylenecyclohex-3-en-7-yl-D-lactate. It arises from a tautomerisation of a N-acetyl-L-serine zwitterion arising from a proton transfer from a free 3-aminopropyl group to a free alpha-ketoglutaric acid zwittercation. It consists of a tautomer of a N- (1S, 2R) -3- {[1- (hydroxyethyl) ethyl] carbamoyl} -L-serine. It represents a major species at pH 7.3 (according to Marvin v 6.2.0.). There is a significant difference in the number of hydrogen bonds between the"
774,"CONCLUSIONS: The results of the meta-analysis show that there is no significant difference between the two groups in terms of post-operative complications. It has a role as an anti-ulcer drug, a non-steroidal anti-inflammatory drug and an analgesic. It is a conjugate acid of a diclofenac (1-). It derives from a hydride of a 1,4-benzoxazin-3 (2H) -one. There is a tautomer of a Diclofenac zwitterion. It arises from a proton transfer from a diclofenac to a 4-hydroxy-2-methyl-1-phenyl-1H-pyrazol-5-one (1 +). This tautomer is a major species at pH 7.3 (according to Marvin v 6.2.0.). As a result of pooling data from several studies, it is not possible to draw any definitive conclusions about the effect of diclofenac on postoperative pain and nausea and vomiting. Therefore, we recommend that diclofenac should be used only in patients with moderate to severe pain who have undergone surgery. It will be a matter of concern if these results are to be confirmed by other studies. We suggest that diclofenac use should be restricted to those patients who are most likely to benefit from this treatment. It also raises the question of whether"
775,". It derives from a butyric acid. It is a conjugate acid of a 3-hydroxy-4-methyl-5-oxo-2-oxocyclohex-1-enecarboxylate (2-). It has a role as a human metabolite and a Saccharomyces cerevisiae metabolite. It arises from a hydride of a cyclopentanone. It contains a 2,3-didehydro-6-deoxy-alpha-D-lyxo-hexopyranose (1-). A tautomer of a 3- (3,4-dihydroxyphenyl) -2-hydroxypropanoic acid zwitterion arising from a proton transfer from a carboxylic acid to a hydroxy group at the 3-position of a cyclomaltoheptulose 7-phosphate. It may be a precursor of malonic acid, an intermediate in the synthesis of vitamin B (12) and vitamin K (2)."
776,": (1). It has a role as a mouse metabolite. It is a conjugate acid of a 3-O-sulfo-beta-D-glucosiduronic acid. It derives from a hydride of an alpha-L-rhamnosyl- (1- > 4) -p-coumaroylagarosyl-5-methoxy-2-acetamido-2,3-dihydro-1H-benzimidazol-1-one. It represents a tautomer of a 3- [(S) -3-hydroxy-3-methylbutyl] -2-methoxypropanoic acid zwitterion arising from a proton transfer from a carboxylic acid group to a sulfamoyl group; it is the major species at pH 7.3. It belongs to a class of sulfamides, a monosaccharide derivative and a primary amino compound. It contains a sulfamate anion. It arises from a sulfoquinovosyl-N-acetylmuramoyl-alpha-L- [2- (4-hydroxyphenyl) ethyl] -L-alanyl-gamma-glutamate- (1- < -- > 6) -D-glucosaminyl diester. It originates from a urine of a BALB / c mice fed on a diet supplemented with a sulforaphane (10 mg / kg per day)."
777,"SUMMARY: The molecule is a guaiane sesquiterpenoid isolated from the stem bark of Fraxinus sieboldiana. It has a role as a plant metabolite. It is an acetate ester, an organic heteropentacyclic compound, a guaiacycle, a benzoate ester, a tertiary alcohol and a secondary alcohol. It derives from a 3-hydroxy-4-methylbut-2-en-1-one. It arises from a hydride of an oxabicyclo [2.2.1] heptane. It contains a (2E, 4E) -deca-2,4-dien-5-yl group at position 3. It represents a conjugate acid of a fraxinine (1-). It also exists as a tautomer of a fusaric acid zwitterion. Both species have been found to be present in different parts of the plant kingdom. It may be a precursor of fusarin A, a fungal metabolite produced by Fusarium fujikuroi and Fusarium oxysporum f. m."
778,". It has a role as an Escherichia coli metabolite and a mouse metabolite. It derives from a pantothenic acid. It is a conjugate acid of a 3-hydroxy-4-methylpantothenate (1-). It comes from a hydride of a pantoic acid. A tautomer of a 6-hydroxymyristic acid zwitterion. It contains a proton at the 5-position of a coenzyme A. It is an enantiomer of a 3,5-dihydroxypyrazolo [3,2-c] pyridine-2-ium-1-carboxylate. It belongs to a class of pantothenols that is formed by condensation of two molecules of pantoyl-alpha-D-ribose with one molecule of hydrogen atoms of a beta-L-ribose. It carries a negative charge at pH 7.3. It may be a conjugate base of a 3,6- (methylenedioxy) -5,6,7,8-tetradehydro-1,2-oxathiabicyclo [2.2.2] oct-5-ene-3-carboxylic acid. There is no evidence for a 2,3-oxido-1,4-dithiabicyclohex-10-en-one tautomer. It arises from a tautomerisation of a vitamin B (12)"
779,". The molecule is a tripeptide composed of L-phenylalanine, L-tyrosine and L-aspartic acid joined in sequence by peptide linkages. It has a role as a metabolite. It derives from a L-phenylalaninol, an alpha-amino acid and a L -tyrosine. It is a tautomer of a N-acetyl-L-tyrosinemonocarboxylic acid zwitterion arising from transfer of a proton from one of the carboxy groups to the amino group; it is the major species at pH 7.3 (according to Marvin v 6.2.0.). It contains a 2-acetamido-3-deoxy-D-threo-hex-4-ulosonic acid. It arises from a tautomerisation of a N- [(2S) -2-hydroxy-3- (3-hydroxyphenyl) -3-oxoprop-2-enoyl] -L-phenylalanine. It represents a conjugate acid of a 2- [(2R) -2- {[(3S) -3- (3,4-dihydroxyphenyl) -1-oxopropyl] amino} -3-oxo-2,3-dihydro-1H-isoquinolin-1-yl] -D-threoninate (1-) .It is an enantiomer of a 6- [(3R) -3 '-"
780,".: The molecule is a pentacyclic triterpenoid that is olean-12-en-28-oic acid substituted by hydroxy groups at positions 3 and 22 (the 3beta, 22beta stereoisomer). It has been isolated from the aerial parts of Tripterygium hypoglaucum. It derives from a hydride of an oleanane. It is a conjugate acid of a 3beta, 22-diacetoxy-3beta- (4-hydroxy-3-methylbut-2-enyl) -23,24-dimethylcholest-5-ene-3,22-diol (1-). A conjugate base of a tiglic acid (1 +). There is an equilibrium between two tautomers arising from a tautomerisation of a 3alpha, 2beta-dihydroxy-23-methylbutanoyl-11,22-dimethylcholesta-5,22-diene-3,26-diolate. It represents a tautomer of a 7alpha, 12beta-trihydroxy-22-methyltricosa-4,7,10,11-tetraen-30-olide. It appears to be a key compound in the anti-HIV activity of tiglate. It also has a role as a plant metabolite and an anti-HCV agent. It"
781,". CONCLUSION: The results of this study indicate that there is a correlation between the expression of IL-6, IL-10 and TNF-α in gingival tissues from patients with chronic periodontitis. It has a role as an anti-inflammatory agent, an antimicrobial agent and a human xenobiotic metabolite. It is a member of benzenes, a primary alcohol, a secondary alcohol and a tertiary alcohol. It derives from a hydride of a dibenzo [b, f] cyclohepta [1,2-b: 5,6-b '] dien-1-one. It represents a tautomer of a 5-hydroxy-2-oxabicyclo [2.2.1] heptane-2,3-dicarboxylate zwitterion. It contains a 5- (4-methyl-3-oxo-4,5-dihydro-1H-imidazol-5-yl) -2,4-dihydroxy-6- (methylsulfonyl) -2-oxobicyclo- [3.2.1] octa-3,6-diene-1,3-dione (1-). It arises from a tautomerisation of a desoxy-8-hydroxyoctanoic acid. It originates from a deprotonation of a 7-hydroxymyristoic acid zwittertadecarboxylate- (7'S, 8'"
782,"(3-deoxy-D-manno-oct-2-ulosonic acid). It has a role as an Escherichia coli metabolite and a mouse metabolite. It derives from a D-mannose. It is a conjugate acid of a 2,3-dideoxy-3-O-methyl-alpha-L-threo-hex-4-enopyranuronate- (1- > 4) -D-glucose (2-). it is an enantiomer of a 2,5-dihydroxy-6-oxo-3,6-dioxocyclohexa-1,4-dien-1-yl 3- [(S) -1-carboxyethyl] -3-deoxy- (1R, 2R) -2-hydroxypropanoic acid. It represents a tautomer of a 5-hydroxymyristic acid zwitterion. It arises from a proton transfer from a hydroxy group to the carbonyl group of a myo-inositol 1,4,5,6-tetrakisphosphate. It belongs to a class of pyranonaphthoquinones that is produced by E."
783,") is a member of the class of sulfamic acids that is sulfamic acid in which one of the hydrogens attached to the nitrogen is replaced by a 4-chlorophenyl group. It has a role as an environmental contaminant and a xenobiotic. It derives from a sulfamate. It is a conjugate acid of a 2-chloro-4- (4-chlorophenyl) -3,5-dimethylpyrazol-1-yl sulfate (1-). It arises from a tautomerization of a sulfamoyl hydroxamic acid zwitterion arising from a proton transfer from a chlorine to a sulfuric acid. It represents a tautomer of a 2- [4-chlorphenyl] -4-methyl-3,5-dioxo-4,5-dihydro-1H-1,2,4-triazole-5-sulfonato-3-sulfonate. It originates from a hydride of a 1,3,5-triazaisobenzenesulfonic acid. A metabolite of the herbicide metolachlor, used for weed control in rice cultivation. It contains a 3- (2,4-dichlorophenyl) -3-oxopropyl-N- (2,4,6-trichloro-4-fluorophenyl) -N-methylpropanesulfonamide. It carries a hydroxy group at the 4-position (according to the IUPAC nomenclature) and a chloro substituent at"
784,"is a member of the class of imidazoles that is 1H-imidazole in which one of the hydrogens at position 5 has been replaced by a 2-hydroxyethyl group. It has a role as an anti-ulcer drug, an EC 1.14.13.39 (prostaglandin-endoperoxide synthase) inhibitor and an antispasmodic drug. It derives from a hydride of an imidazole. It is a conjugate acid of a 5-hydroxy-1H-imidazol-4-ylacetic acid (1-). It arises from a tautomerisation of a 5- [2- (hydroxyethyl) -1H-imidazolidin-1-yl] -1-oxopent-3-enoic acid zwitterion. A tautomer of a 5H-imidazo [4,3-b] pyrrole-5-carboxylic acid. It consists of a tautomeric mixture of a 5H- and a 5H-imidazolidine-2,4-dionesulphonamide zwitterions. It corresponds to a hydrate of a 5,5-dimethyl-4H-imidazole-4,5-dicarboxylate. It contains a free base (1 +). An enantiomer of a L-hyoscyine (2 +) .It is an isomer of a D-hyoscine (1,2-dihydro-"
785,"ogic acid. It has a role as an Escherichia coli metabolite and a mouse metabolite. It is a conjugate acid of a sulfoquinate (2-). It derives from a hydride of a 1,4-benzenediol. It contains a sulfate group. It arises from a tautomerization of a 4-sulfo-3-hydroxy-5-methyl-2-oxocyclohexa-2,5-dien-1-one zwitterion. A tautomer of a 4,6-dihydroxymyristic acid. There is a direct link between a sulfate and a 2,3-dihydroxypropanoic acid anion. It may be a consequence of the use of this compound as a food preservative, a food colourant, an antioxidant, an anti-inflammatory agent, an antibacterial agent, a plant growth retardant, a herbicide, an agrochemical, an insecticide, an environmental contaminant, a fertilizer, a nematicide, an EC 3.1.1.7 (acetyl-CoA carboxylase) inhibitor, an antineoplastic agent and an antifungal agent. It exists in two tautomeric forms: a keto-keto-enol and a solvolytic-solvolysis. It can be used as a diagnostic tool to assess the relative abundance of sulfur-containing amino acids in foods."
786,"). It is a member of the class of pyrazolopyrimidines that is 1H-pyrazolo [3,4-b] pyridine which is substituted at positions 2, 4, and 5 by hydroxy, methyl, and fluoro groups, respectively. It has a role as an EC 2.7.11.24 (mitogen-activated protein kinase) inhibitor and an antineoplastic agent. It derives from a hydride of a 4H-pyrazolopyrimidine. It represents a tautomer of a 2,5-difluoro-3-methylpyrazole-4-carboxylic acid zwitterion. It arises from a tautomerisation of a 2- (3,5-dimethylpyrazol-1-yl) -4-hydroxybutane-1,3-diol. It contains a 5- [(trifluoromethyl) sulfanyl] -2-methylimidazole-4- (1H) -one (1-) .2. It is an enantiomer of a (R) -5-fluoro-2,3-dihydro-1H-imidazo [4,5,1-jk] [1,2,4] triazolo [1,5-a] pyrimidine-6-carbonitrile. It differs from a (S) -5 '-fluoro-2,2' -dihydro-1,1 '-biphenyl-4,4' -dicarbonyl-bis (1H-1,2,3-benzotriazole)."
787,"(-) is an unsaturated fatty acyl-CoA that results from the formal condensation of the thiol group of coenzyme A with the carboxy group of (4Z, 7Z, 10Z, 13Z, 16Z, 19Z) -docosahexaenoic acid. It has a role as a human xenobiotic metabolite and a mouse metabolite. It derives from a docosahexaenoyl-CoA. It is a conjugate acid of a (4E, 8Z, 11Z, 14Z, 17Z, 20Z) -3-hydroxy-4,7,10,13,16,19-pentaoxoundecanoyl-CoA (4-). It belongs to a class of tetracosenoyl thioesters and a 3-substituted-4-methyl-5-oxo-Delta (1), Delta (2) -steroids. It originates from a trans-docosa-5,8,11,14-tetraenoic acid. The major species at pH 7.3. It arises from a hydride transfer of a hexadecanedioic acid to a coenzyme A. It contains a 4-methylbut-3-en-1-yl group (1-). There is a tautomer of a 3- [(4S) -4-methylbutanoyl] -4- [(1E, 6E) -"
788,"is a 3-hydroxy fatty acid ascaroside obtained by formal condensation of the alcoholic hydroxy group of (3R) -3-hydroxyhexacosanoic acid with ascarylopyranose (the alpha anomer). It is a metabolite of the nematode Caenorhabditis elegans. It has a role as a Caenorhabditis elegans metabolite, a mouse metabolite and a rat metabolite. It derives from an ascr # 15 and a pristanic acid. It belongs to a group of 3-hydroxytetracosanoic acids and a series of 4-O- (3-hydroxynonanoyl) -beta-D-glucopyranosyloxy-2-acetamido-2,3-dideoxy-6-O-sulfo-alpha-L-threo-hex-4-enopyranos-5-enoate derivatives. It arises from a conjugate acid of a bhos # 15 (1-). A is also a major component of a sample taken from the urine of a patient with mucopolysaccharidosis type I (Maroteaux-Seip et al."
789,"SUMMARY: The molecule is a zwitterion obtained by transfer of a proton from the carboxy to the amino group of (S) -2-hydroxy-3-methylglutaric acid; major species at pH 7.3. It has a role as a human metabolite. It is an enantiomer of a (R) -2- (1H-imidazol-1-yl) -3-methyl-3- (2-oxo-2,3-dihydrobenzo [b] [1,4] oxazin-5-ylidene) propanoic acid zwitterions. It derives from a glutarate and a (2S, 3S) -2,3-dihydroxy-2- (methylsulfanyl) -3- (methylsulfinyl) butanedioic acid. It contains a L-threo-2-hydroxymuconate semialdehyde (1-). It belongs to a group of zwitterions that is derived from a (2R, 3R) -2,3,5-tridehydro-D-erythro-hex-4-enoate. It consists of a conjugate base of a levothyroxine (1 +). One of a subset of thyroid hormones secreted by the thyrocytes in response to thyroid hormone deficiency. It represents a tautomer of a free thyroxine. It arises from a lithium"
790,"MATERIALS AND METHODS: The primary structure of the sphingoid obtained by formal condensation of the carboxy group of sphingosine with the amino group of 1-hydroxypentadecanoic acid. It has a role as a mouse metabolite. It is a sphingoid and an omega-hydroxy fatty acid 36: 0. It derives from a sphingosine and a 16-sphingenine. It represents a conjugate base of a 1-hydroxysphinganine (1 +). It arises from a tautomerisation of a 1- [(5Z, 8Z, 10Z, 13Z) -hexadecatrienoyl] -sn-glycero-3-phospho-L-serine zwitterion. It originates from a hydride of a sphingan-4-en-1-ol. It belongs to a class of sphingolipids that is sphinganine 18: 0 in which one of the hydrogens attached to the nitrogen atom is replaced by a hydroxy group. It may be a metabolite of Niemann-Pick disease type C. It contains a phytosphingosine 1-phosphate (1-) .It is also a tautomer of a 15-methylhexadecanoyl-alpha-D-ergostaphyt-5-enine-3beta-phosphate zwittercation."
791,"(3-hydroxyacyl-CoA) results from the formal condensation of the thiol group of coenzyme A with the carboxy group of 3-hydroxypentanoic acid. It has a role as a human metabolite and a Saccharomyces cerevisiae metabolite. It is a conjugate acid of a 3-hydroxy-3-oxopentanoyl-CoA (4-). It derives from a coenzyme A. It is an enantiomer of a 3- [(S) -3-hydroxyoctanoyl] -CoA thioester arising from a hydride transfer from a (R) -3- [(2S) -2-hydroxyoct-2-en-1-yl] propanoic acid to a cis, cis-muconic semialdehyde. It arises from a medium-chain fatty acid CoA (5- < or = C (10) - > C (11)) -CoA. It belongs to a class of hydroxymyristoyl-CoA derivatives that is formed by condensation of all-cis-5-tetradecenoic acid with coenzyme A. It represents a member of hydroperoxyoctadecanoic acids and a secondary allylic alcohol. It originates from a trans-7-methylheptadec-4-enoic acid. Its conjugate acid is a tautomer of a 3,5,3 '-tri"
792,". It has a role as a Saccharomyces cerevisiae metabolite. It is a conjugate acid of a 4-hydroxy-3-methylbut-2-en-1-ol (1-). It derives from a hydride of a 1,4-benzenediol. It represents a tautomer of a 4,4 '-dihydroxy-3,3', 5,5 '-tetrahydroxybiphenyl-2,2' -diol zwitterion. It contains a 4- (hydroxymethyl) -2-methyl-5-oxo-1,2-dihydrobenzo [b] furan-2,3-dicarboxylate (2-) and a 3,4-dihydroxy-2,5-dimethyl-4,5-dihydro-1,3-oxazin-6-ium (3-) .2H (2) O-anion. It arises from a tautomerisation of a 4,6-dihydroxy-3,5- (methylenedioxy) -2,2-dimethyl- [1,2,4] triazolo [4,3-a] pyrimidin-1 (3H) -one. It relates to a proton transfer from a deprotonation of a hydroxy group to a tertiary amino group at the 4-position of a tetrabromocycloheptane. It may be a major species at pH 7.3 (according to Marvin v 6.2.0.); it is an enantiomer of a 3,5"
793,". is a member of the class of imidazoles that is imidazole in which one of the hydrogens attached to the nitrogen is replaced by a 2-hydroxyethyl group. It has a role as a plant metabolite. It derives from a hydride of an imidazole. It is a conjugate acid of a 1-hydroxyethyl-2-imidazolidine-3,5-dione (1-). It arises from a tautomerisation of a 4-hydroxy-1H-imidazole-5-carboxylic acid zwitterion. A tautomer of a 3-ethyl-3- (ethylsulfanyl) -1H-imidazol-1-ium. The major tautomer at pH 7.3 it is a mixture of two tautomers: one arising from proton transfer from the imidazole ring to the exocyclic amino group and the other from proton loss from the carboxy group; it is assumed to be the major species in vivo. It contains a free base (1 +). There is a strong correlation between the pKa value of a compound and its ability to act as a human urinary metabolite of a drug (r = 0.999, p < 0.001). This is a tautomer is a derivative of a non-steroidal anti-inflammatory drug- (NSAIDS) and a drug used for the treatment of"
794,": A pentacyclic triterpenoid isolated from the aerial parts of Celastrus orbiculatus. It has a role as a plant metabolite. It is an acetate ester, a cyclic terpene ketone, a diol, a primary alcohol and a member of furans. It derives from a 3-hydroxy-4-methylbut-2-en-1-one. It arises from a hydride of an oleanane. It contains a beta-D-glucopyranosyl- (1- > 2) -alpha-L-arabinopyranosyl residue attached to a 3beta-hydroxyurs-12,13 (18) -dien-28-oic acid via a glycosidic linkage. It represents a tautomer of a 3beta, 5alpha-diacetoxy-3beta- [(1R) -1-hydroxyethyl] ursolic acid zwitterion in which it is tautomerised to a 4alpha-hydroxyursolates by loss of a hydrogen from each of the hydrogens at positions 17 and 20. It also contains a 1,2-dideoxy-6-O-methyl-2,3-dioxo-3,7-dioxabicyclo [3.2.1] heptan-9-ene-3beta-yl acetate (1 +). It may be a conjugate acid of a 3alpha, 5alpha"
795,". It is a phosphatidylcholine 34: 1 in which the acyl groups specified at positions 1 and 2 are octadecanoyl and (9Z, 12Z) -octadecadienoyl respectively. It has a role as a mouse metabolite. It derives from an octadecanoic acid and an all-cis-docosa-9,12,13-tetraenoic acid. It represents a tautomer of a 1,2-dioleoyl-sn-glycero-3-phospho- (7Z, 10Z, 13Z, 16Z, 19Z-docosahexaenoyl) -sn-phosphocholine zwitterion. It arises from a deprotonation of a 1-stearoyl-2-oleoyl-rac-7-methyl-5,8,10,13,16,19-hexahydroperoxy-5Z, 8Z, 11Z, 14Z-hexadecatriacontatetraenoic acid zwittercation. It comes from a 6-methylheptadec-9-ene-2,2,4,6,8-pentakisapentaenoyl-l-ic acid. A direct consequence of a proton-coupled transport of two protons from the phosphate group to the amino group of each of the two acylethanolamines is suggested by van der Waals' s equation. It"
796,"is a member of the class of sulfamic acids that is sulfamic acid in which one of the hydrogens attached to the nitrogen is replaced by a 4-chlorophenyl group. It has a role as a marine xenobiotic metabolite. It is a conjugate acid of a 3-chloro-4-methylphenylsulfamate (1-). It derives from a sulfuric acid. It arises from a tautomerization of a 3- (4-chlorophenyl) -4- (methylsulfonyl) -2-methyl-1-propanesulfonic acid zwitterion. The major tautomer at pH 7.3 it is a tautomer of a N- (2-chlorophenyl) -4-methylsulfonatopyrazine-3-sulfonate. It contains a 3- {4-methoxybenzenesulfonyl} -2-methylpropanesulfonate. It represents an enantiomer of a (+) -3-methoxy-4- [(S) -1-methylethyl] pyrazino [1,2-a] oxazol-5-ium-7-sulfonate zwitterIon. It originates from a hydride of a 2- (p-toluenesulfonamido) propane-1,3-diol. It consists of a zwitteration of a sulfamate zwittertadecarboxylate. One of a set of three related sulfamic"
797,") in the urine of patients with bladder cancer. It has a role as a diagnostic agent. It is a member of xanthines, a primary amino compound and a secondary amino compound. It derives from a 5-hydroxy-7-oxo-5,6,7,8-tetrahydrobenzo [g] quinolizin-2 (1H) -one. It arises from a tautomerization of a 5- [(3-aminopropyl) amino] -7-hydroxynaphtho [2,3-d] furan-2-amine zwitterion. It contains a 1- [3- (acetylamino) propyl] -5-hydroxybenzobicyclo- [2.2.1] heptane-1-ium-2,9-diolate. It represents a tautomer of a 56- [(methylamino) propylamino] -6-oxochromeno [3,2-b] [1,4] oxazin-10 (6H) -ium. It originates from a hydride of a 5,7-dihydroxy-7- (4-aminophenyl) -5,6,7,8,10,10a-hexaazacyclo [4.3.1.0 (2,6)] octa-deca-6-ene-8-olate. The major tautomer is a conjugate acid of a urocanic acid. It"
798,"înement. It has a role as an Escherichia coli metabolite and a mouse metabolite. It derives from a pantothenic acid. It is a conjugate acid of a (R) -3-hydroxy-4-methylpantoate (3-). It comes from a hydride of a pantoic acid. There is a tautomer of a 3-hydroxypantothenate zwitterion in which one of the hydrogens of the 3-hydroxy group has been replaced by a proton. It contains a (3R, 4S) -3,4,5,6-tetrahydroxy-5-methyl-2-oxocyclohex-1-en-6-yl group (2-). The major tautomer is a (2R, 3S) -3- (hydroxymyristic acid) -4-hydroxypantanoyl-3-deoxy-alpha-D-manno-octulosonate (4-). A minor tautomer a (1-) is also a (1R, 2S) -2-hydroxy- (3-hydroxylaminomethyl) -5-methylpentanoylpropanoic acid zwitterions are both present in a ratio 1: 1. It may be a precursor of vitamin B (12) biosynthesis. It can be used as a precursor for the"
799,"(3-deoxy-D-manno-oct-2-ulosonic acid). It has a role as an Escherichia coli metabolite and a mouse metabolite. It derives from a D-mannose. It is a conjugate acid of a 2,3-dideoxy-3-O-methyl-alpha-L-threo-hex-4-enopyranuronate- (1- > 4) -D-glucose (4-). it is an enantiomer of a 3 ', 5' -di-dehydro-3 '-deoxy-6' -O- [(2R) -2-hydroxyethyl] -3-deoxy- [(3R) -3-hydroxy-6- (hydroxymethyl) hexopyranosyl] -D-mannopyranose. It represents a tautomer of a 3- (R) -3 ', 5- (S) -dimethyl-3,5-dihydroxy-6-oxo-6,7,8,9-tetrahydropyrano [2,3-f] quinazoline-2,4 (1H, 6H) -dione zwitterion. It arises from a proton transfer from a hydroxyl group to the keto group of a 3,6-dihydroxyheptulose 7-phosphate. It belongs to a class of pyranoses that are pyranoses in which the pyranose ring is pyranose form"
800,". is a member of the class of xanthones that is 9H-xanthen-9-one substituted by hydroxy groups at positions 1, 3 and 6 and a methyl group at position 2. It has a role as a plant metabolite. It derives from a hydride of a 9,10-anthraquinone. It is a conjugate acid of a kaempferol 7-O-beta-D-glucoside (1-). It represents a tautomer of a quercetin 7-O- (alpha-L-rhamnopyranosyl- (1- > 2) -beta-D- + + +) -D-glucopyranoside zwitterion. It arises from a tautomerism of a hesperetin 7-0- (alpha / beta) -rhamnoside B. It is an enantiomer of a flavonol 7- (beta / alpha) -rutinoside. It consists of a dihydromyriflavonol 7-0 (1,1 '-biphenyl-4,4' -diol) -7-olate. It belongs to a group of xanthone derivatives. It contains a free hydrogen at position 1 and a keto groups at position 3 and a hydroxy groups attached to positions 6 and 2 respectively. It originates from a dihydronaphtho [2,3-b] pyrano [3,2-c] furan"
801,"(3-deoxy-D-manno-oct-2-ulosonic acid). It has a role as an Escherichia coli metabolite and a mouse metabolite. It derives from a D-mannose. It is a conjugate acid of a 2,3-dideoxy-3-O-methyl-alpha-L-threo-hex-4-enopyranuronate- (1- > 4) -D-gluconate (2-). it is an enantiomer of a 2,5-dihydroxy-6-oxopentanoic acid 3- [(S) -2-hydroxy-5-oxo-4,5-dihydro-1H-pyrrolo [2,3-f] quinolin-7-yl] onate. It represents a tautomer of a 2,3,5-trideoxy-6- [(3S) -3-hydroxyhexanoyl] -D-mannose zwitterion. It arises from a proton transfer from a deprotonation of a keto group to a hydroxy groups of the pyranuronic acid moiety. A major tautomer at pH 7.3 (according to Marvin v 6.2.0.); a minor tautomer also at pH 7.2 (after subtracting the proton from a hydroxy group of a 3,6-dideoxy- [(2S, 3R) -3- (hydroxymethyl) -5-"
802,". The molecule is a member of the class of xanthones that is 9H-xanthen-9-one substituted by hydroxy groups at positions 1, 3 and 6 and a prenyl group at position 2. It has been isolated from the aerial parts of Cratoxylum cochinchinense. It derives from a hydride of an oxacycle. It is a conjugate acid of a (3R, 4S, 6S) -3,6,8-trihydroxy-9H- [1,3] dioxabicyclo [3.2.1] heptane-2,9-dione (1-). It arises from a tautomerisation of a 2,3-dihydro-2,2 '-bixanthin-7-one. It represents a tautomer of a 9,10-dihydro- (1R, 3S, 6R) -9,10-dihydroxynaphtho [2,3-b] furan-7,9 (10H) -dien-1-one zwitterion. It differs from a similar compound found in the same plant species as well as in some other plants belonging to the family Apiaceae. It may be a precursor for the biosynthesis of phloroglucinol, which is believed to be responsible for the antileishmanial activity observed in the extract obtained from the leaves of"
803,"was the major fatty acyl-CoA (4-) obtained by deprotonation of the phosphate and diphosphate OH groups of (11Z, 14Z, 17Z) -icosatrienoyl-CoA; major species at pH 7.3. It is a conjugate base of an all-cis-icosa-11,14-dienoic acid. It has a role as a human metabolite and a mouse metabolite. It derives from an icosapent-1-enoyl chloride. It belongs to a series of docosanoyl-CoA thioesters that are formed by condensation of the thiol group of coenzyme A with the carboxy group of (8Z, 10Z, 13Z, 16Z, 19Z) -3-oxosta-8,10,13,16,19-pentaacosa-5,7,10,13-tetraenoic acid [corresponding to 11-oxo-eicosatrienoic acid (1Z, 2Z, 3Z, 4Z, 5Z, 6Z, 7Z, 9Z, 12Z-octadecatetraen-19-yl) -2-thioester]. It represents a member of mono-acyl-sn-glycero-3-phospho- (1 ') -propanoic acid (1-). It originates from an arachidonic acid"
804,"is a member of the class of dibenzofurans that is dibenzo [b, f] furan substituted by hydroxy groups at positions 1 and 2. It has a role as a human xenobiotic metabolite. It derives from a hydride of a dibenzofuran. It is a conjugate acid of a 1-hydroxypentacyclo [2.2.1] heptane-2,3-diol (1-). It represents a tautomer of a 1,2-dihydronaphthalene-2,7-diol zwitterion. It contains a hydroxy group at position 1 and a 2-hydroxy-3-methylbut-2-en-1-yl group attached to each of the two rings via a C-H... O hydrogen bond. The tautomer is a major species at pH 7.3. It arises from a tautomerization of a di-ortho-dichloro-diphenyl-1,2-dihydro-1,3,5-triethanetricarboxylate. It may be a result of a reaction between a dichloropentacyclohex-6-ol and a hydroxide. It belongs to a class of monoisopropoxybenzenes and is a primary alcohol. It consists of a tautomers of a 1,2- dihydr-oxy-3,7-difluorenecarboxylic acid. It"
805,". is a member of the class of xanthones that is 9H-xanthen-9-one substituted by hydroxy groups at positions 1 and 2 and a methyl group at position 6. It has a role as a plant metabolite. It derives from a hydride of a 9,10-anthraquinone. It is a conjugate acid of a 2,3-dihydronaphthalene-1,4-diol (1-). It represents a tautomer of a 1,2-dihydro-9,10-epoxyanthracene-1,7-diol zwitterion. It arises from a tautomerisation of a 3,6-dimethylanthranilate. It contains a hydrate of a 2,6,8-trihydroxanthranilic acid. It consists of a tautomeric mixture of a 1,5-dihyroxanthranil-1,7- (3-methylbut-3-en-1-yl) -9,10-dihydroanthracene-1,3-dione zwitterions. It reflects a tautomerization of a 1,8-dihydroxypyrene-1,7,10-triol zwittercation. It may be an enantiomer of a 2,4-dihydrophthalazobenzene-1,6,7-triol. It originates from a free phloroglucinol, a tautomers of which are also derived from a phlorizin."
806,"Cer (d18: 1 / 20: 0) in a patient with Niemann-Pick disease type C. It has a role as a mouse metabolite. It derives from a 20-hydroxyeicosatetraenoic acid. It is a conjugate acid of a 22 (R) -hydroxy- (6Z, 9Z, 12Z, 15Z) -eicosatetraenoate. It comes from a hydride of an all-cis-docosa-6,9,12,14,15-pentaen-1-oic acid. it is an enantiomer of a 27 (S) -hydroperoxytetracosanoyl-sn-glycero-3-phospho-L-amino acid zwitterion. It arises from a condensation of an alpha-linolenic acid and an 18-hydroxyergosta-4,7,10,14-tetraenoic acid at one end of a branched-chain fatty acid. A major metabolite of Gaucher disease. It may be a useful biomarker for monitoring disease progression and response to therapy."
807,"(3-hydroxydecanoyl) -CoA was obtained by formal condensation of the thiol group of coenzyme A with the carboxy group of (3Z, 7Z, 10Z, 13Z, 16Z) -docosapentaenoic acid. It has a role as a human metabolite. It is a long-chain fatty acyl-CoA and a 3-hydroxy fatty acyl thioester. It derives from an all-cis-docosa-3,7,10,13,16-pentaenoic acid. it is a conjugate acid of a 3- [omega- (5Z, 8Z, 11Z, 14Z, 17Z) -3-hydroxydocosapentaenoyl] -CoA (4-). It arises from a condensation of a coenzyme A and a (6Z, 9Z, 12Z, 15Z, 18Z, 21Z, 24Z, 27Z, 29Z, 30Z) -3Z-tetracosahexaenoyl-CoA"
808,"RESULTSIA: The molecule is a sesquiterpenoid alkaloid isolated from the aerial parts of Ajuga bracteosa. It has a role as a plant metabolite. It is an acetate ester, an organic heteropentacyclic compound, a secondary alcohol, a tertiary alcohol and a sesquiterpene alkaloid. It derives from a hydride of an abietane diterpenoid. An enantiomer of a (-) -aristolochin A. It is a conjugate base of a 3beta, 7alpha-dihydroxy-8-methylabieta-8,11,14-trien-2-one (1 +). It arises from a tautomerisation of a 3alpha, 8beta-dihydr-oxy-5alpha, 8alpha-epoxy-9,10-secoergosta-7,9 (11), 22-diene-3beta, 28-diol zwitterion. It represents a major species at pH 7.3 (according to Marvin v 6.2.0.). Its conjugate base is a member of a tiglic acids. It belongs to a group of dihydroergostanes that is substituted by methyl groups at positions 3, 4, 6, 7 and 8 and a hydroxy group at position 5. It contains a quaternary amino group. It"
809,"Cer (d18: 1 / 0: 0) in a patient with Niemann-Pick disease type C. It has a role as a mouse metabolite. It derives from an oleic acid. It is a conjugate acid of a 22-hydroxydocosenoyl-beta-D-galactosyl- (1 < - > 1 ') -N-acylsphingosine (1-). It comes from a hydride of an octadeca-9,12-sphingadienine. A tautomer of a 26-hydroxyergosta-5,8,11,14-tetraenoic acid zwitterion. It arises from a transfer of a proton from an inositol to the ceramide N-hexacosanoyl group (1' -hydroxypentadecanoyl-sn-glycero-3-phospho-alpha-D- (1- > 2 ') -D-glucosaminyl- (6Z, 7Z, 10Z, 13Z, 16Z, 19Z, 22Z, 25Z) -octacosapentaenoyl moiety); it is not a direct result of a change in the pH of the medium. It belongs to a group of ceramides that are zwitterions of a tetracosanoic acid and an all-cis-docosa-4,7,"
810,"SUMMARY: The molecule is a zwitterion obtained by transfer of a proton from the carboxy group to the amino group of (+ / -) -deacetoxycephalosporanic acid. It is the major species at pH 7.3. It has a role as an antimicrobial agent, an antifungal agent and an antibacterial drug. It derives from a cephalosporin C (1 +) .2. It is a tautomer of a cephamycin C. It is an enantiomer of a (S) -cephamycin A. It is considered to be a conjugate acid of a ceftizoxime (1-). It arises from a hydride of a beta-lactam (2 +). A conjugate anion of a cephalothin B. It is one of the four major species of cephamycin antibiotics that are present in the culture broth of Citrobacter freundii; it is also found in the urine of patients with urinary tract infections caused by Gram-negative bacteria such as Escherichia coli, Klebsiella pneumoniae and Proteus mirabilis. It carries a 3-amino-3-deoxy-alpha-L-threo-hex-4-enopyranuronosyl- (1- > 2) -beta-D-manno-oct-2-ulosonic acid (2-) (4-)."
811,". It derives from a linoleic acid. It is a conjugate acid of a (6Z, 9Z, 12Z, 15Z) -octadecatrienoate. It has a role as a human xenobiotic metabolite and a Saccharomyces cerevisiae metabolite. It arises from a hydride of an octadeca-6,9,12,15-tetramethylhexadeca-2,4,6,10-tetraenoic acid. The product of the oxidation of linoleic acid to carbon dioxide. It contains a (7Z, 10Z, 13Z, 16Z, 19Z) -3-oxododecatrienoic acid (1-). A homologue of all-cis-docosa-7,10,13,16,19-pentaenoic acid which is also produced by mammalian cells. It may be a precursor of prostaglandins E2, F2 alpha, and F2alpha. It does not cross-react with antibodies raised against all-trans-docosenoic acid or other polyunsaturated fatty acids. It represents a tautomer of a prostaglandin E2 zwitterion. It consists of a bicyclo [6.1.0] heptadec-6-ene-3,9-diol zwitterionate. It corresponds to a proton of a 2-oxo-18: 1 (11Z, 14Z, 17Z, 20Z"
812,"CONCLUSIONS: The results of this study suggest that there is a correlation between the levels of IL-6 and IL-8 in gingival crevicular fluid. It has a role as an anti-inflammatory agent and a human xenobiotic metabolite. It is a member of benzenes, a primary amino compound and a secondary amino compound. It derives from a hydride of a 1,4-benzoquinone. It represents a tautomer of a 4-hydroxy-3-methylbut-2-en-1-yl-1H-pyrrole-2,5-dione zwitterion. It arises from a tautomerisation of a 3,4-dihydronaphthalene-1 (2H) -furan-2 (3H) -one. It may be a conjugate acid of a 4- (4-hydroxyphenyl) -3-methyl-5-oxo-2,3-dihydropyrano [3,2-c] pyrrole-2,6- (1H) -xanthen-6-olide-7-olate. It originates from a hydrogen bonding of a keto-beta-D-glucosiduronic acid to a free alpha-L-rhamnoside. A tautomer is also a tautomers of a 3- (p-hydroxybenzoyl) -1,2-dihydro-4H-pyran-4-"
813,". It is a hydroxy monocarboxylic acid, a member of phenols and a secondary alpha-hydroxy ketone. It derives from a 4-hydroxybenzoic acid. It has a role as a human xenobiotic metabolite and a mouse metabolite. It arises from a hydride of a 1,4-benzenediol. It contains a 3-hydroxy-4-methylbut-2-en-1-yl group. It represents a tautomer of a 3- (3-hydroxyphenyl) propanoic acid zwitterion arising from a proton transfer from a sulfo group to a carboxylic acid group; it is a conjugate base of a 3,4-dihydroxymalonato-2,4,6-trideoxy-6-O-sulfo-beta-L-threo-hex-5-enopyranosyl-D-glucuronic acid. A source of vitamin K (1 +). It originates from a 2,3-dihydroxy-4- [(3S) -3-hydroxyprop-3-enoyl] butanoyl] -L-threonine. It may be a conjugate acid of a 3,3- (3,5-dihydroxypropionyl) -4-hydroxybutyrate- (S) -1,2-didehydro-6- [(3R) -3 '-hydroxypropionyl] -D-glucuronate"
814,"SYNTHESIS: The molecule is a member of the class of xanthones that is 9H-xanthen-9-one substituted by hydroxy groups at positions 1, 3 and 7 and a methoxy group at position 2. It has been isolated from the aerial parts of Celastrus orbiculatus. It derives from a hydride of an xanthan. It is a conjugate acid of a celastrol (1-). It arises from a tautomer of a 9,10-dihydro-9H- [1,3] dioxolo [4,5-g] xanthene-1,8 (6aH) -dione zwitterion. It contains a 1,2-dihydroxy-3-methylbut-6-en-1-yl group. It may be an enantiomer of a neocladalic acid. It originates from a condensation of a beta-D-glucose with alpha-L-rhamnoside. It possesses a potential anti-HIV-1 and anti-HSV-2 activity. It also has a role as an anti-AIDS agent and a plant metabolite. It belongs to the xanthones and a polyphenol family. It consists of a secondary alcohol and a monosaccharide derivative. It comes from a reaction between a 3beta-hydroxy-5alpha-ursolic acid"
815,"POINT IDENTIFICATION: It has a role as a mouse metabolite. It derives from a histidine. It is a tautomer of a 3-amino-4-hydroxy-5-methyl-2-oxocyclohex-1-enecarboxylic acid zwitterion arising from transfer of a proton from the carboxy group to the amino group; it is an enantiomer of a (+ / -) -3-amino- [(3S, 4S) -pyrrolidin-3-yl] -4-hydroxybutanoic acid. It contains a (3R, 4aS) -2-hydroxymyristic acid and a (3aR, 4R) -1-hydroxypyrrolidine-2,4-dicarboxylate (1-). It belongs to a class of N-acyl-L-alpha-amino acids. It consists of a tautomers of a N- (3-ammoniopropyl) -L-alaninium and a N-propionyl-D-alaninate zwitterions. It originates from a hydride of a cyclo-hexanedioic acid. The major tautomer is a conjugate acid of a 3- (R) -aminopropyl-4- (S) -hydroxy-5- (S-methylsulfonyl) butanoate. It"
816,"). It is a branched-chain saturated fatty acid that is heptadecanoic acid in which one of the terminal methyl hydrogens has been replaced by a hydroxy group. It has a role as a human metabolite and a Saccharomyces cerevisiae metabolite. It derives from a heptadec-9-enoic acid. It represents a conjugate acid of a heptadecanoyl-7-hydroxyheptadecanoate (1-) .It is an enantiomer of a heptanoyl-3-hydroxyoctanoate. It comes from a hydride of a long-chain fatty acid. A tautomer of a hexadec-8-enoate zwitterion. It contains a 7-hydroxy-2-methylheptadecane-1,12-diyl moiety. It arises from a tautomeric relationship between a heptacosanoic acid and a 6-hydroxymyristic acid. The tautomer is a tautere of a 5-hydroxypymyristoic acid zwittertout of a hydromyristate of a pentaerythritol. It may be derived from a hymetropyristates of two myristic acids, one of which are substituted by hydroxy groups at C-1 and C-2. It carries a hydroxy groups"
817,"is a member of the class of corticosteroids that is fluticasone propionate in which the 17-hydroxy group has been oxidised to the corresponding carboxylic acid. It is used for the treatment of asthma and chronic obstructive pulmonary disease (COPD). It has a role as an anti-asthmatic drug, a bronchodilator agent, an antiallergic agent, a corticosteroid, a non-steroidal anti-inflammatory drug and an EC 1.14.99.1 (prostaglandin-endoperoxide synthase) inhibitor. It contains a fluticasone Propionate. It derives from a hydride of a 5beta-pregnan-3,20-dione. It arises from a conjugate acid of a beclomethasone 17,21-dipropionate; it is an enantiomer of a 17alpha-flupentitanol- (4-fluoro-3-phenyl) -3-oxo-5alpha-pregnane-3beta, 20-diol 1,1-bis (trifluoromethyl) -trans-cyclohexane 1,1-dicarb-2-oate. It represents a tautomer of a chlorfenapyramine zwitterion. It differs from a similar compound in terms of the number of fluorine atoms attached to the steroid nucleus (one or two) and the position of the double bond between the A / B rings (all three fluorine atoms"
818,". The molecule is a triacyl-sn-glycerol in which the acyl groups at positions 1, 2 and 3 are specified as stearoyl, oleoyl and linoleoyl respectively. It has a role as a mouse metabolite. It derives from an octadecanoic acid, an oleic acid and an linoleic acid. It is a conjugate acid of a 1-stearoyl-2- (oleoyl) -sn-glycero-3-phospho- (1 '-rac-glycerol) (1-). It represents a tautomer of a 1,2-distearoyl- (6Z, 9Z, 12Z) -octadecatriacontahexaenoic acid zwitterion. It comes from a hydride of a linoleoyl-1,2,3-trioleanylglycerol. It contains a stearoyl group. It arises from a cis-6-octadecenoyl-L-threo-hexacosanoyl-D-erythro-hexadec-6,9,12,15-tetraenoic acid. A tautomer is a member of a 1,3-dioleoyl- (7Z, 10Z, 13Z, 16Z, 19Z, 22Z, 25Z, 29Z, 31Z, 32Z, 42Z, 44Z, 46Z, 53"
819,"ós. (ABSTRACT TRUNCATED AT 250 WORDS) LEVELS OF EVIDENCE FOR THE RANDOMIZED METHOD: It is a tautomer of a 3,4-dihydronaphthalen-1-ol. It derives from a hydride of a naphthalene. It is an enantiomer of a 2,3-dihydro-4-hydroxy-6-methyl-5-oxo-1,2-dihydrobenzo [b] furan-3-carboxylic acid. It has a role as a human xenobiotic metabolite. It contains a (3R, 4S) -3,4-dihydroxy-6,7-dimethyl-2-oxopentanoic acid (1 +) and a (3S, 4R) -3-hydroxymyristic acid (1-). It arises from a conjugate acid of a 3- (3,4-dihydroxyphenyl) -2- (methylsulfonyl) propanoic acid zwitterion by a tautomerisation of a (2R, 3S) -3- (hydroxymethyl) -2-methylbutane-1,4,5,6-tetrahydro-2H-pyrano [3,2-f] isochromen-7-yl) propanoate. It represents a major species at pH 7.3 (according to Marvin v 6.2.0.). The relative abundance of the two diastereoisomers is about 1: 1. It"
820,"luteolin 7-O-beta-D-glucoside at pH 7.3. It has a role as a plant metabolite. It is a trihydroxyflavone and a glycosyloxyflavone. It derives from a 3 ', 4', 5,7-tetrahydroxy-6-methoxy-2 ', 3' -biphenyl-4-yl) -2,3-dihydro-1 H-pyran-5-one. it is a conjugate acid of a kaempferol 3-O- [alpha-L-rhamnopyranosyl- (1- > 2) -beta-D-] -D-glucoside (1-). It comes from a hydride of an oxypyrazolo [3,4-g] chromen-4 (1H) -one. It belongs to a class of flavonols that is substituted by hydroxy groups at positions 3, 4 and 7 and a prenyl group at position 8. It originates from a quercetin. It represents a tautomer of a myricetin 3 '-O-rutinoside zwitterion. It arises from a transfer of a proton from a myo-inositol to the pyranose ring of a rhamnosyl residue of a flavonoid 3' -5 '-feruloylsophoraflavanone 3' -6 '-sulfate. It corresponds to a taut"
821,". is a member of the class of xanthones that is 9H-xanthen-9-one substituted by hydroxy groups at positions 1, 3 and 6 and a methyl group at position 2. It has a role as a plant metabolite. It derives from a hydride of a 9,10-anthraquinone. It is a conjugate acid of a kaempferol 7-O-beta-D-xylopyranosyl- (1- > 2) -alpha-L-rhamnoside (1-). It represents a tautomer of a quercetin 7-O- (1 +) -1,2-dihydroxynaphthalene-3,6,8-trisulfonate zwitterion. It arises from a tautomerisation of a flavonol 7,3 ', 4' -trihydroxy-9,5 '-dimethyl-1,6a, 8,8a-tetrahydro-8H-furo [2,3-b] pyrano [3,2-g] chromen-7-one. It originates from a reaction of a hydrogen sulfide with an oxygen at position 6 of a hesperetin; it is a tautomeric form of a flavone 7,8-dihydronaphtho [2,3,4-cd] pyran-6,8 (7H) -dione. It contains a free sulfate. It"
822,"is an oleate ester resulting from the formal condensation of the carboxy group of oleic acid with the hydroxy group of (4Z, 7Z, 10Z, 13Z, 16Z) -docosa-4,7,10,13,16,19-hexaenoic acid. It has a role as a human xenobiotic metabolite. It derives from an oleic acid and an octadecanoate. It is a conjugate acid of a 4-oxo-9Z, 12Z, 15Z, 18Z-docosahexaenoyl-1-stearoyl-sn-glycero-3-phospho- (1- > 2) -ethanolamine (1-) .It is an enantiomer of a (4S, 8Z, 11Z, 14Z, 17Z, 19Z) -3-hydroxyicosapentaenoate. It arises from a deprotonation of a 3-hydroxy-12-oxododecanoyl-1,2-diglyceride. It represents a tautomer of a 3- (3-hydroxymyristic acid) -2-hydroxyhexadec-6-enoic acid zwitterion. It belongs to a class of omega-hydroxy fatty acids that is derived from an all-cis-omega- [4- (methylsulfinyl) phenyl] octacosanoic acid."
823,"SUMMARY: The patient is a member of the class of phenothiazines that is chlorpromazine in which one of the methyl hydrogens at position 3 has been replaced by a hydroxy group. It is a metabolite of chlorpromazine. It has a role as a marine xenobiotic metabolite, an environmental contaminant, a drug metabolite, a human xenobiotic metabolite and a mouse metabolite. It derives from a hydride of a phenothiazine. A conjugate base of a trifluoperazine (1 +); it is a tautomer of a trifluoropromazine zwitterion. It arises from a proton exchange between a hydroxyl group of a chlorpromazine and a hydrogen bonding to the phenothiazine ring. It contains a trifluoro-4-hydroxyphenoxazin-3-ium (1-). An enantiomer of a dichlorperazine (2 +). It does not contain a hydroxy groups at both positions 3 and 3 '(1 / 2 = 1). Cessation of exposure to chlorpromazine results in a reduction of the anti-psychotic properties of the drug. It may be a cause of extrapyramidal side effects such as tremors, akathisia, choreoathetosis, dystonias, and torsades de pointe. It also increases the risk of agranulocytosis and renal failure."
824,") is a dipeptide obtained by formal condensation of the carboxy group of L-tyrosine with the amino group of 2-naphthylamine. It has a role as a chromogenic compound. It is a tautomer of a N-acetyl-L-tyrosinamide zwitterion. It derives from a N- (2-naphthalenyl) -L-tyrosine and a 2- (4-hydroxyphenyl) -N-acetylanthranilic acid. It contains a 2-hydroxy-4-methylbut-3-en-1-yl group. It arises from a tautomerisation of a N- [(2S) -2-hydroxynaphthyl] -L-tyrosyl-2-aminonaphthalene-1- (1H-benzimidazol-5-yl) propanoic acid; it is a conjugate acid of a 3- [(4S) -4-methyl-4,5-dihydro-1H-1,2,4-triazol-6-yl] -2-oxopentanamide (1-). It differs from a 4- [(1S) -1-phenylethyl] -5- [(2R) -2- (4 '-hydroxyphenyl) acetamido] -3-phenylbutanoyl-beta-D-aspartyl-L- (1-- > 4) -beta-d-alanylalanine zwitter"
825,". is a member of the class of xanthones that is 9H-xanthen-9-one substituted by hydroxy groups at positions 1, 2 and 6 and a prenyl group at position 3. It has a role as a plant metabolite. It derives from a hydride of a 9,10-anthraquinone. It is a conjugate acid of a kaempferol 7-O-beta-D-apiofuranosyl- (1- > 2) -alpha-L-rhamnoside (1-). It represents a tautomer of an kaempferol 7- (p-coumaroyl) -2,3-dihydronaphtho [2,3-b] furan-4 (3H) -one zwitterion. It arises from a proton transfer from a kaempferol to a hydrogen atoms 3 and 5 of a hesperetin (2-). A tautomer exists in a mixture of kaempferol 3,6,8-trihydroxy-9,12-dioxo-9,10-dihydrodibenzo [a, d] pyrano [3,4-c] xanthene-2,4,6,8 (6H) -trione (1 +) and kaempferol 3,6-diacetoxy-1,2-dihydro-7H-furo [3,2-h] isochromen-7-one (2 +)"
826,"(4) [alpha-L-Fucp- (1- > 3)] -beta-D-GlcpNAc is a trisaccharide derivative obtained by deprotonation of the carboxy and phosphate OH groups of 2-acetamido-2-deoxy-6-O-phosphono-beta-D -glucopyranosyluronic acid; major species at pH 7.3. It has a role as an epitope. It is a member of acetamides, a secondary amino compound and a glycosylinositol phosphoceramide. It derives from a N-acetylglucosaminylphosphomannose and a 2,3-diacyl-sn-glycero-1-phospho- (4Z, 7Z, 8Z, 10Z, 13Z, 16Z, 19Z) -docosahexaenoyl-alpha-D- [6- (p-hydroxyphenyl) hexacosapentaenoyl] -D-glucopyranose. It represents a conjugate base of a 2- {[(1R) -1-hydroxy-3-phospho-1D-myo-inosityl] -2- (2,4,6-triisopropylphenyl) acetyl} -6-O- [2,6-dioxo-3- (tert-butyldimethylsilyloxy) -4,5-dihydro-1H-pyrrolo [3,4-c] quinolin-"
827,". The molecule is a member of the class of chlorobenzenes that is benzene substituted by chloro groups at positions 2, 4 and 6. It has a role as a xenobiotic metabolite. It derives from a hydride of a benzene. It is a conjugate acid of a 2,4,6-trichlorobenzene-1-sulfonate. It represents a tautomer of a 2,4-dichlorobenzene-6-sulfonate zwitterion. It arises from a proton transfer from a chloronitrobenzene to a sulfonate group. It contains a chloride (1-). It reflects a tautomerism of a 2,6-dichloro-4-hydroxybenzenesulfonic acid. It originates from an ortho- and meta-chlorobenzene-1,2-dicarboxylate. It can be a conjugate base of a 2,3,5-trichloro-4- [(trifluoromethyl) oxy] benzene-1,6- (1H) -dicarboxylic acid. As a result of a proton exchange between a chlorine and a sulfuric acid it is a major component of a herbicide metolachlor (1: 1 ratio). There is a rationale for its use as a soil conditioner and a herbicide. It comes from a one of two isomers of a mixture of chloropicolinic acid herbicides with different degrees of chlorination; it is"
828,". The molecule is a member of the class of benzamides obtained by formal condensation of the carboxy group of 2- (2,4-dichlorophenyl) -1H-benzimidazol-1-amine with the amino group of 2-naphthylamine. It has a role as a chromogenic compound. It is an imidazolidinone, a dichlorobenzene, a secondary amino compound and a benzamide. It derives from a 4-chloro-2-hydroxy-5-iodo-3-methoxybenzoic acid. It arises from a tautomerisation of a 4- [(2,6-dichloro-4-hydroxyphenyl) methyl] -2-naphthylacetic acid zwitterion. It represents a tautomer of a 2- [(2,4,6-trichloro-3,5-diiodobenzyl) oxy] -4-hydroxynaphthalen-1 (2H) -one. It originates from a hydride of a 2,3-dihydro-1H-benzo [e] [1,3] oxazin-6-ium. It contains a 3- (2,2,2-trifluoroacetamido) -3-methylbutanoyl-1- (2,5-dichlorobenzyl) -1,4-dihydroxy-7-oxo-3,4-dihydroquinazoline-2 (1H) -carboxylic acid. A conjugate acid of a 5- [("
829,". It has a role as a mouse metabolite. It is a conjugate acid of a uridine 5 '-monophosphate (2-). It derives from a hydride of an uridylic acid. It contains a 3' -azido-3 '-deoxythymidin-5' -phosphate (3-). A tautomer of a 6-amino-3-deoxy-beta-D-ribo-hex-5-enopyranos-4-ulosonic acid zwitterion with a proton at the 2-position of the uracil ring. It arises from a tautomerization of a UDP-N-acetylmuramoyl-gamma-L-lysyl-alpha-D, epsilon-diaminopimelate. It represents a major species at pH 7.3 (according to Marvin v 6.2.0.). There is a link between a human urinary metabolite of 4,6-diaminouractam V and an Escherichia coli urocanic acid auxotrophy. It may be a useful diagnostic tool for uropathogenic E."
830,"is a steroid acid anion that is the conjugate base of 20-hydroxy- (5Z, 8Z, 11Z, 14Z) -icosatetraenoic acid, obtained by deprotonation of the carboxy group; major species at pH 7.3. It has a role as a human xenobiotic metabolite. It is an omega-hydroxy fatty acid anion, a 3-oxo-Delta (1), Delta (4) -steroid, a 20-hydroxy steroid and a monocarboxylic acid anion. It derives from an all-cis-5,8,11,14-icosatrienoic acid. It comes from a hydride of an icosa-4,7,10,13,16-pentaen-19-oic acid. An enantiomer of a 5-oxo- (6Z, 7Z, 10Z, 13Z, 16Z, 19Z) -20-hydroxydocosa-6,8,10,14,14-tetraenoic acid (1 +). It contains a 20- (S) -hydroxyicosatetraenoate (1-). There is a 2: 1 ratio between the two hydroperoxy groups at the 17 (th) position (2S, 3S) and 20 (rd) positions (2R, 3R). Both are derived from a leukotriene C (20)"
831,"inea. It is a conjugate acid of a 6-deoxy-6-phosphonato-alpha-D-manno-oct-2-ulosonic acid (2-). It derives from a hydride of an 8-oxo-Delta (2), Delta (5) -heptadec-7-ene-2,6,8-trioic acid. It has a role as a human metabolite and a Saccharomyces cerevisiae metabolite. It represents a tautomer of a 4,6-dideoxy-6- [(3S) -3-hydroxy-3-methyl-4-oxobutanoyl] -alpha-L-arabino-hexopyranose zwitterion. It arises from a proton transfer from a hydroxymyristic acid to a carboxylic acid group at the 1-position of a pyranose ring; it is also a tautomerase of a 3,6-dideoxy- (6S) -6-deoxypseudoheptulose 1,7-bisphosphate. It may be a consequence of a reduction of the carbon-carbon bond between the two pyranose rings. It originates from a myo-inositol 3,4,5,6-pentakisodiphosphate (1- > 4) -D-fructofuranose. It contains a monosaccharide moiety (1-)."
832,". MATERIAL AND METHODS: The study was a case-control study conducted at the Faculty of Medicine, Cipto Mangunkusumo, Japan. It has a role as a mouse metabolite. It is an organochlorine compound and a secondary alcohol. It derives from a 3-hydroxy-4-methylbut-2-en-1-ol. It arises from a hydride of a (4Z, 7Z, 10Z, 13Z, 16Z) -docosa-4,7,10,13,16,19-pentaene. It contains a methyl group at position 3 and a methoxy substituent at position 17. It represents a tautomer of a 3alpha, 7beta, 12alpha-trihydroxy-5beta-cholestan-26-oic acid zwitterion. It consists of a 5alpha, 6beta-dihydroxy-3beta, 8alpha-epoxy-24-methylstigmasta-5,22-dien-28-yl-1,2-diacyl-sn-glycero-3-phospho-l-amino acid zwitterions. It can be a conjugate acid of a 3beta, 7beta- (methylenedioxy) -3alpha, 8beta, 10beta, 13- (trimethylsilyloxy) -20-oxocholest-"
833,"RESULTSIA: The molecule is a sesquiterpenoid alkaloid isolated from the roots of Ajuga bracteosa. It has a role as a plant metabolite. It is an acetate ester, an organic heteropentacyclic compound, a member of phenols, a tertiary alcohol and a sesquiterpene alkaloid. It derives from a hydride of an abietane diterpenoid. It contains a (2E) -2-methylbut-2-en-1-ol. It represents a conjugate base of a 2alpha, 5alpha, 8alpha-trihydroxyabieta-8,14-dien-28-oic acid (1 +). It arises from a tautomerisation of a 3beta, 6beta-dihydroxy-7,9-cyclobicyclo [3.2.1] hepta-2,4,8-trien-3-one zwitterion arising from a proton transfer from a carboxylic acid group to a hydroxy groups at positions 6 and 7. It appears to be a tautomer of a 3alpha, 4alpha, 7alpha, 8beta-tetrahydroxyabietic acid. It differs from a similar compound in terms of the absolute configuration of the 7,8-dihydro-7,8-seco-ent-kaurane ring system (syn.)."
834,". It is a trisaccharide derivative that is beta-D-galactose in which the hydroxy groups at positions 3 and 4 have been converted into the corresponding alpha-L-fucopyranosyl and 2-acetamido-2-deoxy-6-O-sulfo-beta- D-glucopyranosyl derivatives, respectively. It derives from an alpha-L- (6S) -Fucp- (1- > 3) -beta-D- (4-- > 4) -D-Glcp. It has a role as an anti-inflammatory drug, an antipyretic, an EC 3.2.1.17 (peptidyl-dipeptidase A) inhibitor, an antineoplastic agent, an apoptosis inducer, an antimetabolite, an anticoronaviral agent and an immunosuppressive agent. It arises from an alpha- (6S-) -Galp- (1-3) - [alpha-Neu5Ac- (2- > 6)] -beta-D: - GlcpNAc- (1- < = = = > 2) -alpha-LacNAc. It represents a conjugate acid of an O- [3- (4-hydroxy-3-methoxyphenyl) -1-phenyl-2,3-dihydro-1H-indolo [3,2-b] pyridin-5-yl] -L-threonate (1-"
835,". It has a role as a mouse metabolite. It derives from a hydride of an olefinic compound. It is a conjugate base of a trans-4-hydroxy-3-methylbut-2-en-1-one (1 +). It represents a tautomer of a cis-4,4 '-dihydroxy-2,2' -dimethylbutane-1,3-dione zwitterion. It arises from a proton transfer from a carboxylic acid to a 1,2-dihydronaphthalene-1,4-dione (1-) and a hydrogen bonding between the two oxygen atoms of a 2,3-dihydro-1,5-benzodioxol-5-one moiety. It may be a member of dihydrobenzofurans, a secondary allylic alcohol and a major metabolite of 2,3,7,8-tetrachlorodibenzo-p-dioxin. It originates from a tautomerisation of a 1,1 '-bis (3,5-dichloropentane-2,7-diyl) bis- (1H-indol-6-one) .2. It is an enantiomer of a 3,3' -iminodihydroobicyclo [2.2.1] heptane-5,5 '-diolate. It contains a 2,4-diacetoxy-2- (3-hydroxyphenyl) -2-deoxy-beta-L-threo-"
836,"(3). It has a role as a mouse metabolite. It is a conjugate acid of a 3- (4-hydroxy-3-methylbut-2-en-1-yl) -2-oxo-2,3-dihydrobenzofuran-5-sulfonate. It derives from a hydride of a benzo [c] phenanthridine. It represents a tautomer of a 2- (3,4-dihydroxyphenyl) -3-oxobicyclo [2.2.1] heptane-2,5-dione zwitterion. It contains a 3-O-sulfo-beta-L-threo-hex-4-enopyranuronosyl- (1- > 2) -beta-D-erythro-hexopyranuronosyl unit (1-). A major species at pH 7.3 (according to Marvin v 6.2.0.). There is a link between a group B flavonol (kaempferol) and a group I flavonols (myricetin, isorhamnetin, isoquercitrin) via a hydrogen bond between the hydroxy group at position 7 of the chromene ring and the carboxylic acid group at positions 3 and 6 of the benzopyran ring. It may be a source of reactive oxygen species involved in the formation of singlet oxygen. It"
837,". It has a role as a mouse metabolite. It derives from a tyrosine. It is a conjugate acid of a tyrosyl-3-hydroxy-4-methyl-5-oxo-3,4-dihydro-1H-pyrrole-2,5-dicarboxylate (2-). It arises from a tautomer of a L-tyrosyl- (3S, 4R) -3,4-dihydroxy-5- (hydroxymethyl) -4-methylpyrrole-2-carboxylic acid zwitterion. It contains a free hydroxyl group at the 3-position of the pyrrole ring and a free L-alpha-amino group; it is an enantiomer of a D-tyramine- (3R, 4S) -3,4,5-trihydroxy-5- [(5R, 6R) -3,5-dihydroxyhexadec-6-en-1-yl] -3-methylpyrrolo [2,3-d] pyrimidine-2,4-dicarboxylato-L-tyrosinate. It represents a major species at pH 7.3 (according to Marvin v 6.2.0.). There is a significant difference between the two isomers in terms of the absolute configuration at the C-terminal end of the molecule. It may be a consequence of a conformational change induced by protonation of the carboxy group on the side chain"
838,"ós. It has a role as an Escherichia coli metabolite and a mouse metabolite. It derives from a tryptophan. It is a conjugate acid of a 3-hydroxyanthranilate (1-). It comes from a hydride of an anthranilic acid. A tautomer of a 2-amino-3-hydroxy-4-oxopyrrolidine-5-carboxylic acid zwitterion arising from a proton transfer from a carboxy group to a hydroxypyrrolidin-1-yl group. It contains a 3- (3,4-dihydroxyphenyl) propanoic acid zwitterions. It belongs to a class of 1,3,5-trisubstituted pyrazoles that is derived from a 2,3-dihydro-1H-1,2,4-triazolo [4,3-a] pyrimidin-6-one. It arises from a tautomerisation of a N-acetyl-L-tryptophanolamine.It is the major tautomer at pH 7.3 (according to Marvin v 6.2.0.). There is a link between a kynurenic acid and a quinolinic acid. It can be used as a diagnostic tool for detection of inborn errors of metabolism. It may be a consequence of a deficiency of kynureninase activity. It concerns a possible use of this compound as a"
839,"). It has a role as an Escherichia coli metabolite and a mouse metabolite. It derives from a putrescine. It is a conjugate acid of a putrescine zwitterion. It arises from a hydride of a 1,4-phenylenediamine. A tautomer of a N (1), N (6) -di-O-acetyl-D-mannosaminyl-L-glycero-alpha-1,6-diaminopimelate. It contains a 2-amino-2,3-dihydro-1H-pyrrolo [2,3-f] indol-5-one (1-). The major tautomer at pH 7.3 (according to Marvin v 6.2.0.). There is a substantial change in the protonation state of a meso-2,6-dimethyl-4-oxo-1,2,3,4,5,6-hexahydro-2H-pyrimido [4,5-b] indole-1-ium (2-) when it is complexed with a pyridoxal 5 '-phosphate (3 +). This tautomer is also present in the free base of a vitamin B6; it is therefore it is considered to be the biologically active form of vitamin B6. It may be a precursor of all-trans-5,7,8,11,14-tetrahydro-6H, 7H-pyrido ["
840,". It has a role as a mouse metabolite. It derives from a tyrosine. It is a conjugate base of a 3-amino-4-hydroxy-5-methyl-2-oxocyclohexa-2,5-dien-1-one (1 +). It arises from a hydride of a cyclo-hexane-1,4-dione. It consists of a conjugate acid of a 3- [(1R) -1-hydroxyethyl] -3,4-dihydroxy-5- [(1S) -1 '-hydroxyethyl] cyclohex-1' -ene-1,2-dione (1-). A tautomer of a 2,3-dihydro-1H-indene-1,3-dione zwitterion formed by a proton transfer from the carboxy group to the alpha-position of the indol-3-yl ring. It represents a major species at pH 7.3 (according to Marvin v 6.2.0.); it is an enantiomer of a (2R, 3S) -3- [(1'R) -2 '-hydroxyiminomethyl] -5-methylindolin-6-one. It differs from a (2S, 3R) -3-acetamido-4- (1-hydroxyethyl) -5-ethyl-2,5,6,7-tetrahydro-3H-isoxazolin-3"
841,"OS. It is a conjugate acid of a 4-O-sulfo-alpha-L-fucopyranosyl- (1- > 3) -N-acetyl-beta-D-glucosaminyl tetrasaccharide in which the anomeric hydroxy group has alpha-configuration and the sulfate group has beta-configuration. It derives from an alpha-L- (2- > 6) -D-fucopentaose. It represents a tautomer of a 4,6-dideoxy-4-O- [(3S) -3-hydroxy-3-methyl-2-oxo-2,3-dihydro-1H-pyrrolo [3,4-c] pyridin-5-yl] -beta-D -glucopyranose zwitterion. It arises from a tautomerization of a 4,4,6-trideoxy-4,4-dimethoxy-3- (3-sulfopropyl) -2-oxocyclohexa-2,5-dien-1-ylidene-beta- D-glucuronic acid. It consists of a 5,6,7,8,9,10,10a-octahydro-1H, 8H-cyclopenta [cd] isoxazolo [4,5-f] isochromene-8-carboxylic acid zwitterions linked to a 4- (S) -sulfolactosyl residue at position 6."
842,"sul. It has a role as an Escherichia coli metabolite and a mouse metabolite. It is a conjugate acid of a 3-amino-3-deoxy-D-manno-oct-2-ulosonate 6-phosphate (2-). It derives from a hydride of a D-galacto-beta-L-gulopyranose. It contains a 3- [(S) -1-carboxyethyl] -2-oxo-2,3-dihydro-1H-inden-5-ylidene-1-yl] -L-glycero-alpha-1,4-diphosphogalactopyranose (1-); it is an enantiomer of a (R) -3-amino- (3-ammonio-3,6-dioxopiperazine-4-yl) -2-oxopentanoic acid 5-phosphate. It arises from a tautomerization of a phosphonohydroxamic acid zwitterion arising from a proton transfer from a phosphonic acid to a hydroxy groups of a D- and L-galacturonic acid. It represents a major tautomer of a phosphohydroxypyruvic acid, a member of 3-aminodioxopiperazines and a N-phosphono-O-phospho-O- (L-galactosyl) -D-"
843,"(3). The molecule is an organophosphate oxoanion obtained by deprotonation of the phosphate OH groups of 6-deoxy-D-manno-oct-2-ulosonic acid; major species at pH 7.3. It has a role as a human metabolite and a Saccharomyces cerevisiae metabolite. It is a conjugate base of a 6-deoxy- (3-O-sulfo-alpha-L-arabinopyranosyl) -2,3-dihydroxymyristic acid. It derives from a D-mannoheptose (2-). it is an enantiomer of a 6- [(3S) -3-hydroxy-3-oxoprop-1-enoyl] -D-mannuronic acid (1-). It represents a conjugate acid of a 6'S, 7'R-dihydroxy-3 '-deoxymyristate-2' -ulosonate (3-) .1D-myo-inositol 1,4,5,6-tetrakisphosphate (4-). There is an inverse relationship between the pH of the medium (pH 7.3) and that of the intracellular space (pH 7.4) (Roneil et al., Proceedings of the Royal Society of Graduate Encyclopedia of Naturally Occurring Microorganisms"
844,"RESULTS The molecule is a non-proteinogenic L-alpha-amino acid. It has a role as an Escherichia coli metabolite and a mouse metabolite. It derives from a L-serine. It is a conjugate acid of a N-acetyl-L-homoserine (1-). it is an enantiomer of a D-3-hydroxyhomoserine. It contains a 3-hydroxysaldopentanoyl group. It may be a tautomer of a N- (3-hydroxy-5-methyl-2-oxovaleric acid) -homoserine zwitterion. It originates from a hydride of a L- [3- (hydroxymethyl) -3-hydroxyprop-1-enoyl] -L-serines with a proton at the 4-position of a branched-chain amino acid moiety. It arises from a condensation of two molecules of homoserine with one molecule of ethanol. It reflects a tautomerism of a D- [3-OH-5 '-methylhomoserine] -5' -bifurcated with a hydrogen of a three-membered ring of the same size as that of the corresponding L-3, 5-dihydroxypipecolic acid zwittercation. It results from a reaction of a H (3) OH- ("
845,"x. It has a role as an Escherichia coli metabolite and a mouse metabolite. It is a conjugate acid of a 3-amino-3-deoxy-D-manno-oct-2-ulosonate (2-). It derives from a hydride of a D-galacturonic acid. It contains a 3- [(R) -1-carboxyethyl] -4,6-dideoxy-alpha-L-threo-hex-4-enopyranuronate- (1-) zwitterion. It represents a tautomer of a 2,3-didehydro-6-deoxymyristate-1-phosphate zwitteranion. It arises from a proton exchange between a proton of a 3,6-dideoxy- (S) -2-hydroxyhexos-5-enoate and a hydrogen of a 6-hydroxy-7-oxocycloheptane-1,7-dicarboxylate. It may be a major species at pH 7.3 (according to Marvin v 6.2.0.). There is a strong correlation between the degree of protonation of the carboxy group and the number of OH groups on the pyranose ring; it is therefore it is a base of a myo-inositol 3,4,5,6-pentakis-tetrakisphosphate."
846,"). It is a monocarboxylic acid and a member of acetamides. It derives from a 4-hydroxy-2-methylbut-3-en-1-ol. It has a role as an Escherichia coli metabolite and a mouse metabolite. It arises from a hydride of a (2E, 4E) -2,4,6-trimethylhexa-2,4-dienoic acid. It represents a conjugate acid of a 4,6-dimethyl-2- (p-hydroxyphenyl) -2-oxocyclohexa-2,5-dienoate (1-). it is an enantiomer of a 3,5-dinitrosalicylidenecarboxylatocarboxylate- (2S, 3S) -3,4-dihydroxytoluene-2,6-dicarboxylate. It contains a (2R, 3R) -3-hydroxymercurioyl group (1 +); it is a tautomer of a 3,4,5-trihydroxy-2,6- (methylenedioxy) tricyclo [4.2.2.2 (1,5)] oct-6-ene-2,3-dicarboxylic acid zwitterion arising from a proton transfer from a carboxylic acid to a hydroxy groups at the alpha and beta positions of the benzene ring. It reflects a tautomerism of a 3,4,5,6-tetrahydroxy-2,4,6"
847,"6H, 6H-pyrido [2,3-d] pyrimidine-6-carboxylic acid. It has a role as an allergen. It is a conjugate acid of a 6- (4-hydroxy-3-methylbut-2-en-1-yl) -6-oxo-5,6-dihydro-4H-pyran-4-carboxylate. It derives from a hydride of a 5H-pyridin-5-one. It belongs to a group of pyridopyrimidines and is a tautomer of a 6-oxopyrido [3,2-b] pyridine-2,6-dicarboxylic acid zwitterion arising from proton transfer from the carboxy group to the pyridinium ring. It arises from a tautomerization of a pyranopyrimidine 6-carboxylato-N-methyl-D-ribofuranoside 6-carbamoyl-alpha-L-threonyl- (1- > 2) -D-fructofuranoside. It contains a 6- {4- [(3,5-dioxo-4,5-dihydropyridyl) methyl] -1-piperazinyl} -6-oxoacetamido-1H-pyrimidin-7-yl-beta-D- (2- > 3) -galactofuranoside (1-). It originates from a uridine 5 '-diphosphate. It"
848,". It is a monocarboxylic acid and a member of benzenes. It derives from a hydride of a 1,4-benzodiazepin-2-one. It has a role as a human xenobiotic metabolite, an Escherichia coli metabolite and a mouse metabolite. It consists of a conjugate acid of a 3,5-dibromo-4-hydroxy-6-methyl-1,4-benzoquinone (1-). It arises from a tautomerization of a 2,3-dibromobutane-1,3-dione zwitterion. It contains a 3-bromo-5-chloro-2,6-dichloropyridine-1-oxide (2-). A tautomer of a 2,5-dibromopyrazin-3-olate. It may be a consequence of a proton transfer from a sulfate to a quinonoid ring. It represents a conjugate base of a 2,3,5-triiodobenzoic acid. It reflects a tautomerism of a 2,3,5,6-tetrabromo-1,4,5,8-tetraazacyclohepta-3,6,8-trien-7-ol. It can be derived from a parent compound of a class III antiarrhythmic drugs such as flecainide, quinidine, propafenone and lorcainide. It carries a 3- (trifluoromethyl)"
849,". It has a role as an allergen. It derives from a hydride of an olefinic compound. It is a conjugate base of a tixocortol (1 +). It represents a tautomer of a 2-chloro-5alpha-androstane-3beta, 17beta-diol 3-oxide zwitterion. It arises from a tautomerization of a 3alpha-hydroxy-5beta-androstan-17-one and a 5alpha-androst-16-en-3beta-ol. It consists of a double bond between C-5 and C-6 and a methyl group at C-7. It contains a tixiocortyl moiety. It may be a metabolite of the anti-asthmatic drug tixanthinol nicotinate. It carries a positive charge at the 11beta-position of the steroid nucleus and a negative charge on the 16alpha-side-chain. It can be a conjugate acid of a 2alpha- (4-methylpiperazin-1-yl) -5alpha-pregnan-3alpha-ol-3,20-dione (1-). There is a link between asthma and chronic obstructive pulmonary disease (COPD); it is thought to be a cause of death in some patients with these diseases. It also has a"
850,"). The molecule is a member of the class of benzamides obtained by formal condensation of the carboxy group of 4-aminobenzoic acid with the amino group of 5-aminosalicylic acid. It has a role as a non-steroidal anti-inflammatory drug, an antipyretic, an EC 1.14.99.1 (prostaglandin-endoperoxide synthase) inhibitor and an anti-allergic agent. It is a benzamide, an aromatic amine and a monocarboxylic acid amide. It derives from a 5-aminopentanoic acid and a 4-acetamido-4-phenylbutanoic acid. it is a conjugate acid of a sulfasalazine (1-). It arises from a tautomerisation of a 4- [5- (aminomethyl) -1H-imidazol-2-yl] butanesulfonic acid zwitterion. It represents a tautomer of a 4 '-sulfanilamidobenzoyl-5-hydroxy-3-methyl-N- (pyridin-1-yl) benzenesulfonamide. It binds to the active site of cyclooxygenase 2 (COX-2) resulting in inhibition of its catalytic activity. It also has a potential role as an antineoplastic agent and an antirheumatic drug. It contains a chlorambucil (2-)."
851,". The molecule is a 3-deoxy-D-manno-oct-2-ulosonic acid (2-keto-3-deoxygluconate) in which the hydroxy group at position 6 has been oxidised to the corresponding aldehyde. It has a role as an Escherichia coli metabolite and a mouse metabolite. It is a conjugate acid of a 6-deoxymyristate 6-phosphate (2-). It derives from a hydride of a 2,3-dihydroxy-6-oxocyclohexa-2,5-dien-1-one. It represents a tautomer of a 6- (hydroxymethyl) -2,3-dihydroxycyclohexa-1,5-diene-1, 6-dione zwitterion. It arises from a tautomerisation of a 6,6 '-dihydroxy-2,3-bis-O-methyl-L-glycero-alpha-altro-1,4-heptopyranose 7-phosphate. It contains a proton of a 6,6- (4-hydroxy-3,5-dinitropentanoyl) -2-keto- (3R, 6R) -6-hydroxyhexacosanoic acid (1-) .2. It is an enantiomer of a 4,6-didehydro-2,6- (R) -dihydroxycyclomaltofuranosyl"
852,". It has a role as an Escherichia coli metabolite and a mouse metabolite. It derives from a threonine. It is a conjugate acid of a 3-amino-3-deoxy-L-threo-hex-4-enopyranuronate- (1- > 2) -alpha-D-glucosiduronic acid (2-). it is an enantiomer of a L-serine zwitterion. It contains a 3- [(S) -3-aminopropyl] -2-hydroxy-5-methyl-1-oxopentanoic acid (1-). It arises from a tautomerization of a L- [3-ammonioprop-2-enoyl] -L-threonine zwittercation. It represents a tautomer of a N (3), N (6) -bis (3-aminobutanoyl) -L-homoserine. It consists of a zwitteration of a N- (3,5-diaminopropyl) -5-methylisonitrosohydroxysulfosuccinic acid. It originates from a hydride of a 5-deazanedioic acid. One of two possible tautomers of a non-proteinogenic L-alpha-amino acids. It may be a tautomeric mixture of a D- and L-"
853,"(1-deoxy-D-manno-oct-2-ulopyranosonic acid). It has a role as an Escherichia coli metabolite and a mouse metabolite. It derives from a D-mannose. It is a conjugate acid of a 3-O- (alpha-L-threo-hex-4-enopyranuronosyl) -D-mannopyranose (2-). it is an enantiomer of a 6-O-phosphonato-D- [(2R) -2-hydroxy-3- (hydroxymethyl) -3-oxopyrazin-5-yl] -D-mannositol. It represents a tautomer of a free D-mannofuranose zwitterion. It arises from a proton transfer from a 6- (p-toluenesulfonamido) -2,3-dideoxy-alpha- (L-ribofuranosyl) -L-mannose (1-) to a free 3,6-dideoxypyruvic acid zwitterions. It reflects a tautomerism of a 4,6-dideoxy- [(2S) -2- (hydroxy-3-oxo-2,3-dihydro-1H-pyrrolo [2,3-f] quinolin-8-yl) ethyl] -alpha-L- erythro-hexopyranosyluronate. It"
854,"xanthones A and B, respectively, isolated from the aerial parts of Theobroma grandiflorum. It has a role as a plant metabolite. It is a hydroxyflavone, a dihydroxyflavone and a trihydroxyflavone. It derives from a 3 ', 4', 5 '-trihydroxy-7-methoxyflavan-8-one. It arises from a conjugate acid of a kaempferol 3-O-beta-D-xylopyranosyl- (1- > 2) -alpha-L-rhamnoside (1-). It originates from a hydride of a flavonol. It contains a 3,5-dihydroxy-7- (4-hydroxyphenyl) -4H-furo [3,2-c] chromen-4-one skeleton. It belongs to a group of hydroxyflavones that is substituted by methyl groups at positions 3, 6, 7 and 8 and a methoxy group at position 4 (isovaleroyl). An enantiomer of a (+ / -) -4' -O-methyleriodictyol B. It is also a major component of Theostemma oblongifolium. It exists as a tautomer of a 4- (3,4-dihydroxyphenyl) -3-methylbut-3-en-1-one zwitterion. It can be"
855,"CONCLUSIONS: The results of the present study suggest that the expression of IL-1beta, IL-6, TNF-alpha, and TGF-beta in human gingival epithelial cells is induced by LPS stimulation. It has a role as a human xenobiotic metabolite. It is a member of benzenes, a primary amino compound and a secondary amino compound. It derives from a butyric acid. It contains a 4-hydroxy-3-methylbut-2-en-1-yl group. It arises from a hydride of a bicyclo [2.2.1] heptane. It represents a tautomer of a 5-methyl-2- (p-hydroxyphenyl) -3,4-dihydro-1H-1,2,4-triazolo [4,3-a] isoquinolin-1 (2H) -one zwitterion. It may be a conjugate acid of a 5- [(E) - (7S, 8R) -epoxy-7-oxobicyclo [4.2.0] heptan-8-yl] -2-oxo-2,3-dihydropyrano [2,3-b] furo [3,2-e] [1,3] oxazolidin-4-ium. It originates from a proton transfer from an arachidonic acid to a LTA (1-). It comes from a taut"
856,"uvalic acid. It is a conjugate acid of a 5-hydroxy-6-oxo-5,6-dihydro-4H-pyran-4-carboxylic acid (2-). It derives from a hydride of a 4H-pyrano [3,2-c] chromene. It has a role as a human metabolite and a Saccharomyces cerevisiae metabolite. It contains a 2 '-deoxy-alpha-L-threo-hex-3-enopyranosyl (1- > 2) -beta-D-ribofuranoside (1-). A tautomer of a 2,5-dihydroxypyrimidine-4,6-dioic acid zwitterion arising from a proton transfer from the carboxy group to the pyridinium ring. It represents a major species at pH 7.3 (according to Marvin v 6.2.0.); it is an enantiomer of a 2,3-didehydro-2,6-dideoxy-5-O-methylpyrano-4H- (1-methyl-1H-pyrrol-2-yl) -L-arabino-1,4-benzoquinone. It arises from a tautomerisation of a 2,3,5-trideoxy-5- [(1R, 2S) -1-hydroxyethyl] -6-oxopent-1-enoate. It may be a"
857,". is a member of the class of N-acylsphingosines obtained by formal condensation of the carboxy group of palmitic acid with the amino group of sphingosine. It has a role as a mouse metabolite. It derives from a sphingosine and a palmitic acid. It is a conjugate acid of a Cer (d18: 1 / 22: 0) (1-). It represents a tautomer of a N- (hexadecanoyl) sphingosine zwitterion. It arises from a proton exchange between a ceramide base and a sphingosine N-acyl group. It comes from a hydride of a 16-sphingenine. It belongs to a family of ceramides and a N-acylethanolamines. It contains a saturated fatty acid and a long-chain fatty acid associated with an alpha-D-Manp- (1- > 2) - [alpha-L-Araf] Cer (1- < -- > 4) -Cer (t18: 0 / 24: 1) (2-). They are derived from a C16: 0 and a straight-chain saturated C20: 0. It reflects a function of a ""friend"" or ""fox""?"
858,". It has a role as a plant metabolite. It is an organic heterotetracyclic compound and a member of phenols. It derives from a 4-hydroxy-3-methylbut-2-en-1-one. It arises from a hydride of a guaiacol. It contains a 2,4,6-trihydroxy-5-methylbenzene-1,3-diol (1-). It originates from a 1,2-dihydroxynaphthalene-3,7-dione. It belongs to a group of guaiacols that is substituted by methyl groups at positions 2 and 6, a methoxy group at position 8 and a beta-D-glucopyranosyl- (1- > 2) -alpha-L-arabinopyranosyl residue at position 3. It represents a tautomer of a 2,3-dihydro-4,4-dimethyl-2- (hydroxymethyl) -5-oxo-2H-furo [3,2-c] chromen-7-yl acetate zwitterion. It may be a conjugate acid of a 2,3- (O-carboxymethyl) -3,5-dihydroxy-6-methoxy- (1R, 2S) -2-oxabicyclo [2.2.2] octa-2,5-dienoate. It can be an enantiomer of a (2R, 3R) -2,3-hydro-"
859,"(4-hydroxy-3-methylbut-2-en-1-oic acid). It has a role as a mouse metabolite. It derives from a mevalonic acid. It is a conjugate acid of a (4Z, 7Z, 10Z, 13Z, 16Z, 19Z) -3,4,7,10,13,16,19-octadehydro-7-oxo-5,8,10,13,19,19-octa-tetradec-4-enoic acid (1-) and a (4E, 8Z, 11Z, 14Z, 17Z, 20Z) -3-hydroxypentadecatriacontatetraenoate (2-). it is an enantiomer of a 5-hydroxyergosta-8,14,17-dien-3beta-yl-D-alpha-tocopheryl-L-rhamnopyranose- (1- > 2) -beta-hydroxymyristoyl-beta-hydroxytamioside. It contains a (4S, 7R, 8S, 9R, 10S, 12R, 13S, 16R, 19E) -3 '-hydroxy-6' -methoxy-9 '-oxohexadeca-2,6,10,13,19-pentakisapentaenoyl-beta"
860,"is an N-acylsphingosine in which the N-acyl group is specified as octadecanoyl (stearoyl). It has a role as a mouse metabolite. It derives from an octadecanoic acid. It is a conjugate acid of a N-octadecanoyl- (6Z, 10Z, 13Z, 16Z) -docosahexaenoyl-sn-glycero-3-phosphoethanolamine (1-). A tautomer of a N- (octadecanoylsphingosine) -sphingosine zwitterion. It arises from a tautomerization between a N- [(9Z, 12Z, 15Z, 18Z) -18-methyldocosapentaenoyl] -sphingosine1-phospho-L-serine and a N- {(7Z, 11Z, 14Z, 17Z) -3-methylhexadecatriacontahexaenoyl} -L-serine. It originates from a hydride of a Cer (d18: 1 / 18: 0). As a metabolite of cancer cells, it is thought to be involved in the pathogenesis of several diseases such as Alzheimer's disease, Parkinson's disease and Huntington's chorea. It also acts as a human blood serum biomarker for the detection of low levels of ceramides and sphingoid bases. It"
861,"CONS: IDENTIFICATION FOR A RETROSPECTIVE MEDICINE. It has a role as an EC 3.1.1.7 (acetylcholinesterase) inhibitor, an antineoplastic agent and an anti-inflammatory agent. It is a conjugate acid of a physostigmine (1-). It derives from a hydride of a quinolizidine. It contains a physostigmine group. It belongs to a group of physostigmine derivatives that are substituted at the 2-position by a phenyl group and at the 4-positions by a 3-methylbut-2-en-1-yl group (1-O-acetyl-N-methylcarbamoyl-beta-D-glucopyranosyl- (1- > 6) -N-acetylglucosaminyl-L-threonyl- [2- (p-nitrophenyl) -2-oxopentanoyl] -L-glycero-alpha-D- [3- (p- nitrophenyl)] -D-alaninate. It acts as a cholinesterase inhibitor and an antispasmodic drug. It binds to the acetylcholine receptor (AChR) in the myenteric plexus of the gastrointestinal tract and causes relaxation of the sphincter of Oddi. It also inhibits the contraction of the smooth muscle of the urinary bladder when it is used for the treatment of detrusor hyper-reflexia. It"
862,"RESULTSIA: The molecule is a lignan alkaloid isolated from the roots of Machilus yaoshansis. It has a role as a plant metabolite. It is an acetate ester, a beta-D-glucoside, a gamma-lactone, a dimethoxybenzene, a member of phenols, a tertiary amino compound, a primary alcohol and a secondary alpha-hydroxy ketone. It derives from a hydride of a lappaconitine. It contains a 3-methoxy-4-methylbut-2-en-1-ol (1 +). It may be a tautomer of a 5-O-demethyl-3-methoxytabersonine zwitterion. It arises from a tautomerisation of a 7-O- [(S) -1-methylethyl] -5,6-dimethoxy-3,4-dihydro-2H-furo [3,2-c] isoquinolin-2 (1H) -one. It represents a conjugate base of a 5,7-dihydroxy-2- (hydroxymethyl) -3,4-dihydrobenzofuran-1 (3H) -carboxylic acid. It originates from a hydrogen bonding of a hydroxyl groups at positions 6 and 7 of a 2,3-dimethylbutanoyl-5,6-dihydrofuran-1"
863,"It is a dipeptide composed of L-phenylalanine and L-tyrosine joined by a peptide linkage. It has a role as a metabolite. It derives from a L-phenylalanine and a L -tyrosine. It is an enantiomer of a D-Phe-L-Tyr- (1S, 2R) -Phe- (1R, 2S) -Phe. It contains a L- [1- (3-hydroxy-3-methylphenyl) -3-oxoprop-1-en-2-yl] -L-tyrosine (1-). It represents a tautomer of a N- (3,4-dihydroxyphenyl) -L-phenylalanine zwitterion. It arises from a tautomerisation of a N (3), N (5) -bis (3- (hydroxymethyl) -1-methyl-1H-indol-6-yl) -N (4) -alaninemonocarboxylic acid. It originates from a proton transfer from a free L-serine to one of the carboxylic acid groups of a DL-1,2-dihydronaphthalene-3,6-diamine; it is the major tautomer at pH 7.3. It belongs to a group of isoisoquinolines that is substituted by amino groups at positions 2, 4, 6, 7 and 8. It"
864,"DESCRIPTION: The patient is a 25-year-old female who was referred to our hospital with complaints of abdominal pain, nausea, and vomiting. She has a history of type 2 diabetes mellitus (DM2). She had been diagnosed with DM2 at the age of 18 years. She also has a family history of premature ovarian failure (POF). It has a role as a human metabolite. It is a conjugate acid of a 3-O-acetyl-L-threo-hex-4-enopyranuronosyl-beta-D-glucuronate. It derives from a hydride of an oleandomycin (1 +) .It is an enantiomer of a 6-O- [(2R) -2-hydroxy-2- (hydroxymethyl) -3-oxocyclohexa-2,5-dien-1-yl] -D-glucopyranosyloxy-N-acetylmuramic acid. It represents a tautomer of a 6- [(2E) -hydroxy-3-oxo-2,3-dihydro-6H-furo [2,3-b] [1,4] oxazin-5-ylidene] -N-acetyllactosamine zwitterion. It arises from a tautomerisation of a 6,6 '-didehydro-6-"
865,"empferol 3-O-beta-D-glucoside was isolated from the aerial parts of Phyllanthus emblica. It has a role as a plant metabolite. It is a glycosyloxyflavone, a trihydroxyflavone and a disaccharide derivative. It derives from a kaempferol 3-O- [alpha-L-rhamnopyranosyl- (1- > 2) -beta-D] -D-glucoside. it is a conjugate acid of a kaempferol 3,7-bis (O-trans-4-coumaroylglucosyl) -5,7-dihydroxy-8-methylen-2-one (1-). It arises from a hydride of an astragalin. It originates from a rhamnoside III. It contains a beta-D- (-) -glucopyranosyl residue attached to a 6-hydroxy-3-methoxy-5-methylfuro [2,3-f] isoflavan-7-yl group. It belongs to a group of 4 '-hydroxyflavanones that is substituted by hydroxy groups at positions 3, 7 and 8 and a prenyl group at position 6. It may be a biosynthetic precursor of a flavonoid phytoalexin A. It is an enantiomer of a compound 1' ''-O-p-methoxyflavanonol '. It"
866,". is a member of the class of xanthones that is 9H-xanthen-9-one substituted by hydroxy groups at positions 1, 3 and 7 and a prenyl group at position 8. It has been isolated from the stems of Machilus yaoshanensis (L.) J."
867,"). The molecule is a member of the class of benzamides obtained by formal condensation of the carboxy group of 4-aminobenzoic acid with the amino group of 2-naphthylamine. It has a role as a chromogenic compound. It is a monocarboxylic acid, a secondary amino compound and a benzamide. It derives from a 2,4-diaminonaphthalene-1 (2H) -carboxylic acid. It represents a tautomer of a 4- [2- (1H-indol-3-yl) acetamido] -2-naphthoic acid zwitterion. It arises from a tautomerisation of a N- (2-naphthalenesulfinyl) -4-aminobenzoyl-2-phenylbutanamide. A conjugate acid of a 1- (4-amino-2,6-dioxo-2,3-dihydrobenzo [d] [1,3] dioxol-5-ylidene) -2- (p-tolyl) propanamide (1 +). It comes from a hydride of a 2-naphthalene-1-amine. It contains a 4-aminobutanoyl group at one of the four N-aryl groups; it is an enantiomer of a 3- (4 '-amino-3,5-dimethylphenyl) -2-pyridinecarboxamide"
868,", a 3-oxo-Delta (4) steroid, and a 17alpha-hydroxy steroid. It has a role as a human xenobiotic metabolite. It derives from a hydride of a pregnane. It is a conjugate acid of a 3beta-hydroxy-5alpha-androstan-17-one (1-). It represents a tautomer of a 17beta-hydroxyandrost-5-ene-3beta, 17beta-diol zwitterion. It contains a hydrogen bonded to a 3alpha-hydroxy groups at positions 6 and 20 (1 +). A hydride group at position 20 (2 +) is also involved in a hydride exchange with a 20beta-hydroxy group. It may be a precursor of 5beta-reduced androgens such as etiocholanolone which have been implicated in the pathogenesis of several diseases, such as inflammatory bowel disease, ulcerative colitis, rheumatoid arthritis, and some types of cancer. It carries a risk of adverse effects such as weight gain, bone density loss, osteoporosis, and increased risk of venous thromboembolism. It can be used as a medical treatment for patients with Crohn's disease or ulcerative colitis who are not responding to conventional anti-inflammatory therapy. It does not have a long-term effect on the immune system and is therefore it is unlikely to"
869,". The molecule is a member of the class of benzamides obtained by formal condensation of the carboxy group of 4-aminobenzoic acid with the amino group of 2-naphthylamine. It has a role as a non-steroidal anti-inflammatory drug, an EC 1.14.99.1 (prostaglandin-endoperoxide synthase) inhibitor and an antipyretic. It derives from a 2-naphthalenylamine. It is a conjugate acid of a piroxicam (1-). It arises from a tautomerisation of a 1-piroxicam zwitterion; it is also a tautomer of a 4-aminonaphthalene-1,8-disulfonic acid. It contains a 2- (1H-indol-3-yl) -4-oxoacetamido-2-oxo-1,2,3,4-tetrahydrobenzo [d] pyran-5-yl group. It originates from a hydride of a 2,3-dihydro-1H-inden-1-ylacetic acid. An enantiomer of a tolmetin sodium. It binds to the cyclooxygenase-2 (COX-2) enzyme in a manner similar to that of diclofenac. It does not bind to the COX-1 enzyme, but it has been shown to be more selective than diclofenac for the treatment of rheumatoid arthritis."
870,"SUMMARY: The molecule is an ammonium ion resulting from the protonation of the tertiary amino group of (S) -1,2,3,4-tetrahydroisoquinoline-3-carboxylic acid. The major species at pH 7.3. It has a role as a human metabolite and a Saccharomyces cerevisiae metabolite. It is an enantiomer of a (R) - (1-methylpiperidin-4-yl) -N, N-dimethylethylenediamine (1 +). It derives from a (2S) -2-hydroxy-2-methylbutane-1,3-diamine. It contains a (2R) -2- [(1R) -1-methyl-2- (pyrrolidin-1-ylmethyl) ethyl] -1- (1H-indol-5-ylidene) acetohydroxamic acid (1-) .2. It is a conjugate acid of a sydnocarpine. It arises from a tautomerisation of a trans-1,2-dihydronaphthalene-3,5-dicarboxylato-4- (p-methoxyphenyl) -2,3-dihydroisoquinoline-3- (1H) -carboxylic acid zwitterion. There is an equal number of hydrogen bonds between the two nitrogen atoms of each of the two chiral centres; it is a tautomer of a rac-1,2,3,4"
871,". The molecule is a member of the class of xanthones that is 9H-xanthen-9-one substituted by hydroxy groups at positions 1, 3 and 7 and a prenyl group at position 8. It has been isolated from the aerial parts of Celastrus orbiculatus. It derives from a hydride of an oxacycle. It is a conjugate acid of a celastrol (1-). It arises from a tautomerisation of a 9,10-dihydro-9H- [1,3] dioxolo [4,5-g] xanthone. It represents a tautomer of a 9,10,11 '-tri-O-beta-D-glucopyranosyl-1,3,7-trihydroxy-2,4,4a, 5,6,7,8,8a-octahydronaphtho [2,3-b] furo [3,2-c] furan-9 (3H) -one zwitterion. It contains a proton at the C-7 / C-8 position of a derivative of a 1,10-dihydroxy-1,2-dihydronaphthalene-9,10,11,13' -tetracarboxylic acid. A metabolite found in the human colon cancer cell line HT-29. It also has a role as a plant metabolite and a human urinary metabolite. It"
872,"is a cinnamate ester obtained by formal condensation of the carboxy group of trans-4-coumaric acid with the hydroxy group of 2-hydroxybenzoic acid. It has a role as a plant metabolite. It derives from a trans-4- (4-hydroxyphenyl) but-2-en-1-ol. It is a conjugate acid of a 2-O- [(E) -3- (3,4-dihydroxyphenyl) propenoyl] -4-coumaroyl-beta-D-glucopyranosyl- (1- > 2) -feruloyl-alpha-L-rhamnopyranoside (1-). It arises from a trans- 4-hydroxycatechin- (4Z, 6E) -dienoyl-alpha- (p-methoxyphenyl) -2-hydroxybenzene-1: 1-carboxylate and a 2- (3-hydroxy-3,5-dimethoxybenzyl) -3-methylhexa-2,4-dienoate. It represents a tautomer of a 2,3-dihydroxy-3-methoxy-5-methyl-6- (3,4,5-trimethoxyphenyl) penta-2,4,6-trienoic acid zwitterion in which a proton is transferred to a hydroxy groups of both the cinnamate and the phenolic hydroxy groups. It originates from a cis-4- [("
873,". The molecule is a dicarboxylic acid dianion obtained by deprotonation of both carboxy groups of 2-oxoglutarate; major species at pH 7.3. It has a role as a human metabolite and a Saccharomyces cerevisiae metabolite. It derives from a glutarate (2-). It is a conjugate base of a 2-oxo-glutaric acid. It arises from a hydride of a gamma-glutamyl-L-glutamate (1-). A conjugate acid of a 4-oxoglutarato-3-hydroxy-5-methyl-2,5-dioxopyrrolidin-1-ium (3-) .2. It is an enantiomer of a 2,4-dioxo-5- [(2R) -2-oxoethyl] -4,5-dihydropyrano [2,3-f] [1,2,3] triazin-6-yl] butanoate. It was a tautomer of a D-glutarate zwitterion. As a consequence of a proton transfer from the carboxy group to the pyridinium ring, it is a source of a positive charge on each of the three carboxylic acid groups. An indirect evidence for a role of a N-acetyl-D-glucosaminate decarboxylase (EC 4.1.3.18): it is an intermediate in the catabolism of vitamin D-glucarate"
874,". It has a role as an Escherichia coli metabolite and a mouse metabolite. It is a conjugate acid of a putrescine (2-). It derives from a hydride of a 1,4-diaminoanthraquinone (1,4,7-triamino-9,10-anthraquinone). it is a tautomer of a 2,5-diaminopentane-1, 4-diamine zwitterion formed by proton transfer from the carboxy group to one of the amino groups; it is the major species at pH 7.3. It contains a 2,3-dihydroxybutane-1,4-diamine (1-). There is a trace of a 3-aminobutane-1,3-diaminomalonate (3-) in a sample of putrescine (1 +) .H (2) O. It arises from a condensation of two molecules of pyroglutamic acid with one molecule of another molecule of peracetic acid. It may be a consequence of the use of this compound as a chelating agent for the removal of aluminium from drinking water. It carries a negative charge at pH 7.4 (according to Marvin v 6.2.0.). A number of cations are present in the form of a complex [Al (OH) (3) (H2O)] (n +) (n = 1-5)"
875,". It is a member of the class of phenols that is phenol substituted by a 4-hydroxyphenyl group at position 2. It has a role as a human xenobiotic metabolite and a mouse metabolite. It derives from a hydride of a 1,3,5-trihydroxy-2,4,6-trihydroxybenzene. It represents a tautomer of a 2-hydroxy-4-hydroxyphenylphenol zwitterion. It arises from a tautomerization of a 1-hydroxypyrene-3,6-diolate. It originates from a hydrogen transfer from a 3-hydroxypyridin-2-one to a hydrogen of a 1,2-dihydroxy-5-methylbut-3-en-1-ol. It may be a conjugate acid of a 2,4-dihydroxyphenyl-6-O-methyl-beta-D-ribofuranosyl- (1- > 2) -alpha-L-rhamnoside (1-). It was an enantiomer of a 2,3-dihydroxy- (4S) -4-hydroxyphenyl-6- (hydroxymethyl) -1H-1,2,4-triazolo [4,3-a] pyrimidine-7-ium-3,5-carboxylate. It differs from a counterpart of a 2,3- (R) -dihydroxy-4,6-dimethoxyphenyl- (1R) -2-hydroxybenzo [b] pyran-"
876,") is an N-acylphosphatidylethanolamine in which the N-acyl group is specified as stearoyl (octadecanoyl). It has a role as a mouse metabolite. It derives from an octadecanoic acid. It is a conjugate acid of a N-stearoyl-1-palmitoyl-2-linoleoyl-sn-glycero-3-phosphoethanolamine zwitterion. It arises from a tautomerization of a N- [(9Z, 12Z) -octadecadienoyl] -L-phosphatidylethanolaminium. It comes from a hydride of a C18: 1 fatty acid and a 12-methylhexadecanoyl-L-serine. It belongs to a group of phosphatidylethanolamines zwitterions. It originates from a myristylations at N-16 and N-18 positions of a linoleic and an oleic acid respectively. It represents a tautomer of a 1- (stearoyl) -2-linoleoyl- sn-glycerophosphatidylethanolamine. It contains a 12- (methyl) -cis-9-octadecenoyl-1,2-dienelasteyl-4-sphingenine. It corresponds to a zwitteration of a Cer (18: 0 / 24: 0) zwittertadecanoyl"
877,". The molecule is an organophosphate oxoanion obtained by deprotonation of the phosphate OH groups of (S) -3-hydroxy-3-methylglutaric acid. It is the major microspecies at pH 7.3 (according to Marvin v 6.2.0.). It has a role as a human metabolite and a Saccharomyces cerevisiae metabolite. It derives from a L-glutaconic acid (2-) .It is a conjugate base of a (1S, 2R) -3- [(3S) -3,5-dihydroxy-3- (hydroxymethyl) cyclohex-2-en-1-yl] -4-methyl-4-oxocyclohexanecarboxylic acid; it is an enantiomer of a corresponding (1R, 2S) -dihydroxy-3- [(3R) -3,4,5-trihydroxy-3,4-dimethylcyclohexyl] propanoic acid (1-). There is no evidence for involvement of a hydride ion in the mechanism of action of vitamin K (2,3-diphosphoglyceric acid) or vitamin D (1,25-dihydroxyvitamin D (3)) receptor agonists such as paricalcitol (1,24R, 25-dihydroxyvitamin D3) which is used for the treatment of hyperphosphataemia in patients with chronic kidney disease who have been treated with vitamin D or calcitriol. It"
878,. It has a role as an Escherichia coli metabolite and a mouse metabolite. It derives from a pantothenic acid. It is a conjugate acid of a 3-hydroxy-4-methylpantothenoate (2-). It arises from a hydride of a pantetheine. It belongs to a group of pantothenate derivatives that are produced by E.
879,"SUMMARY: The molecule is an L-alpha-amino acid zwitterion obtained by transfer of a proton from the carboxy to the amino group of 2-amino-3-methylpentanoic acid; major species at pH 7.3. It has a role as a Saccharomyces cerevisiae metabolite. It is a tautomer of a 2-aminovaleric acid. It derives from a pentanoate and a glutamate (1-). It contains a 2- [(2R) -2-ammonio-3- (1-hydroxyethyl) prop-2-enoyl] -alpha-D-lyxanoyl-L-threoninate (1- +). One of a set of zwitterions derived from a 2,3-diaminopropanoic acid, one of which is protonated at the 4-position on the pyrrolidine ring. It arises from a tautomerisation of a N (2) - [(2S) -2- [(1R) -1-hydroxyethyl] pyrrolidin-1-yl] -L-alaninate. It belongs to a class of guanidino-beta-lactam zwitterions arising from a condensation of two molecules of ammonia and one molecule of a L-alanine. It consists of a conjugate base of a 2,5-diamino-4-methyl-5-"
880,"lycosides A and B have been isolated from the aerial parts of Phyllanthus emblica. It has a role as a plant metabolite. It is a beta-D-glucoside, a disaccharide derivative, a trihydroxyflavone and a glycosyloxyflavone. It derives from a 3 ', 5' -di-O-caffeoyl-beta-L-glucosyl-4 ', 5,7-trihydroxy-2', 6 '-dimethyl-2H-pyran-4-one. It represents a conjugate acid of a kaempferol 3-O- [(S) -3-methylbut-2-en-1-yl] -beta-D- glucopyranosyl- (1- > 4) -trans-p-coumaroylglucopyranoside (1-). It arises from a hydride of a flavan-8-ol. It originates from a cis-3,5,7,8,10,10a-hexahydro-6H-dibenzo [b, d] pyrano [2,3-f] isochromen-6-olate. It contains a trans-3-methyl-2- (3,4-dihydroxyphenyl) -2-oxopropyl group attached to a 4' -O-methylcinnamoyl-alpha-l-threo-hex-5-enoate"
881,". The molecule is a tripeptide composed of L-glutamic acid, L-aspartic acid and L-proline joined in sequence by peptide linkages. It has a role as a metabolite. It derives from an aspartic acid, a L-glutamate and a D-proline. It is a tautomer of a glutamyl-L-aspartyl- (L-asparaginyl) -L-proline zwitterion. It arises from a tautomerisation of a Glu-Asp-L- [Aspyl] -L-Pro- (1-amino-3-hydroxy-4-methyl-5-oxo-4,5-dihydro-1H-pyrazole-2-carboxylic acid). It contains a Delta (4) -isopentenyl side-chain. A tautomer is a conjugate acid of a GluAsp-D- [Pyrrolidine-2,5-diyl] -D-Ala (1-). There are two tautomers of a glutamyl- (D-aspartyl) -L- [Pyrroidin-5- (4-methylpiperazin-1-yl)] alaninate. It may be one of the major tautomers at pH 7.3 (according to Marvin v."
882,"). It has a role as an allergen. It is a conjugate acid of a 4-hydroxy-3-methylbut-2-en-1-yl acetate. It derives from a hydride of a 1,4-benzoxazin-3 (2H) -one. It represents a tautomer of a 4,4 '-dihydroxy-3,3', 5,5 '-tetranitro-2,2' -bithiophen-5-ylacetic acid zwitterion. It contains a 2,4-diacetamido-2,4,6-trideoxy-beta-L-threo-hex-4-enopyranosyl- (1- > 2) -beta-D-erythro-hexopyranoside (1-). The major tautomer at pH 7.3 (according to Marvin v 6.2.0.) and corresponds to a compound of the class of isothiocyanates. It arises from a reaction of a isothiocyanic acid with a 2,3-diamino-2,3-dihydro-1H-indene-1,3-dithiol-6-one in a molar ratio 1: 1. It results from a Michael addition of a 1,2-ethanedithiol to a 4,6-diaminocta-2,5-dienoyl-1,2,4-thiadiazolidin-3,5-dione. It"
883,"RESULTS: The molecule is a trisaccharide consisting of alpha-L-fucopyranose, 2-acetamido-2-deoxy-beta-D-glucopyranose and D-galactopyranose residues joined in sequence by (1- > 4) glycosidic bonds. It has a role as an epitope. It is an amino trisaccharide and a member of acetamides. It derives from an alpha-l-fucose and a N-acetylneuraminic acid. It comes from a tautomer of an alpha- (2- > 6) -sialyllactose zwitterion. It contains a 2,3-di-O-acetyl-3-O- [(R) -3-hydroxytetradecanoyl] -alpha-L- fucopyranosyl residue. It originates from a hydride of a beta-d-GlcpNAc- (1-3) -D-Galp. It may be a conjugate acid of a 3- (2,3-diacetoxy-3,4,6-trideoxy-alpha-D- glucopyranosyl) -L-threo-hex-4-enopyranosyluronic acid (1-). It reflects a tautomerisation of a 3,6-dideoxy-6- (2,3,4-trihydroxy-3,5-dioxo-2,4,6-trideoxypyrimidin-1-"
884,"SOP (1-3). It has a role as an epitope. It derives from a sialic acid. It is a conjugate acid of a N-acetyl-alpha-neuraminyl- (2- > 3) -beta-D-galactosyl- (1- > 4) -N-acetylglucosaminyl-6-O-sulfo-beta-L-fucopentaose (1-). it is an enantiomer of a sialyl- (2-acetamido-2-deoxy-beta- d-glucopyranosyl) - (1- < - [alpha-Neu5Ac- (2- greater than or equal to 6)] -D-galactitol) -6- (O-sulfate) -4,6-disulfate. It represents a tautomer of a neolactobiosylceramide zwitterion. It originates from a lithium bis (trifluoromethanesulfonyl) amide and a disialoganglioside III zwittercation. It contains a 6-O- (sulfooxy) -2-acetamidohexanoyl-3- [(2E) -3-hydroxy-3-methyl-5-oxopenta-2,4-dien-1-yl] -L-threonylglycyl group (4-). An enantiomer of the corresponding neol"
885,". It is a hydroxy fatty acyl-CoA (4-) obtained by deprotonation of the phosphate and diphosphate OH groups of (4Z, 7Z, 10Z, 13Z, 16Z, 19Z) -docosahexaenoyl-CoA; major species at pH 7.3. It derives from an all-cis-docosa-4,7,10,13,16,19-hexaenoic acid. It has a role as a human metabolite and a Saccharomyces cerevisiae metabolite. It belongs to a group of hydroxyoctadecadienoyl CoAs (4-hydroxy-3-methyl-2-oxobicyclo- [2.2.1] heptan-1-yl-CoA) that is a conjugate base of a (4E, 9Z, 12Z, 15Z, 18Z, 21Z, 22Z, 24Z, 27Z, 30Z, 34Z, 38Z, 42Z, 44Z, 48Z, 50Z, 55Z, 57Z, 70Z, 80R) -tetradehydro-3,4,7-trimethyldodecatriacontahexaenoyl coenzyme A. It is an isomer of (4S, 8E, 11Z, 14Z, 17Z, 20Z, 21R, 23R, 24S) -"
886,". The molecule is a member of the class of benzamides obtained by formal condensation of the carboxy group of 4-aminobenzoic acid with the amino group of 2-naphthylamine. It has a role as a chromogenic compound. It is an aromatic ether, a secondary amino compound and a benzamide. It derives from a 2-naphtalene-1-carboxylic acid. It contains a 4- [2- (4-aminophenyl) -1H-indol-3-yl] -2-methylbutanoyl group. It represents a tautomer of a N- (2,4-dichlorophenyl) -4-aminobenzoyl-2-naphthalenesulphonamide zwitterion. It arises from a tautomerisation of a N-acetyl-4-aminophenylbutanoic acid zwittercation. It comes from a hydride of a 2,3-dihydro-1H-indene-1,3 (2H) -dione. It consists of a conjugate acid of a 4-acetamidobenzoyl- (2-hydroxy-3,5-dimethylphenyl) -2-naphthalenesulfonate. It originates from a deprotonation of a hydrogen bonding of a 4,5-dihydroxy-3- (2,6-diisopropylphenyl) -2,5-dihydrobenzo [1,2-b: 5,4-b ']"
887,". It has a role as a mouse metabolite. It derives from a putrescine. It is a conjugate base of a 3,4-dihydronaphthalen-1 (2H) -one (1 +). It represents a tautomer of a 4-hydroxy-3-methylbut-2-ene-1,2-dione zwitterion arising from a proton transfer from a hydride to a carboxylic acid group. It belongs to a class of isoquinolines that is an enantiomer of a 2,3-dihydro-1H-inden-1-one. It contains a (1R, 2R) -3,4-dihydroxy-5- (hydroxymethyl) -2-methylbutane-1,3-diol (1-) and a (1S, 2S) -3,5-dihydroxy- (1E, 6E) -octadec-6-enoate (2-). Both enantiomers are present in the same ratio (1: 1). The major enantiomer is also the major enantiomer of the (2S, 3R) -isocombretastatin A (1) isomer. It can be derived from a (S, S) -mandelic acid. It may be a tautomerically equivalent to a (R, R) -isoliquiritigenin. It arises from a"
888,"(2-) is obtained by deprotonation of the phosphate OH groups of 3-O-sulfo-beta-D-glucopyranosyl- (1- > 4) -L-serine; major species at pH 7.3. It has a role as an Escherichia coli metabolite and a mouse metabolite. It is a conjugate base of a 3-O- [(3S) -3-hydroxy-alpha-L-threo-hex-4-enopyranosyluronic acid] -5-sulfonato-beta- D-glucosiduronic acid. It arises from a tautomer of a 3- (S) -hydroxy-3-deoxy-5-sulfonatopyruvic acid zwitterion. It derives from a hydride of a 4,6-dideoxy-6-phosphono-alpha- (1-carboxyethylidene) -D-glucose. It was a conjugate acid of a 3,4,6-trideoxy-6- [(1S) -1-carboxy-2-hydroxyethyl] -6-phosphonofructopyranose (1-) .2. It is an enantiomer of a 3,6-dideoxy- (3S, 4S) -bis (acetamidomethyl) -2-hydroxyhexopyranose 6-sulfonate (4-). It originates from a triflouroside A (5-)."
889,". It has a role as an allergen. It is a conjugate acid of a 4-hydroxy-3-methylbut-2-enoate. It derives from a hydride of a (E) -hexa-2,4-dien-1-ol. A tautomer of a 4,4 '-dihydroxy-3,3', 5,5 '-tetramethyl-2,2' -bithiophen-5-ylacetic acid zwitterion. It contains a 4- (hydroxymethyl) -2-oxocyclohexa-2,5-dienecarboxylic acid anion. It arises from a proton transfer from a carboxylic acid group to the two sulfur atoms of a 4,6-dihydroxy-3- (methylsulfanyl) -2,2-dimethylbutane-1,4-diyl-alpha, beta-bis (sulfate) (2-). It represents a major species at pH 7.3 (according to Marvin v 6.2.0.) and a precursor of a new class of nonsteroidal anti-inflammatory drugs that are used in the treatment of rheumatic diseases such as rheumatoid arthritis, osteoarthritis, ankylosing spondylitis, and juvenile idiopathic arthritis. It carries a potential risk of drug-induced liver injury. It may also be a cause of idiosyncratic drug reactions like Stevens-Johnson syndrome and toxic epidermal necrolysis."
890,". It is a member of the class of imidazoles that is 1H-imidazole in which one of the hydrogens attached to the nitrogen has been replaced by a 4-methylbut-2-en-1-yl group. It has a role as a mouse metabolite. It derives from a hydride of a 1H-imidazo [4,5-f] -1,2-benzoxazin-3 (4H) -one. It represents a tautomer of a N-methyl-1H-imidazol-4-ol-3-amine zwitterion. It arises from a tautomerisation of a N- (4-methyloxirane-2,2-diyl) -N, N-dimethylimidazolidine-5-carboxamide. It contains a 4- (methylsulfanyl) -2- (1H-indol-6-yl) butan-1,3-diol (1-). It corresponds to a conjugate acid of a 3,5-dinitropyrazolo [4,3-b] pyridine-2,4 (1H) -dionesulfinate. It differs from a similar compound with respect to the number of methylene groups between the heterocycle and the amino group at the nitrogen atom (3,4-dihydro-2H-1,2,4-benzothiadiazine-7-"
891,"DESCRIPTION: The patient is a 25-year-old female who presented to the emergency department with complaints of abdominal pain, nausea and vomiting. She has a history of type 2 diabetes mellitus (DM2). She had been diagnosed with DM2 at the age of 18 years. She was referred to the Department of Endocrinology and Diabetologia by her primary care physician for further evaluation of persistent abdominal pain. Her medical history includes a diagnosis of DM2 in the setting of chronic kidney disease (CKD) stage 5. She also has a positive family history of hypertension. She is an obligate heterozygote for a mutation in the gene coding for alpha-1-antitrypsin (ATP2A2). It has a role as a human metabolite. It is a member of acetamides, a tricarboxylic acid and a hydroxamic acid. It derives from a maltopentaose. It comes from a conjugate acid of a N-acetyl-alpha-D-galactosaminyl- (1- > 3) -alpha-L-fucopyranosyl-1,4-diaminoadipate. It arises from a tautomerisation of a beta-aspartylglycylglycine zwitterion. It may be a tautomer of a N- (4-amino-4-methylphenyl) -N"
892,". The molecule is an organic cation obtained by protonation of the tertiary amino group of (S) -reticuline; major species at pH 7.3. It has a role as a plant metabolite. It is an ammonium ion derivative and an iminium ion derivative. It derives from a (2S, 3S) -3-hydroxy-2- (methylamino) -2-methyl-1-phenylcyclohex-3-en-5-yl-4- (4-methylpiperidin-2-yl) butanenitrile. it is an enantiomer of a (R, S) -2'R-reticuline (1 +) .It is a tautomer of a reticuline zwitterion. It contains a (1S, 2S) -2 '- (methylaminomethyl) -2- [(1R, 2R) -1-methylethyl] -1,2,3,4-tetrahydronaphtho [2,3-d] pyridine-6-carboxylato-L-leucinium (2 +). It arises from a hydride of a sesquiterpenee alkaloid with a proton transfer from a secondary amino group to one of the four tertiary amino groups on the tetrahydroisoquinoline ring. A conjugate acid of a racemic reticuline. It exists in two tautomers: one is"
893,". It has a role as a mouse metabolite. It derives from a butyric acid. It is a conjugate acid of a 3-hydroxybutyrate- (2-oxobutanoyl) -CoA (4-). It comes from a hydride of a butan-2-one. It contains a propionyl group and a butyrate (3-). A tautomer of a butyryl-CoA zwitterion arising from a proton transfer from the carboxylic acid group to the 4-hydroxy group of a 2,3-dihydroxypropyl-1-methylbutane-1,4-dithiol-5-ium. It represents a major species of all-trans-branched-chain fatty acyl-CoA. It arises from a condensation of two molecules of coenzyme A with one molecule of each of three molecules of pyruvic acid; it is a unique feature of this class of organic thioacetates.It is an enantiomer of a cis-2, 3-dihydroxypropanoyl-CoA [1- (3-hydroxymyristoyl) -2-oxoprop-4-enoyl]. It does not act as a human metabolite but it is an Escherichia coli metabolite involved in the biosynthesis of pantothenic acid (vitamin B-6) by converting it into pantothenate."
894,"ós. It has a role as a mouse metabolite. It derives from a hydride of an olefinic compound. It is a conjugate base of a 4-hydroxy-3-methylbut-2-en-1-one (1 +). It arises from a tautomerization of a 3,4-dihydronaphthalene-1 (2H) -furan-2 (3H) -one zwitterion arising from a proton transfer from a carboxylic acid group to a hydroxy groups at positions 5 and 6. It represents a tautomer of a 4,4 '-dihydroxy-3,5,5' -tetramethyl-2,2 '-bi-1,3-thiadiazole. It contains a 3- (hydroxymethyl) -2-oxo-2,3-dihydro-1- (1H) -furo [3,2-c] pyrrole-2,5-dione (1-)."
895,". The molecule is a member of the class of benzamides obtained by formal condensation of the carboxy group of 5- (4-chlorophenyl) -3- (trifluoromethyl) -1H-pyrazole-4-carboxylic acid with the amino group of 2-naphthylamine. It has a role as a non-steroidal anti-inflammatory drug, an EC 1.14.99.1 (prostaglandin-endoperoxide synthase) inhibitor and an antipyretic. It derives from a 5-chloro-3-methylpyrazole-4- carboxylic acid. It is a conjugate acid of a tolfenamic acid (1-). It arises from a condensation of a 2-naphthalenesulphonanilic acid with one of the hydrogens of a phenylpropanoic acid; it is a tautomer of a phenacetin zwitterion. It originates from a hydride of a 3,5-dichloropyrazolo [1,2-a] pyridine. It contains a 3- (4 '-chlorophenyl) -5-methylphenyl-1H-1,2,4-triazolo [4,3-b] pyridine-1-yl group. A derivative of a cyclooxygenase-2 (COX-2) inhibitor used for the treatment of rheumatoid arthritis. It binds to the active site of the enzyme, thereby inhibiting its activity"
896,"is a member of the class of benzamides obtained by formal condensation of the carboxy group of phenylacetic acid with the amino group of 2-naphthylamine. It has a role as a chromogenic compound. It derives from a phenylacetic acid. It is a conjugate acid of a 2-acetamido-2- (phenylamino) -4- (4-hydroxy-3-methoxyphenyl) benzene-1-carboxylate. It arises from a tautomerization of a N- (p-hydroxyphenyl) -2-naphthalenesulphonamide zwitterion arising from a proton transfer from one of the carboxylic acid groups to the aniline ring; it is a tautomer of a N-acetyl-2-phenyl-4-aminophenyl-beta-D-glucosiduronic acid B. It is an enantiomer of a (+) -2- [(R) -1-phenylethyl] -4-hydroxybenzamide. It differs from a (-) -1,2-diphenylethanedionato-3- (1H-indol-5-yl) -N, N-diethyl-alpha-L-rhamnopyranosyl- (1- > 2) -D-glucopyranosamine. It originates from a hydride of a 2,3-dihydro-1H-imidazo [4,5-f] quinolizin-6-"
897,". It is a dicarboxylic acid monoamide and a member of glutaric acids. It derives from a glutaric acid. It has a role as a human metabolite, a Saccharomyces cerevisiae metabolite, an Escherichia coli metabolite and a mouse metabolite. It consists of a conjugate acid of a glutarate (1-). It arises from a hydride of a gamma-amino butyric acid zwitterion. It contains a 2-oxoglutarato-3-methylbutane-1-carboxylate. It represents a tautomer of a glutaryl-2-oxopropanoate. It may be a consequence of a reaction of a Michael addition between the two carboxy groups of glutarate and one of the two alpha-carbon atoms of a propionaldehyde. It originates from a glutamate and a malonic acid. One of a set of six carboxylic acids that are formed by condensation of two molecules of succinic acid with one molecule of ammonia. It can be used as a diagnostic agent for inborn errors of metabolism. It carries a positive charge and a negative charge at the C-5 position of the pyridinium ring. It also has a positive effect on the pH of the solution. It comes from a group III amino acids such as L-glutamic acid, L-aspartic acid and L-glutamine."
898,"uvinea. It is a conjugate acid of a 5-hydroxy-6-oxo-5,6-dihydro-4H-pyran-4-carboxylic acid (2-). It derives from a hydride of a 4H-pyrano [2,3-d] pyrimidine. It has a role as a human metabolite and a Saccharomyces cerevisiae metabolite. It arises from a proton transfer from a hydantoin to a 3-amino-4,6-dideoxy-alpha-L-threo-hex-2-enopyranosyluronic acid (1-). A tautomer of a 1-dehydro-3-deoxy-beta-D-erythro-hexopyranosyl-5-oxopentanoic acid zwitterion arising from a reaction of two molecules of water with one molecule of hydrogen at the 6-position of the pyranose ring; it is the major species at pH 7.3. It originates from a UDP-N-acetylneuraminic acid. It contains a 3- (3,5-di-O-acetyl-2,6-dioxohexanoyl) -D-glycero-alpha- (2E) -galactofuranosyl- (1- > 3) -N-acetamido-3,6-dideoxy- (6S, 8R) -cholest-8-en-"
899,"DESCRIPTION: The molecule is a branched amino pentasaccharide consisting of an alpha-L-fucosyl residue, two N-acetyl-beta-D-glucosaminyl- (1- > 2) -beta-D -galactosyl residues, one N-acetylneuraminyl residue and one 3-O-sulfoglucosamine residue, all linked sequentially (2- > 4), to the galactose residue at the reducing end being linked (3- > 6). It has a role as an epitope. It is an amino hexasaccharide, a glucosamine oligosaccharide and a member of acetamides. It derives from an aclaciose. It contains a 3-O- [(2E) -3- (4-hydroxy-3-methoxyphenyl) -3-oxoprop-2-en-1-yl] -2-acetamido-4,6-dideoxy-alpha- (D-glucopyranosyl) -D-glucopyranose (1-)...."
900,"It is a tripeptide composed of L-proline, L-tyrosine and L-phenylalanine joined in sequence by peptide linkages. It has a role as an EC 3.4.21.26 (peptidyl-dipeptidase A) inhibitor, an antineoplastic agent, an apoptosis inducer, an antioxidant, an anti-inflammatory agent and an antirheumatic drug. It contains a L-prolyl residue, a L- (2-phenylethenyl) -L-tyrosinyl residue and a D-phenylalaninyl residue. It derives from a trans-cinnamic acid. It is an enantiomer of a Pro-Phe-Tyr. It represents a tautomer of a Val-Pro-Tyr zwitterion. It arises from a tautomerisation of a Pro- (L-Val-) -Pro-Phe- (D-Phenylalaninyl) -Ile zwitterions. It belongs to a group of 1-arylpiperidin-4-one zwittertapeptides. It corresponds to a tautomers of a pro-2-amino-3-phenylpiperidine-1-carboxylic acid zwittertadecarboxamide. It consists of a N-acetyl-L-prolylproline zwittertaker and a N- (2- [(2S) -2-phenylethyl] -1-oxoethyl]"
901,"sul). The molecule is a linear amino trisaccharide consisting of N-acetyl-alpha-neuraminyl, beta-D-galactosyl and 2-acetamido-2-deoxy-6-O-sulfo-beta- D-glucopyranosyl residues linked sequentially (2- > 3) and (1- > 4). It has a role as an epitope. It is an oligosaccharide sulfate and a member of acetamides. It derives from an alpha-Neu5Ac- (2- greater than 3) -beta-Galp- (1- greater than 4) -D-GlcpNAc. It represents a conjugate acid of a neolactotetraosylceramide (1-). it is a tautomer of a beta-Neup6E4-beta-GalNAc- (1- = O-4-) -alpha-DGlcpNAc4S (1-; it is not included in the list of isotopically labelled amino trisaccharides used to calibrate NMR experiments at the National Metrology Centre (NMC) website http: / / dx.nail.gov / nmr.html)]. It arises from a tautomerisation of a 2,3-dideoxy-6- [(2R) -2-hydroxyethyl] -alpha-L-threo-he"
902,"DESCRIPTION: The patient is a 27-year-old female who presented to the emergency department with complaints of abdominal pain, nausea, and vomiting. She has a history of type 2 diabetes mellitus (DM2). She was diagnosed with DM2 at the age of 18 years. She had a diagnosis of DM2 when she was 20 years old. She also had a positive family history of T2DM. Her parents are first cousins. She is a member of the Ashkenazi Jewish population. It has a role as a human metabolite. It is a tautomer of an alpha-ketoisocaproic acid zwitterion. It derives from a hydride of an alanine. It contains a beta-D-glucopyranosyl- (1- > 4) -alpha-L-rhamnosyl- (2- > 3) -D-glucose (1 +). It belongs to a group of α-aminobutyrate zwitterions. It may be a consequence of a reduction in the number of carbon atoms in the oligosaccharide chain. It can be used as a diagnostic marker for carbohydrate digestion disorders. It carries a high-molecular-weight oligosaccharides. It makes it possible to estimate the degree of polymerisation of amylopectin by calculating the molar ratio between alpha- and beta-glucosi"
903,"(17alpha, 20-dihydroxy-4-pregnen-3-one) sulfate was the major component of the extract. It has a role as a human metabolite and a mouse metabolite. It is a conjugate acid of a 3beta-hydroxy-Delta (5) -steroid sulfate- (1-). It derives from a hydride of a 5alpha-androstan-3alpha, 17beta-diol. It belongs to a group of steroids that are 5alpha-estranes substituted by sulfo groups at positions 3 and 17 (1-O-sulfo-beta-D-glucopyranosyl- (1- > 2) -alpha-L-rhamnopyranosyloxy) androst-5-en-3beta-ones at positions 6 and 17 respectively. It contains a 3beta- (S) -hydroxy-5beta-pregnan-20-yl-16alpha-ol-3,20-disulfate. It represents a tautomer of a dihydrotestosterone disulfate zwitterion formed by transfer of a proton from a sulfo group to a hydroxyl group at position 17. It may be a consequence of a reduction of the negative charge on the steroid ring system to a positive charge of the sulfonate group; it is also a prerequisite for binding to androgen receptors in the target cells. It"
904,"(3-deoxy-D-manno-oct-2-ulosonic acid). It has a role as an Escherichia coli metabolite and a mouse metabolite. It is a conjugate acid of a 2,3-dideoxy-3-O-methyl-alpha-L-threo-hex-4-enopyranuronate- (1- > 4) -D-glucuronate. It derives from a D-glucuronic acid. A is a tautomer of a 2,5-dihydroxy- (2E, 6E) -2,4-didehydro-6-oxohexa-2,6,8-trienedioic acid zwitterion arising from a proton transfer from a carboxylic acid to a hydroxy group at the 5-position of the pyranuronic acid ring. It represents a member of aldohexoses and a keto-Delta (2) -prostaglandin D-aldoses. It arises from a hydride of a UDP-N-acetylneuraminic acid. It originates from a 2-acetamido-3,4,6-trideoxy-6- [(2R) -1-carboxyethyl] -D-glycero-beta-1,4-cyclopent-7-enose and a 2 '-deoxy-2- [(2S) -2-hydroxyethyl] -beta-D"
905,"was the major fatty acyl-CoA (4-) obtained by deprotonation of the phosphate and diphosphate OH groups of (4Z, 7Z, 10Z, 13Z, 16Z, 19Z) -docosahexaenoyl-CoA; major species at pH 7.3. It is a conjugate base of an all-cis-docosa-4,7,10,13,16,19-hexaenoic acid. It has a role as a mouse metabolite. It derives from a docosapentaenoyl chloride. It belongs to a series of docosanoyl-CoA thioesters that are formed by condensation of the thiol group of coenzyme A with the carboxy group of (4E, 15Z, 18Z, 21Z, 22Z, 24Z, 27Z, 29Z, 30Z, 32Z, 33Z, 42Z, 44Z, 46Z, 48h) -tetratriacontatetraenoic acid [1- (4-hydroxy-3-methylbut-2-en-1-yl) -4-methylpentadec-6-enoic acid]. It represents a member of ω-hydroxyoctadecadienoic acids and a primary allylic alcohol. It arises from a reaction of a hexadecanedioic acid with an equimolar amount of all-"
906,". The molecule is a member of the class of benzamides obtained by formal condensation of the carboxy group of benzoic acid with the amino group of 2-naphthylamine. It has a role as a chromogenic compound. It derives from a benzoic acid. It is a conjugate acid of a 2- (1H-benzimidazol-1-yl) -2-phenylacetamido-4-phenyl-5-oxo-4,5-dihydro-1H-benzo [e] [1,3] oxazin-6-yl acetate. It arises from a tautomer of a N- (2,4-dichlorophenyl) -N '- (2,6-dimethylphenyl) -1,4-benzoquinazolin-3-ium-2-ylidene-N, N-dimethylethane-1,2-diamine; it is an enantiomer of a 4- (2-chloro-3,5-dimethoxyphenyl) -4-hydroxy-N- (2,2,2-trifluoroethyl) benzamide. It contains a 3- (trifluoromethyl) benzoyl group at the 4-position of a 2,3-dimethoxy-5- (trifluoro-methyl) phenyl-1- (2,4,6-trichloro-phenoxy) butanoyl-beta-D-glucopyranose (1 +). It originates from a hydride of a naphthoate. It"
907,"}. It has a role as an Escherichia coli metabolite and a mouse metabolite. It is a conjugate acid of a 2-acetamido-2-deoxy-D-glucopyranose (1-). It derives from a hydride of a D-glucitol. It contains a 2- [(R) -1-carboxyethyl] -4,6-dideoxy-beta-L-threo-hex-4-enopyranosid-5-onato-1-yl] -D-glucose (2-). A tautomer of a 3-amino-3-hydroxy-6-oxopentanoic acid zwitterion formed by proton transfer from the carboxy group to the alpha-anomeric position of a 3- [(S) -2-hydroxyethyl] -3-hydroxypentane-1,5-dithiol-7-one. It arises from a tautomerisation of a 2,3-dihydroxy-6- (O-carboxymethyl) -L-rhamno-1,4-diulose zwittercation. It represents a major species at pH 7.3 (according to Marvin v 6.2.0.). There is a strong correlation between the number of carbon atoms in the pyranose ring and the pK (a) value of a sugar moiety (r = -0.75); it"
908,"It is an amino acid amide obtained by formal condensation of the carboxy group of L-aspartic acid with the amino group of 2-naphthylamine. It has a role as a chromogenic compound. It is a N-acyl-L-alpha-amino acid, a L-aspartate derivative and a secondary carboxamide. It derives from a N- [(2S) -2-hydroxy-3-methylbut-2-en-1-yl] -L-aspartamide. It arises from a tautomerisation of a 2- (2-hydroxynaphthyl) ethylamine zwitterion arising from a proton transfer from the carboxylic acid group to the primary amino group; it is a tautomer of a 2-acetamido-4-methyl-5-oxo-3,4-dihydro-1H-pyrrolo [1,2-a] pyrimidine-6-carboxylic acid. It comes from a hydride of a 2,3-dihydro- (S) -citronellol. It represents a conjugate acid of a 3- [(2R) -2- (hydroxymethyl) -3-methylbutanoyl] -N-acetyl-D-glutaminyl- (L-threonyl) -5-oxopentanamide (1-). It belongs to a group of 3-O-substituted pyrrolidin-2"
909,"Results: The patient is a 25-hydroxyvitamin D3 (25-OH-D3) in which the pro-R hydrogen at position 3 is replaced by a hydroxy group. It has a role as a human xenobiotic metabolite. It is a conjugate acid of a 25- (OH) -D3 (1-). It derives from a hydride of a vitamin D. It is an enantiomer of a 25- (S) -hydroxyvitamin D3. It contains a (3R, 4S) -dihydroxyvitamin D (4) and a (3S, 4R) -3-hydroxy-5,6-didehydro-2-oxospiro [3.2.1] oct-5-en-1-one (1 +). A tautomer of a 1alpha, 25-dihydroxy-25,26,27-trihydroxyvitamin D3 zwitterion. It arises from a reaction of a (1R, 3R) -3,7,10,13,17-pentakis-tetrahydroxystearic acid with a free hydroxyl group of a secondary allylic alcohol. It represents a major metabolite of vitamin D (3) deficiency. It belongs to a class of omega-hydroxy fatty acids that are unable to bind to the vitamin D receptor (VDR) but can be bound to it by virtue of their high affinity for the vitamin"
910,". It has a role as an allergen. It derives from a histamine. It is a tautomer of a N (1) -acetyl-N (4) - (5-hydroxy-1H-indol-3-yl) -L-histidyl-L-histidine zwitterion. It contains a H (2) S-Hispidin-2-ylidene and a N- (3,5-dimethoxy-4-hydroxyphenyl) -N (6) -phenylnicotinoyl] -L-histidine (1-). It arises from a tautomerisation of a N- {3,5-di-tert-butyl-6- [(1E) -3-hydroxyphenyl] -4-oxocyclohexa-2,5-dien-1-yl} -N, N-dimethylbutanamide. It originates from a hydride of a 1H-indole; it is a conjugate acid of a 2- [3,5-dihydroxy-4- (2,6-dimethoxyphenyl) -1-piperidinyl] -2-oxoimidazolidin-5-ium. It belongs to a group of imidazoles that is substituted by methyl groups at the 1- and 5-positions and a hydroxy groups at both positions 2 and 5 (Fig."
911,". The molecule is a benzoate ester obtained by formal condensation of the carboxy group of benzoic acid with the hydroxy group of trans-4-coumaric acid. It has a role as a plant metabolite. It derives from a trans-cinnamic acid and a benzaldehyde. It is a conjugate acid of a cinnamate 4-O-benzoyl-beta-D-xylopyranoside (1-). It arises from a hydride of a cis-caffeic acid. A conjugate acid is a tautomer of a 2-methoxy-4- [(E) -3- (4-hydroxyphenyl) prop-2-en-1-yl] benzoic acid zwitterion arising from a proton exchange between the carboxylic acid and the phenolic hydroxy groups; it is an enantiomer of a (Z) -2- [(4E) -3-hydroxy-3-oxohex-5-enyl] -4-oxobicyclo [2.2.1] heptane-1,3-dione. It represents a major species at pH 7.3 (according to Marvin v 6.2.0.), while it is a minor species in the gas phase of a reaction mixture of cinnamyl acetate and trans-3,4-dihydronaphthalene-1,2-diol. It contains a (S) -configuration at the anomeric"
912,": kaempferol-7-O-beta-D-glucoside. It has a role as a plant metabolite. It derives from a kaempferol. It is a conjugate acid of a kaempferol 7-O- [alpha-L-rhamnopyranosyl- (1- > 2) -beta-D] -D-glucoside (1-). It belongs to a group of flavonols that is isolated from the aerial parts of Ipomoea pes-caprae and exhibits antiplasmodial, antileishmanial and antiamoebic activities. It may be a metabolite of the plant Aloe barbadensis. It does not contain an ortho-dihydroxy group at the 3-position of the flavone ring. It arises from a tautomerisation of a 6-hydroxy-3-methoxy-5-methylpyrano [3,2-f] chromen-4-one zwitterion. It represents a tautomer of a flavonoid 3-deoxy-6-hydroxymethyl-5,7-dimethoxy-5- (1-methyl-1H-pyrrol-2-yl) -2H-furo [2,3-b] furan-2 (3H) -one. It contains a monosaccharide moiety. It can be a member of isoflavanones and a C-glycosyl compound."
913,". The molecule is a member of the class of furans that is furan-2 (3H) -one substituted by a hydroxy group at position 3 and methyl groups at positions 4 and 5 respectively. It has a role as a plant metabolite. It derives from a hydride of a furan. It is a tautomer of a 2,3-dihydro-4H-furo [3,2-c] furan-4-one zwitterion. It arises from a tautomerisation of a 2,5-dimethylfuran-2,4 (1H, 3H) -dione; it is a conjugate acid of a 2,3,5-trimethyl-3- (1-methylethyl) -4-oxo-1,2-dihydrofuran-6-olate. It originates from a proton of a 4,5-dimethyl-5- (methylsulfanyl) -2-furancarboxylato-H"
914,"is a member of the class of N-acyl-1-O-beta-D-glucosyl-15-methylhexadecasphing-4-enine in which the acyl group is specified as octadecanoyl. It has a role as a mouse metabolite. It derives from an octadecanoic acid. It is a conjugate acid of a N-octadecanoyl- (6Z, 9Z, 12Z, 15Z) -octadecapentaenine-18-phosphate (2-). it is an enantiomer of a 15-hydroxydodec-6-enoyl-sn-glycero-3-phospho-N- (alpha-L-fucopyranosyl) -N-stearoyl-1- (0-tetradecanoyl) -sn-sphingosine. It comes from a hydride of a 16-carbon fatty acid. A tautomer of a 14-hydroxydocosenoic acid zwitterion. It arises from a proton transfer from a 7-hydroxystearic acid to a 6-hydroxyhexadec-2,6,9-trienoyl moiety. It belongs to a group of 12-O- [(7Z, 10Z, 13Z, 16Z, 19Z) -2-hydroxyoctadecatrienoyl] sphingos"
915,"ós. It has a role as an Escherichia coli metabolite and a mouse metabolite. It derives from a cysteine. It is a conjugate acid of a N-acetyl-L-cysteinylglycine (1-). It comes from a hydride of a cystine zwitterion. It contains a 2-hydroxy-3-methylbut-2-en-1-ylium (2-). A tautomer of a N- (2-hydroxymyristoyl) -L-cystinyl- (1-- > S) -glutathionyl-D, L-alpha-diaminoadipic acid. It arises from a reaction of a thiol group of a glutathione disulfide with one of the two carboxy groups of a free L-cysteine disulfides; it is the major tautomer at pH 7.3. It may be a part of a network of amino acid metabolites involved in various human diseases such as Alzheimer's disease, chronic obstructive pulmonary disease, renal failure, heart failure, cancer, etc. It can be used as a diagnostic tool, a prognostic indicator, a biomarker, a dietary supplement, a food additive, an antioxidant, an antibacterial agent, an anticarcinogenic agent, a hepatoprotective agent and an antidote to oxidative stress. It originates from a"
916,"SO4Ac- (1- > 3) -beta-D-Galp- (1- < 4) -D-GlcpNAc. It has a role as an epitope. It is a conjugate acid of a 6-O-sulfo-alpha-L-gulopyranosyl-beta- D-galactopyranoside (1-). It derives from an alpha, beta-unsaturated monocarboxylic acid and an acetic acid. It contains a 6- [(2R) -2-hydroxy-3-methylbut-2-en-1-yl] -4-oxobicyclo [2.2.1] heptane-2,7-diyl group. It arises from a hydride of a 2,3-dihydro-1H-pyrano [3,2-c] pyrrole-2,5 (1H, 6H) -dione. It represents a tautomer of a 4,6-diacetoxy-2- (R) -hydroxymyristic acid zwitterion arising from a proton transfer from the carboxylic acid group to a sulfate group; it is the major species at pH 7.3. It originates from a myo-inositol 3,4,5,6-tetra-kis- (S) -disulfate. It belongs to a class of sulfoquinoates that is formed by condensation of the two sulfo groups"
917,"SUMMARY: The molecule is an organic cation obtained by protonation of the tertiary amino group of (S) -reticuline; major species at pH 7.3. It has a role as a plant metabolite. It is an acetate ester and an ammonium ion derivative. It derives from a (2S) -2-hydroxy-3-methylbut-2-en-1-yl-4- (1H-indol-4-yl) butane-1,3-diol. It contains a reticuline (1 +). It represents a tautomer of a (1S, 2R) -2- [(3S) -3-methyl-1,2,3,4-tetrahydro-2H-benzimidazol-5-yl] -N-methylreticuline. It arises from a tautomerisation of a tetrahydroreticuline zwitterion. It can be derived from a hydride of a N-methylnorreticuline with a proton transfer from a secondary amino group to one of the indole rings (two protons are also present in the protonated form of the parent compound). One of a set of four alkaloids isolated from Catharanthus roseus and Atropa belladonna sieboldiana. It belongs to a class of isoquinolines that is substituted by an alpha-L-"
918,"Ceramides (1-) are obtained by deprotonation of the phosphate OH groups of 1-palmitoyl-2-oleoyl-sn-glycero-3-phospho- (1 '-sn-glycerol); major species at pH 7.3. It is a conjugate base of a 1-hexadecanoyl-2- (9Z, 12Z, 15Z) -octadecatrienoylglycerol. It derives from an all-cis-docosa-4,7,10,13,16,19-hexaenoic acid. It has a role as a human metabolite and a mouse metabolite. It arises from a hydride of a hexadecanedioic acid. A tautomer of a 1,2-di-O-palmitoyl- (8Z, 10Z, 13Z, 16Z, 19Z) -18-hydroxydocosahexaenoyl-rac-8,10,12,15-tetramethyl-2,6,10,14-tetrahydrocyclopropa [a] phene-1-ium-3,8-diol zwitterion arising from a proton transfer from an exocyclic ring to the alpha-carbon of a free fatty acid. An enantiomer of a (1R, 2S, 3R, 2E, 4E) -1,2-dioleoyl- (6Z, 7Z, 11Z,"
919,"It is a hydroxy monocarboxylic acid that is 2-oxopentanoic acid substituted by a hydroxy group at position 3. It has a role as a human metabolite. It derives from a pantothenic acid. It is an enantiomer of a (3R, 4S) -3-hydroxy-2-oxo-4-pentanoyl-L-pantothenate. It comes from a hydride of a pantetheine. It arises from a conjugate acid of a 3-hydroxypipecolonato-2R, 3S-dihydroxypentanoate. It represents a tautomer of a 3- (3-hydroxyprop-1-en-5-yl) -2,2-dimethyl-2,3-dihydro-1H-propanoic acid zwitterion. It originates from a proton of a coenzyme A. It is the major tautomer at pH 7.3 (according to Marvin v 6.2.0.). It belongs to a class of pantothenols and a member of hydroxycoumarins. It consists of a mixture of two species: one arising from a deprotonation of both the carboxylic acid groups; it is a conjugate base of a 3,4,5,6-tetra-O-methyl-beta-D-erythro-hexacosanoic acid."
920,. The molecule is a dipeptide formed from L-histidine and L-tryptophan residues. It has a role as a metabolite. It derives from a L-histidyl-L-tryptophane. It is a tautomer of a His- (L-His) -Trp zwitterion obtained by transfer of a proton from the carboxy group to the amino group; it is the major species at pH 7.3. It arises from a tautomerisation of a H-His- [L-His--L-Tryptophane] .2. It is an enantiomer of a D-Hisyl- (2-hydroxy-3-methylbut-2-en-1-yl) -L-tryptophan betaine. It contains a free-base (1 + / 2 +). There is no evidence for a tautomerase activity. It may be a tautomeric form of a N-alpha-beta-D-glucosamineyltryptophanamide (1-). It can be derived from a L- or D-histidine. It indicates that a tautomerization of a hispidulin is a result of a change in the hydrogen bond between the two carboxylic acid groups of the imidazole rings. It carries a positive charges at both the nitrogen atoms of the heterocycle. It
921,"; (5Z, 8Z, 11Z, 14Z) -icosatetraenoyl-CoA) obtained by the formal condensation of the thiol group of coenzyme A with the carboxy group of (7Z, 10Z, 13Z, 16Z, 19Z) -3-oxodotriacontahexaenoic acid. It is a 3-oxo-fatty acyl-CoA and an acute phase protein. It derives from an all-cis-docosa-4,7,10,13,16,19-octadehydro-5,8,10,13,15,19-hexaazaoctadeca-cyclohepta-5,10-dien-1-yl-CoA (4-). It has a role as an Escherichia coli metabolite and a mouse metabolite. It represents a conjugate acid of a 7-oxotetracosanoyl-2- [(9Z, 12Z, 15Z, 17Z, 18Z, 21Z, 24Z, 27E) -octacosahexaenoyl] -CoA (5-). The major species at pH 7.3. It belongs to a class of tetracosanoylCoA thioesters and a member of triacontahexenoyl CoAs. It consists of a 3- (3-oxohexanoyl)"
922,". The molecule is a 3beta-sterol that is 5alpha-cholest-8 (14) -en-3beta-ol substituted by a hydroxy group at position 3 and methyl groups at positions 4 and 7 respectively. It has a role as a plant metabolite. It derives from a hydride of a 5alpha-cholestane. It is a conjugate acid of a 4beta-methyl- (22E) -ergosta-8,24 (28) -diene-3beta, 5alpha-diol (1-). It belongs to a group of 3beta-sterols with an alpha-configuration at the 3beta-side-chain and a 7alpha-methyl group at the 5beta-position. It contains a 3beta- (S) -stigmasta-5,22-dien-1-yl group. It represents a tautomer of a 17beta-dehydrocholesterol zwitterion. It arises from a transfer of a proton from a hydrogen to a 6beta-hydroxy-5alpha-chol-7-en-3-one. It originates from a 6-deoxy-5-dehydro-L-threo-hex-4-enoyl-D-erythro-gycermanno-2-ulosonic acid; it is a"
923,". It has a role as an allergen. It derives from a hydride of a benzene. It is a conjugate base of a 2,3,7,8-tetrachlorodibenzo-p-dioxin (1 +). It represents a tautomer of a 4,4 '-dichlorodiphenyl-2,2' -biphenyldicarb-1 '-ol zwitterion. It contains a 2-chloro-3-methylbut-2-en-1-yl group at one of the two ortho positions of the phenyl ring. It arises from a proton transfer from a chlorine to the hydroxy group of a dichlorometalonium (2-). The major tautomer is a 2,3-dichloro-3,4,4', 5-pentakis-trioxydiphenyl-1,2-dioxine (1-) and a 2,5-dichloropentane-1,3-diolate zwittercation. It may be a consequence of a chlorination of the aryl groups of polychlorinated biphenyls. It originates from a parent compound of a series of mono- and di-ortho-chlorinated biphenyl compounds that have been widely used as pesticides and agrochemicals in agriculture and industry. It carries a high risk of adverse effects on human health due to its persistence in soil and aquatic environments. It also has a potential role as a"
924,"It is a tripeptide composed of L-glutamic acid, L-proline and L-tyrosine joined in sequence by peptide linkages. It has a role as a metabolite. It derives from a L-glutamate, a L -proline and a L ‑ tyrosine. It is an enantiomer of a (S) -glutamyl- (L-prolinyl) -L-tyrosine zwitterion. It contains a L- [(2S) -2-hydroxy-3-methylbut-2-en-1-yl] -L-proline (1-). It arises from a tautomer of a glutamyl-L-aspartic acid zwitterIon. It represents a conjugate acid of a Glu-Pro-Val-Tyr-Asp (2-). Its protonation is an essential for the biological activity of this compound; it is also present in the urine of patients with chronic kidney disease. It may be a precursor of a metabolite of vitamin D-dependent calcium oxalate crystalluria. It can be used as a diagnostic tool to detect vitamin D deficiency or hyperparathormone-mediated renal tubular reabsorption of calcium. It carries a positive charge at the C-terminus of the amino acid. It does not necessarily reflect a change in the chemical structure of the molecule. It comes from a"
925,"is an omega-hydroxy fatty acid ascaroside obtained by formal condensation of the alcoholic hydroxy group of icosanoic acid with ascarylopyranose (the alpha anomer). It is a metabolite of the nematode Caenorhabditis elegans. It has a role as a Caenorhabditis elegans metabolite. It derives from an icosa-5,8,11,14-tetraenoic acid. it is a conjugate acid of an 8-hydroxystearic acid (1-) .It is an enantiomer of an 11-hydroxydodec-2-enoate. It contains an alpha-L-rhamnopyranosyl- (1- > 2) -beta-D-fructopyranosyl- (1 < - > 6) -alpha-ketosuccinate (2-) and a 9-oxoundecanoyl-sn-glycero-3-phospho-l-serine zwitterion. It arises from a condensation of an icosanoate with an alpha, omega-dihydroxy-6- [(2R) -2-hydroxyoctadecanoyl] hexacosanoic acid. It originates from a C."
926,"SUMMARY: The molecule is a hydrochloride obtained by reaction of (R) -flupentixol with one equivalent of hydrochloric acid. It has a role as a dopamine agonist, an antiparkinson drug and an antidyskinesia agent. It contains a (1R, 2R, 3R, 4S, 5S) -trifluoro-4-hydroxy-3-methylpiperidine (1 +). It is an enantiomer of a (1S, 2S, 3S, 4R, 5R) -dihydroflupenidol hydrochloride. It derives from a hydride of a rac-flupenthixol. It represents a tautomer of a racemic (R, S) -fluoro-3,4-dihydro-2H-pyrido [1,2-a] isoquinolin-2-amine zwitterion formed by proton transfer from one of the tertiary amino groups to the two hydroxy groups of the phenothiazine ring. It consists of a conjugate acid of a levonitropium. It arises from a proton exchange of a hydride to a dihydrogen 1,1 '-binaphthalene-2,2' -bis (1H-indol-6-yl) (1'H-spiro [2,3-b] pyrrole-5,8-dien-1-ium) (1"
927,"S.: The molecule is a carbamate ester obtained by the formal condensation of the carboxy group of carbosulfan with the hydroxy group of methanol. It has a role as an EC 3.1.1.7 (acetylcholinesterase) inhibitor, an acaricide and an agrochemical. It derives from a methanol and a carbostyril. It is a conjugate acid of a methamidophos (1-). It arises from a hydride of a carbSO (3) -CH (2) -O-C (4) -C (5) -O- [(E) -2-methylbut-2-en-1-ylidene] oxetan-3-ol. It represents a tautomer of a methanesulfonato-O, O-dimethyl-N, N-diethyl-carbamothioate zwitterion. A metabolite of a carbamate insecticide methomyl. It binds to the active site of acetylcholinesterase (AChE) and inhibits its catalytic activity. It also acts as an antidote to organophosphate nerve agent poisoning. It does not have a toxic effect on non-target organisms such as crustaceans, insects, molluscs, amphibians, reptiles, birds, and mammals. It can be used as an alternative to organophosphates and pyrethroids insecticides in agricultural pest control. It"
928,". It has a role as a plant metabolite. It is a polyphenol and a member of xanthones. It derives from a 3-hydroxy-4-methoxy-5-methylbut-2-en-1-one. It represents a conjugate acid of a kaempferol 3-O-beta-D-glucoside (1-). It originates from a hydride of a 2,3-dihydro-1H-pyran-4 '-ol. It contains a 3- (3,4-methylenedioxyphenyl) -2-hydroxypropanoic acid. It arises from a tautomerisation of a quercetin 3-O- [alpha-L-rhamnopyranosyl- (1- > 2) -beta-D] -D-xylopyranoside zwitterion. It corresponds to a tautomer of a diosgenyl-3,3' -dihydromyriflavonan. It may be a precursor of astragalin, a flavonoid glycoside that is isolated from Astragalus membranaceus. It can be considered as a metabolite of the plant. It exists in a tautomeric form with a free access to the phenolic hydroxyl group at position 7 of the xanthone ring. It contributes to the antibacterial activity of Astragalin. It also acts as an antimicrobial agent against Gram-positive and Gram-negative"
929,". The molecule is a triacyl-beta-D-glucose in which the acyl groups at positions 1, 2 and 3 are specified as hexadecanoyl, oleoyl and linoleoyl respectively. It has a role as a mouse metabolite. It derives from an oleic acid, an arachidonic acid and an alpha-linolenic acid. It is a conjugate acid of a 1-stearoyl-2-oleoyl-3-linoleoyl-sn-glycero-4-phospho- (1 '-D-glucopyranosyl) -sn-glycerol (1-) .It is an enantiomer of a 2,3-distearoyl- (6Z, 9Z, 12Z) -octadecatriacontene-1-phospho-alpha-L-glyceride. It originates from a hydride of a cis-linoleic acid. A tautomer of a 1,2-dioleoyl-3,6,9-triacontahydronadecanoic acid zwitterion. It arises from a tautomerisation of a 2,2-bis (palmityloxy) -1,3-didehydro-6-oxoglycero-1,4-sphingadienoic acid. This tautomer is a major species at pH 7.3. It represents a metabolite of 2,3,7,8-tetrachlorodibenzo [a, d] anthracene-3,6-dioic acid"
930,"). It is a member of the class of pyrimidines that is 1H-pyrimido [4,3-b] pyrimidine-2,4 (3H, 5H) -dione substituted by hydroxy groups at positions 1 and 5 and a methyl group at position 6. It has a role as a mouse metabolite. It derives from a hydride of a 1H-pyran-2,4,6 (6H, 8H) -trione. It represents a conjugate acid of a 5,6-dimethyl-1- (4-hydroxy-3,5-dioxo-2,5-dihydropyrimidin-6-yl) -1H-pyrrolo [3,4-c] pyridine-2,6,8-triol (1-); it is an enantiomer of a 2-amino-5- (hydroxymethyl) -6-methyl-1H-imidazo- [4,5-f] purin-9-ol. It contains a beta-D-glucopyranosyl- (1- > 2) -alpha-L-rhamnosyl- (1- < -- > 6) -D-ribofuranosyl residue. It arises from a tautomerisation of a uridine 5 '-monophosphate zwitterion. It originates from a proton transfer from a uracil to a hydroxypyrimidine 7-carboxylic acid. A tautomer of a uracil 5' -phosphate."
931,". It has a role as a mouse metabolite. It is a conjugate acid of a 4-hydroxy-3-methylbut-2-en-1-one (1-). It derives from a hydride of a 1,4-benzenediol. It represents a tautomer of a 3,4-dihydronaphthalene-1,2-dione zwitterion arising from a proton transfer from the carboxylic acid group to the primary amino group; it is an enantiomer of a 3,5-didehydro-4-methyl-2,3-dihydro-1H-benzo [f] isoquinolin-1 (2H) -one. It arises from a tautomerisation of a 2,4-dihydroxy-6-methoxy-7-methylocta-2,6-dienoic acid. It contains a (4R) -4-hydroxy- (4E, 8E) -hexadec-8-enoate and a (4S) -3-hydroxymyristic acid (2-). The major tautomer at pH 7.3 (according to Marvin v 6.2.0.). There is a trace of a (5S, 6R) -6-hydroxymethyl-5-methylicosa-2,6,8-trienoic acid tautomer also present in a (5R, 6S) -6"
932,". It has a role as a mouse metabolite. It derives from a cinnamic acid. It is a conjugate acid of a cinnamate 4-O-caffeoyl-beta-D-glucoside (1-). It comes from a hydride of a trans-cinnamic acid and a p-coumaric acid. it is an enantiomer of a 3,5-dimethoxy-4-hydroxyphenyl-2-phenylacetoxy-1-phenyl-1H-benzopyran-7-yl-alpha-L-threo-hex-5-enoate. It represents a tautomer of a 3,4,5-trihydroxy-3-methoxyphenyl-2- (3,4-dimethoxyphenoxy) propanoic acid zwitterion. It arises from a proton transfer from a carboxylic acid to a 2,3-dihydroxypropyl-6-methyl-3- (methylsulfonyl) -1,4-benzoquinazoline-2 (1H) -one. It belongs to a class of phenols that is substituted by a sulfamoyl group at the 3-position and a carboxy group at positions 4 and 5 (according to Markowitz's nomenclature). A member of guaiacols, it is a primary amino compound and a secondary amino compound. It contains a N-acetyl-2,6-dimethoxypyrid"
933,"RESULTSION: The patient is a 25-year-old woman who was admitted to the hospital with complaints of abdominal pain, nausea, and vomiting. She had been diagnosed as having gastric outlet obstruction due to pyloric stenosis. She was referred to our hospital for further examination and treatment. She has a history of peptic ulcer disease and Helicobacter pylori (H. pylori) infection. It has a role as a human metabolite. It is a member of phenothiazines, an organochlorine compound, a tertiary amino compound and a secondary amino compound. It derives from a hydride of a phenothiazine. It contains a 1-methyl-3-phenylpropan-2-ol. It arises from a tautomerisation of a N-propyl-1- (4-chlorophenyl) -1,2-dihydro-2H-phenothiazine-5-amine. It represents a tautomer of a N- (1-methylpiperidin-4-yl) -N '- (2,6-dimethylphenyl) -2-oxo-1,2-dihydrophenothiazin-3 (4H) -ium (1 +). It can be used as a diagnostic agent in the detection of H."
934,"(3-hydroxydecanoyl) acyl-CoA thioester results from the formal condensation of the thiol group of coenzyme A with the carboxy group of (3Z, 7Z, 10Z, 13Z, 16Z) -docosapentaenoic acid. It has a role as a human metabolite and a mouse metabolite. It derives from an all-cis-docosa-3,7,10,13,16,19-hexaenoyl-CoA (4-). It is a conjugate acid of a 3- [(6Z, 9Z, 12Z, 15Z, 18Z) -3-oxodocosahexaenoyl] -CoA (5-). it is an enantiomer of a 3-hydroxy-4-methylpentanoyl-CoA 5-O-carboxytranferase-1 (5-oxo-Delta (6) -Delta (4) -steroid isomerase) -1- (5beta-cholesten-3beta-ol-26-oic acid 24-hydroxylase) -1,1-didehydro-2-deoxy-sn-glycero-3-phospho-alpha-D-glucosyl- (1 < / = 1 >) -sn-glycerol (1-); it is a tautomer of a 7-hydroxycoumarin zwit"
935,"SUMMARY: The plant is a member of the class of xanthones that is 9H-xanthen-9-one substituted by hydroxy groups at positions 3, 6 and 8 and a prenyl group at position 2. It has been isolated from the stems of Machilus yaoshanensis. It derives from a hydride of an oxacycle. It is a conjugate acid of a kaempferol 3-O-beta-D-xylopyranosyl- (1- > 2) -alpha-L-arabinopyranoside (1-). It arises from a tautomerism between a kaempferol 3,6,8-triacetate and a kaempferol 3,3 ', 6' -tetraacetate. It acts as a weak inhibitor of platelet aggregation induced by adenosine 5 '-diphosphate (ADP) in platelet-rich plasma (PRP) with IC50 values of 10 and 20 microg / ml, respectively. It also exhibits anti-inflammatory activity against lipopolysaccharide (LPS) -induced nitric oxide (NO) production in mouse macrophage cell line RAW264.72.2. It has a role as a plant metabolite and an anti-inflammation agent. It consists of a disaccharide derivative attached to a xanthone ring via a glycosidic linkage. It contains a 1,6-dihydro-2H-pyrano [3,2-c]"
936,"lycosides A and B have been isolated from the aerial parts of Phyllanthus emblica. It has a role as a plant metabolite. It is a beta-D-glucoside, a disaccharide derivative, a trihydroxyflavone and a glycosyloxyflavone. It derives from a 3 ', 4', 5 '-trihydroxy-7-methoxy-2,2' -bipyrano [3,2-c] chromen-6-one. It arises from a conjugate acid of a kaempferol 3-O- [alpha-L-rhamnopyranosyl- (1- > 2) -beta-D +] -D-xylopyranoside (1-). It originates from a hydride of an oxypyranonaphthochromene. It belongs to a group of flavonols that is substituted by hydroxy groups at positions 3, 4 and 7 and a prenyl group at position 6. It contains a 1-O-galloyl-2- (3,4-dihydroxyphenyl) -2-methylbut-3-en-1-yl group attached to a phloroglucinol via a glycosidic linkage. It may be a tautomer of a free phlorizin zwitterion. It also contributes to a tautomerism of a phloretin zwitterate zwittertoglycate."
937,". The molecule is a member of the class of xanthones that is 9H-xanthen-9-one substituted by hydroxy groups at positions 1, 3 and 6 and a methoxy group at position 2. It has a role as a plant metabolite. It derives from a hydride of an xanthan. It is a conjugate acid of a 9,10-dihydroxy-9H- [1,3] dioxolo [4,5-g] xanthone (1-). It arises from a tautomerization of a 2,3-dihydro-9,10-dioxo-9- (3,4,5-trimethoxyphenyl) -9,10-anthracen-1-one zwitterion. It represents a tautomer of a 9,9,10-trihydroxy-1,2-benzoxanthren-9 (10H) -one. It consists of a hydrate of a 2,2 '-dimethoxy-4,4' -bis (p-methoxyphenyl) -1,1 '-biphenyl-9,10,10' -tricarboxy-1,3,6,12-tetrahydronaphthalene-2,7-dione. It contains a hydrogen bonded to each of the two oxygen atoms of the xanthone ring (1: 1 ratio); it is also a major component of the extract of Panax notoginseng. It"
938,". The molecule is a member of the class of xanthones that is 9H-xanthen-9-one substituted by hydroxy groups at positions 1, 3 and 7 and a methyl group at position 8. It has a role as a plant metabolite. It derives from a hydride of an oxacycle. It is a conjugate acid of a violacein (1-) .It is an enantiomer of a 9,10-dihydro-1H- [1,3] dioxolo [4,5-g] xanthone. It contains a beta-D-fructofuranosyl- (1- > 2) -alpha-L-arabinopyranosyl residue (1 +). It arises from a hydrolysis of a 2,3-dihydronaphtho [2,3-c] furan-7 (5H) -en-1 (3H) -one."
939,". is a member of the class of xanthones that is 9H-xanthen-9-one substituted by hydroxy groups at positions 1, 3 and 6 and a methyl group at position 2. It has a role as a plant metabolite. It derives from a hydride of a 9,10-anthraquinone. It is a conjugate acid of a 1,8-dihydroxyanthracene-9,10-dione (1-). It represents a tautomer of a 1,2-dihydroxyanthraquinone-3,6-dione zwitterion. It arises from a tautomerisation of a 2,3-dihydroxynaphtho [2,3-b] furan-9 (10H) -one. It contains a proton of a 2,3- (dimethylamino) -6-hydroxypenta-2,4-dien-1-yl-3,5-diol (1 +); it is an enantiomer of a 1,3,6,8-tetrahydroxynaphthalene-9,10,10-triolate. It corresponds to a tautomeric form of a 1,5-dihydroxyanthranilic acid. One of a set of compounds isolated from the leaves of Aloe barbadensis L. It is thought to be a derivative of a cytochrome P-450 1A1 inhibitor. It belongs to the xanthones and is a secondary alcohol."
940,"""The molecule is a hydrate that is the dihydrate form of magnesium sulfate. It has a role as a drug metabolite. It contains a magnesium sulfate (anhydrous). It derives from a hydride of a magnesium. It is a tautomer of a Mg (2 +) -MgSO (4) .2H (2) O · 2H (1) O. It arises from a reaction of two moles of magnesium hydroxide ions with one mole of hydrogen sulfate at pH 7.3. It represents a hydrate and a member of magnesium sulfates. It indicates that magnesium sulfate is an inorganic sulfate salt. It can be used as a therapeutic agent in the treatment of hypermagnesemia, which is often associated with acute renal failure. It does not have a toxic effect on the kidney, but it has a long-term beneficial effect on bone density. It also has a potential role as an antidote to hypomagnesemia. It consists of a divalent magnesium cation and a sulfate ion. It exists in equilibrium between two forms, one of which is hydrated and the other which is hypochlorous acid. It may be derived from a magnesium chloride and a sodium sulfate; it is a conjugate acid of a chloridomethanide. It expresses a positive charge. It"
941,"SUMMARY: The plant is a member of the class of xanthones that is 9H-xanthen-9-one substituted by hydroxy groups at positions 1, 3 and 7 and a prenyl group at position 2. It has been isolated from the aerial parts of Delphinium styracifolium. It derives from a hydride of an xanthan. It is a conjugate acid of a kaempferol 3-O-beta-D-xylopyranosyl- (1- > 2) -alpha-L-rhamnoside (1-). It arises from a tautomerisation of an kaempferol 3 '-O- [(1R) -1-hydroxy-3-methylbut-2-en-1-yl] -beta-D- glucopyranoside zwitterion formed by a hydrogen bonding between the hydroxy groups of the xanthone ring and the carboxylic acid group of the secondary alcohol. It represents a major compound in Delphinidin-3' -O-rutinoside (1 +) .It has a role as an anti-inflammatory agent, a plant metabolite, an antineoplastic agent, an angiogenesis inhibitor, an apoptosis inducer, an antibacterial agent and an antifungal agent. It originates from a condensation of an anthraquinone with a trans-1,2-dihydronaphthalene."
942,"RESULTSIA: The molecule is a sesquiterpene alkaloid isolated from the roots of Aconitum carmichaelii. It has a role as a plant metabolite. It is an acetate ester, an organic heteropentacyclic compound, a secondary alcohol, a tertiary alcohol and a sesquiterpenoid alkaloid. It derives from a hydride of an aconitane. It contains a dihydroagarofuran-1 (3H) -benzofuran-3 (2H) -one. It arises from a conjugate base of a (+) -aconine (1 +). It represents a tautomer of a dihydro-aconine zwitterion. It consists of a dihydronaphthalene-1-ol zwittercation. It exists in equilibrium between two tautomers at pH 7.3 (2 + / 0) and 7.4 (4 + / 1). Both tautomers are connected to each other by a 1,2-diphenylethyl-3-methylbutane-2,3-diol. It can be derived from a hydroperoxy-5-methyltricyclo- [3.3.1.0 (1,5)] hepta-3,7-diene-dien-6-olate. It originates from a hydrate of a dehydroaconitine. It also is a taut"
943,"(2-). The major species at pH 7.3. It is a conjugate base of a 3-deoxy-L-threo-hex-4-enopyranos-2-ulose 6-phosphate. It has a role as a human metabolite, a Saccharomyces cerevisiae metabolite and an Escherichia coli metabolite. It derives from a D-glycero-beta-D-manno-heptose 7-phosphate (3-). It contains a 2,3-dihydroxy-3-methyl-5-oxo-4,5-dihydro-1H-pyrrolo [2,3-d] pyrimidine-2,6-dicarboxylate (1-); it is an enantiomer of a L-2,3-dihydroxy- (2E, 6E) -octadec-6-enoyl-3,5-dihydroxypentanoyl-2,5-dioxopyrrolidine-4,6-dicarboxylic acid. It arises from a tautomerization of a 3,6-dihydroxymyristic acid zwitterion arising from a Michael addition of a proton to a hydroxy groups at positions 6 and 7 of the pyranose ring. It represents a tautomer of a 3,6,7,8-tetradehydro-9-oxononicotinic acid 6- (1-piperidinyl) -2,6-dioate. It"
944,". It is an amino acid zwitterion obtained by transfer of a proton from the carboxy to the amino group of 2-amino-3-methylbut-2-enoic acid; major species at pH 7.3. It has a role as a human metabolite and a Saccharomyces cerevisiae metabolite. It derives from a beta-alanine (1- > 2) -enolpyruvamide (2-) .It is a tautomer of a 2-amino- [3-methyl-1- (4-hydroxyphenyl) -2-oxopropan-1-yl] -L-alanine. It arises from a hydride of a 2,3-dimethylbutanedionato-L-glutamate (1-). It belongs to a class of amino acids zwitterions that is derived from a N-acetyl-DL-threo-hex-4-eno-D-aldopyranosemiropentanoic acid. It contains a free alpha-amino group (1- < -- > 4) -linked to a meso-2,3-dimercaptosuccinic acid anion. It represents a conjugate base of a 5-deazaisovalerylsarcosine. It may be an enantiomer of a 7-deaza-iso-S-levuleucine (1-"
945,"(-) is a dicarboxylic acid monoanion obtained by deprotonation of the carboxy groups of 2-aminoadipic acid; major species at pH 7.3. It has a role as a human metabolite and a Saccharomyces cerevisiae metabolite. It derives from an adipate (1-). It is a conjugate base of a 2-amino-4-oxopentanoic acid. It was a conjugate acid of a 2- (glutathion-S-yl) -4-oxobut-3-en-1-oate (2-) .It is an enantiomer of a 2,3-diaminopentane-1, 4-dicarboxylate. It arises from a hydride of a gamma-glutamyl-L-glutamate zwitterion. It may be a tautomer of a 2,5-diaminomalonato-D-gamma-glutamyl- (1- > 2) -2,4-diaminoadipate. It contains a 5-oxo-4,5-dihydro-1H-imidazo- [1,2-alpha] pyrrole-6-carboxylic acid (3-). There is a direct consequence of a reduction of the C-C bond between the two nitrogens to yield a 1,5-diazabicyclo [2.2.2] heptane-5-carboxylate (5-). The"
946,"luteolin 7-O-beta-D-glucoside, has been isolated from the aerial parts of Phyllanthus emblica. It has a role as a plant metabolite. It is a dimethoxyflavone, a trihydroxyflavone and a glycosyloxyflavone. It derives from a 3 ', 4', 5,7-tetrahydroxy-5-methoxy-6-methyl-2 (1H) -benzopyran-7-one. It originates from a phloretin. It arises from a conjugate acid of a kaempferol 3-O- [(S) -3-hydroxyprop-2-en-1-yl] -alpha-L-rhamnopyranosyl- (1- > 2) -beta-D- [(2S) -2-hydroxy-2- (3,4-dihydroxyphenyl) ethyl] -D-glucopyranoside (1-). It belongs to a group of flavonoids that is substituted by hydroxy groups at positions 3, 6 and 7 and a prenyl group at position 4. It represents a tautomer of a quercetin 3- (O-methylglucosiduronic acid) -4 '-O-trans-feruloylsophoroside zwitterion in which it is replaced by a trans- (2R, 3R) -2,3-dihydro-2,2-dimethylbutanoyl group."
947,". It has a role as an allergen. It is a member of imidazoles and a tertiary amino compound. It derives from a hydride of an imidazol-2-one. It contains a tixocortamide (1 +). It arises from a tautomerisation of a ticlopidine zwitterion formed by proton transfer from the imidazole ring to the exocyclic amino group. It represents a tautomer of a thiocolchicinic acid. It can be used as a hapten in the development of serological tests for the diagnosis of Mycoplasma genitalium, Chlamydia trachomatis, and other sexually transmitted infections. It may also be used in the detection of antibodies to human immunodeficiency virus (HIV) or hepatitis C virus (HCV) infection because of its high sensitivity and low cross-reactivity with other antigens such as keyhole limpet haemocyanin (KLH). A number of studies have been carried out to evaluate the diagnostic value of anti-HIV / HCV antibodies in HIV-positive patients. It was found that a single dose of tiroxocortolone (1 mg / kg body weight) does not result in a false-positive results. It suggests that this drug is unlikely to cause false-negative results when it is used as an antimicrobial agent. It"
948,"(3-hydroxy-5-methylpentanoyl-CoA) is a hydroxyacyl-CoA that results from the formal condensation of the thiol group of coenzyme A with the carboxy group of (3Z, 7Z, 10Z, 13Z, 16Z, 19Z) -3-hydroxyhexacosapentaenoic acid. It has a role as a human metabolite and a mouse metabolite. It is a member of hydroxyoctanoyl-CoA and a very long-chain fatty acid CoA. It derives from a 3-hydroxyocosa-4,7,10,13,16-pentamethyl-3-oxoprop-1-enoylcoenzyme A. It is an enantiomer of a (2Z, 6Z, 9Z, 12Z, 14Z, 17Z, 20Z) -2-hydroxydocosapentaenoyl-CoA- (3S, 8Z, 15Z, 21Z, 23Z) -docosahexaenoic acid-CoA (4-). It contains a (3R, 4S) -3,7-dihydroxy-5,8-dioxoheptanoic acid 4-methyl-thioester. It originates from a (3'R, 4'S, 6'R, 7'S) -3 '-hydroxyoct-6-enoic"
949,"is a dicarboxylic acid monoester obtained by formal condensation of the carboxy group of 2-oxopentanoic acid with the hydroxy group of adipic acid. It has a role as a human xenobiotic metabolite. It derives from an adipate. It is a conjugate acid of a 2-oxo-adipate (1-). It arises from a hydride of an oct-4-ene-1-carboxylic acid. There is a tautomer of a 2- (2-oxoethyl) -glutaric acid zwitterion. It contains a proton at the 5-position of a 3-hydroxypentanoyl group and a 6-deoxy-alpha-L-threo-hex-2-ulosonic acid (2-). The major tautomer is a 2,3-dioxo-Delta (2), Delta (3) -hexacosanoyl-epsilon-amino-beta-D-glucosyl- (1- > 4) -D-glutathionate (8 +) .2. It is an enantiomer of a delta-valeric acid 2-O-phosphonato-adipyl-alpha- (5-) -D- (5-hydroxyhexanoyl) -L-alaninate. It may be a conjugate base of a Delta-"
950,"DESCRIPTION: The patient is a 27-year-old female with a history of type 2 diabetes mellitus, hypertension, and obesity. She has been diagnosed with acromegaly due to a pituitary adenoma. She was treated with octreotide long-acting release (LAR), followed by lanreotide in the case of disease progression. She also carries a mutation in the growth hormone secretagogue receptor (GHS-R1a) gene. It has a role as an anti-GH-secretagogue. It is a member of benzimidazoles, a dicarboxylic acid and a diol. It derives from an octreotide. It contains a 3-O-methyl-D-erythro-4-hydroxy-5-deoxy-alpha-L-threo-hex-2-enopyranosyl- (1- > 6) -D-glucopyranose (1 +). It represents a tautomer of an octreotide zwitterion. It arises from a transfer of a proton from one of the carboxylic acid groups to a hydroxyl groups of a glimepiride. It comes from a hydride of an oleandomycin. It reflects a tautomerisation of an acromegalic patients after treatment with octreotide LAR. It may be a consequence of a disturbance of the hypothalamic-pituitary-adrenal axis."
951,". It has a role as an EC 3.1.1.7 (acetylcholinesterase) inhibitor and an antineoplastic agent. It is a conjugate base of a physostigmine (1 +). It derives from a hydride of a 1,4-benzodiazepin-2-one. It contains a physostigmine group. It belongs to a group of physostigmine analogues that are substituted at the 1- and 3-positions by N-acetyl-L-threo-hex-4-enopyranosyl- (2S, 3S) -2-amino-2,3-dideoxy-alpha-D-glucopyranosyl- (S) - (1- > 6) -D-fructofuranosyl- (1R, 2S) -3-acetamido-1,2-dihydro-3- (1H-imidazol-1-yl) propanoic acid and N- [(1S, 2R) -1-hydroxy-3-oxopentanoyl] -L-isoleucyl] -N-methylpiperidinecarboxamide (1'S, 2'S) -dihydro-7H-furo [2,3-c] pyrrolo [3,4-b] quinolin-7-amine respectively (Fig."
952,"is a 3-oxo-Delta (4) steroid, an 11beta-hydroxy steroid, a 20-oxo steroid and a primary alpha-hydroxy ketone. It has a role as an anti-inflammatory drug, a human xenobiotic metabolite and a mouse metabolite. It derives from a hydride of a 5alpha-androstane. It is a conjugate acid of a 5beta-pregnan-3alpha-ol-20-one (1-). It represents a tautomer of a 5-hydroxy-3beta-methyl-5alpha-androst-16-en-17beta-one zwitterion. It arises from a proton transfer from the carboxy group to the 3alpha-OH group. It contains a hydride at the 20beta-side chain (+ / -) -androstenol (2-). The relative configuration of the 3beta-hydroxy group is unknown but it is proposed to be 7beta, 17alpha, 20beta, 22alpha, 26alpha, 29,30-pentahydroxyergosta-5,7,22-trien-3-yl acetate (1'R, 2'S, 3S, 5S, 6'S); it is believed to be 1 ', 2', 3 ', 6', 7 ', 8"
953,"SUMMARY: The molecule is a hydrate that is the dihydrate form of disodium cromoglycate. It has a role as an anti-asthmatic drug, an antispasmodic drug and a mast cell stabilizer. It contains a disodium cromoglycolate (anhydrous). It derives from a hydride of a cyclopentane. It is a tautomer of a disodium chromoglycate hydrate. It arises from a reaction of two moles of water molecules with one mole of sodium cromoglycolate at pH 7.3. It exists in two tautomeric forms; it is likely that they are formed by hydrogen bonding between the carboxylic acid groups of each of the two hydrates. It may be a conjugate acid of a cromolyn sodium (2-). There is a link between asthma and allergic conjunctivitis. It can be used as a therapeutic agent in the treatment of asthma and chronic obstructive pulmonary disease. It also has a potential use as an antipyretic, a bronchodilator, an analgesic and an antirheumatic drug. It belongs to a class of drugs known as cromoglycates. It consists of a pyrano-1,4-benzoxazin-3 (2H) -one substituted by a beta-D-galactofuranosyl- (1- > 2) -alpha-L-rhamnoside"
954,"tii is a member of the class of xanthones that is 9H-xanthen-9-one substituted by hydroxy groups at positions 1, 3 and 6 and a prenyl group at position 2. Isolated from Chaetomium globosum, it exhibits cytotoxicity against human cancer cell lines. It has a role as a metabolite and an antineoplastic agent. It derives from a hydride of an xanthan. It is a conjugate acid of a chrysophanol A (1-). It arises from a tautomerisation of an exo- (1-O-galloyl-beta-D-xylopyranosyl- (1- > 4) -D-glucopyranosyl) chrysophorin A. It is an enantiomer of a Chrysophanol A. It comes from a Diels-Alder reaction between two chrysophanic acids. It contains a trans-1,2-dihydronaphthalene-3,7-diol. It represents a tautomer of a cis-9,10-dihydro-9H- [1,3] dioxolo [3,2-b] xanthone. It exists in equilibrium between two isomeric forms (1: 1 ratio) when it is found in Chrysophanus tinctoria (L.) Singer & Thompson. It can be used as a food additive."
955,"). It is a member of the class of benzamides obtained by formal condensation of the carboxy group of 4-aminobenzoic acid with the amino group of 2-aminonaphthalene-1-sulfonic acid. It has a role as a chromogenic compound and a bacterial metabolite. It derives from a 2-aminonaphthalene-1,7 (1H, 8H) -trione. It contains a 2- [4- (trifluoromethyl) phenyl] -3-hydroxy-3-methylbut-2-enamido group. It arises from a tautomerization of a N-acetyl-L-tryptophanamide zwitterion. It represents a tautomer of a N- (4-acetamidophenyl) -N '-acetyl-D-erythro-hex-4-enopyrimidin-5-amine. It originates from a hydride of a 2,3-dihydro-1H-imidazo [4,5-f] [1,3] oxazin-6-yl-N-oxide. It belongs to a group of benzimidazole compounds that is substituted by an acetyl group at position 2 and a p-toluenesulfonyl group at positions 8 and 9. It carries a 3- (trifluoromethanesulfonyl) phenyl group and a sulfanyl group on each of the two nitrogen atoms. It"
956,"CONCLUSIONS: The results of this study show that there is no significant difference between the two methods. It has a role as a non-steroidal anti-inflammatory drug and an antipyretic. It is a conjugate acid of a mefenamic acid (1-). It derives from a hydride of a 4H-1,2,4-triazolo [4,3-a] pyrimidin-4-one. A tautomer of a 2-methyl-4- (1H-imidazol-1-yl) -5-oxo-1,3-dihydro-2H-1,4-benzoxazin-3-one zwitterion. It arises from a proton transfer from a metobromide to a methanesulphonic acid. There is a direct link between the use of ibuprofen and the risk of gastrointestinal side effects, which are known to occur more frequently in children than in adults. It may be a useful tool for clinicians to identify patients at high risk of developing these side effects and to monitor their response to treatment. It also provides a clue to the mechanism of action of a COX-2 inhibitor used in the treatment of rheumatic conditions such as osteoarthritis, rheumatoid arthritis, ankylosing spondylitis, and juvenile idiopathic arthritis. It contains a sulindac (2-) as the parent compound. It"
957,". It derives from a cinnamic acid. It is a conjugate acid of a 3-hydroxy-4-methoxyphenyl-2-O-caffeoyl-beta-D-glucopyranoside (1-). It has a role as a human metabolite and a Saccharomyces cerevisiae metabolite. It arises from a hydride of a cinnamate. It contains a 3,4,5-trimethoxyphenyl group at the 1-position. It originates from a trans-cinnamic acid and a 3,4-dimethoxy-5-hydroxyphenyl-L-lactic acid. Its conjugate acid is a tautomer of a 3,5-dihydroxy-4 '-methoxycinnamyl-2', 4 '-dimethoxycinnamate zwitterion. It consists of a 3- (3,4-dihydroxyphenyl) -2-O- [(4-hydroxyphenyl) methyl] -D-glucopyranosyl-alpha-l-rhamnopyranosyl- (1- > 2) -β-d-glucopyranoside zwitterions. It comes from a hydrogen bonding of a cis-3,4,5-trihydroxycinnamic acid to a 2,3-dimethylbut-3-enedioxy-6-methylhexan-1-ol. It belongs to a class of catechols that is substituted by a hydroxy groups at positions 2 and 4 (2- and 4-OH-substituents, respectively)."
958,"It is a hydroxy monocarboxylic acid and a secondary alpha-hydroxy ketone. It derives from a valeric acid. It is an enantiomer of a (3R, 4S) -3-hydroxy-4-methyl-3-oxopentanoate. It has a role as a human metabolite and a Saccharomyces cerevisiae metabolite. It originates from a hydride of a valine. It contains a (3S, 4R) -3,5-dihydroxy-4- (methylsulfinyl) butanoic acid. A conjugate base of a L-homoserine (1 +). It arises from a tautomerisation of a D-homocystine zwitterion arising from a proton transfer from the sulfo group to the amino group; it is the major tautomer at pH 7.3. There is a strong positive charge at the C-3 position of a 3-hydroxysitraxonic acid zwittercation. It may be a consequence of a protonation of a sulfate group on the side chain of a three-membered heterocyclic sulfur-containing heterocycle. As a result of this protonation, there is a significant decrease in the number of hydrogen bonds between the pyridinium ring and the carboxylic acid group of a two-membered heterocycle formed by van der Waals forces. It can be a tautomer"
959,"xanthones A and B have been isolated from the aerial parts of Theobroma grandiflorum. It has a role as a plant metabolite. It is a hydroxyflavone, a dihydroxyflavone and a trihydroxyflavone. It derives from a 3 ', 4', 5 '-tri-O-methyl-beta-D-gallocatechin. It arises from a conjugate acid of a kaempferol 7-O- [alpha-L-rhamnopyranosyl- (1- > 2) -beta-D-] -D-glucoside (1-). It originates from a hydride of an apigenin 3,5,7,3' -tetrahydroxy-10-methylisoeugenyl-8-en-1-one. It belongs to a group of flavonols that is substituted by hydroxy groups at positions 3, 6 and 7 and a methoxy group at position 3 '. It represents a tautomer of a myricetin 3' -O-sulfate zwitterion which is formed by a proton transfer from a free myricitrin to a sulfuric acid. It also contributes to a tautomerism of a luteolin 3,5,7-trihydroxy-9,10-dihydrochrysene 3,7-diol. It comes from a tautomeric mixture of a hypochlorophylls 3 '"
960,"ic acid. The molecule is a monocarboxylic acid anion that is the conjugate base of taurine, obtained by deprotonation of the carboxy group; major species at pH 7.3. It has a role as a human metabolite and a Saccharomyces cerevisiae metabolite. It is an ammonium ion derivative and a member of thiosulfinates. It derives from a taurine (1-). It consists of a taurine zwitterion. It contains a sulfo-tosulfinate (2-). A tautomer of a hypotaurine zwittercation. It arises from a proton transfer from a sulfinate to a taurine N (1) -H (4) O (5) S (6) -sulfate (3-). There is a direct link between a taurine and a sulfide ion. One of two sulfur atoms in taurine. It can be derived from a glutathionato-S-hydroxy-D-glucuronate (2 +). Cystine is also a tautomerically equivalent to a cysteinesulfonic acid but it is not a tautomers of any other amino acids. It does not yet have a definitive biological function. It may be a tautomer or a precursor of a free L-cysteine. It seems to be a consequence of a reduction of"
961,". The molecule is an organic cation obtained by protonation of the tertiary amino group of (+ / -) -N, N-dimethylethylenediamine; major species at pH 7.3. It is an ammonium ion derivative and a dicarboxylic acid dianion. It derives from a bis (dimethylamino) ethane-1,2-diamine. It has a role as a human xenobiotic metabolite and a Saccharomyces cerevisiae metabolite. It contains a N- (2-hydroxyethyl) -N- (1-methyl-1H-indol-3-yl) -2-aminoethanesulfonate (1-). It arises from a tautomerisation of a bis- (2- [(2R) -1-hydroxyethyl] -1-methylbut-1-en-2-yl] ethylamine zwitterion arising from a proton transfer from a two-fold deprotonation of one of the secondary amino groups. It represents a conjugate acid of a N, N- (R) -dimethyl-N- (1R-erythro-2,3-dihydroxypropyl) -1,2-diaminoethane-1,3-diium-5-olate. It was an enantiomer of a (S) -1,1 '-iminodiethylene-2,2' -bis (L-histidinium-4-sulfonate) (1 +)."
962,". It is a conjugate base of a 4-hydroxy-3-methylbut-2-en-1-one (1 +). It has a role as a human metabolite and a Saccharomyces cerevisiae metabolite. It derives from a hydride of a hexacosane. It contains a hydrogen attached to a methyl group at the 3-position of a pentacosa-1,4-dien-6-yl chain. It represents a tautomer of a 3-hydroxyhexacosan-5-yl-1,2-diol zwitterion. It arises from a tautomerisation of a 3,6-dideoxy-D-xylo-heptulose-7-ulosonic acid. It may be a result of a proton transfer from a carboxy group to a hydroxy groups at the 1- and 3-positions of an alpha-L-rhamnopyranosyl- (1- > 3) -2-acetamido-4,6-dideoxyhexanoyl-beta-D- (2- > 4) -D-fructofuranose (1-)."
963,"CONCLUSIONS: The patient is a member of the class of trisaccharides that is 2-acetamido-2-deoxy-beta-D-glucopyranose in which the hydroxy groups at positions 3 and 6 have been converted into the corresponding alpha-L-fucopyranosides. It is a trisaccharide derivative and an alpha, beta-unsaturated monocarboxylic acid. It derives from a N-acetylneuraminyllactose. It has a role as an epitope. It arises from a tautomerization of an alpha-Neu5Ac- (2- > 6) -beta-GalNAc- (1- > 3) -D-GlcpNAc zwitterion. It contains a beta-Neup6-- > 4 (FucpNAc) -alpha-GalpNAc. It represents a tautomer of a neoglycoside 3-O- [(2E) -3- (2-hydroxyethyl) -2-oxopyrrolidine-1-yl] -L-threo-hex-4-enopyranosylglycerol. It originates from a cis-2,3-dihydronaphthalene-1,4-diol. It can be a conjugate acid of a 3-O-sulfo-beta- [(2S) -3-hydroxymyristic acid] -D-Glc (1-)"
964,"ne de los pacientes de México. MATERIAL AND METHODS: A transversal descriptive study was carried out at the University Hospital of Guadalajara, Mexico. It has a role as an EC 1.14.13.39 (nitric oxide synthase) inhibitor and an anti-ulcer drug. It is a member of piperidines and a tertiary amino compound. It derives from a hydride of a piperidin-4-one. It contains a 1-piperidinecarbonyl group. It represents a tautomer of a N-methyl-L-arginine zwitterion. It arises from a tautomerisation of a N- (2-methylpropyl) -1,2-dihydronaphthalene-1,4-diamine. It can be a conjugate acid of a 1- [2- (1H-indol-3-yl) -1-oxoethyl] -N-methylethylpiperidinium bis (trifluoroacetate) (1 +). It exists in two tautomers. It comes from a proton transfer from a guanidinium to a free hydrogen ions. One of a subset of the four possible tautomers of a series of pipecolic acid derivatives. It may be a consequence of the use of H2-receptor antagonists for the treatment of peptic ulcer"
965,"MATERIAL AND METHODS: The study is a retrospective analysis of the medical records of patients who were admitted to the pediatric intensive care unit (PICU) of a tertiary care hospital between January 1, 2010 and December 31, 2012. It has a role as a pediatric ICU. It is a member of barbiturates, a primary amino compound and a secondary amino compound. It derives from a butan-2-ol. It contains a N-butyl-N '- (3-methylphenyl) -N, N-dimethylethylenediamine (1 +). It represents a tautomer of a 5-ethyl-5-oxo-2,3-dihydro-1H-pyrrolo [1,2-a] pyrimidin-4-amine zwitterion. It arises from a tautomerisation of a 5- (ethylsulfanyl) -5-oxopyrazolo [4,3-b] indol-1-ium-3-olate. It can be a conjugate acid of a pituitrin (1-) .It is an enantiomer of a ditrans, polycis-unguis-6-en-7-yl-3,5-dioxo-1,4-dihydropyrazolo [3,4-c] pyridin-8-olate"
966,). (ABSTRACT TRUNCATED AT 250 WORDS)
967,". It derives from a glutaric acid. It is a conjugate acid of a 3-carboxy-4-hydroxyglutarate (2-). It has a role as a human metabolite and a Saccharomyces cerevisiae metabolite. It arises from a hydride of a gamma-glutamyl-L-glutamate. It contains a 2-oxobutanoyl group. It may be a tautomer of a 3- (2-oxopropyl) -4,6-dideoxy-alpha-D-glucopyranose zwitterion arising from a proton transfer from a carboxylic acid to a 5-hydroxy-6-methyl-2-oxo-4,5-dihydro-1H-1,2,4-triazolo [4,3-a] pyridine-3-carboxylic acid. The major tautomer at pH 7.3 (according to Marvin v 6.2.0.)."
968,": 1. It is a conjugate base of a 4-hydroxy-2-methylbut-3-en-1-one (1 +). It has a role as a human metabolite and a Saccharomyces cerevisiae metabolite. It derives from a hydride of a guaiacol (1,2-dihydronaphthalene-3,7-diol); it is an enantiomer of a (1R, 2S) -4- [(2R, 3R) -3-methyl-2,3-dihydroxypropyl] -2-methylbutane-1,3-diol. It contains a (1S, 2R) -3,4,5-trihydroxy-2- (hydroxymethyl) butan-1,4-dione (1-). A tautomer of a 3,4-dihydroxyguaiacolic acid zwitterion. It arises from a proton transfer from a (S) -4-hydroxyguaiacolate to a (R) -1-hydroxypiperidin-4-one zwittercation. It represents a major species at pH 7.3 (according to Marvin v 6.2.0.). There is no evidence for a (4R, 5S) -3,4-dihydroxy-5-methylbicyclo [2.2.1] heptane-1,7-dicarboxylate (1-piperidinecarboxylato) acetate. It"
969,"(4-OHCS) is a member of the class of vitamin D sterols that is 1alpha, 25-dihydroxyvitamin D3 in which the hydroxy group at position 3 has been oxidised to the corresponding aldehyde. It has a role as an anti-inflammatory agent, a human xenobiotic metabolite and a mouse metabolite. It is a 3beta-hydroxy-Delta (1), Delta (4) -steroid, a 1,25-dihydroxyvitamin D sterol, an aldehyde and a tertiary alpha-hydroxy ketone. It derives from a 1alpha, 25- (OH) 2D3. It comes from a hydride of a vitamin D. It is not a conjugate acid of a calcifediol (1-). It arises from a tautomerization of a calcipotriol zwitterion. It contains a 1,2-dihydroxyethane-3-ol-6-one. It represents a tautomer of a caliprihydroxyvitamin D3 zwitteronate. It originates from a hydrogen bonding between two of the four hydroxy groups of a 25R-hydroxyvitamin D3. It may be a consequence of a tautomerisation of a 24S-hydroxycholecalciferols. It can be a tautomeric mixture of a 23R-hydroxycholecalciferol zwitterate and a 25S-dihydrocalcifodiol zwitter"
970,": Quercetin 7-O-beta-D-glucoside. It has a role as a plant metabolite. It is a trihydroxyflavone, a tetrahydroxyflavone and a monomethoxyflavone. It derives from a (-) -epigallocatechin 3-O- [alpha-L-rhamnopyranosyl- (1- > 2) -beta-D] -D-glucoside via a glycosidic linkage between the hydroxy groups at positions 3 and 5 of the catechin moiety. It represents a conjugate acid of a (+) -3,5,7,3 ', 4' -tetrahydroxyformononeoside (1-). It arises from a hydride of an epigallocatechin. It belongs to a class of flavonols that is isoflavanones substituted by a 6-hydroxy-3-methylhexa-2,4-dien-1-yl group at position 3 and a beta-glucosiduronic acid at position 7 (according to Markus et al."
971,"(-) is a dicarboxylic acid anion obtained by deprotonation of the carboxy groups of L-aspartic acid; major species at pH 7.3. It has a role as a human metabolite, a Saccharomyces cerevisiae metabolite and an Escherichia coli metabolite. It is a conjugate base of a L-aspartyl-beta-hydroxamic acid. It derives from a hydride of an aspartate (1-). It was a conjugate acid of a N-acetyl-L-aspartate (2-) .It is an enantiomer of a D-aspartokinase-2-mediated L-asparate (1- +) -ammonia ligase-catalyzed N-acetylaspartate (3-) -ammoniumium ion exchange reaction (1 +) .The major tautomer of a 3-amino-3-deoxy-alpha-D-threo-hex-4-enepyranosylaspartate zwitterion arising from a proton transfer from a carboxyl group to the amino group; it is the major species in solution. It arises from a tautomerisation of a 6-aminohexanoyl-DL-asparatosuccinic acid zwittertadecarboxylate- (1- & mgr; -3) -alaninate. It consists of a 5-oxo-Delta (4) -"
972,". It is a monocarboxylic acid and a member of acetamides. It derives from a 3-hydroxy-4-methylbut-2-en-1-oic acid. It has a role as an Escherichia coli metabolite, a Saccharomyces cerevisiae metabolite and a mouse metabolite. It arises from a hydride of a (Z) -3-methylpentane-1,5-diol. It consists of a conjugate acid of a 3- (3-hydroxymyristoyl) -2,3-didehydro-5-deoxy-alpha-D-arabino-hexopyranoside (1-). It represents a tautomer of a 2- (3 '-hydroxymyridin-4' -yl) -2-oxopentanoic acid zwitterion. It relates to a proton transfer from a proton to a free 3-hydroxypropionato-2,5-dideoxy-6-O-methyl-beta-L-threo-hex-3-enopyranuronosyl (1-- > 4) -D-glucuronic acid (1'H-psicosyluronic acid) at a ratio 1: 1. It contains a 3- [(3S) -1-hydroxyethyl] -4-methylbutanoyl-2,3-dihydroxy-5- [(3R)"
973,". is a member of the class of xanthones that is 9H-xanthen-9-one substituted by hydroxy groups at positions 1, 3 and 6 and a methyl group at position 2. It has a role as a plant metabolite. It derives from a hydride of an oxaspiro compound. It is a conjugate acid of a 9,10-dihydroxynaphtho [2,3-c] furan-7,9 (10H) -dione (1-). It represents a tautomer of a 1,2-dihydro-9,10-epoxyxynaphthalene-7,9,10,10a-tetraone zwitterion. It arises from a tautomerisation of a 1,3,6-trihydroxypentacyclo [4.3.0.0 (2,6) .0 (1,6)] undec-7-en-10-one. It consists of a hydrate of a monohydrate of a 2,6,8-trihydroxy-9- (4-methylphenyl) -9,10-dioxo-1,2,3,4-tetrahydrocyclopenta [4,3-b] furo [3,2-d] pyran-5-yl acetate. It contains a free hydroxyl group (1: 1 ratio); it is a tautomeric form of a 2,2 '-dihydroxy-1,1' -bi"
974,"""The molecule is a nucleoside 3 ', 5' -cyclic phosphate having guanosine as the nucleobase. It has a role as an Escherichia coli metabolite and a mouse metabolite. It derives from a guanosine. It is a conjugate acid of a GDP-beta-D-ribopyranoside (3-). it is an enantiomer of a UDP-2 '-deoxy-alpha-L-threo-hex-4-enopyranosyluronic acid. It contains a GDP (2-). It represents a tautomer of an UDP-2,3-dideoxyguanosine 3' -phosphate zwitterion. It arises from a hydride transfer from an adenosine 5 '-monophosphate to an inosine 5' -triphosphate. It reflects a tautomerism of an UDP- (2'S) -2 '-dehydro-N-acetylpseudouridine 5' -diphosphate. It may be a consequence of a proton competition between the two moieties at the same nucleotide binding site; it is a tautomeric mixture of all three nucleosides 3 '-5' -cyclic phosphates in which one of them is protonated at pH 7.3. It can be a sign of a change in the number of protons bound to the diphosphate moiety (1 + / 2 + / 3 + / 4 + / 5 + / 6 +"
975,"(3-hydroxy-5-methylcyclohex-2-en-1-yl) -acyl-CoA (4-) was obtained by deprotonation of the phosphate and diphosphate OH groups of (3Z, 7Z, 10Z, 13Z, 16Z, 19Z) -3-hydroxytetratriacontatetraenoyl-CoA; major species at pH 7.3. It is a conjugate base of a (6Z, 9Z, 12Z, 15Z, 18Z, 21Z, 22Z, 24Z, 28Z, 31omega26-tetranor-5,7,10,13,16,19-hexaenoic acid-CoA). It derives from an all-cis-docosa-6,9,10,13,16-pentaenoic acid. It has a role as a human metabolite and a Saccharomyces cerevisiae metabolite. It belongs to a class of cyclopropanecarboxylic acids that is derived from cyclopropane-1,3-dicarboxylic acid and a heptadec-6-enoic acid via a thioester bond between the 4-carboxy group and the alpha-position of the fatty acid bound to CoA. It represents a member of monomethoxycyclopropanes and a long-chain 3-oxo-Delta (4) -"
976,". The molecule is a member of the class of ureas that is urea in which one of the hydrogens attached to the nitrogen has been replaced by a 4-methylpiperazin-1-yl group. It has a role as a non-steroidal anti-inflammatory drug, an EC 1.14.99.1 (prostaglandin-endoperoxide synthase) inhibitor and an antipyretic. It derives from a piperazine. It is a conjugate acid of a tolfenamic acid (1-). It comes from a hydride of an urea. It contains a 4 '-methylpiperazino [1,2-a] pyrimidine-5-carboxylic acid. It arises from a tautomerisation of a sulindac zwitterion. It represents a tautomer of a 2' -sulfanyl-3 '-methyl-N- (4-methyloxiran-2-yl) -2' -oxoimidazoline 1,1 '-diolate. It binds to the active site of the enzyme cyclooxygenase-2 (COX-2) and prevents it from converting arachidonic acid into prostaglandin E2. It can be used as a prodrug for the treatment of rheumatoid arthritis and other inflammatory diseases such as osteoarthritis and ankylosing spondylitis. It also has a potential role as an anticoronaviral agent. It"
977,"I. It is a member of the class of xanthines that is 9H-xanthen-9-one substituted at positions 1, 3 and 6 by 2-amino-5- (dimethylamino) naphthalen-1-yl groups. It has a role as a fluorochrome. It derives from a hydride of an oxacrown ether. It is an enantiomer of a 7H, 10H-dibenzo [b, d] pyran-10-ol-6-ium-3,6-diolate. It contains a 7- (2-aminoethyl) -1,4,6,8-tetraazacyclononane-9,10-diol (2-). It arises from a tautomerization of a fluorescein isothiocyanate zwitterion. It represents a tautomer of a 7 ', 7' -diaminonaphthalene-2,9-diylbis (5-hydroxy-1,3-thiazol-2-yl) -1H, 8H-imidazo [4,5-f] quinolin-4-ium. It can be considered as a conjugate acid of a 5,7-diaminonaphtho [2,1-b: 3 ', 6' -c] acridine-9,9 '-bis (N-ethylsuccinimidylamide) (1-)."
978,". The molecule is a sesquiterpenoid isolated from the aerial parts of Ajuga bracteosa. It has a role as a plant metabolite. It derives from a hydride of an eudesmane. It is a conjugate acid of a (1S, 2R) -2-hydroxy-2-methylcyclohex-3-en-1-one (1-) and a (2S, 3R) -3-methyl-2- (hydroxymethyl) -2,3-dihydro-1"
979,". It is a member of the class of imidazoles that is imidazole in which one of the hydrogens attached to the nitrogen atom has been replaced by a 2-hydroxyethyl group. It has a role as an allergen. It derives from a hydride of an imidazole. It represents a tautomer of a 1-ethyl-1H-imidazol-2-amine zwitterion. It arises from a tautomerisation of a 1- [2- (ethoxycarbonyl) ethoxy] -1H-imidazole. The major tautomer at pH 7.3 it is a conjugate acid of a 1,2-dihydro-2H-imidazo [4,5-f] -1,2,4-triazol-3-ium. It comes from a proton transfer from an imidazole to a 1,4-dihydr-oxy-2,3-dimethylbutane-1-sulfonate. It contains a hydrogen sulfate (1-). One of a number of tautomers of a series of substituted imidazoles. It may be derived from a reaction of a primary and secondary amino groups of imidazole with two different degrees of protonation of each of the two hydroxy groups; it is also a tautomeric form of a N, N '-bis (2-ethylhydrazinium) -1,2,2-trimethyl-4-imidazolidine-5"
980,". It is a triacylglycerol 38: 2 in which the acyl groups specified at positions 1 and 2 are (9Z, 12Z) -octadecadienoyl and (4Z, 7Z, 10Z, 13Z, 16Z, 19Z-docosahexaenoyl) respectively. It has a role as a mouse metabolite. It derives from an all-cis-docosa-4,7,10,13,16,19-hexaenoic acid and an oleic acid. it is a conjugate acid of a 1,2-dioleoyl-3-stearoyl-sn-glycero-4-phospho- (5Z, 8Z, 11Z, 14Z, 17Z, 20Z-pentacosapentaenoate) (1-). It arises from a hydride of an octadecane. A tautomer of a 1-palmitoyl-2-oleoyl-3,4,6-triacontadec-5-ene-8,11,14,17-tetraoic acid zwitterion arising from a proton transfer from an alpha-linolenic acid to a free fatty acid; it is the major species at pH 7.3. It originates from a cis-9,12,16-octadehydro-5,8,10,13,19,20-pentaheptadecatriynoic acid. It"
981,". It has a role as a mouse metabolite. It derives from a hydride of an olefinic compound. It is a conjugate base of a heptadecane-1,17-diol (1 +). It represents a tautomer of a heptahydronaphthalene-1,3,17-triol zwitterion. It arises from a proton exchange between a hydride and a pentacoordination of a carbon atom of a double bond in a heptane-1,4-dien-1-ol. It contains a hydrogen at the same level as that of the parent molecule. It may be a precursor of a wide range of secondary metabolites, such as prostaglandins, leukotrienes, thromboxanes, lipoxins, etc."
982,"Cer (d18: 1 / 0: 0) in a patient with Niemann-Pick disease type C. It has a role as a mouse metabolite. It derives from an octadecanoic acid. It is a conjugate acid of a 22-hydroxydocosenoyl-beta-D-galactosyl- (1 < - > 1 ') -N-acylsphingosine (1-). It arises from a hydride of a C18: 1, Z-dihomo-sphingan-1-ol. It belongs to a group of ceramides and a series of hexacosanoyl-sn-glycero-3-phospho- (1' -amino-2 '-deoxy-beta- D-glucosaminyl- (1- > 2') -sn-glycerol) zwitterions. It represents a tautomer of a 25-hydroxyergosta-5,8,11,14-tetraenoic acid zwitterion. It contains a trans-1,2-dihydroxy-4- (N-hexadecanoylamino) but-2-enoyl group. It originates from a 24-methylergostane-5,7,10,13,16-pentakisatetraenine. It may be an enantiomer of a 26-methylcholesterol-5,6,8,11,14,17-"
983,"(3) is a 3-hydroxy fatty acid anion that is the conjugate base of 3-hydroxydodecanoic acid, obtained by deprotonation of the carboxy group; major species at pH 7.3. It has a role as a human metabolite. It derives from a dodecanoate. It is an enantiomer of a 2-hydroxy-3-oxododecanoyl-beta-D-glucosyl- (5Z, 8Z, 11Z, 14Z) -icosatetraenoate. It comes from a hydride of a 12-hydroxystearic acid. It contains a (6Z, 9Z, 12Z) -12-hydroxyicosatrienoate zwitterion and a (7Z, 10Z, 13Z, 16Z) -14-hydroxyoctadecatrienoic acid (1-). It arises from a condensation of two docosa-6,9,10,14-pentaenoic acids with one of the three hydroxy groups of a 3- (3-oxohexanoyl) -1,2-dideoxy-alpha-L-threo-hex-5-enoyl-sn-glycero-4-phosphoglycerol. It originates from a (3Z, 15Z, 18Z, 21Z) -3-hydroxyhexacosenoic acid."
984,"CONS: IDENTIFY: CRD42011001507. MATERIAL AND METHODS: The patient is a 16-year-old girl who had been diagnosed with idiopathic thrombocytopenic purpura (ITP) at the age of 10 years. She was treated with intravenous immunoglobulin (IVIG), and her platelet count returned to normal. She has been in remission for more than one year. She does not have any symptoms related to ITP. She also has a history of chronic hepatitis C virus infection. Her liver function tests are within normal limits. DIAGNOSIS: Idiopathic thrombocytopenic purpura. It is a member of immunoglobulins, a non-proteinogenic L-alpha-amino acid and a primary amino compound. It derives from a gamma-L-glutamic acid. It has a role as an anti-platelet aggregation agent, an antiviral agent and an antibacterial agent. It contains a 4-hydroxy-3-methylbut-2-enoyl-D-threo-hex-4-enamide (1 +). It arises from a tautomerisation of an ITP-IgG-induced platelet count drop. It can be a conjugate base of an antiplatelet-activating factor (APAF) -IgG (1-) .It is an enantiomer of an APAF-IgG ("
985,"ata. It has a role as an Escherichia coli metabolite and a mouse metabolite. It is a conjugate acid of a sulfoquinovose (2-). It derives from a hydride of a 3,6-dideoxy-alpha-L-threo-hex-4-enopyranos-2-ulosonic acid. It contains a sulfate group (1-). A tautomer of a 3-sulfo-6-deoxy-beta-D-manno-oct-1-ulopyranosonate zwitterion arising from a proton transfer from a sulfuric acid to a sulfinic acid. The major tautomer at pH 7.3. It arises from a tautomerism of a 5-sulfonato-2,3-dihydro-1H-imidazo [4,5-f] -1,2,4-triazolo [4,3-a] pyrimidin-7-one. It may be a conjugate base of a 3,5-didehydro-2,6-dioxo-5-sulfanhydro-8-sulfanyl-1,2,3-trithiazolidin-4 (1H) -one. There is a direct relationship between the number of hydrogen atoms in the sulfonate group and the size of the heterocyclic ring system; it is thought to be the most"
986,"). The molecule is a member of the class of benzamides obtained by formal condensation of the carboxy group of 4- (4-fluorophenyl) -1H-pyrazole-3-carboxylic acid with the amino group of 2-naphthoic acid. It has a role as a chromogenic compound. It is an organofluorine compound, a monocarboxylic acid and a benzamide. It derives from a 3- (2,4-dichlorophenyl) -4-fluoro-1H-pyrazol-5-amine. It contains a 2-naphthalenesulphonamido group. It represents a tautomer of a 2- [4- (trifluoromethyl) phenyl] -4-fluorobenzoic acid zwitterion. It arises from a tautomerisation of a 4- [4- {4- (trifluoro-methyl) phenyl} -2-oxopyrimidin-1-yl] -5-oxo-4H-1,2,4-triazolo [1,5-a] pyrimidine-6-carbonitrile. It originates from a hydride of a 2,3-dihydro-3H-imidazo [4,5-b] pyridin-7-one; it is a conjugate acid of a N- (4 '-fluorobenzoyl) -2-naphthoyl-N-methylanthranilate. It differs from a previously published results. It"
987,"(3Z, 7Z, 10Z, 13Z, 16Z) -icosatrienoic acid in the liver of rats. It has a role as a human xenobiotic metabolite and a mouse metabolite. It is a conjugate acid of a 3-oxo-5Z, 8Z, 11Z, 14Z-eicosapentaenoyl-CoA (4-). It derives from an all-cis-icosa-4,8,10,13,16-pentaenoic acid. It was a tautomer of a 3- (3-oxoprop-1-en-2-yl) -3-oxopropanoic acid zwitterion arising from a proton transfer from a carboxylic acid to a trans-3-oxopropenoyl group. It represents a major class of polyunsaturated fatty acyl-CoA thioesters. It may be a model compound for the study of peroxisome proliferator-activated receptor (PPAR) -regulated gene expression. It arises from an icosanoyl-CoA that is formed by condensation of the thiol group of coenzyme A with the carboxy group of (6Z, 9Z, 12Z, 15Z, 18Z, 21Z, 22Z, 24S) -hexacosatetraenoic acid; it is a member of polyenoic acids. It"
988,". The molecule is a tetrapeptide composed of L-leucine, L-threonine, and L-valine joined in sequence by peptide linkages. It has a role as a metabolite. It derives from a L-leucyl-L-threonine- (1-- > 2) -L-threonine and a L -valine. It is a tautomer of a Val-Thr zwitterion. It consists of a Val- (1- > 4) -Leu- (2- > 3) -Val zwitterions. It contains a trans-2-aminocyclopentane-1,3-dien-1-yl group. It arises from a tautomerisation of a Leu-Thr- (4-). It may be an enantiomer of a Glu-Thr-Val zwitterions. It can be a tautomers of a Ala-Thr + Val-Val and Ala-Val + Ile-Val at pH 7.3. It comes from a hydride of a L- or D-leucine. It reflects a tautomeric choice of a Gly-Leu-Leu zwitterimer. It indicates a possible involvement of a bifurcate hydrogen bond between the two amino termini. It suggests a role of a branched-chain alpha-amino acids as well as a protein synthesis inhibitors. It"
989,"RESULTS: The molecule is an amino disaccharide consisting of 2-acetamido-2-deoxy-beta-D-glucopyranose and alpha-L-rhamnopyranose residues joined in sequence by a (1- > 4) glycosidic bond. It derives from an N-acetyl-alpha-neuraminic acid. It is a conjugate acid of an alpha-Neu5Ac- (2- > 3) -beta-Galp-1 '-GlcpNAc (1-). It has a role as an Escherichia coli metabolite, a mouse metabolite and an epitope. It represents an enantiomer of a beta-Neu-5-enosylneolacto-6-ulopyranosonic acid."
990,"((5Z, 8Z, 11Z, 14R) -icosatetraenoic acid) is a lipoxygenase metabolite of arachidonic acid. It has a role as a human xenobiotic metabolite and a mouse metabolite. It is a conjugate acid of a 5-HPETE (1-). It derives from an all-cis-icosa-5,8,11,14-tetraenoic acid."
991,": The plant is a member of the class of xanthones that is 9H-xanthen-9-one substituted by hydroxy groups at positions 1, 3 and 7 and a prenyl group at position 2. It has been isolated from the aerial parts of Celastrus orbiculatus. It derives from a hydride of a xanthone. It is an enantiomer of a (+) -10alpha, 12beta-dihydroxy-9alpha, 10beta-epoxy- (2E, 6E) -3,7,10-trimethylcycloocta-2,6,10-trien-1-ol. It contains a (3R, 4aS, 7aS) -3-hydroxy-6,7-dimethylbicyclo [3.2.1] hept-5-en-6-yl group. It represents a tautomer of a spirooxabicyclo [5.2.1.0 (4,8)] undec-4-ene-1,2-dione zwitterion. It arises from a tautomerisation of a spiro-cyclotetrahydronaphtho [2,3-b] furan-1,7 (5H) -dien-7-one. A conjugate acid of a trans-9,10-dihydro-2,2-dimethylcyclobicyclo"
992,"(3-hydroxy-3-methylglutaryl-CoA). It is a conjugate base of a 3-hydroxymethylmalonate 6-phosphate. It derives from a hydride of an alpha-D-manno-oct-2-ulosonic acid (2-oxo-Delta (2), Delta (4) -dicarboxylic acid) and a coenzyme A. It is an enantiomer of a 2,3-dihydroxymethyl-5-dehydro-6-oxopent-4-enoyl-CoA (4-). The major species at pH 7.3. It has a role as a human metabolite and a Saccharomyces cerevisiae metabolite. It contains a coenzyme A (2-). There is a tautomer of a 7-hydroxymyristic acid 6- (O-acetyl-L-threo-hexopyranosyl) -phosphate zwitterion. It arises from a tautomerization of a 7,8-dihydroxy-9-oxononorbornyl-2,3- (1H, 3H) -pyrimido [4,5-d] pyrimidine-2,6-diium-3,5-diolate. It comes from a proton dissociation of a vitamin B (12) -6-OH-CoA; it is the major tautomer at all stages of life. It may be a"
993,"(2). It has a role as an Escherichia coli metabolite and a mouse metabolite. It is a conjugate acid of a 3-hydroxy-4-methylbut-2-en-1-oate. It derives from a hydride of a guaiacol (1 +); it is a tautomer of a 6-hydroxymuconic semialdehyde zwitterion arising from a proton transfer from the carboxylic acid group to the alpha-hydroxy group of 3-hydroxyisovaleric acid. It contains a 5-oxohepta-2,4-dienoate (2-). The major tautomer at pH 7.3 (according to Marvin v 6.2.0.). An enantiomer of a (+ / -) -3-hydroxyisovitamin D (3-). There is a significant difference in the relative abundance of these two tautomers (see Fig."
994,"(3-hydroxyacyl-CoA) results from the formal condensation of the thiol group of coenzyme A with the carboxy group of (4Z, 7Z, 10Z, 13Z, 16Z, 19Z) -docosahexaenoyl-CoA. It is a member of cyclopropanes, a long-chain fatty acid CoA thioester and a 3-hydroxy fatty acyl-CoAs. It derives from an all-cis-docosa-4,7,10,13,16,19-hexaenoic acid. It has a role as a human metabolite and a Caenorhabditis elegans metabolite. It arises from a (4E, 8Z, 11Z, 14Z, 17Z, 20Z) -3-hydroxyicosapentaenoyl- (4-hydroxy-3-methylbut-2-en-1-yl) -L-cysteinyl-CoA 5-fold greater than that obtained by condensation of one of the four carboxy groups of all-trans-docosapentaenoic acid with the thiol function of a 6-hydroxymyristoyl-CoA; it is a conjugate acid of a (4R, 6S, 8S, 9R, 12S, 13R, 15Z, 18Z) -6-hydroxylysinoleoyl-CoA (4-)"
995,"is a cinnamate ester obtained by the formal condensation of the carboxy group of trans-cinnamic acid with the hydroxy group of 2-phenylethanol. It has a role as a plant metabolite. It derives from a trans-caffeic acid. It is a conjugate acid of a 2- [(E) -2-phenylprop-1-enoyl] -beta-D-glucopyranosyl- (1-O-cinnamate) (1-). It arises from a tautomer of a 2-ethyl-4- [(1E) -3- (4-hydroxyphenyl) -1-oxobut-3-en-5-yl] phenyl acetate zwitterion. It originates from a hydride of an alpha-L-rhamno-oct-2-enoate. A tautomer is also found in a mixture of cinnamate esters derived from trans-ferulic acid and trans-pinoresinol (1: 1 ratio). Both compounds have been isolated from Cinnamomum cassia. It can be considered as a Cinnamate ester, a member of phenylethanolides and a secondary alcohol. It contains a cis-1,2-ethanediyl groups at both ends of the cinnamate moiety. It may be a metabolite of this plant. It"
996,"SUMMARY: The molecule is a hydrochloride obtained by reaction of (S) -warfarin with one equivalent of hydrochloric acid. It has a role as an anticoagulant, an EC 2.7.11.13 (protein-tyrosine kinase) inhibitor and an antineoplastic agent. It contains a racemic warfarin (1 +). It is an enantiomer of a (R) -dihylwarfarin hydrochloride. It derives from a hydride of a vitamin K (1) .It is a conjugate acid of a rac-warfarin (1-). There is an equal number of hydrogens in the two components of a racemate (ratio 1: 1). Warfarin is a prodrug that is converted to its active form, which is used in the treatment of patients with atrial fibrillation (AF) who are at high risk of stroke (e.g., those with heart failure or chronic obstructive pulmonary disease) .The primary objective is to reduce the risk of major adverse cardiovascular events such as stroke, myocardial infarction, and death associated with warfarin therapy. It consists of a hydantoin moiety attached to a 2,3-dihydro-1H-1,2,4-triazol-1-yl-5-hydroxy-6-methyl-4- (4-fluorophenyl) -2-oxopyridine-3-carboxylic acid via a chloride"
997,"). It is a member of the class of pyrazolopyrimidines that is 1H-pyrazolo [3,4-b] pyridine which is substituted at positions 2, 3, and 5 by hydroxy, methyl, and trifluoromethyl groups, respectively. It has a role as an EC 3.1.1.7 (acetylcholinesterase) inhibitor, an antiparkinson drug, an antioxidant, an anti-inflammatory agent, an antineoplastic agent and an apoptosis inducer. It derives from a hydride of a 4H-pyrazolopyrimidine. It contains a trifluoro-3- (trifluoromethyl) pyrazol-1-yl group. It represents a tautomer of a donepezil zwitterion. It arises from a proton exchange between a donorutine zwitterium and a pyridinium cation. It binds to the active site of acetylcholinesterase (IC (50) = 10 μM). A number of studies have shown that donepezil is used in the treatment of patients with Parkinson's disease or dementia due to Alzheimer's disease. It also has a potential role as a neuroprotective agent, a cholinesterase inhibitor and an anticoronaviral agent. It originates from a condensation of a dihydronaphthalene-1,4-dione with a 2,3-dimethyl-6-oxo-2,3-dihydro-1H-pyrimid-"
998,". It has a role as an Escherichia coli metabolite and a mouse metabolite. It derives from a threonine. It is a conjugate base of a threoninate (1 +). It arises from a hydride of a threonine zwitterion; it is a tautomer of a 3-amino-3-deoxy-D-manno-oct-2-ulosonic acid. A conjugate acid of a 3- (3-ammonioprop-1-enyl) -3-hydroxy-L-threonine (1-) .It is an enantiomer of a 2,3-diaminopropionato-DL-threonate. It contains a free 3-aminopropyl group (4 +), a free L-threonyl group (5 +) and a free alpha-amino group (2 +) at the third position of a branched-chain oligo- and poly-N-acetyllactosamine backbone. It consists of a three-membered ring (6 + / 5 + 7 + 8 + 9 + 10 + 11 + 12 + 13 + 14 + 16 + 18 + 19 + 20 + 21 + 22 + 24 + 25 + 26 + 28 + 32 + 30 + 31 + 33 + 34 + 35 + 36 + 2 + 3 ')."
999,"). The molecule is an L-alpha-amino acid zwitterion obtained by transfer of a proton from the carboxy to the amino group of N-acetyl-L-cysteine; major species at pH 7.3. It has a role as a human metabolite. It is a tautomer of a N-acetyl- (L-cysteinyl) -L-cysteine. It derives from a L-cystathionine beta-S-D-hemiacetal and a L- (2-thienylmethylene) -gamma-aminobutyric acid. It contains a 2- [(2R, 3S) -3-hydroxy-3-methylbut-2-en-1-yl] -2-oxoimidazolidin-4-ylidenemalonoyl group (1-). It arises from a tautomerization of a N- [(2S, 4S) -3- (hydroxymethyl) -2-oxoprop-1,3-dioxolan-5-ylidene] -L-cysteinylglycine. It may be a conjugate acid of a 3- (methyl) -2- [(2E) -iminobicyclo [2.2.2] oct-2 '-enyl] -5-oxo-2,3-dihydro-1H-isoxazolo [4,3-b] pyridine-6-"
