ID,description
0,The molecule is an N-acyl-1-O-beta-D-glucosyl-4-hydroxy-15-methylhexadecasphinganine in which the acyl group has 27 carbons and 0 double bonds and is 2-hydroxylated. It derives from a 15-methyloctadecaphytosphingosine. It is a conjugate acid of a 1-palmitoyl-sn-glycero-3-phospho-1D-myo-inositol(1-).it is a tautomer of a
1,"The molecule is an ammonium ion resulting from the protonation of the tertiary amino group of (S)-tetrahydrophenazine. The racemate is warfarin, an anticoagulant and an antihypertensive agent. It is a conjugate acid of a (S)(1+)-warfarin(1+). It is an enantiomer of a levobupivacaine hydrochloride. It derives from a hydride of a staurosporanic acid. Note that the stereoconfiguration of the pyrroline moiety is based"
2," molecule is a steroid glucosiduronic acid obtained by formal condensation of the carboxy group of hyodeoxycholic acid with the anomeric hydroxy group of beta-D-glucuronide. It has a role as a human urinary metabolite and a human xenobiotic metabolite. It is a bile acid glycine conjugate, a 3alpha-hydroxy steroid, a 6alpha-sulfoglycolipid and a cholestanoid saponin. It derives from a hyodeoxypalmitic acid and a hyocholic acid. It"
3," molecule is a hydroxy fatty acid ascaroside anion that is the conjugate base of oscr#36, obtained by deprotonation of the carboxy group; major species at pH 7.3. It is a conjugates base of an oscrinomycin A. It derives from an (11R)-12-hydroxytridec-11-enoate and a (11S)-12-(hydroxymethyl)octadecanoylglycero-3-phospho-1D-myo-inositol(1-). It"
4," molecule is a fluoroalkane that is perfluorooctane in which all of the hydrogens have been replaced by fluorines. It has a role as an environmental contaminant and a xenobiotic. It derives from a hydride of an octane. It is a conjugate acid of a 1,3-dichloro-2-fluoropyrafluoroacetate(1-). It is an enantiomer of a 3-fluoro-2-(trifluoromethyl)propanoic acid. It contains a 3-[(dimethylamino"
5," molecule is an amino trisaccharide consisting of alpha-L-fucopyranose, 2-acetamido-2-deoxy-beta-D-galactopyranosyl and 2-(acetamidoglucosyl)2-O-sulfo-beta-[(1->4)-beta-DD-piperazin-1-yl]ethanolamine residues linked in a (1->3) glycosidic bond. It has a role as an epitope. It is an aminoglycoside sulfate, a member of acetamides"
6," molecule is the D-enantiomer of xylulose. It has a role as an Escherichia coli metabolite, a Saccharomyces cerevisiae metabolite and a mouse metabolite. It derives from a D-xylonoic acid. It is a conjugate acid of a L-xylulopyranose 1-phosphate(2-). It is an enantiomerative of a (S)-1-O-methyl-alpha-D-xylanosyl-(1->3)-D-glucopyranosyl 6-O-("
7," molecule is a monocarboxylic acid amide obtained by formal condensation of the carboxy group of 5-oxo-1,4-dihydro-2H-imidazo[1,2-a]pyrrolizin-2-ol with the primary amino group of 3-(morpholin-4-yl)propanoic acid. It has a role as an opioid analgesic, a mu-opioid receptor agonist and an antitussive. It is a member of morpholines, a tertiary amino compound, a methyl ester and a"
8,"The molecule is a monocarboxylic acid that is propionic acid in which one of the hydrogens ortho- to the carboxy group is replaced by a methoxy group. It has a role as a non-steroidal anti-inflammatory drug, a xenobiotic and an environmental contaminant. It is a member of benzoic acids and a monohydroxybenzoic acid. It derives from a 3-methoxyphenol and a 4-hydroxyphenylacetic acid. Isolated from the cultures of Penicillium citrinum, it exhibits antib"
9," molecule is an amino trisaccharide consisting of 2-amino-2-deoxy-beta-D-glucopyranose, alpha-L-rhamnopyranosyl and D-galactopyransyl residues joined in sequence by (1->4) glycosidic bonds. It is a member of oxolanes, an amino cyclitol and a primary amino compound. It derives from a beta-lactose and a D-Galp-(1->3)-D-GlcpNAc.it is a conjugate base of a 2-amin"
10," molecule is a pentacyclic triterpenoid that is olean-12-ene substituted by an oxo group at position 3. It has a role as a metabolite. It derives from a hydride of an oleanane. It is a conjugate acid of a 3beta-hydroxy-5alpha-cholesta-8,24(28)-diene-3beta-carboxylate. Found in the leaves and twigs of Juglans sebifera (the R,R stereoisomer). It is an enantiomer of a 1beta-"
11,"The molecule is a dipeptide obtained by formal condensation of the carboxy group of L-valine with the amino group of (2S)-2-aminobutyric acid. It has a role as a human urinary metabolite and a human xenobiotic metabolite. It is a tetracyclic diterpenoid, a N-acyl-L-alpha-amino acid, a secondary carboxamide and an amino dicarboxylic acid zwitterion. It derives from a valine and a L-tyrosine. It am enantiomer"
12,"The molecule is a member of the class of xanthones that is 9H-xanthen-9-one substituted by hydroxy groups at positions 1, 3 and 6, a hydroxymethyl group at position 2 and prenyl groups at position 4 and 8. Isolated from Cratoxylum Sumatranum, it exhibits cytotoxic activity. It has a role as a metabolite and an antineoplastic agent. It is a polyphenol, an aromatic primary alcohol, a secondary alcohol and a cyclic ketone. It derives from a hydride of an oleanane"
13," molecule is a docosanoid anion that is the conjugate base of (4Z,7Z,10Z,13Z,15E,19Z)-14,15-bis(hydroperoxy)docosahexaenoic acid, obtained by deprotonation of the carboxy group; major species at pH 7.3. It is a hydroperoxy fatty acid anion, a lipid hydroperoxide anion and a long-chain fatty acid oxoanion. It derives from an all-cis-docosa-4,7,10,13,16"
14," molecule is a limonoid found in Azadirachta indica. It has a role as a metabolite and an antineoplastic agent. It is a delta-lactone, a cyclic terpene ketone, an enoate ester, a member of furans, an epoxide, a tetracyclic triterpenoid, a methyl ester and a tertiary alpha-hydroxy ketone. It derives from a tiglic acid and a 4-methyllactofuran-1(3H),5(7H)-dione. It"
15," molecule is an aliphatic sulfide that is propan-1-ol substituted by a methoxy group at position 3. It has a role as a metabolite. It derives from a propionic acid. It is a conjugate acid of a 3-(methoxymethyl)propane-1,3-diol disulfide(1-). It is an enantiomer of a (2S)-2-methylpropylsulfanylbutanedioic S-methyl ester. It contains a (S)-lorglumol(1-) and a (R)-l"
16," molecule is an organic cation resulting from the protonation of the tertiary amino group of pyrrolizine. The major species at pH 7.3. It has a role as a muscarinic antagonist, an antispasmodic drug and a parasympatholytic. It is an ammonium ion derivative and an indole alkaloid cation. It derives from a senecionine(1+). It is a conjugate acid of a 4-hydroxy-N-(2,6-dimethylphenyl)quinolinium-8-olate. It contains a"
17, is a dicarboxylic acid dianion obtained by deprotonation of both carboxy groups of 2-hydroxy-3-(4-methylpent-3-en-1-yl)butanedioic acid; major species at pH 7.3. It has a role as a human metabolite and a Saccharomyces cerevisiae metabolite. It derives from a succinate(2-). It is a conjugate base of a 2-oxohexanedioylsuccinic acid. It is an enantiomer of a (S)-2-
18," molecule is a 1-phosphatidyl-1D-myo-inositol 3,4,5,6-pentakisphosphate in which both phosphatidate and acyl groups are specified as octanoyl (stearoyl). It derives from an octanoic acid. It is a conjugate acid of a 1,2-dihexadecanoyl-sn-glycero-3-diphospho-alpha-D-mannosyl-(1->3)-alpha-L-lyxo-hexadec-9-enoy"
19," molecule is a steroid saponin isolated from Ornithogalum thyrsoides and has been shown to exhibit cytotoxic activity against human oral epidermoid (KB), cervical epitheloid (Hela) and liver (hepa59T/VGH) carcinoma cells. It has a role as a metabolite and an antineoplastic agent. It is a beta-D-glucoside, a 17-hydroxy steroid, an acetate ester, a fluorinated steroid, a 3-oxo-Delta(1),Delta(4)-steroid and a tert"
20,"The molecule is a 3-oxo-fatty acyl-CoA that results from the formal condensation of the thiol group of coenzyme A with the carboxy group of (9Z,12Z)-3-oxodecadienoic acid. It is a conjugate acid of a (4Z,7Z,10Z,13Z,16Z,19Z)-docosahexaenoyl CoA(4-). It is an enantiomer of a [(2E,11Z)-octadecadienoyl]acetic acid."
21," molecule is a pyrrolizine alkaloid that is jacozine in which the tertiary amino function has been oxidised to the corresponding N-oxide. It has a role as a Jacobaea metabolite. It is an organic heterohexacyclic compound, a macrocyclic lactone, a tertiary amine oxide, an olefinic compound and a spiro-fused bicyclic diterpenoid. It derives from a senecionan. It contains a tetradecahydro-1H-chromen-5-yl group and a jac"
22, molecule is an organic cation obtained by protonation of the imidazole group of (R)-fenticonazole. It is an ammonium ion derivative and an indole alkaloid cation. It derives from a hydride of a (R)(1+). It is a conjugate acid of a rosanilin(1+); major species at pH 7.3. It has a role as a plant metabolite and an EC 1.14.13.132 (arachidonate 5-lipoxygenase) inhibitor. it is an enantiomer of a
23,"The molecule is an amino disaccharide consisting of N-acetyl-beta-D-glucosamine having a 6-O-sulfo-L-threo-hex-4-enopyranuronosyl group attached at the 3-position. It has a role as a carbohydrate allergen. It is an enol, a member of acetamides and an amino sugar. It derives from a 2-acetamido-2-deoxy-6-O-(1-carboxyvinyl)-D-galactopyranosyl residue. Isolated"
24,"The molecule is a tripeptide composed of L-leucine, L-threonine and L-valine joined in sequence by peptide linkages. It has a role as a metabolite. It derives from a L-Leu-Ala. It is a conjugate acid of a Leu-Pro-Gly(1-). It is an enantiomer of a Tyr-Thr-Tyr(2+)-beta-L-Araf zwitterion. It contains a Tyr(1-) and a Tyr(-)-GlcNAc(3-)."
25," molecule is a triterpenoid saponin of the class of cucurbitane glycosides isolated from Machilus yaoshansis. It has a role as an antineoplastic agent and a plant metabolite. It is a beta-D-glucoside, a monosaccharide derivative, a carboxylic ester and a pentol. It derives from a hydride of a hederagenin. Isolated from Aglaia abbreviata, it exhibits cytotoxicity against human oral epidermoid (KB), cervical epitheloid (Hela) and"
26,"The molecule is a member of the class of benzamides obtained by formal condensation of the carboxy group of 2-(4-methoxyphenyl)benzoic acid with the amino group of 3-(trifluoromethyl)propanoic acid. It has a role as a beta-adrenergic antagonist, an antihypertensive agent and an antiglaucoma drug. It is a tertiary amino compound, a substituted aniline, an aromatic ether, an organofluorine compound and a secondary amino compound. It derives from a benzoate."
27," is the monocarboxylic acid that is acetic acid in which one of the methyl hydrogens has been replaced by a 3,5-dichloro-4-hydroxyphenyl group. It is a dichlorobenzene, a member of phenols and an organochlorine compound. It derives from a 4-oxo-1,2,3,4-tetrahydrophenanthroline. Used (in the form of its sodium salt) for treatment of angina who have intolerance to beta blockers and/or heart failure. It has a role as"
28,The molecule is a dipeptide composed of L-lysine and L-glutamic acid joined by a peptide linkage. It has a role as a human metabolite. It derives from a L-histidine and a glutamic acid. It is a conjugate acid of a gamma-Glu-His(1-). It is an enantiomer of a D-GlcA(2-OSO3)-beta-D-Gal-(1-carboxyethylidene)glutamate(1-) (E.glu-Asp-NH2) oxan
29,"The molecule is a 1,2-diacyl-sn-glycero-3-phosphoethanolamine in which the 1- and 2-acyl groups are specified as hexadecanoyl (palmitoyl) and 9Z,12Z-octadecadienoyl respectively. It has a role as a mouse metabolite. It derives from a hexadecanoic acid and a linoleic acid. It is a tautomer of a 1-stearoyl-2-[(9Z)-hexadec-9-enoyl]-sn-"
30,"The molecule is a 1,2-diacyl-sn-glycerol in which the acyl groups at positions 1 and 2 are specified as stearoyl and oleoyl respectively. It has a role as a mouse metabolite. It derives from an oleic acid and an octadecanoic acid. It is a conjugate acid of a 1-octadecanoyl-2-oleoylglycero-1-phosphate(2-). It is an enantiomer of a (9Z,12E,14Z)-octadeca-9"
31," molecule is a heparin octasaccharide consisting of 4-deoxy-2-O-sulfo-alpha-L-threo-hex-4-enopyranuronosyl, D-glucopyranosyl, (5xi)-D-xylono-1-diphospho-ditrans,polycis-undecaprenol and L-idopyransyl residues joined in sequence by (1->3) glycosidic linkages. It is a conjugate acid of a 1-heparin 4'-O"
32,"The molecule is an amino disaccharide consisting of 2-acetamido-2-deoxy-beta-D-glucopyranose and beta-L-threonine residues joined in sequence by a (1->4) glycosidic bond. It is a member of acetamides, an amino sugar and a glycosylglucose derivative. It derives from a N-acetyl-alpha-neuraminyl-(2->3)-beta-lactoylsphingosine and a L-threo-hex-4-enoic acid. It"
33,"The molecule is an L-alpha-amino acid zwitterion obtained by transfer of a proton from the carboxy to the amino group of L-lysine; major species at pH 7.3. It has a role as a human metabolite and a Saccharomyces cerevisiae metabolite. It is a tautomer of a D-lysinium(1+). It derives from a taurine(1+) and a L-norleucine zwitrans, a L-(1<->1')-hexadecadienoate in which both of"
34,"The molecule is a mycolate ester formed by esterification of the 3-OH group of mycolic acid with the 6-OH of beta-D-glucosyl-(1<->1')-hexadecane-1,2-diol. It has a role as a mouse metabolite. It derives from a 1-(3-OH-alpha-L-rhamnosyl)-sn-glycerol. It is a conjugate acid of a 1-[(3R)-3-hydroxy-2-{[(1S)-1-octadecyl"
35," molecule is a pyrimidine ribonucleoside 5'-monophosphate having uracil as the nucleobase. It has a role as an Escherichia coli metabolite and a mouse metabolite. It is a conjugate acid of a uridine 5'-phosphate(2-). It is an enantiomer of a 5-O-(6-O-phosphono-beta-D-ribofuranosylpurin-6-yl)uracil (5-OP-RU), an orotic acid monoester and a member of ur"
36,"The molecule is a member of the class of pyrazoles that is 1H-pyrazole which is substituted at positions 1, 3, and 5 by pyridin-2-yl, cyano, (4-methoxyphenyl)sulfinyl, and amino groups, respectively. It has a role as an EC 2.7.11.1 (non-specific serine/threonine protein kinase) inhibitor and an antineoplastic agent. It is a N-sulfonylurea, a nitrile, an organofluorine compound,"
37," molecule is a glycosyloxyflavone that is kaempferol attached to a alpha-L-rhamnopyranosyl moiety at position 3 via an amide linkage. Isolated from the aerial parts of Vicia faba and Lotus edulis, it exhibits inhibitory effect on nitric oxide production. It has a role as a metabolite and an EC 1.14.13.39 (nitric oxide synthase) inhibitor. It is a disaccharide derivative, a cinnamate ester, a trihydroxyflavonoid and a member of flavon"
38," molecule is a sesterterpenoid isolated from the marine sponge Dactylospongia elegans and has been shown to exhibit cytotoxic activity. It has a role as a metabolite and an antineoplastic agent. It is a carbobicyclic compound, a secondary alcohol, a tertiary alcohol and a primary alcohol. It derives from a hydride of a 1-benzofuran which is substituted by a 4-hydroxy-3-methylbutan-2-yl group and a D-spongia luciferin(1-). It is an enantiomer"
39," is a hydroxy monocarboxylic acid anion that is the conjugate base of 3-hydroxy-4-oxobutanoic acid, obtained by deprotonation of the carboxy group; major species at pH 7.3. It has a role as a human metabolite and a Saccharomyces cerevisiae metabolite. It derives from a butyrate. It is a tautomer of a 3-(2,4-dihydroxycyclohex-2-en-1-ylidene)pyruvic acid zwitterion."
40," molecule is a lathyrane diterpenoid isolated from the roots of Euphorbia micractina. It has a role as a vasodilator agent and a sympathomimetic agent. It is a cinnamate ester, a cyclic ether, an organic heterotricyclic compound, a secondary alcohol, a tertiary alcohol and a polycyclic cage. It derives from a hydride of a 5alpha-campestane. Isolated from Eurycoma longifolia and exhibits cytotoxicity against human oral epidermoid (KB), cervical epitheloid"
41,"The molecule is a monoterpenoid indole alkaloid with formula C22H24N2O3, isolated from several plant species including Alstonia spatulata and Catharanthus roseus. It has a role as a plant metabolite. It is a methyl ester, a tertiary amino compound, an organic heteropentacyclic compound, a primary alcohol, a secondary alcohol, an olefinic compound and a monocarboxylic acid amide. It derives from a hydride of an aconitane. Isolated from the roots of Angelica pubesc"
42," molecule is a member of the class of xanthones that is 9H-xanthen-9-one substituted by hydroxy groups at positions 1, 3 and 6, a methoxy group at position 4 and a 2-hydroxy-3-methylbut-1-en-2-yl moiety at position 1. Isolated from Cratoxylum Sumatranum, it exhibits cytotoxic activity. It has a role as an antineoplastic agent and a plant metabolite. It is a polyphenol and a xanthone. It derives from a hydride of a 9"
43," molecule is a limonoid found in Azadirachta indica. It has a role as a metabolite and an antineoplastic agent. It is an acetate ester, a cyclic terpene ketone, an enone, a member of furans, an epoxide, a tetracyclic triterpenoid, a methyl ester and a tertiary alpha-hydroxy ketone. It derives from a hydride of an aconitane. It contains a delta-lactone(1+). It is a conjugate base of a lup"
44," molecule is a member of the class of imidazoles that is 1H-imidazole in which the hydrogen attached to the nitrogen is replaced by a phenyl group. It has a role as an antineoplastic agent, an EC 2.7.11.1 (non-specific serine/threonine protein kinase) inhibitor and an apoptosis inducer. It is a conjugate base of a N-(4-aminobenzyl)benzene-1,3-diamine(1+). It derives from a hydride of an imidine. It"
45," molecule is a guanidinium ion obtained by protonation of the imino nitrogen of gadoteric acid. It has a role as a human metabolite and a Saccharomyces cerevisiae metabolite. It is a conjugate acid of a gadoterpenoid(1-). It is an enantiomer of a (Z)-hexadienium(1+). It derives from a hydride of a 1,2,3,3a,4,5,6,7,8,8a-octahydroquinazolinium(2+.). It is"
46," molecule is a myo-inositol pentakisphosphate. It has a role as an Escherichia coli metabolite and a mouse metabolite. It is a conjugate acid of a 1-(6-O-phosphono-alpha-D-glucosyl)-1H-pyrazolo[4,3-b]pyran-5-yl diphosphate(3-).it is a tetradecanoyl tetraarboxylic acid dianion and a 3-hydroxypropanoate ester. It derives from a my"
47,"The molecule is a lathyrane diterpenoid isolated from the roots of Euphorbia micractina. It has a role as a vasodilator agent and a sympathomimetic agent. It is a cinnamate ester, a cyclic hydroxamic acid, a member of phenols and an organic heterotricyclic compound. It derives from a hydride of a 5alpha-coumarin. Isolated from Eurycoma longifolia and exhibits cytotoxicity against human oral epidermoid (KB), cervical epitheloid (Hela)"
48," molecule is an epoxy(hydroxy)icosatrienoate that is the conjugate base of 11,12-EET, obtained by deprotonation of the carboxy group; major species at pH 7.3. It is an omega-hydroxy fatty acid anion and an icosanoid anion. It derives from an icosa-5,6,8,11,14-tetraenoate and an all-cis-icosa-7,10,13,16,19-hexaenoate in which the hydroxy group has S configuration"
49,"The molecule is a monocarboxylic acid amide obtained by formal condensation of the carboxy group of 3-(4-methoxyphenyl)propanoic acid with the amino group of (2S)-2-aminopyridine. It has a role as a beta-adrenergic agonist, an antihypertensive agent and an antiglaucoma drug. It is a member of pyridines, a monomethoxybenzene, an aromatic ether and a tertiary amino compound. It derives from a propionic acid and a 2-amin"
50," molecule is an ammonium ion resulting from the protonation of the pyrrolidine nitrogen of (S)-nicotine. The major microspecies at pH 7.3. It is a conjugate acid of a (R)-nicotinium(1+). It is an enantiomer of a levobunate. It derives from a hydride of a tosufloxacin tosylate zwitterion. Note that the stereoconfiguration of the hydroxy group is based on CHEBI:144374, and Fig. S10. See also J. Antibiot"
51,"The molecule is a monocarboxylic acid amide obtained by formal condensation of the carboxy group of propionic acid with the amino group of glycine. It has a role as a human urinary metabolite and a human xenobiotic metabolite. It is a member of guanidines, an organoammonium salt and a methyl sulfide. It contains a propionylsulfanylbutanoate. It derives from a propiopionic acid. It conjugate acid of a 3-[(2-aminopropoxy)carbonyl]propionylbutano"
52," molecule is a member of the class of xanthones that is 9H-xanthen-9-one substituted by hydroxy groups at positions 1, 3 and 6, a prenyl group at position 2 and a methoxycarbonyl at position 4. Isolated from Chaetomium globosum and Aspergillus sydowii, it exhibits cytotoxic activity towards human cancer cell lines. It has a role as an antineoplastic agent and an EC 1.14.13.39 (nitric oxide synthase) inhibitor. It is an aromatic ester, a member"
53," molecule is a nitrile that is acetic acid in which one of the hydrogens ortho- to the methyl group has been replaced by a nitro group. It has a role as a xenobiotic, an environmental contaminant and a phenoxy herbicide. It is a C-nitro compound and a member of benzenes. It derives from a 4-nitrophenol. It contains a 2,4-dinitrophenylacetate (benzene-1-sulfonato) and a 1,2-dihydro-1H-pyrazol-"
54," molecule is an L-alpha-amino acid anion that is the conjugate base of L-2-aminoadipic acid, obtained by deprotonation of the carboxy group; major species at pH 7.3. It has a role as a human metabolite and a Saccharomyces cerevisiae metabolite. It is a dicarboxylic acid dianion and a L-polyhomomethionine zwitterion. It derives from an adipate(2-). It is an enantiomer of a D-dodecanedioic"
55, molecule is a mannooligosaccharide derivative consisting of a D-mannosyl residue beta-linked to a 5-aminopentyl group and which carries an alpha-L-rhamnosyl-(1->3)-beta-D-mannofuranosyl unit linked (1->4) and an additional 2-amino-2-deoxy-6-O-sulfo-alpha-Larabino-hexopyranosyl moiety at the 3-position. It derives from a valeric acid. It is a conjugate acid of a 3-
56,"The molecule is an unsaturated fatty acyl-CoA that results from the formal condensation of the thiol group of coenzyme A with the carboxy group of (9Z,12Z,15Z,18Z)-tetracosatetraenoic acid. It is a member of the n-3 PUFA and is the product of alpha-linolenoic acid metabolism. It has a role as a mouse metabolite and a rat metabolite. It derives from a (4Z,7Z,10Z,13Z,16Z)-docosa-4,7"
57," molecule is an indol-3-yl carboxylic acid anion that is the conjugate base of indoxylacetic acid; major species at pH 7.3. It has a role as a human xenobiotic metabolite and a mouse metabolite. It derives from an acetic acid. It is a tautomer of a (3Z)-3H-indoxyl-1,2,3,4-tetrahydroisoquinoline-5-carboxylate. Isolated from the marine-derived actinomycete Actinoalloteichus"
58,"The molecule is a 2-acyl-sn-glycero-3-phosphoethanolamine in which the acyl group is specified as hexadecanoyl (palmitoyl). It has a role as a mouse metabolite. It derives from a hexadecanoic acid. It is a tautomer of a 2-[(1Z)-hexadecenoyl]glycerol zwitterion and a 1,2-dihexadecanenedioicos-9-yl tripitrans,polycis-undecaprenyl diphosphate"
59,"The molecule is an amino disaccharide consisting of 2-acetamido-2-deoxy-beta-D-glucopyranose and D-galactopyranosyl residues joined in sequence by a (1->4) glycosidic bond. It is a member of acetamides, an amino sugar and a glycosylglucose derivative. It derives from a N-acetylmuramoyl-L-serine and a beta-(1->3)-D-GlcpNAc5-o-Dihydroanticapsonic acid. Isolated"
60,"The molecule is a docosanoid that is (4Z,7Z,10Z,13Z,15E,19Z)-docosahexaenoic acid carrying an oxo substituent at position 14. An intermediate of specialised proresolving mediators. It has a role as a human xenobiotic metabolite and a mouse metabolite. It derives from an all-cis-docosa-4,7,10,13,16,19-hexaenedioic acid. It is a conjugate acid of a 14-oxo-DoHE(1-"
61," molecule is a member of the class of imidazoles carrying nitro and nitro substituents at positions 2 and 4 respectively. It has a role as a xenobiotic, an environmental contaminant and a herbicide. It is a nitroimidazole and a C-nitro compound. It derives from a hydride of an imidazo[1,2-a]pyrazole. Used (in the form of its sodium salt) for the control of grass and broad-leaved weeds in cereals. It contains a 2,4-dinitrophenyl group."
62," is an organophosphate oxoanion obtained by deprotonation of the phosphate OH groups of 1-palmitoyl-sn-glycero-3-phospho-1'-glycerol; major species at pH 7.3. It has a role as a human metabolite and a Saccharomyces cerevisiae metabolite. It derives from a hexadecanoic acid. It is a conjugate base of a 1-[(9S)-hexadecanoyloxy]-1,2-dioctanoylphytosphingosine 1-ph"
63,"The molecule is a member of the class of quinolines that is quinoline which is substituted by oxo groups at positions 2 and 6, and by a carboxy group at position 4. It has a role as an EC 2.7.11.1 (non-specific serine/threonine protein kinase) inhibitor, an antineoplastic agent and an apoptosis inducer. It is an aromatic amide, a monocarboxylic acid, a secondary carboxamide and a quinolinium ion. It derives from a hydride of a 1,3"
64,"The molecule is an N-acyl-1-O-beta-D-glucosyl-4-hydroxy-15-methylhexadecasphinganine in which the acyl group has 25 carbons and 0 double bonds and is 2-hydroxylated. It derives from a 15-methyloctadecaphytosphingosine. It is a conjugate acid of a N-[(15S)-hydroperoxy-(5Z,8Z,14Z)-eicosatrienoyl]pentadecadienoyl]-1-oleoy"
65," molecule is an O-acylcarnitine in which the acyl group is specified as hexanoyl. It has a role as a human metabolite and a mouse metabolite. It derives from a hexanoic acid. It is a conjugate acid of an O-(2-carboxyethyl)glutaryl-CoA(5-). It is an enantiomer of a L-hexanoylcarnITIGFEVQEE. It contains a hexane-1-saturated fatty acylceramide(1-) and a 2,3-dioctan"
66," molecule is a 3-oxo-5beta-steroid that is 5beta-cholest-8-ene substituted by an oxo group at position 3. It has a role as a human urinary metabolite and a human xenobiotic metabolite. It is a cholestanoid, a 17beta-hydroxy steroid, a 3-(oxo)prostacyclic diterpenoid and a C20-gibberellin. It derives from a hydride of an aconitane. Isolated from the leaves of Rosa laevigata, it exhibits"
67," molecule is a pyrimidine 2'-deoxyribonucleoside 5'-monophosphate having 5,6-dihydroxyuracil as the nucleobase. It has a role as an Escherichia coli metabolite and a mouse metabolite. It derives from a dUMP. It is a conjugate acid of a 3',5'-cyclic AMP(2-). It is an enantiomer of a 7,8-didemethyl-8-hydroxy-5-deazariboflavin-4-olate. Itis a tautomer"
68," molecule is a monocarboxylic acid anion that is the conjugate base of N-acetylglycine, obtained by deprotonation of the carboxy group; major species at pH 7.3. It has a role as a human metabolite and a Saccharomyces cerevisiae metabolite. It derives from a glycinate. It is a tautomer of a N-acetyllysine zwitterion(1-) and a N-(2-carboxyethyl)-2-oxopentanoate. Major microspecies at pH 6."
69,"The molecule is a member of the class of pyrazoles that is 1H-pyrazole which is substituted at positions 1, 3, 4, and 5 by 2-chloro-4-(trifluoromethyl)benzoyl, cyano, (2-fluoroethyl)sulfinyl, and (3-methoxyphenyl)nitrilo groups, respectively. It has a role as an EC 2.7.11.1 (non-specific serine/threonine protein kinase) inhibitor. It is a nitrile, a sulfon"
70,"The molecule is a member of the class of benzamides obtained by formal condensation of the carboxy group of 2-chloro-4-(piperazin-1-yl)benzoic acid with the primary amino group of 1-(2,6-dichlorobenzyl)piperazine. It has a role as a dopaminergic antagonist, a first generation antipsychotic, a serotonergic antagonist and an anticoronaviral agent. It is a piperazine, a N-arylpiperazine and a tertiary amino compound. It derives from a 2-"
71," molecule is a branched amino pentasaccharide consisting of alpha-L-rhamnose, beta-D-galactose and two N-acetyl-beta-Dglucosamine residues (one of which is at the reducing end) all linked in sequence (1->4), to the non-reducing-end glucosamine residue of which are linked an alpha-(1->3)-linked two further alpha-fucosyl residues. The configuration shown is not stated. It has a role as an epitope. It derives from a beta-lactose. It is"
72,"The molecule is an organosulfonate oxoanion resulting from the removal of a proton from both of the sulfonic acid groups of clofencet. The major species at pH 7.3. It has a role as a bacterial metabolite and an antibacterial agent. It is a conjugate base of a desferron blue 5B(1-). It derives from a hydride of a hepta-2,5,6-trien-1-ylidenebutanoic acid (melissic acid) and a fumigaclavine(1+). It"
73,"The molecule is a C20-gibberellin, initially identified in Gibberella fujikuroi and differing from alpha-lactone by the conversion of the OH group at C-2 to the corresponding beta-D-glucopyranosyl derivative. It has a role as a mouse metabolite. It is a dicarboxylic acid, a lactone, a member of 1,4-benzoquinones and a pentol. It derives from a hydride of a 5alpha-and 6beta-hydroxy-3beta-methylsteroid."
74," molecule is an indolylmethylglucosinolate that is the conjugate base of glucobrassicin, obtained by deprotonation of the sulfo group; major species at pH 7.3. It has a role as a human metabolite and a mouse metabolite. It derives from a beta-D-glucopyranose. It is a tautomer of a glucoapentaenoic acid zwitterion. Isolated from Glucoides aitchisonii, it exhibits cytotoxicity against human oral epidermoid (KB), cervical epit"
75," molecule is a mannooligosaccharide derivative consisting of a D-mannosyl residue beta-linked to a 5-aminopentyl group and which carries an alpha-L-rhamnosyl-(1->2)-alpha-D-mannuronosyl unit linked via a diphospho group to a 6-O-sulfoheptanoyl group. It has a role as an epitope. It is a conjugate acid of a 2-deoxy-6-O-[(1->3)-alpha,5-dihydro-2H"
76," molecule is an alkylglucosinolic acid that consists of 1-thio-beta-D-glucopyranose attached to a 3-(methylsulfanyl)propoxy group at the anomeric sulfur. It is a conjugate acid of a glucoerucin(1-). It is an enantiomer of a (2S,3R)-configuration. It derives from a hydride of a propane-1,2,3-tetraen-1-ylsulfoglucobrassicanapinol. It"
77," molecule is an organic heterotetracyclic compound isolated from the bark of Indonesian Garcinia gaudichaudii and exhibits cytotoxic activity against human oral epidermoid (KB), cervical epitheloid (Hela) and liver (hepa59T/VGH) carcinoma cells. It has a role as a metabolite and an antineoplastic agent. It is a gamma-lactone, an oxaspiro compound, a cyclic acetal, an enol, an aromatic ketone, a tertiary alcohol, a bridged compound, an organonitrogen heterocy"
78," molecule is a monovalent inorganic anion obtained by deprotonation of hypochlorous acid. It has a role as a human metabolite and a Saccharomyces cerevisiae metabolite. It is a cholestanoid anion, a chloroalkane anion and a chlorine oxoanion. It derives from a hydride of a phosphorothioate(2-).it is a conjugate base of a hydrogen dichromethoxyphenol (hydroxymethyl)sulfonic acid. it is a tautomer of a hydroxym"
79,"The molecule is a sphingomyelin 39:1 obtained by formal condensation of the carboxy group of hexacosanoic acid with the amino group of 14-methylhexadecasphingosine-1-phosphocholine. It is a metabolite of the nematode Caenorhabditis elegans. It has a role as a P2Yl-CoA:3-trans-enoyltransferase 1 agonist. It derives from a 14(S),15(S)-dodecadienoic acid and a hexacosa-1,"
80,"The molecule is a phosphatidylcholine O-38:0 in which the alkyl and acyl groups specified at positions 1 and 2 are octadecyl and (9Z)-hexadecenoyl respectively. It has a role as a mouse metabolite. It derives from an octadecanoic acid. It is a conjugate acid of a 1-octadecanoyl-2-(9Z,12-saturated fatty acyl)-sn-glycero-3-phosphocholine(1-). It is an enantiomer of a 2-[(9"
81," molecule is an organosulfonate oxoanion obtained by deprotonation of the sulfo and carboxy groups of nogalonic acid; major species at pH 7.3. It has a role as a bacterial xenobiotic metabolite. It is a conjugate base of a nogalononic acid (acid form). It is an enantiomer of a (2R)-2-hydroxy-6-oxo-6,7-dihydro-1H-naphthoquinone-5-sulfonic acid. It derives from a hydr"
82,"The molecule is an organosulfonate oxoanion resulting from the removal of a proton from both of the sulfonic acid groups of clofencet. The tetrasodium salt is the biological stain 'acid red 44'. It has a role as a histological dye and a fluorochrome. It is a conjugate base of an acid red 4'-(4-methoxyphenyl)biphenyl-4-sulfonic acid. It derives from a hydride of a 5,6,7,8-tetrahydronaphthalen-2-"
83,"The molecule is an (omega-1)-hydroxy fatty acid ascaroside obtained by formal condensation of the alcoholic hydroxy group of (2E,6R)-6-hydroxyheptadec-2-enoic acid with ascarylopyranose (the alpha anomer). It is a metabolite of the nematode Caenorhabditis elegans. It has a role as a Chaetomium metabolite. It is an alpha,beta-unsaturated monocarboxylic acid and an olefinic compound. It derives from a (2"
84," is a member of the class of imidazoles that is 1H-imidazole which is substituted at positions 2, 3, and 5 by methyl, carboxy, and oxo groups, respectively. It is an inhibitor of interleukin-1beta receptor tyrosine kinase. It has a role as an EC 2.7.11.1 (non-specific serine/threonine protein kinase) inhibitor and an antineoplastic agent. It derives from a hydride of an imidazo[1,2-a]pyrazole. Used ("
85," molecule is an amino trisaccharide consisting of beta-D-galactopyranose, 2-acetamido-2-deoxy-beta-L-fucopyranosyl and D-glucitol residues joined in sequence by (1->4) glycosidic bonds. It derives from a beta-lactose and a N-acetyllactosamine. It is a conjugate acid of a 1-O-(2-O-sulfo-alpha-Larabinofuranosyl)glucosamine(1-). It is"
86," is a monocarboxylic acid anion resulting from the removal of a proton from the carboxy group of (3R)-3-hydroxybutyric acid. It has a role as a human metabolite and a Saccharomyces cerevisiae metabolite. It derives from a butyrate. It is a conjugate base of a (2R,3S)-3-(hydroxymethyl)butyrate(1-). It is an enantiomer of a D-glutamate 4-butyryl phosphate(1-) and a L-gl"
87,"The molecule is an N-acylglycine resulting from the formal condensation of the carboxy group of oxirane-2,3-dicarboxylic acid with the amino group of (2S)-2-aminobutanoic acid. It has a role as a human urinary metabolite and a human xenobiotic metabolite. It derives from a glycine. It is a conjugate acid of a N-oxiranoylcglycinate(2-). It is an enantiomer of a D-erythro-N-oxilinone."
88," molecule is a polyunsaturated fatty acid that is (4Z,7Z,10Z,13Z,15E)-docosa-4,7,10,13,15-pentaenoic acid carrying an oxo substituent at position 17. An intermediate of specialised proresolving mediators. It has a role as a human xenobiotic metabolite and a mouse metabolite. It is a docosanoid, a long-chain fatty acid, an oxoolefinic fatty acid and an oxodocarboxylic acid. It derives from an all-cis"
89,"The molecule is an organic cation resulting from the protonation of the tertiary amino group of (S)-prasugrel. The major species at pH 7.3. It has a role as an antidepressant and a serotonin uptake inhibitor. It is an ammonium ion derivative and an indolocarbazole(1+). It is a conjugate acid of a prasuglim. It derives from a hydride of a 1,2,3,4-tetrahydrocyclopenta[c]pyran-6-ol. Itis a tautomer of a"
90,"The molecule is a dipeptide obtained by formal condensation of the carboxy group of L-isoleucine with the amino group of 2-naphthylamine. It has a role as a chromogenic compound. It is a N-(2-Naphthyl)carboxamide, a dicarboxylic acid monoester and an epsilon-amino acid. It derives from a L-alpha-glutamylglycine and a lysine. Used as an artificial sweetener for treatment of diabetic nephropathy. It contains a 2"
91," is a 1,2-diacyl-sn-glycero-3-phosphoethanolamine in which the 1- and 2-acyl groups are specified as hexadecanoyl (palmitoyl) and 5Z,8Z,11Z,14Z-eicosatetraenoyl respectively. It has a role as a mouse metabolite. It derives from a hexadecanoic acid and an all-cis-5,8,11,14-tetraenoic acid. It is a tautomer of a 1-hexade"
92,"The molecule is an ammonium ion resulting from the protonation of the tertiary amino group of (R)-piperaquine. The major species at pH 7.3. It has a role as a muscarinic antagonist, an antispasmodic drug and a parasympatholytic. It is a conjugate acid of a (S)-pipecoxyphenol(1+). It is an enantiomer of a levobupivacaine hydrochloride. It derives from a hydride of a staurosporanic acid. It tautomer of"
93," molecule is a pentacyclic triterpenoid of the class of arborinane-type terpenoids isolated from the roots of Rubia yunnanensis. It has a role as a metabolite and a plant metabolite. It is a diol, a cyclic terpene ketone, a pentol and a secondary alcohol. It derives from a hydride of an icosa-5,9,14-trien-1(10), which is substituted by methyl groups at positions 1, 3, 6 and 9, and by a beta-hydroxy group at position 4."
94," molecule is a tetracyclic triterpenoid that is lanosta-7,24(28)-diene substituted by hydroxy groups at positions 3 and 26 and an oxo group at position 4 (the 3beta,4alpha stereoisomer). It has been isolated from the roots of Rubia yunnanensis. It has a role as a metabolite and a plant metabolite. It is a 3beta-sterol, a cyclic terpene ketone, a member of phenols and a tertiary alcohol. It derives from a hydride of a lanostane. It"
95," molecule is a polysaccharide derivative with a repeating unit consisting of beta-D-galactosyl, beta-L-rhamnosyl and 2-acetamido-2-deoxy-6-O-sulfohex-3-enopyranose residues joined in sequence by (1->4) glycosidic bonds. It is a carbohydrate derivative and an oligosaccharide sulfate. It derives from a beta-lactose and a N-acetylglucosamine 6-O-[(1->2)-alpha-mannosyl-(1->"
96,"The molecule is an organic cation obtained by protonation of the tertiary amino group of (1R,2S)-1,2,3,4-tetrahydroisoquinoline. It is an ammonium ion derivative and an indole alkaloid cation. It derives from a hydride of a (6aR,8aR)-8a-methoxy-8,9-dimethyl-2H-pyrano[3,2-a]quinolin-8(1-). It is a conjugate acid of a loperamide."
97," molecule is a steroid sulfate oxoanion that is the conjugate base of 3-hydroxy-17beta-estradiol 3-sulfate, obtained by deprotonation of the sulfo group; major species at pH 7.3. It has a role as a human urinary metabolite and a human xenobiotic metabolite. It is a cholestanoid anion, a 3-oxo-fatty acyl-CoA(4-) and an 11,12-saturated fatty acid anion. It derives from a hydride of an estrane. It"
98,"The molecule is a 3-oxo-fatty acyl-CoA(4-) obtained by deprotonation of the phosphate and diphosphate OH groups of (9Z,12Z)-3-oxodecadienoyl-coenzyme A; major species at pH 7.3. It is a conjugate base of a [(9Z),12-epoxydocosanoyl]CoA). It is an enantiomer of a (11Z,14Z)-2-hydroxyoctadecadienine-1-carboxylic acid"
99," is an L-alpha-amino acid zwitterion that is L-tyrosine in which a proton has been transferred from the carboxy group to the amino group. It is the major species at pH 7.3. It has a role as a human metabolite and a Saccharomyces cerevisiae metabolite. It derives from an all-cis-icosa-5,8,11,14-tetraenoic acid(1-). It is a tautomer of a 3-O-(4-carboxyphenyl)lactic acid. It"
100," molecule is a bile acid anion that is the conjugate base of 3alpha,7alpha,12alpha-trihydroxy-5beta-cholan-24-oic acid, obtained by deprotonation of the carboxy group. It is the major microspecies at pH 7.3 (according to Marvin v 6.2.0.). It has a role as a human metabolite and a mouse metabolite. It derives from a cholic acid 24-O-(beta-D-glucuronide) and a taurine zwitterion(1-). It is"
101," molecule is a dicarboxylic acid dianion resulting from the removal of a proton from both of the carboxy groups of heme d trans-diol. The major species at pH 7.3. Published in http://dx.doi.org/10.1016/j.tet.2013.07.029 It has a role as an EC 2.7.11.1 (non-specific serine/threonine protein kinase) inhibitor. It is a polyunsaturated fatty acid anion, a diketone and a tertiary alpha-hydroxy ket"
102,"The molecule is a member of the class of mastopyrans that is a 14-amino acid polypeptide comprising asparaginyl, leucyl, alanyl, lysyl, and threonyl residues coupled in sequence. It is the major active component of the venom of the hornet Vespa basalis and causes degranulation of mast cells. It has a role as a metabolite and an antileishmanial agent. It contains a tetradeca-1,3,6-tetraen-13-yl group. It derives from a hydride"
103," molecule is the stable isotope of silicon with relative atomic mass 126.906378, 100 atom percent natural abundance and nuclear spin 3+. It has a role as a human xenobiotic metabolite and a mouse metabolite. It is a silicon molecular entity and an inorganic chloride. It contains a silicon(1+). It derives from a hydride of a triton. It occurs much more widely than that is used in gas chromatography/mass spectrometry applications. It was formerly used as a calibration standard for measurement of overall charge -1.3. Unfortunately, there are no structures available. It has"
104," molecule is an ascarosyloxycarboxylic acid beta-D-glucopyranosyl ester resulting from the formal esterification of the carboxy group of ascr#1 with the anomeric hydroxy group of beta-L-rhamnose. It is a metabolite of the nematode Caenorhabditis elegans. It has a role as a Chaetomium metabolite. It derives from an (allyl 3alpha,7alpha,12alpha)-3beta-hydroxy-5beta-cholestan-26-o"
105,"The molecule is a polycyclic cage that is the methyl ester derivative of platensimycin. It is isolated from Streptomyces platensis. It has a role as an antimicrobial agent, an antibacterial agent and a bacterial metabolite. It contains a platensIMycin(1+). It is a conjugate acid of a brevianamide F(1-). It derives from a hydride of a 5beta-cholestane. Isolated from Actinoplanes durhamensis, it exhibits inhibitory activity against topoisomerase II ( Topoisomer"
106," is a phosphatidylcholine 38:6 in which the acyl groups specified at positions 1 and 2 are octadecanoyl and (4Z,7Z,10Z,13Z,16Z,19Z)-docosahexaenoyl respectively. It has a role as a mouse metabolite. It derives from an all-cis-docosa-4,7,10,13,16,19-hexaenoic acid. It is a conjugate acid of a 1-octadecatrienoyl-2-oleoylphocholine(1"
107,"The molecule is a member of the class of quinazolines that is 2-chloroquinazoline which is substituted at position 4 by a 3-(4-methoxyphenyl)propyl group and at position 6 by a pyrrolidin-1-yl group. It has a role as an EC 2.7.11.1 (non-specific serine/threonine protein kinase) inhibitor, an environmental contaminant and a xenobiotic. It is a N-alkylpyrrolidine, a tertiary amino compound, a secondary amino compound and a"
108,"The molecule is a 1,2-diacyl-sn-glycero-3-phosphoethanolamine in which the 1- and 2-acyl groups are specified as hexadecanoyl (palmitoyl) and 9Z,12Z-octadecadienoyl respectively. It has a role as a mouse metabolite. It derives from a hexadecanoic acid and a linoleic acid. It is a tautomer of a 1-[(9Z)-hexadec-9-enoyl]-2-linoleoyl-1-"
109,"The molecule is an O-acyl-L-carnitine in which the acyl group is specified as hexadecanoyl (palmitoyl). It has a role as a human metabolite and a mouse metabolite. It derives from a hexadecanoic acid. It is a conjugate acid of a N,1-dimethylhexanoyl-sn-glycero-3-phosphocholine(1-). It is an enantiomer of a L-hexadecanedioyl CoA(4-), a phosphatidylcholine O"
110,"The molecule is a pyrimidine 2'-deoxyribonucleoside 5'-monophosphate having 5-bromouracil as the nucleobase. It has a role as an Escherichia coli metabolite and a mouse metabolite. It derives from a dUMP. It is a conjugate acid of a 3',5'-dibromo-4,5-dihydro-2H-pyrimido[3',4':6,7]purin-2-one 5'-phosphate(2-). It is an enantiomer of"
111, molecule is an organic cation obtained by protonation of the tertiary amino group of kanamycin A; major species at pH 7.3. It has a role as a bacterial metabolite and an antibacterial agent. It is an ammonium ion derivative and an organic boronate ion. It derives from a kanamine A(4+). It is a conjugate acid of a kanamomycin A. Note that the tetrasaccharide beta-D-galactopyranosyl-(1->4)-N-acetyl-beta-L-rhamnopyran
112,"The molecule is a resin glycoside that is the tetrasaccharide derivative of jalapinolic acid. Isolated from the aerial parts of Ipomoea pes-caprae, it has been found to exhibit potential inhibitory effect against multidrug resistance in the human breast cancer cell line. It has a role as a metabolite. It is a cinnamate ester, a macrocyclic lactone, a pentacyclic triterpenoid and a dodecanoate ester. It derives from a (S)-2-methylbutyric acid, a ("
113," molecule is a precorrin carboxylic acid anion that is the conjugate base of cobalt-precorrin-6A, obtained by global deprotonation of the carboxyl group; major species at pH 7.3. It has a role as a human metabolite and a Saccharomyces cerevisiae metabolite. It derives from a hydrogenobyrinic acid zwitterion. It is a tautomer of a cobalt(II)yrinate(2-) and a cob(II)-factor(1-). Isolated from Chaetomium globos"
114,"The molecule is a penicillin in which the substituent at position 6 of the penam ring is a (2E)-3-(4-methoxyphenyl)prop-2-enoyl group. It has a role as an antibacterial drug. It derives from a cis-1,4-dicarboxybenzoic acid. It is a conjugate acid of a ceftizoxime(1-). It is an enantiomer of a (S)-cinnamate semialdehyde and a (R)-fertapoylpenicillin"
115, molecule is an organic cation obtained by protonation of the imidazole group of (R)-imazapyr. It is an ammonium ion derivative and an indole alkaloid cation. It derives from a hydride of an acridine half-mustard(1+). It is a conjugate acid of a (S)-imazaisoconfloxacin(2+).it is an enantiomer of a halide(1+) monohydrochloride hydroxylated at the para-position. it is a tetradecenemat
116,"The molecule is an indolylmethylglucosinolic acid that is glucobrassicin in which the hydroxy group at position 3 of the indole moiety has been converted to the corresponding 1H-indole-3-carboxylate. It is a conjugate acid of a glucoerucin(1-). It is an enantiomer of a (1S,2R)-1,2-dihydroxy-6-(beta-D-glucopyranosyloxy)glucobrassicanol. It derives from a hydr"
117," is a monocarboxylic acid that is propionic acid in which one of the methyl hydrogens has been replaced by a sulfo group. It has a role as a human urinary metabolite and a human xenobiotic metabolite. It is a conjugate acid of a 3-sulfolactate(1-). It derives from a hydratropanecarboxylate (cis-undecaprenyl) and a 3-(methanesulfonic acid)propionic acid. It an enantiomer of a 2,3-dihydroxypropano"
118," molecule is a cholestanoid that is 5alpha-cholesta-8,24-diene substituted by hydroxy groups at positions 3 and 26 and an oxo group at position 7 (the 3beta,4alpha,5alpha stereoisomer). It has been isolated from the mycelia of Cordyceps sinensis. It has a role as a fungal metabolite. It is a 3beta-hydroxy steroid, a 7-oxo steroid, an oxysterol, a 26-hydroxypalmitoyl steroid and a C27-steroid. It derives"
119," molecule is a branched alkane that is heptan-2-ol substituted by methyl groups at positions 4 and 6 respectively. Metabolite observed in cancer metabolism. It has a role as a human metabolite. It derives from a hydride of a heptane. It is a conjugate base of a 4,6-dimethylheptane-1,2-diylmethanol(1+). It is an enantiomer of a 2,4-dimethyheptanen-3-ol. It contains a 4-methylheptanylmethyl group."
120," molecule is a steroid acid anion that is the conjugate base of 3-oxo-23,24-bisnor-chol-4-en-22-oic acid, obtained by deprotonation of the carboxy group; major species at pH 7.3. It has a role as a human metabolite and a mouse metabolite. It is a cholestanoid anion and a steroid sulfide anion. It derives from a hydride of a 5beta-pregnane-4alpha,7beta-dien-20-carboxylic acid"
121," molecule is a limonoid isolated from Azadirachta indica. It has a role as a metabolite and an antineoplastic agent. It is an acetate ester, a cyclic terpene ketone, a member of furans, an epoxide, a tetracyclic triterpenoid, a methyl ester and a tertiary alpha-hydroxy ketone. It derives from a 4-methoxy-4-oxo-3,4-dihydro-1H-furo[3,2-c]furan-1-"
122," molecule is a monocarboxylic acid that is propionic acid in which one of the methyl hydrogens has been replaced by an oxo group. It has a role as a human urinary metabolite and a human xenobiotic metabolite. It derives from a pentanoic acid. It is a conjugate acid of a 3-oxopropanecarboxylatopropine(1-) and a 3-(4-methylpent-3-en-1-yl)propanoyl group (the R,R stereoisomer). It is an enantiomer of a ("
123," molecule is an amino trisaccharide consisting of alpha-L-fucopyranose, 2-acetamido-2-deoxy-beta-D-galactopyranosyl and 2-(acetamidoglucosyl)ethyl residues joined in sequence by (1->4) glycosidic bonds. It is a member of acetamides, an amino sugar and a glycosylglucose derivative. It derives from an alpha-lactose and a N-acetyl-alpha-neuraminyl-(2->3)-beta-cellobiose."
124," molecule is a glycosyloxyflavone that is kaempferol attached to a alpha-L-rhamnopyranosyl moiety at position 3 via an alpha-(2->6)-linkage. Isolated from the aerial parts of Vicia faba and Lotus edulis, it exhibits inhibitory effect on nitric oxide production. It has a role as a metabolite and an EC 1.14.13.39 (nitric oxide synthase) inhibitor. It is a beta-D-glucoside, a monosaccharide derivative, a pentahydroxy"
125," molecule is a member of the class of imidazoles carrying nitro and nitro substituents at positions 1 and 2 respectively. It has a role as a xenobiotic, an environmental contaminant and a herbicide. It is a nitroimidazole and a C-nitro compound. It derives from a hydride of an imidazo[1,2-a]pyrazole. It conjugate acid of a 1-(4-nitrophenyl)pyrrolidine-2-carboxamide(1-). It is an enantiomer of a 3"
126,"The molecule is an S-acyl-4'-phosphopantetheine obtained by deprotonation of the phosphate and diphosphate OH groups of S-hexanoyl-CoA; major species at pH 7.3. It has a role as a mouse metabolite. It derives from a (S)-hexanoic acid. It is a conjugate base of a (2S)-2,3-dihydroxy-6-oxohexanecarbamate(2-). It is an enantiomer of a [(2R,3S)-3-"
127," molecule is a monocarboxylic acid that is acetic acid in which one of the methyl hydrogens has been replaced by a phenyl group. It has a role as a human metabolite and a mouse metabolite. It derives from an acrylic acid. It is a conjugate acid of a 3-phenylacetoacetic acid(1-). It is an enantiomer of a (2R,3S)-3-phenyllactopropanoylglycine. It contains a (R,R)-3-(phenyldihydroxymethyl)acetic"
128," molecule is a member of the class of xanthones that is 9H-xanthen-9-one substituted by hydroxy groups at positions 1, 3, 6 and 8, a hydroxymethyl group at position 2 and a methylenedioxy group across positions 4 and 5. It has been isolated from Cratoxylum Sumatranum and exhibits cytotoxic activity against human oral epidermoid (KB), cervical epitheloid (Hela) and liver (hepa59T/VGH). It has a role as a metabolite and an antineoplastic agent. It is"
129," molecule is an L-alpha-amino acid zwitterion obtained by transfer of a proton from the carboxy to the amino group of L-tryptophan; major species at pH 7.3. It has a role as a human metabolite and a Saccharomyces cerevisiae metabolite. It is a tautomer of a L-tyrosine. It derives from a tetradecahydroanticotinic acid(1-),(4)-lactate(2-) and a D-tyroxysuccinimide(2-). It is"
130," molecule is the stable isotope of chromium with relative atomic mass 38.906378, 100 atom percent natural abundance and nuclear spin 3+. It has a role as a human metabolite and a cofactor. It is a chromium molecular entity and an inorganic cation. It contains a gamma-lactate. It derives from a hydride of a chromonium(1+). It is an enantiomer of a (2R,3S)-chromonium betaine. It occurs much more widely than its (1+)-cis-chromonitrile zwitterion."
131," molecule is a 3-oxo-5beta-steroid that is 5beta-cholesta-8,14-dien-3-one bearing additional hydroxy and oxo substituents at positions 7 and 12 respectively. It has a role as a human metabolite. It is a 17beta-hydroxy steroid, an oxaspiro compound, a 6beta-D-glucosiduronic acid, a 20-oxocorticoid, a 3H-chromen-7alpha-one and a C20-gibberellin. It derives from a hy"
132,The molecule is an L-alpha-amino acid that is L-tyrosine in which one of the hydrogens ortho- to the carboxy group is replaced by a phenyl group. It has a role as a human metabolite and a mouse metabolite. It is a L-dopa derivative and a non-proteinogenic L-beta-aspartic acid. It derives from a L-(4-aminobenzyl)glycine. The amino acid zwitterion of N-benzyloxycarbonyl-L-tyrosylglycinate. It
133,"The molecule is a 3-oxo-fatty acyl-CoA(4-) obtained by deprotonation of the phosphate and diphosphate OH groups of (9Z,12Z)-3-oxodecadienoyl-coenzyme A; principal microspecies at pH 7.3. It is a conjugate base of a (1Z,11Z,14Z)-2-hydroxyicosa-9,12-diene-1-sulfonatoic acid. It derives from a linoleic acid and an octadecadienoic"
134,"The molecule is a member of the class of quinolines that is quinoline which is substituted by a pyridin-4-yl group and a 3-(3-methoxyphenyl)propyl group at position 4. It has a role as an EC 2.7.11.24 (mitogen-activated protein kinase) inhibitor, an antineoplastic agent and an apoptosis inducer. It is a tertiary amino compound, a secondary alcohol, an aromatic ether and a quinolinium ion. It derives from a hydride of a 1-pyr"
135," molecule is a dTDP-sugar having beta-L-rhamnose as the sugar portion. It has a role as an Escherichia coli metabolite and a mouse metabolite. It is a conjugate acid of a tetradec-4-enopyranose(2-). It derives from a hydride of a 4-amino-4,6-dideoxy-alpha-D-xylo-hex-3-ulosonic acid (Streptococcus pneumoniae serotype 2) and a 3-dehydro-beta-"
136,The molecule is a 3-oxo monocarboxylic acid that is butanoic acid in which one of the methyl hydrogens is replaced by a carboxy group. It has a role as a metabolite. It derives from a butyric acid. It is a conjugate acid of a 3-(4-hydroxycyclohex-2-en-1-ylidene)butanoate and a 2-carboxy-3-oxopropanecarboxylatrate(2-). It is an enantiomer of a (3R)-3-
137," is a monocarboxylic acid anion that is the conjugate base of N-benzoylglycine, obtained by deprotonation of the carboxy group; major species at pH 7.3. It has a role as a human urinary metabolite and a human xenobiotic metabolite. It derives from a glycinate. It is a tautomer of a N-(4-aminobenzyl)-2-phenylglycinate(2-) and a N-[(4-amino-5-carboxyphenyl)methyl]glyc"
138," molecule is a member of the class of xanthones that is 9H-xanthen-9-one substituted by hydroxy groups at positions 1, 3 and 6, a hydroxymethyl group at position 2 and a prenyloxy group across positions 4 and 5. Isolated from Cratoxylum Sumatranum, it exhibits cytotoxic activity. It has a role as a metabolite and an antineoplastic agent. It is a polyphenol, an aromatic ketone and a cyclic ketone. It derives from a hydride of an aconitane. It"
139,The molecule is a dipeptide zwitterion obtained by transfer of a proton from the carboxy to the amino group of L-methionine; major species at pH 7.3. It has a role as a human metabolite and a Saccharomyces cerevisiae metabolite. It is a tautomer of a L-methylthioacetohydroximate(1-). It derives from a taurohexanoic acid (anhydrous). It is an enantiomer of an O-tauroyl-L-methylaminoethyl thio
140," molecule is a pyrimidine ribonucleoside 5'-monophosphate having uracil as the nucleobase. It has a role as an Escherichia coli metabolite and a mouse metabolite. It derives from a UTP. It is a conjugate acid of a uridine 5'-phosphate(2-). It is an enantiomer of a TMP-6-O-(1-D-ribosyl-4-oxo-1,3-dihydro-1H-purin-9-yl)pyrimidin-6"
141," molecule is a long-chain fatty acid ethyl ester resulting from the formal condensation of the carboxy group of arachidonic acid with the hydroxy group of ethanol. It has a role as a mouse metabolite. It derives from an icosa-5,8,11,14-tetraenoic acid. It is a conjugate acid of a 14,15-EET(1-). It is an enantiomer of a 16,17-Z,20-Z-hexadecatrienoate and a 15-HETE. Itotic acidity and"
142," molecule is a steroidal acyl-CoA(4-) obtained by deprotonation of the phosphate and diphosphate OH groups of 3-oxochol-4-en-24-oyl CoA; major species at pH 7.3. It has a role as a human metabolite and a mouse metabolite. It is a conjugate base of a 3-hydroxy-3-oxo-23,24-bisnor-cholesta-4,5,22-tetraen-22-oic acid. It derives from a hydride of a"
143, molecule is a branched pentasaccharide consisting of beta-D-galactose at the reducing end having an alpha-L-fucosyl-(1->2)-beta-Dglucosaminyl moiety attached at the 3-position of the galactosyl residue at the non-reducing end. It has a role as an epitope. It derives from a beta-lactose and a galactobiose. It is a conjugate acid of a glucobrassicanapin(1-). It is an enantiomer of a gluco
144,"The molecule is a polycyclic cage that is the methyl ester derivative of platensimycin. It is isolated from Streptomyces platensis. It has a role as an antimicrobial agent, an antibacterial agent, a bacterial metabolite and a bacterial xenobiotic metabolite. It derives from a platensIMycin and a benzacosanoic acid (Pis-retinoic acid). It is a conjugate acid of a cis-4-coumaroylbenzoate semialdehyde(1-). Isolated from Chaetomium globosum"
145," molecule is a docosanoid anion that is the conjugate base of (4Z,7Z,10Z,13Z,15E,19Z)-16,17-bis(hydroperoxy)docosahexaenoic acid, obtained by deprotonation of the carboxy group; major species at pH 7.3. It derives from an all-cis-docosa-4,7,10,13,16,19-pentaenoate. It is a dicarboxylic acid anion and an omega-hydroxy fatty acid an"
146," molecule is a pentacyclic triterpenoid of the class of arborinane-type terpenoids isolated from the roots of Rubia yunnanensis. It has a role as a metabolite and a plant metabolite. It is a diol, a cyclic terpene ketone, an enoate ester and a pentol. It derives from a hydride of an icosa-5,6,9,14-tetraene. Isolated from Azadirachta indica, it exhibits inhibitory activity against acyl-CoA:cholesterol"
147,"The molecule is a monocarboxylic acid amide obtained by formal condensation of the carboxy group of 3-(4-methoxyphenyl)piperazin-1-amine with the amino group of 2-[(3-aminopyridin-2-yl)methyl]benzamide. It has a role as an EC 2.7.11.1 (non-specific serine/threonine protein kinase) inhibitor and an antineoplastic agent. It is a member of benzimidazoles, a N-acylpiperazine,"
148, is a lipid IVA oxoanion obtained by deprotonation of the phosphate OH groups of (KDO)2-lipid IVA; major species at pH 7.3. It has a role as a human metabolite and a Saccharomyces cerevisiae metabolite. It is a conjugate base of a (Kdo)2-(heptadecanoyl)-lipid IdoA(6-). It is an enantiomer of a phosphoheptosyl-L-alpha-D-mannosyl-(1->4)-[alpha-Kdo-
149," molecule is a triterpenoid of the class of onoceranoid-type terpenoids isolated from the twigs of Lansium domesticum. It has a role as a metabolite and an antibacterial agent. It is a cyclic terpene ketone, a diol, a secondary alcohol, a tertiary alcohol and a polycyclic olefin. It derives from a hydride of an oleanane. It contains a cis-5,6,7,12,14-tetrahydro-1,2,3,4,4a,5,8"
150," is a 1,2-diacyl-sn-glycerol in which the acyl groups at positions 1 and 2 are specified as octadecanoyl and (9Z)-hexadecenoyl respectively. It has a role as a mouse metabolite. It derives from an octadecanoic acid and a cis-vaccenic acid. It is a conjugate acid of a 1-octadecanostearoyl-2-linoleoylglyceroate(2-). It is an enantiomer of a 3-[(1S,2R)-1-"
151,"The molecule is a monomethoxybenzene that is benzene substituted by hydroxy groups at positions 1 and 3 respectively. It has a role as a metabolite. It derives from a hydride of a benzoic acid. It is a conjugate acid of a 1,3-dihydroxybenzaldehyde(1-). It is an enantiomer of a 3-hydroxy-4-methoxyphenylglycobenzene-1,2-diol. It contains a 3-(phenylethenyl)-1-D-glycero"
152," molecule is an oxo monocarboxylic acid that is pyruvic acid in which one of the methyl hydrogens has been replaced by a carboxy group. It has a role as a bacterial metabolite. It is a conjugate acid of a pyruvate ester(1-). It derives from a hydride of a 5,6,7,8-tetrahydrophenanthro[3,2-a]pyrazin-4-ol. Itis a tautomer of a 3-(4-hydroxyphenyl)pyruvic"
153," is a member of the class of imidazoles that is 1H-imidazole which is substituted at positions 1, 3, 4, and 5 by 2,4-dichloro-4-(trifluoromethyl)benzoyl, cyano, (2-methylpropoxy)sulfinyl, and amino groups, respectively. It is a dichlorobenzene, a nitrile, an organofluorine compound, a secondary amino compound and a tertiary amino compound. It derives from a hydride of an imidazo[1,"
154,"The molecule is a monocarboxylic acid amide obtained by formal condensation between N-butyl-L-cysteinamide and (2Z)-2-(2-amino-1,3-thiazol-4-yl)acetic acid. It has a role as a pyrethroid ester insecticide, an acaricide and an agrochemical. It is a member of thiazoles, an oxime O-ether, an organofluorine compound and a methyl ester. It derives from a butyric acid and a L-cysteamine."
155,"The molecule is a monocarboxylic acid amide obtained by formal condensation of the carboxy group of 3-(trifluoromethyl)benzoic acid with the amino group of 2-aminopyridin-4-ol. It has a role as an environmental contaminant, a xenobiotic and a herbicide. It is a member of pyridines, an organofluorine compound and a tertiary amino compound. It derives from a 4-methylaniline and a 2-amino-2-phenylpropanoic acid."
156, molecule is a branched amino pentasaccharide consisting of beta-D-galactose at the reducing end having an alpha-L-fucosyl-(1->3)-[beta-D]galactosyl moiety attached at the 3-position of the galactose via a beta-linkage. It has a role as a carbohydrate allergen. It is a galactosamine oligosaccharides and an omega-L-[6''-O-sulfoamino-alpha-Larabino-hexopyranosyl]-N-acetyl
157,The molecule is an L-alpha-amino acid zwitterion that is L-tyrosine in which a proton has been transferred from the carboxy group to the amino group. It is the major species at pH 7.3. It has a role as a human xenobiotic metabolite and a plant metabolite. It derives from a D-tyrosylsphinganine(1+). It is a tautomer of a 2-O-(4-methylamino-3-oxopropyl)butanoic acid betaine; major microspecies at pH
158," molecule is a menaquinol whose structure comprises a 2-benzohydroquinone nucleus and a side chain of twelve isoprenoid units. It has a role as an electron donor. It is a manaquinol and a member of 1,3-oxazoles. It derives from a hydride of a 5alpha-prenylidene-1,3,6-tetrahydroquinoline. It contains a tetradeca-5,9,14-trien-1-oic acid.it is a conjugate acid of a coenzyme F"
159," molecule is the D-enantiomer of xylulose. It has a role as an Escherichia coli metabolite and a mouse metabolite. It derives from a D-xylonoic acid. It is a conjugate acid of a L-xylulopyranose 1-phosphate(2-). It is an enantiomerative of a (1R,2S)-1-Xyl-1-D-xylanosylglycerol 3-O-(6-O-sulfoamino-4-deoxy-alpha-D"
160,"The molecule is a member of the class of benzamides obtained by formal condensation of the carboxy group of 2-(4-methoxyphenyl)benzoic acid with the amino group of (2-aminopyridin-3-yl)acetic acid. It has a role as an EC 2.7.11.1 (non-specific serine/threonine protein kinase) inhibitor, an antineoplastic agent and an apoptosis inducer. It is an aromatic amide, a monomethoxybenzene, a carbamate ester,"
161," molecule is a mannosylinositol phosphorylceramide(1-) having a tetracosanoyl group attached to the ceramide nitrogen, hydroxylation at C-4 of the long-chain base, and no additional hydrogenation of the very-long-chain fatty acid. Major species at pH 7.3. It is a conjugate base of a Man-beta1-2-Ins-1-P-Cer(d18:0/24:0). It is an inositol 1-phosphate/2-O-(1-D-my"
162,"The molecule is a monocarboxylic acid amide obtained by formal condensation of the carboxy group of (2E)-3-(4-methoxyphenyl)prop-2-enoic acid with the amino group of 2-[(1S)-1-carboxyethyl]cyclopropanecarboxamide. It has a role as a pyrethroid ester insecticide, an acaricide and an agrochemical. It is a member of cyclopropanes, a monomethoxybenzene, an aromatic ether and a tertiary carboxamide"
163,"The molecule is a lathyrane diterpenoid isolated from the roots of Euphorbia micractina. It has a role as a vasodilator agent and a sympathomimetic agent. It is a cinnamate ester, a cyclic hemiketal, a secondary alcohol, a tertiary alcohol, an enoate ester and a polycyclic cage. It derives from a hydride of a 5alpha-cholesta-8,14-dien-3beta-ol and a 3beta-hydroxy-4beta-methylzymosterol."
164, molecule is an L-lysine derivative that is the ester obtained by formal condensation of the carboxy group of L-cysteine with the 3'-hydroxy group of AMP. It has a role as a Mycoplasma genitalium metabolite. It derives from an adenosine 5'-monophosphate. It is a conjugate acid of a N(omega)-methyl-L-cysteinylglycine 1-phosphate(2-). It is an enantiomer of a 2-amino-2-deoxy-D-glucop
165," molecule is a pyrimidine 2'-deoxyribonucleoside 5'-monophosphate having 5,6-dihydroxyuracil as the nucleobase. It has a role as an Escherichia coli metabolite and a mouse metabolite. It derives from a dUMP. It is a conjugate acid of a 3',5'-cyclic AMP(1-). It is an enantiomer of a 7-(5-O-phosphonato-beta-D-ribosylpurin-6-yl)-4-oxo-2,"
166," molecule is a pentacyclic triterpenoid of the class of arborinane-type terpenoids isolated from the roots of Rubia yunnanensis. It has a role as a metabolite and a plant metabolite. It is a hydroxy monocarboxylic acid and an olefinic compound. It derives from a hydride of an icosa-5,9,14-trien-1(10),a-20(22)-diene. Isolated from Azadirachta indica and exhibits cytotoxic activity against human oral epiderm"
167," molecule is an organic cation obtained by protonation of the tertiary amino group of (1R,2S)-piperazine. It is an ammonium ion derivative and an indole alkaloid cation. It derives from a hydride of a piperazine(1+). It is a conjugate acid of a (3R,4S)-3-hydroxy-8-methyltetrahydropyrano[3,2-a]pyrazin-5(6-).it is an enantiomer of a demethylsulfoxane. It"
168,"The molecule is a member of the class of acetophenones that is acetophenone in which one of the hydrogens ortho- to the phenolic hydroxy group has been replaced by a methoxy group. It has a role as a xenobiotic, an environmental contaminant and a xenoestrogen. It is an aromatic ether, a ketone, a monomethoxybenzene and a methyl ketone. It derives from a 4-hydroxy-3-methoxyphenylacetophenone (p-coumaric acid). It is a conjugate acid of a"
169," molecule is a sulfonamide resulting from the formal condensation of the sulfonic acid group of 5-(trifluoromethyl)pyrrolidine-2-sulfonic acid with the primary amino group of pyrrolidin-1-ol. It has a role as an environmental contaminant, a xenobiotic, a herbicide and an agrochemical. It is a thioxanthene acaricide, an organofluorine compound, a tertiary amino compound and a sulfuronamide. It derives from a 4-aminopyrrolithioic acid. It"
170," molecule is an anionic ceramide phosphoinositol compound having a tetracosanoyl group attached to the ceramide nitrogen, no hydroxylation at C-4 of the long-chain base, and no additional hydrogenation of the very-long-chain fatty acid. Major species at pH 7.3. It is an inositol phosphodihydroceramide(1-) and an Ins-1-P-Cer-A 44:0(1-). It is a conjugate base of an Ins-(1-octadecanoyl)-beta-D-A"
171,"The molecule is a dicarboxylic acid monoester resulting from the formal condensation of one of the carboxy groups of succinic acid with the hydroxy group of L-serine. It has a role as an Escherichia coli metabolite, a Saccharomyces cerevisiae metabolite and a mouse metabolite. It is a conjugate acid of a succinyl-L-serinate(2-). It is an enantiomer of a D-serinylglyceric acid monooxygenase (2-hydroxy-3-methylbutanoate"
172," molecule is an epoxy(hydroxy)icosatrienoate that is the conjugate base of 11,12-epoxy-20-hydroxy-(5Z,8Z,14Z)-eicosa-5,9,14-trienoic acid arising from deprotonation of the carboxylic acid function; major species at pH 7.3. It is an omega-[(1S)-hydroxy fatty acid ascarosyl]octadecanoate and an icosanoid anion. It derives from an all-cis-icosa-(5"
173, molecule is an organosulfonic acid that is propane in which one of the terminal methyl hydrogens has been replaced by a sulfo group. It has a role as a xenobiotic and an environmental contaminant. It derives from a hydride of a propane. It is a conjugate acid of a 3-sulfolactaldehyde(1-). It is an enantiomer of a (2S)-2-methylpropionyl sulfonic acid. It contains a (R)-2-(sulfoamino)-1-hydroxypropan-2-yl]propano
174," molecule is an androstane sulfate that is 5alpha-androstan-3alpha,17beta-diol in which both hydroxy hydrogens have been replaced by sulfo groups. It has a role as a human urinary metabolite and a human xenobiotic metabolite. It is a 3alpha-hydroxy steroid, a 17beta-(4-methoxyphenyl)propanoid, an androstanoid and a sulfoglycolipid. It derives from a 5alpha-[(4S)-4-carboxy-5alpha-androstane-3beta,17"
175,"The molecule is a fatty acid methyl ester resulting from the formal condensation of the carboxy group of arachidonic acid with methanol. Metabolite observed in cancer metabolism. It has a role as a human metabolite and a mouse metabolite. It derives from an icosanoic acid. It is a conjugate acid of a N-hexadecanoyl-CoA(4-). It is an enantiomer of a (2E,6Z,9Z)-hexadecadienoate. Itis a tetradecanoate ester and a"
176,"The molecule is a member of the class of benzamides obtained by formal condensation of the carboxy group of 3-(4-chlorophenyl)benzoic acid with the amino group of 2-aminobenzamide. It has a role as an EC 2.7.11.1 (non-specific serine/threonine protein kinase) inhibitor, an antineoplastic agent and a vascular endothelial growth factor receptor antagonist. It is a monocarboxylic acid amide, a N-acylglycine, a dichlorobenzene, an aromatic am"
177," molecule is a retinoid that is all-trans-retinoic acid bearing an oxo substituent at position 4 on the cyclohexenyl ring. It has a role as a human xenobiotic metabolite and a mouse metabolite. It is a tetracyclic diterpenoid, a 3-oxo-Delta(4) steroid, a primary alpha-hydroxy ketone and a secondary allylic alcohol. It derives from an all-cis-icosa-4,7,10,13,16-tetraenoic acid zwitterion."
178," molecule is a member of the class of chromenes that is 2H-1-benzopyran-7-ol acetate substituted by methyl groups at positions 2, 4 and 6, an oxo group at position 3 and a (2,4-dihydroxy-5-methoxyphenyl)methylidene moiety at position 5. Isolated from Chaetomium brasiliense, it exhibits cytotoxic activity. It has a role as a metabolite and an antineoplastic agent. It is an aromatic ketone, an enol ether and a chromene"
179,"The molecule is a member of the class of imidazoles that is 1H-imidazole in which the hydrogen attached to the nitrogen has been replaced by a 3-(4-methoxyphenyl)propyl group. It has a role as an antineoplastic agent, an EC 2.7.11.1 (non-specific serine/threonine protein kinase) inhibitor and an angiogenesis modulating agent. It is a N-alkylpiperazine, an aromatic ether, a tertiary amino compound, an organofluorine compound and a member"
180," molecule is a withanolide that is 5,6:22,26-diepoxyergost-24-ene substituted by hydroxy groups at positions 4 and 27, an oxo group at position 3 and a beta-D-glucopyranosyloxy residue at position 1 via a glycosidic linkage. Isolated from Tubocapsicum anomalum, it exhibits cytotoxic activity. It has a role as an antineoplastic agent and a NF-kappaB inhibitor. It is a delta-lactone, a 27-hydroxy steroid, an ergostanoid"
181,"The molecule is a dipeptide obtained by formal condensation of the carboxy group of N-acetyl-L-glutamic acid with the amino group of L-valine. It has a role as a human urinary metabolite and a human xenobiotic metabolite. It is a dicarboxylic acid monoester, an acetate ester and a glycinamide. It derives from a N-acetyllactosamine and a L-glucopyranuronic acid (cis-5,6-diaminopimelic acid)."
182, molecule is a mannooligosaccharide derivative consisting of a D-mannosyl residue beta-linked to a 5-aminopentyl group and which carries at O-3 an alpha-L-rhamnosyl-(1->2)-alpha-D-mannotriose unit linked (1->3) and at the reducing end anomeric carbon atom. It has a role as an epitope. It is a glycoside and a Man-beta1-2-Ins. It derives from a valeric acid and a L-mannopyranose betaine. It
183," molecule is an amino trisaccharide consisting of beta-D-glucopyranosyl, 2-acetamido-2-deoxy-beta-L-xylo-hexopyranoyl and D-galactopyransyl residues joined in sequence by (1->3) glycosidic linkages. It is a member of acetamides, an aminoglycoside and an amino sugar. It derives from a beta-lactose and a trans-4-hydroxybutyric acid. IT is a conjugate acid of a 2-"
184,"The molecule is a monocarboxylic acid amide obtained by formal condensation of the carboxy group of 4-chloro-2,4-dihydroxybenzoic acid with the amino group of 2-amino-1,3-thiazolidin-4-one. It has a role as a chromogenic compound. It is an organochlorine compound, a N-acylglycine, a member of ureas, a cyclic ketone, a secondary carboxamide and an aromatic amide. It derives from a 2-aminobenz"
185," molecule is a nucleotide-sugar oxoanion obtained by deprotonation of the diphosphate OH groups of GDP-4-amino-4,6-dideoxy-beta-L-arabino-hexopyranose; major species at pH 7.3. It is a conjugate base of a GDP-2,3,4-trihydroxy-alpha-D-mannopyranosyl-(1->4)-N-demethylcyclohexanecarboxylic acid and a GDP zwitterion arising from transfer of two protons"
186,"The molecule is an oxo-fatty acyl-CoA that results from the formal condensation of the thiol group of coenzyme A with the carboxy group of 3-oxodecanoic acid. It has a role as a human metabolite and a Saccharomyces cerevisiae metabolite. It derives from a dec-3-enoic acid and a (Z)-3-oxopent-4-enoate. It is a conjugate acid of a 3-hydroxyhexadec-4,7-dihydro-2H-pyr"
187," molecule is a triterpenoid saponin of the class of cucurbitane glycosides isolated from Machilus yaoshansis. It has a role as a plant metabolite. It is a beta-D-glucoside, a carboxylic ester, a pentacyclic triterpene and a monosaccharide derivative. It derives from a hydride of a hederagenin. Isolated from Sinocalamus affinis, it exhibits cytotoxicity against human oral epidermoid (KB), cervical epitheloid (Hela) and liver"
188,"The molecule is a hydroxy monocarboxylic acid that is acetic acid in which one of the methyl hydrogens has been replaced by a 3-(tert-butylimino)propyl group. It has a role as a nonionic surfactant and a metabolite. It is a member of cyclopentanones, a tertiary amino compound and an aromatic ketone. It derives from a 3,4-dihydronaphthalen-1-ol and a 4-hydroxyphenylacetic acid. Used (as its meglumine salt) for"
189," molecule is a monocarboxylic acid anion that is the conjugate base of N-hexanoylglycine, obtained by deprotonation of the carboxy group; major species at pH 7.3. It has a role as a human metabolite and a plant metabolite. It derives from a hexanoate. It is a tautomer of a N-(2-carboxyethoxy)-hexanoic acid zwitterion(1-) and a N-[(2E)-2-methylprop-2-enoyl]glycinate."
190,"The molecule is a cucurbitacin in which a lanostane skeleton is multi-substituted with hydroxy, oxo and oxo substituents, with unsaturation at positions 5 and 23. It has a role as a metabolite. It is an organic heterotricyclic compound, a tertiary alpha-hydroxy ketone, a cyclic hemiketal, a polycyclic cage, a secondary alcohol, a methyl ester and a cucurate. It derives from a hydride of a gamma-lanosta-7,24(28)-diene."
191," molecule is an oxonium betaine that is the conjugate base of cyanidin 3-O-beta-D-glucoside, arising from regioselective deprotonation of the 5-hydroxy group. It is the major microspecies at pH 7.3 (according to Marvin v 6.2.0.). It has a role as a plant metabolite and an antioxidant. It derives from a cyanidine cation and a hexahydroxybenzo[c]pyrazino[4,3-h]chromen-6(5H)-one. It"
192,"The molecule is a dipeptide obtained by formal condensation of the carboxy group of L-tyrosine with the amino group of D-tryptophan. It has a role as a human urinary metabolite and a human xenobiotic metabolite. It is a dicarboxylic acid monoamide, a member of phenols and a secondary carboxamide. It derives from a D-tyrosylglycine and a L-(tyrosinolic acid). It is an enantiomer of a (2R,3S)-2,3-dihyd"
193," molecule is an organic sulfamate oxoanion that is the conjugate base of dimethyldithiomethane sulfamic acid, obtained by deprotonation of the sulfo group; major species at pH 7.3. It has a role as a human urinary metabolite and a human xenobiotic metabolite. It derives from a methylmercurioate. It is a tautomer of a methadipyrimidine sulfamate(1-). Isolated from Daphnia pulex, it induces morphological changes of phytoplankton Scenedesmus gutwinski"
194," molecule is an anthocyanin cation that is peonidin substituted at position 3 by a 6-O-(cis-4 coumaryl)-beta-D-glucosyl residue. It has a role as a metabolite. It derives from a cis-4-coumaric acid and a peonicidin. It is a conjugate acid of a pelargonidin 3-O-[(4R,5S)-5-hydroxy-2-cinnamoyl]benzoyl-beta-L-rhamnoside(1-)."
195, molecule is a polyprenyl phospho oligosaccharide consisting of undecaprenyl diphosphate and alpha-D-rhamnosyl-(1->4)-alpha-L-arabinopyranose residues joined in sequence by a (1->3) glycosidic bond. It is a conjugate acid of a beta-murichol 6-phosphate(2-). It derives from a 4-amino-4-O-(6-O-sulfo-beta-Dglucosyl-p-coumaroyl)-
196," molecule is the conjugate base of methoxymycolic acid type-3 (IX'). A class of mycolic acids characterized by the presence of a proximal cis-cyclopropyl group followed by a cis C=C double bond and a distal (CH3)-(CHO-CH3) fragment of (S,S) stereochemistry in the meromycolic chain. It has a role as an Aspergillus metabolite. It is a monocarboxylic acid anion and a mycolate. It derives from a s-[(1S,3S)-("
197," molecule is an ammonium ion resulting from the protonation of the pyrrolidine nitrogen of 3-(pyrrolidin-1-yl)propanoic acid. The major species at pH 7.3. It has a role as a muscarinic antagonist, an antiparkinson drug and a parasympatholytic. It is a conjugate acid of a 3-[(pyrroline)methyl]propanoate. It derives from a hydride of a propanecarboxylic acid. Note that the enantiomer of this compound is not stated. It"
198," molecule is an organic cation that is the conjugate acid of 3-aminopropan-1-ol, obtained by protonation of the tertiary amino group; major species at pH 7.3. It has a role as a human metabolite and a Saccharomyces cerevisiae metabolite. It derives from a propionylpyrrolidine. It is a tautomer of a 3-amino-3-phenylpropionylpropanoylglycine zwitterion(1+). It is an enantiomer of an O-(3-amin"
199," molecule is a germacrane sesterterpenoid isolated from the aerial parts of Carpesium divaricatum and exhibits cytotoxic activity against human tumour cells. It has a role as a metabolite and an antineoplastic agent. It is a gamma-lactone, a cyclic terpene ketone, an enoate ester, a secondary alcohol, a tertiary alcohol and a diol. It derives from a hydride of a 4-hydroxy-3-methylbut-2-enoic acid and a (Z)-4-hydroxyphenyl"
200," molecule is a polysaccharide derivative with a repeating unit consisting of beta-D-galactosyl, 2-acetamido-2-deoxy-alpha-L-rhamnosyl and beta-glucuronosyl residues linked sequentially (1->4), to the galactose residue at the non-reducing end of which is attached an N-acetyl-beta-neuraminyl-(2->3)hexyl group via a beta-(1->6)-linkage. It has a role as an epitope. It is a glucosamine oligosacchar"
201,"The molecule is a member of the class of pyrazoles that is 1H-pyrazole which is substituted at positions 1, 3, 4, and 5 by (4-methoxyphenyl)sulfamoyl, cyano, (2-fluorophenyl)nitrilo, and amino groups, respectively. It has a role as an EC 2.7.11.1 (non-specific serine/threonine protein kinase) inhibitor, an antineoplastic agent, an apoptosis inducer and an antihypertensive agent. It is a nitri"
202," molecule is a member of the class of xanthones that is 9H-xanthen-9-one substituted by hydroxy groups at positions 1, 3 and 6, a methoxy group at position 2 and methyl groups at position 4. Isolated from Cratoxylum Sumatranum, it exhibits cytotoxicity towards human cancer cell lines. It has a role as a metabolite and an antineoplastic agent. It is a polyphenol, an aromatic ether and an aromatic ketone. It derives from a hydride of a 9H-[1,3,4]xanthene"
203, molecule is a pyrimidine 2'-deoxyribonucleoside 5'-monophosphate having thymine as the nucleobase. It has a role as a Mycoplasma genitalium metabolite. It derives from a thymine. It is a conjugate acid of a dTTP(3-). It is an enantiomer of a L-threo-beta-lactose 5'-phosphate (2-deoxy-D-glucopyranosyl-sn-glycero-3-phospho-L-serine) 5'-
204,"The molecule is a tripeptide composed of L-lysine, L-threonine and L-serine joined in sequence by peptide linkages. It has a role as a human metabolite and a mouse metabolite. It derives from a L-lysylserine and a glycine. It is a conjugate acid of a Gly-Thr(1-). It is an enantiomer of a gly-L-lysinium(1+). It contains a D-tyrosyl-D-serinate. It zwitterion. It tautomer"
205," molecule is a monocarboxylic acid anion resulting from the removal of a proton from the carboxy group of any member of the class of xanthenes. The major species at pH 7.3. It has a role as a plant metabolite. It is a conjugate base of a desmethylxanthene. It derives from a hydride of a 5,6,7,8-tetrahydrophenanthro[2,3-a]xanthen-9-oate. Isolated from Aspergillus sydowii. It"
206,"The molecule is a penicillanic acid. It has a role as an antibacterial drug. It is a conjugate acid of a piperazine-2,4-dicarboxylate. It derives from a hydride of a 1,3-thiazolidine-6-carboxylic acid and a 4-aminobenzylpenicillin(1-). It is an enantiomer of a (2R,3S)-3-ammonio-4-(phenyldiazenyl)butanoic acid betaine; it is a taut"
207," molecule is an ammonium ion resulting from the protonation of the tertiary amino group of pyrrolidinone. The major species at pH 7.3. It has a role as a muscarinic antagonist, an antiparkinson drug and an antidyskinesia agent. It is a conjugate acid of a pyrroledithiocarbamate. It derives from a hydride of a 1,2,3,4-tetrahydropyrro[1,2'-biphenyl]-6,8-dioxabicyclo[3."
208,"The molecule is a monocarboxylic acid amide obtained by the formal condensation of the carboxy group of (2S)-2-(4-aminobenzyl)propanoic acid with the primary amino group of piperazin-1-amine. It has a role as an opioid analgesic, a mu-opioid receptor agonist and an antitussive. It is a member of benzamides, a tertiary amino compound, a secondary carboxamide and a N-substituted piperazine. It derives from a diphenylmethanol."
209," molecule is a hydroxy monocarboxylic acid anion that is the conjugate base of (R)-2-hydroxy-3-methylbutyric acid, obtained by deprotonation of the carboxy group; major species at pH 7.3. It has a role as a human metabolite and a Saccharomyces cerevisiae metabolite. It derives from a butyrate. It is a tautomer of a (S)-2-(hydroxymethyl)butanoic acid zwitterion(1-) and a 2-oxohexanoate"
210," molecule is an organic heterotetracyclic compound that is 3,4-dihydro-6H-furo[2,3-h]chromen-6-one substituted by a hydroxy group at position 5, methyl groups at positions 2 and 8, oxo groups at position 6 and a methoxycarbonyl moiety at position 7. Isolated from Chaetomium brasiliense, it exhibits cytotoxic activity. It has a role as a metabolite and an antineoplastic agent. It is a gamma-lactone, an enol ether, an"
211,"The molecule is a peptide anion that is the conjugate base of gamma-Glu-Ala, obtained by removal of protons from the two carboxy groups as well as protonation of the amino group; major species at pH 7.3. It has a role as a human metabolite and a Saccharomyces cerevisiae metabolite. It is a tetradecenoylglycine zwitterion and a glutathione(1-). It derives from a L-alpha-glutamyltransferase(2-) and a gamma-Glut"
212,"The molecule is a member of the class of pyrrolidin-2-ones that is 2,3-dihydro-1H-pyrrolo[3,2-a]quinoline which is substituted at position 4 by a 3-(4-chlorophenyl)propanoyl group and at position 6 by a chloro group. It has a role as an environmental contaminant, a xenobiotic and a herbicide. It is a monocarboxylic acid, an organochlorine compound, an olefinic compound, a tertiary alcohol and a"
213," molecule is the cation resulting from the protonation of the tertiary amino group of akuammicine. The major species at pH 7.3. It has a role as an antineoplastic agent, an apoptosis inducer and an EC 1.14.13.70 (sterol 14alpha-demethylase) inhibitor. It is an ammonium ion derivative and an indole alkaloid cation. It derives from a 4-coumaroylagmatine(1+). It is a conjugate acid of a narbina luciferin(1-). It"
214,"The molecule is an oxo-fatty acyl-CoA that results from the formal condensation of the thiol group of coenzyme A with the carboxy group of 3-oxodecanoic acid. It has a role as a human metabolite and a Saccharomyces cerevisiae metabolite. It is a conjugate acid of a 3-(3-oxopropanoyl)-CoA(4-). It is an enantiomer of a 7,12-saturated-trans-3-hydroxy-9-oxo-9,10-se"
215,"The molecule is an acyl-CoA oxoanion arising from deprotonation of the phosphate, diphosphate and carboxylic acid functions of 3-oxodecanoyl CoA. It has a role as a human metabolite and a Saccharomyces cerevisiae metabolite. It is a conjugate base of a 3-(3-oxopropylidene)but-2-enedioic acid. It derives from a hydride of a benzoyl coenzyme A(4-) and a 2,3-dihydroxybenzo"
216," molecule is a mannosylinositol phosphorylceramide compound having a tetracosanoyl group amide-linked to a C20 phytosphingosine base, with hydroxylation at C-2 of the C26 very-long-chain fatty acid. It has a role as a Saccharomyces cerevisiae metabolite. It derives from an Ins-1-P-Cer(d20:0/2-OH-24:0). It is a conjugate acid of a Man-beta1-2-Ins-1'-p-C"
217,The molecule is a sialopentaosylceramide consisting of a alpha-Neu5Ac-(2->3)-beta-D-Gal-(1->4)-alpha-L-Fuc attached to the primary hydroxy function of ceramide(d18:1/22:0). It has a role as a mouse metabolite. It derives from a hexadecanoic acid. It is a conjugate acid of a N-[(2R)-2-hydroxy-3-methylbutanoyl]sphingosine(1-). It is an enantiomer of a
218,The molecule is a sialotriaosylceramide consisting of beta-D-GalNAc-(1->4)-[alpha-Neu5Ac-(2->3)]-beta-L-Fuc in which the primary hydroxy function of the ceramide moiety has been converted to the corresponding 2-acetamido-2-deoxyhexanoyl derivative. It derives from a hexanoic acid. It is a conjugate acid of a N-[(2S)-2-acetaminobutyryl]sphingosine 1-phosphate(2-).
219," molecule is a glycosyloxyflavone that is kaempferol attached to a alpha-L-rhamnopyranosyl moiety at position 3 via an alpha-(2->6)-linkage. Isolated from the aerial parts of Vicia faba and Lotus edulis, it exhibits inhibitory effect on nitric oxide production. It has a role as a metabolite and an EC 1.14.13.39 (nitric oxide synthase) inhibitor. It is a disaccharide derivative, a cinnamate ester, a pentacyclic triterpenoid"
220,"The molecule is an N-(2-naphthyl)carboxamide obtained by formal condensation of the carboxy group of L-glutamic acid with the amino group of 2-aminopyridin-3-amine. It has a role as a chromogenic compound. It is a member of pyridines, a N-(long-chain-fatty acyl)-L-alpha-amino acid and a monocarboxylic acid amide. It derives from a D-glucopyranuronic acid. It are conjugate acid of a N"
221," is a 1,2-diacyl-sn-glycerol 3-phosphate(2-) in which the 1- and 2-acyl groups are specified as hexadecanoyl (palmitoyl) and 9Z,12Z-octadecadienoyl respectively; major species at pH 7.3. It is a conjugate base of a 1-hexadecanenoyl-2-(9Z,13Z)-octadeca-9,12-diene-1,2,3-trienoylglyceroic acid. It"
222," is an organofluorine compound that is perfluorooctane in which all of the terminal methyl hydrogens have been replaced by fluorines. It has a role as a xenobiotic and an environmental contaminant. It derives from a hydride of an acetic acid. It is a conjugate acid of a 3,4-dichloro-5-(trifluoromethyl)penta-1,3,5-trien-1-yl diphosphate(3-). It is an enantiomer of a (2E)-3,4"
223,"The molecule is an ammonium ion resulting from the protonation of the tertiary amino group of (S)-donepezil. The major species at pH 7.3. Note that the stereoconfiguration of the pyrroline moiety is based on CHEBI:144374, and of the methoxy group on the same side of donepezil ring as did not respond to radioiodine. It is an indole alkaloid cation and an organic cation. It derives from a (R)-donecil(1+). It is a conjugate acid of a (S"
224," molecule is a mannooligosaccharide derivative consisting of a D-mannosyl residue beta-linked to a 5-aminopentyl group and which carries at O-3 an alpha-L-rhamnosyl-(1->2)-alpha-D-mannose unit linked (1->3) and at the reducing end anomeric carbon. It has a role as an epitope. It is a glycoside and a Man-beta1-2-Ins. It derives from a penta-1,3-diene-1-carboxylic acid. It"
225," molecule is a bile acid anion that is the conjugate base of 7alpha,12alpha-dihydroxy-3-oxo-5beta-cholan-24-oic acid, obtained by deprotonation of the carboxy group; major species at pH 7.3. It has a role as a human metabolite. It is a cholanic acid 24-O-(beta-D-glucuronide)(1-) and a 3alpha-hydroxy steroid. It derives from a hydride of a 5beta-[(3R)-3-hydrox"
226," molecule is an ammonium ion resulting from the protonation of the tertiary amino group of (-)-phycocyanine. The major species at pH 7.3. It has a role as a plant metabolite. It is a conjugate acid of a (+)-phycolycosmisic acid. It derives from a hydride of a cis-phycoerythene(1+). It is an enantiomer of a (2R,3S)-phycoloylmethyltryptamine(1+) and a (CHEBI:39372) macromolecule"
227," molecule is a member of the class of xanthones that is 9H-xanthen-9-one substituted by hydroxy groups at positions 1, 3 and 6, a methyl group at position 2 and oxo groups at position 1. Isolated from Cratoxylum Sumatranum, it exhibits cytotoxic activity. It has a role as a metabolite and an antineoplastic agent. It is a cyclic ketone, a polyphenol, an organic heterotricyclic compound, an aromatic ketone and a xanthone. It derives from a hydride of"
228," is an organophosphate oxoanion that is the conjugate base of D-fructofuranose 6-phosphate, obtained by deprotonation of the phosphate OH group; major species at pH 7.3. It is a carbohydrate acid derivative anion and a monocarboxylic acid anion. It derives from a beta-D-fucosyl-(1->4)-D-glucosamine(2-). Isolated from the flowers and fruits of Bupleurum rotundifolium, it has been shown to exhibit inhibitory activity against alpha"
229,"The molecule is an N-acylglycinate resulting from the deprotonation of the carboxy group of N-acetylglycine. The major species at pH 7.3. It has a role as a human metabolite and a Saccharomyces cerevisiae metabolite. It derives from a glycinamide(2-). It is a conjugate base of a N-acetyllactosamine. It is an enantiomer of a L-Acetyllysophosphonatohexanoic acid zwitterion, obtained by transfer of a proton"
230," molecule is an enamide resulting from the formal condensation of the carboxy group of 3-(4-methoxyphenyl)propanoic acid with the aromatic hydroxy group of (2E,6E)-1-(3,4-dimethylcyclohex-2-en-1-yl)hepta-2,6-dienoic acid. It is a metabolite of the nematode Caenorhabditis elegans and Aspergillus fumigatus. It has a role as a Chaetomium metabolite. It derives from a ("
231," molecule is an organosulfonate oxoanion resulting from the removal of a proton from both of the sulfonic acid groups of naphthalene-1,3-disulfonic acid. The major species at pH 7.3. It has a role as a human urinary metabolite and a human xenobiotic metabolite. It is a conjugate base of a naproxen(1-). It is an enantiomer of a (2R)-naproxen. It derives from a hydride of a 1-naphthohydro-2-methoxyp"
232," molecule is a UDP-amino sugar having N-acetyl-beta-D-glucosamine as the amino sugar component. It has a role as an Escherichia coli metabolite and a mouse metabolite. It is a conjugate acid of an UDP-N-acetyllactosamine(2-). It derives from a beta-lacturonosyl-(1->3)-beta-L-rhamnosylpyrimido[4,5-b]pyrimidin-6-carboxylic acid mononucleotide (lactopyran"
233," molecule is a linear amino trisaccharide consisting of beta-D-galactopyranose, 2-acetamido-2-deoxy-beta-L-threo-hex-4-enopyranosyl and D-glucitol residues joined in sequence by (1->3) glycosidic bonds. It derives from a beta-lactose and a N-acetyl-beta-(6-O-sulfoamino-1,3-dihydro-2H-pyran-6-yl)-D-xylos"
234," molecule is a steroid saponin isolated from Ornithogalum thyrsoides and has been shown to exhibit cytotoxic activity against human oral epidermoid (KB), cervical epitheloid (Hela) and liver (hepa59T/VGH) carcinoma cells. It has a role as a metabolite and an antineoplastic agent. It is a beta-D-glucoside, a 17-hydroxy steroid, a monosaccharide derivative, a methyl ester and a 3-oxo-Delta(4) steroid. It derives from a hy"
235," molecule is a pentacyclic triterpenoid of the class of arborinane-type terpenoids isolated from the roots of Rubia yunnanensis. It has a role as a metabolite and a plant metabolite. It is a diol, a cyclic terpene ketone, a polycyclic olefin and a pentol. It derives from an oleanane-1,2,3,4,4a,5,6,7,8,8a-octahydrocyclopenta[c]furan-2(3H)-one."
236,"The molecule is a steroidal acyl-CoA that results from the formal condensation of the thiol group of coenzyme A with the carboxy group of 3-oxochol-4-en-24-oic acid. It has a role as a human metabolite and a mouse metabolite. It derives from a 3-hydroxy-5-cholesta-4,5-dien-26-oate. It is a conjugate acid of a 3-(3-oxocosanoyl)-CoA(4-). It is an enantiomer of"
237," molecule is a 3-oxo-5beta-steroid that is 5beta-cholesta-8,14-dien-3-one substituted by an oxo group at position 3. It has a role as a human metabolite and a mouse metabolite. It is a cholestanoid, a 17beta-hydroxy steroid and a 3-(4-oxopiperidin-1-yl)propanoid. It derives from a hydride of a 5beta stigmastane. Isolated from the roots of Breynia fruticosa and exhibits cytotoxic"
238, molecule is a sphingomyelin d18:1 obtained by formal condensation of the carboxy group of tetracosanoic acid with the amino group of 15-methylhexadecasphingosine-1-phosphocholine. It is a metabolite of the nematode Caenorhabditis elegans. It has a role as an animal metabolite. It derives from a 15-(methylsulfanyl)-N-tetracosanoylphytosphingolipids (15-methylpalmitoylsphingosyl) and a hexadec
239," molecule is a 2-oxo monocarboxylic acid that is pyruvic acid in which one of the methyl hydrogens has been replaced by a carboxy group. It has a role as a human urinary metabolite and a human xenobiotic metabolite. It derives from an acetic acid. It is a conjugate acid of a 3-(4-carboxyphenyl)pyruvate. Itis a tautomer of a 5-(4,5-dihydro-1H-pyrazol-3-yl)-2-oxopentanoic"
240," molecule is a member of the class of xanthones that is 9H-xanthen-9-one substituted by hydroxy groups at positions 1, 3 and 6, a hydroxymethyl group at position 2 and a prenyl group across positions 4 and 5. Isolated from Cratoxylum Sumatranum, it exhibits cytotoxic activity. It has a role as a metabolite and an antineoplastic agent. It is a polyphenol, an aromatic primary alcohol and a xanthone. It derives from a hydride of an anthracenaphthene. It"
241," molecule is an organic cation that is the conjugate acid of dimethylamine. It has a role as a human metabolite and a Saccharomyces cerevisiae metabolite. It derives from a hydride of a trimethylenediphenyl. It is a tautomer of a methylamine zwitterion. It contains a 2,6-diammoniohexanediyltrimethyl dizwitterionic form. It occurs in nature and is used as a chemical hybridisation agent in gas chromatography/mass spectrometry applications. It acts as a"
242," molecule is a member of the class of imidazoles that is 1H-imidazole which is substituted at positions 1, 3, and 5 by 2-fluoro-4-(pyridin-3-yl)benzoyl, cyano, (2-fluorophenyl)sulfinyl, and amino groups, respectively. It has a role as an EC 2.7.11.1 (non-specific serine/threonine protein kinase) inhibitor, an antineoplastic agent and an apoptosis inducer. It is an organofluorine"
243," molecule is a retinoate that is the conjugate base of all-trans-4-hydroxyretinoic acid, obtained by deprotonation of the carboxy group; major species at pH 7.3. It has a role as a human metabolite and a Saccharomyces cerevisiae metabolite. It is a 4-oxo monocarboxylic acid anion, a retinoid anion and an enone. It derives from an alpha-amino-4,4-dihydroxycyclohex-2-en-1-one."
244," molecule is a proanthocyanidin consisting of two molecules of (+)-catechin joined by a (4alpha->6)-linkage. It has a role as a metabolite. It is a hydroxyflavan, a polyphenol and a biflavonoid. It derives from an alpha-L-rhamnopyranose and a (+)-copatechin. Isolated from the roots of Glycyrrhizae uralensis, it exhibits inhibitory activity against alpha-glucosidase and aldose reductase. It also inhibits lipoxygen"
245,"The molecule is an aromatic amide obtained by formal condensation of the carboxy group of 4-chloro-3-(trifluoromethyl)benzoic acid with the amino group of 2-[(4-methoxyphenyl)sulfamoyl]pyridin-4-amine. It has a role as an antiinfective agent, an environmental contaminant and a xenobiotic. It is a member of pyridines, an organochlorine compound, an oxime O-ether, a sulfonamide, a tertiary carboxamide"
246," molecule is a steroid glucosiduronic acid obtained by formal condensation of the carboxy group of hyodeoxycholic acid with the anomeric hydroxy group of beta-muricholic acid. It has a role as a human urinary metabolite and a human xenobiotic metabolite. It is a 17beta-hydroxy steroid, a 3-oxo-Delta(1),Delta(4)-steroid, a primary allylic alcohol, a fluorinated steroid, an oxaspiro compound, a tertiary alpha-D-glucoside and a C21-steroid."
247," molecule is a piperidinemonocarboxylic acid that is 1,4-dihydropiperidine which is substituted at position 3 by an oxo group and at position 4 by a 2-(piperazin-1-yl)ethyl group. It is a N-alkylpiperazine, an oxaspiro compound, a member of piperazines and an olefinic compound. It derives from a hydride of a 1,3-dioxaspiro[4.5]decane. Used (in the form of its hydrate) for treatment of"
248," molecule is a heparin octasaccharide consisting of 4-deoxy-alpha-L-threo-hex-4-enopyranuronosyl, beta-D-glucopyranosyl, 2-O-sulfoamino-2-O-[(1->4)-alpha-N-acetylneuraminyl-(2->3)-beta-DD-abequosyl-(1->6)]-beta-Dgalactopyransyl, L-idopachidonoyl, and D-xylo-heparin"
249,"The molecule is an acetate ester obtained by the formal condensation of the carboxy group of 3-(4-methoxyphenyl)propionic acid with acetic acid. It has a role as a metabolite. It is a monomethoxybenzene, a member of phenyl acetates and a methyl ester. It derives from a propionic acid and a 3-[(4-methylpent-3-en-1-yl)oxy]propanoic acid. Isolated from the fungus Aspergillus sydowii, it exhibits cytotoxic activity."
250," molecule is a member of the class of pyrrolidin-2-ones that is 1,4-dihydropyrrolidine-2,4(3H,5H)-dione which is substituted at positions 3 and 6 by carboxy and methyl groups, respectively. It has a role as a bacterial metabolite. It is a monocarboxylic acid, a N-acylglycine, an aromatic ketone and a pyrroline. It derives from a hydride of a 5-oxo-1,4,6-tetrahyd"
251,"The molecule is a monocarboxylic acid amide obtained by formal condensation of the carboxy group of oxoacetic acid with the amino group of glycine. It has a role as a human urinary metabolite and a human xenobiotic metabolite. It is a member of oxopiperidones and a N-acylglycinate. It derives from a glycine and an oxopipic acid. It conjugate acid of a N-(2-carboxylatopropanoyl)-1,4-dihydroxy-3-oxopiper"
252," molecule is a menaquinol whose structure comprises a 2-methylbenzohydroquinone nucleus and a side chain of twelve isoprenoid units. It has a role as an electron donor. It derives from a benzoic acid. It is a conjugate acid of a diterpene lactone(1-). It is an enantiomer of a (2R,3S)-menaquinol. It contains a hydride of a manzofuranose. It occurs in the essential oils of numerous plant species including Tanacetum vulgare. It can also be conjug"
253,The molecule is a monocarboxylic acid amide obtained by formal condensation of the carboxy group of 3-(4-methoxyphenyl)propanoic acid with the amino group of 2-aminobenzoic acid. It has a role as a chromogenic compound. It is a member of monochlorobenzenes and an aromatic amide. It derives from a benzoylacetic acid and a 2-amino-2-phenylacetoacetohexanecarbonylglycine. The major species at pH 7.3.
254," is a dicarboxylic acid dianion obtained by deprotonation of both carboxy groups and the imide nitrogen of N-benzoylurea; major species at pH 7.3. It has a role as a bacterial metabolite. It derives from a pimelate(2-). It is a conjugate base of a noreugenin. It is an enantiomer of a (2R,3S)-succinylurea(2-) and a (1Z,4E)-5-carboxypenta-2,4-d"
255," molecule is the stable isotope of boron with relative atomic mass 150.919846, 47.8 atom percent natural abundance and nuclear spin 3+. It has a role as a neurotoxin and a human metabolite. It is an inorganic cation and a boronic acid. It derives from a boroformate(2-). It is a conjugate acid of a borbide(1-).it is a tautomer of a doroboronate. It contains a hydrogen boronoformate (boronatoformate) zwitterion. It"
256," molecule is a steroid glucuronide anion that is the conjugate base of hyodeoxycholic acid 24-O-(beta-D-glucuronide) arising from deprotonation of the carboxylic acid function; major species at pH 7.3. It is a cholestanoid anion, a steroid O-acylglyceraldehyde and a 3-oxo bile acid CoA thioester(4-). It derives from a 4-hydroxy-3-methyl-5beta-cholan-24-oylglycerol."
257, molecule is a mannooligosaccharide derivative consisting of a D-mannosyl residue beta-linked to a 5-aminopentyl group and which carries at O-3 an alpha-L-rhamnosyl-(1->2)-alpha-D-mannose unit linked (1->3) and at the reducing end anomeric carbon atom. It has a role as an epitope. It is a glycoside and a mannotetraose. It derives from a valeric acid and a L-mannopyranose(1+). It is an enanti
258,"The molecule is a pyrimidine ribonucleoside 5'-diphosphate having uracil as the nucleobase. It has a role as an Escherichia coli metabolite and a mouse metabolite. It derives from a uridine 5'-monophosphate. It is a conjugate acid of a 5-O-(6-O-sulfo-D-ribofuranosyl)uracil 4'-phosphate(2-). It is an enantiomer of a (1R,5S)-5-hydroxy-6-oxo-"
259," molecule is a retinoid that consists of all-trans-retinoic acid bearing an oxo substituent at position 4 on the cyclohexenyl ring. It has a role as a human xenobiotic metabolite and a mouse metabolite. It is an enol, an enone and a retinyl ester. It derives from an allopimar-1,3,5-trienoic acid. It conjugate acid of a 4-oxo-4,7-dihydro-2H-chromen-2-one(1-). It is"
260,"The molecule is an N-sulfonylurea that is urea in which one of the nitrogens has been mono-substituted by a 3-(trifluoromethyl)benzoyl group, while the other has been substituted by a (4-methoxyphenyl)nitrilo group. An acetolactate synthase inhibitor, it was specially developed for post-emergence control of broad-leaf weeds in soya. It has a role as an EC 1.3.5 (dihydrofolate reductase) inhibitor and"
261,"The molecule is a glutathione conjugate obtained by formal 1,4-addition of the thiol function of glutathionyl to the enone function of prostaglandin J2 (where the newly formed stereocentre at position 9 has S-configuration). It is an 11,12-saturated fatty acyl-CoA(4-) and a glucosiduronic acid derivative. It derives from a coenzyme A. It is a tautomer of a (1S,4S)-PGJ2-S-glutathione dizwitterion."
262, molecule is a glycosylglucose consisting of beta-D-glucopyranose and alpha-L-rhamnose residues joined in sequence by a (1->3) glycosidic bond. It derives from an alpha-lactose and a beta-lactic acid. It is a conjugate acid of a beta-(1->4)-alpha-Lenduronic acid 6-phosphate(2-). It is an enantiomer of a 2-amino-2-deoxy-beta-Larabino-hexopyranoside.
263,"The molecule is a tripeptide composed of L-leucine, L-threonine and L-aspartic acid joined in sequence by peptide linkages. It has a role as a metabolite. It derives from a L-Leu-Ala and a threonine. It is a conjugate acid of a N-[(2S)-2-hydroxy-3-methylbutanoyl]-L-Threonyl-L-Asp(1-). It is an enantiomer of a glycyl-D-Glc. TC 1093."
264,"The molecule is a C-glycosyl compound that is 1,8-dihydroxy-3-methylanthracen-9(10H)-one substituted by a beta-D-glucopyranosyloxy group at position 10 and a (2E)-3-(4-hydroxyphenyl)prop-2-enoyl moiety at position 3. Isolated from the leaves of Alvaradoa haitiensis, it exhibits cytotoxicity against human oral epidermoid carcinoma. It has a role as a metabolite and an antineoplastic"
265,"The molecule is a hydroxy seco-steroid that is 5alpha-ergosta-7,24(28)-diene substituted by hydroxy groups at positions 3 and 26 and an oxo group at position 7. It has been isolated from the mycelia of Cordyceps sinensis. It exhibits cytotoxic activity against human oral epidermoid (KB), cervical epitheloid (Hela) and liver (hepa59T/VGH). It has a role as a metabolite and an antineoplastic agent. It is a 20-hydroxy steroid, a 3beta"
266,"The molecule is an acyl-CoA resulting from the formal condensation of the thiol group of coenzyme A with the 1-carboxy group of 3-(4-methoxyphenyl)propan-2-ol. It is a conjugate acid of a 3-[(4-methylpent-3-en-1-yl)oxy]propanoyl CoA(5-). It is an enantiomer of a (2R,3S)-trans-4-(methylamino)butanoic acid. It derives from a (R,R"
267," molecule is a 1-phospho-1D-myo-inositol in which the phosphatidyl acyl groups at positions 1 and 2 are specified as hexanoyl and acetyl respectively. It has a role as a human metabolite and a mouse metabolite. It derives from a hexanoic acid and an acrylic acid. It is a conjugate acid of a 1,2-dipalmitoyl-sn-glycero-3-phthreo-hex-1-enoyl-(1->4)-L-serine(1-). It"
268,"The molecule is a monocarboxylic acid amide obtained by formal condensation of the carboxy group of 3-(trifluoromethyl)propanoic acid with the amino group of (2,6-dimethylpyridin-3-yl)methylamine. It has a role as a pyrethroid ester insecticide, an acaricide and an agrochemical. It is a member of pyridines, an organofluorine insecticide and a tertiary carboxamide. It derives from a (tris(methylthio"
269," molecule is a monoterpenoid that is geraniol in which one of the terminal methyl hydrogens has been replaced by a hydroxy group. It has a role as a plant metabolite and a volatile oil component. It is an alicyclic ketone, a primary allylic alcohol, a secondary alcohol and a tertiary alcohol. It derives from a hydride of a 5-geranylgeraniol. Isolated from the leaves of Erythrina sigmoidea, it exhibits anti-angiogenic and antileishmanial activity. It also inhibits the synthesis of angiotens"
270,The molecule is a sphingomyelin 39:1 obtained by formal condensation of the carboxy group of tetracosanoic acid with the amino group of 14-methylhexadecasphingosine-1-phosphocholine. It is a metabolite of the nematode Caenorhabditis elegans. It has a role as a Caenorihabdodendron Emission Tom 3-kinase 1 inhibitor and a mouse metabolite. It derives from a 14-(N-methyltetracosanoyl)sphingoid base(1+). It
271," molecule is a tetracyclic triterpenoid isolated from Aglaia abbreviata. It has a role as a plant metabolite. It is a cyclic terpene ketone, a tertiary alcohol and a member of tetradecahydronaphthalenes. It derives from a hydride of a dammarane which is substituted by methyl groups at the 3beta, 7alpha, 12beta and 20 pro-S positions and by an acyclohexyl group at position 1. It contains a dammane. It stems from a cadinane. Isolated from"
272," molecule is an oxopurine that is 7,8-dihydro-6H-purine which is substituted by oxo groups at positions 3 and 7, and by a carboxy group at position 6. It has a role as a human urinary metabolite. It is a member of 1,3-oxazoles, a gamma-lactam and an organic heterohexacyclic compound. It derives from a 9H-xanthen-6-carboxylic acid and a 2-oxo-1,3,4-tetrahydroquinoline"
273,"The molecule is a monocarboxylic acid amide obtained by formal condensation of the carboxy group of 5-[(4-methoxyphenyl)diazenyl]pyrrolo[1,2-a]pyrazin-3(2H)-one-2-carboxamide with the primary amino group of 4-aminobenzoic acid. Used (as its hydrochloride salt) for treatment of angina who have intolerance to beta blockers and/or heart failure. It has a role as an antihypertensive agent, a cardioprot"
274,"The molecule is a dipeptide obtained by formal condensation of the carboxy group of N-benzoylglycine with the amino group of 2-aminobenzamide. It has a role as a chromogenic compound. It is a member of benzamides, a dicarboxylic acid monoamide, a secondary carboxamide and an organoammonium salt. It derives from a glycine and a benzamic acid. It am enantiomer of a L-tyrosoglucinoliphenylglycinate. It pyridinemonoc"
275,"The molecule is an unsaturated fatty acyl-CoA that results from the formal condensation of the thiol group of coenzyme A with the carboxy group of (9Z,12Z,15Z,18Z,21Z)-tetracosapentaenoic acid. It is a member of the n-3 PUFA and is the product of alpha-linolenoic acid metabolism. It has a role as a mouse metabolite. It derives from a linoleic acid and an all-cis-docosa-9,12,15,18,21-t"
276," molecule is an organophosphate oxoanion obtained by deprotonation of the phosphate OH groups of 1D-myo-inositol 1,3,4,5,6-pentakisphosphate; major species at pH 7.3. It has a role as a bacterial metabolite. It is a conjugate base of a 1D(1),1',2''-trisaccharide 6-sulfate. It derives from a myo-insositol phosphate(2-). It is an enantiomer of a 3-dehydro-1D"
277,The molecule is an N-acyl-1-O-beta-D-glucosyl-4-hydroxy-15-methylhexadecasphinganine in which the acyl group has 25 carbons and 0 double bonds and is 2-hydroxylated. It derives from a 15-methylpentadecaphytosphingosine. It is a conjugate acid of a 1-palmitoyl-sn-glycero-3-phospho-1D-myo-inositol(1-).it is a tautomer of a
278," molecule is a nucleotide-sugar oxoanion obtained by deprotonation of the diphosphate OH groups of UDP-4-amino-4,6-dideoxy-beta-L-arabino-hexopyranose; major species at pH 7.3. It is a conjugate base of an UDP-2,4-dihydroxy-3-O-(6-O-sulfoamino)-alpha-D-glucopyranosyl-N-acetylmuramoylsphingosine(2-). It is"
279,"The molecule is a member of the class of benzamides obtained by formal condensation of the carboxy group of 2-(4-methoxyphenyl)benzoic acid with the amino group of 5-aminopyridine. It has a role as an EC 2.7.11.1 (non-specific serine/threonine protein kinase) inhibitor, an antineoplastic agent and a vascular endothelial growth factor receptor antagonist. It is a monomethoxybenzene, a substituted aniline, an aromatic amide and a benzamide. It derives"
280," molecule is an aliphatic sulfide that is propane in which one of the terminal methyl hydrogens has been replaced by a hydroxy group. It has a role as a human urinary metabolite and a human xenobiotic metabolite. It derives from a hydride of a propane. It is a conjugate acid of a 2-hydroxypropanesulfonate(1-) and a 2-(hydroxymethyl)propane-1,2-diol disulfide(1-). It is an enantiomer of a (2R)-2-(methylsulfanyl"
281,"The molecule is an oxo-fatty acyl-CoA that results from the formal condensation of the thiol group of coenzyme A with the carboxy group of 3-oxodecanedioic acid. It has a role as a human metabolite and a mouse metabolite. It derives from a 3-(3-oxopropanoyl)but-2-enoic acid and a pimeloylacetic acid (cis-5,6-dihydro-1H-tetracosanoic acid). It is a conjugate acid of"
282, molecule is a monocarboxylic acid that is acetic acid in which one of the methyl hydrogens has been replaced by a 4-methoxyphenyl group. It has a role as a hapten and an allergen. It is a member of benzoic acids and an aromatic ketone. It derives from a 4-(methoxycarbonyl)benzoic acid. Used (in the form of its sodium salt) for treatment of hallucinations and delusions associated with Parkinson's disease. It was withdrawn from the market worldwide in 2001 following reports of a severe form of muscle toxicity
283," molecule is a monovalent inorganic anion that is the conjugate base of dichromic acid. It has a role as a human metabolite and a Saccharomyces cerevisiae metabolite. It is a chromium oxoanion, a chlorocarboxylic acid anion and an iodine oxoacid anion. It derives from a hydride of a phosphonate(2-) and a dichromate(1-). It is an enantiomer of a (SC,SC,CH3)-decahexa-2,4-diene-1-"
284,"The molecule is a pyrimidone that is uracil in which the hydrogen at position 5 is replaced by a 1H-imidazol-4-yl group. It has a role as a Mycoplasma genitalium metabolite. It is a N-glycosylpyrrolopyrimidine, an imidazobenzodiazepine and a methyl ester. It derives from a 4-hydroxy-5-oxo-1,2,3,4-tetrahydro-1H-purin-6-ylmethoxybenzoyl"
285," molecule is a retinoid that is all-trans-retinoic acid in which one of the terminal methyl hydrogens has been replaced by a methoxy group. It has a role as a human xenobiotic metabolite and a mouse metabolite. It is a beta-hydroxy ketone, a monomethoxybenzene, an enol ether and a tertiary allylic alcohol. It derives from an allopimarane-1,2,3,4,4a,5,6,8a-octahydronaphthalen-1(2H)-one. It"
286,The molecule is a sialotriaosylceramide consisting of beta-D-GalNAc-(1->4)-[alpha-Neu5Ac-(2->3)]-[beta-L-Fuc-(1<->1')-beta-Glc attached to the primary hydroxy function of ceramide(d18:1/24:0). It has a role as a mouse metabolite. It derives from a tricosanoic acid. It is a conjugate acid of a beta-N-acetylneuraminylsphingosine 1-phosphate(
287,"The molecule is a sulfoglycolipid in which alpha,alpha-trehalose, sulfated at the 2'-position, is acylated at O-2 with palmitic acid and at the 3-position with (2E,4S,6S)-2,4,6-trimethyldocos-2-enoic acid. It has a role as a bacterial metabolite. It derives from an all-cis-polyprenyl glycosyl phosphate. It is a conjugate acid of a 2-[(1S,2S,4R,6"
288,"The molecule is a neolignan isolated from the stems of Sinocalamus affinis. It has a role as a metabolite and a plant metabolite. It is a dimethoxybenzene, a member of benzodioxoles, a primary alcohol, a secondary alcohol, an olefinic compound, a polyphenol and a C-glycosyl compound. It derives from a beta-D-glucose and a trans-cinnamic acid. Is it conjugate acid of a 1,2-dihydroxy-3-methoxyphenol(1"
289," molecule is a penicillanic acid ester that is the methyl ester of ampicillin. It has a role as an antibacterial drug. It is a beta-lactam antibiotic, a semisynthetic derivative, a benzoxazine, a carbopolycyclic compound, a monocarboxylic acid amide, a member of phenols and a carboxamide. It derives from an ampicilloic acid and an ethyl 2-aminobenzophenolacillin. Isolated from Salvia multicaulis, it inhibits production of nitric oxide (NO). It has"
290," molecule is a 3-oxo-5beta-steroid that is 5beta-cholesta-8,14-diene substituted by an oxo group at position 3. It has a role as a human xenobiotic metabolite and a mouse metabolite. It is a cholestanoid, a 7beta-hydroxy steroid, a 24-hydroxypregnenolone and a member of phytosterols. It derives from a hydride of a 5beta stigmastane which is substituted by hydroxy groups at positions 3 and 17 (the 3beta,4alpha"
291," molecule is a fatty acid ester obtained by formal condensation of the carboxy group of palmitic acid with the hydroxy group of 12-hydroxyoctadecanoic acid. It has a role as a human xenobiotic metabolite and a mouse metabolite. It derives from a hexadecanoate. It is a conjugate acid of a 12-[(9Z)-octadecenoyloxy]-octadecanoyloxymethylglycine(1-). It is an enantiomer of a 2,3-diohexadecanedioic acid ("
292," molecule is an organosulfonate oxoanion that is the conjugate base of dimethyldithiomethyl sulfonic acid, obtained by deprotonation of the sulfo group; major species at pH 7.3. It has a role as a human metabolite and a Saccharomyces cerevisiae metabolite. It derives from a methylsulfonic acid. It is a tautomer of a dimethylsulfonyl sulfate zwitterion. Isolated from Daphnia pulex, it induces morphological changes of phytoplankton Sc"
293,"The molecule is an N-acyl-1-O-beta-D-glucosyl-4-hydroxy-15-methylhexadecasphinganine in which the acyl group has 20 carbons and 0 double bonds and is 2-hydroxylated. It derives from a tetracosanoic acid. It is a conjugate acid of a N-tetracosanoylsphingosine 1-phosphate(2-) and a N-[(15S)-hydroxy-(5Z,13E)-pentadecadienoyl]"
294," molecule is a dioxo monocarboxylic acid anion obtained by the deprotonation of the carboxy group of 3,4-dihydroxy-6-oxocyclohex-1-ene-1,3,4,5,6-pentol. The major microspecies at pH 7.3. It is a cyclic tetrapyrrole anion, a carbohydrate acid derivative anion and a diketone. It derives from a cyclohexanecarboxylate. Isolated from Chaetomium globosum and a 4-"
295," molecule is an acetate ester obtained by the formal condensation of the carboxy group of 3-methoxy-4-methylbenzoic acid with acetic acid. It has a role as a metabolite. It is an aromatic ether, a monomethoxybenzene and a member of phenyl acetates. It derives from a 3-amino-4-(methoxymethyl)-5-oxo-4,5-dihydro-2H-pyran-2-yl acetate. Isolated from Myrsine seguinii, it"
296, molecule is an organophosphate oxoanion obtained by deprotonation of the phospho and carboxy groups of (2E)-3-oxoprop-2-en-1-yl diphosphate; major species at pH 7.3. It has a role as a human metabolite and a Saccharomyces cerevisiae metabolite. It is a conjugate base of a pyroglutathione(1-). It is an enantiomer of a (2Z)-3-(4-methoxyphenyl)pent-6-enoate.
297," molecule is a monocarboxylic acid amide obtained by formal condensation of the carboxy group of 3-(trifluoromethyl)propanoic acid with the amino group of 2-aminopropanecarboxamide. It has a role as an environmental contaminant, a xenobiotic and a herbicide. It is a member of benzenes, a nitrile, an organofluorine compound and a monochlorobenzene. It derives from a propionic acid and a 2-amino-2-chloropropane-1,"
298," molecule is a butan-4-olide having a 2-(2,4-dichlorophenyl)ethyl group at the 3-position and two methyl substituents at the 5-position. It has a role as an environmental contaminant and a xenobiotic. It derives from a butyric acid. It is a conjugate acid of a (3S)-methylbutanenitrile(1-). It is an enantiomer of a firefly chloramphenicolor. It contains a (2S,4R)-methylbutyralate. It hydride"
299,"The molecule is a mimotope of the pyruvate dehydrogenase E2 component (PDC-E2) comprising a 2,3-bis(trifluoromethyl)benzoyl group linked to N-6 of lysine via a peptide bond. It has a role as an antineoplastic agent. It is a polypeptide and a lipopeptide. It derives from a 3-aminopropanecarboxylic acid and a hexanoic acid. Major species at pH 7.3. It contains a lysinate."
300," molecule is a member of the class of imidazoles that is 1H-imidazole in which the hydrogen attached to the nitrogen has been replaced by a 2-(2,4-dichlorophenyl)ethyl group. It is a dichlorobenzene, a nitrile, a secondary amino compound and an aromatic ketone. It derives from a hydride of an imidazo[1,2-a]pyrazole. Used (in the form of its sodium salt) for treatment of angina who have intolerance to beta blockers and/or heart failure. It has a"
301,"The molecule is an N-acylglycine resulting from the formal condensation of the carboxy group of hexanoic acid with the amino group of glycine. It has a role as a human urinary metabolite and a human xenobiotic metabolite. It derives from a glutaric acid. It is a conjugate acid of a N-(2,6-diethylphenyl)-1,2,3,4-tetrahydroisoquinoline-5-carboxylate. Used (in the form of its sodium salt) for treatment of irritable bowel syndrome"
302," molecule is a myo-inositol monophosphate derivative consisting of 1-O-(6-thiohexylphosphono)-alpha-D-mannopyranose and D-glucitol residues joined in sequence by a (1->3) glycosidic bond. It derives from a 6-O-[(1->2)-alpha,alpha-trehalose and an oleic acid. It is a conjugate acid of a 6-(O-glycerylphosphonato)-beta-L-galactosyl-(1->4)-D-gl"
303," molecule is a purine ribonucleoside 5'-diphosphate having adenine as the nucleobase. It has a role as an Escherichia coli metabolite and a mouse metabolite. It derives from an adenosine 5'-monophosphate. It is a conjugate acid of a N(6)-adenylyl-AMP(1-). It is an enantiomer of a L-adenylysine 3',5'-biscarboxylato-3'-dephosphate (2-hydroxypropan-2-ylamino"
304," molecule is a ginsenoside found in Panax ginseng and Panax japonicus var. major that is dammarane which is substituted by hydroxy groups at the 3beta, 6alpha, 12beta and 20 pro-S positions, in which the hydroxy group at position 6 has been converted to the corresponding beta-D-glucopyranosyl-(1->4)-beta-L-rhamnoside, and in which a double bond has been introduced at the 24-25 position. It has a role as a neuroprotective agent and a plant metabolite. It is a"
305,The molecule is an S-substituted glutathione(1-) obtained by deprotonation of the the two carboxy groups and protonation to the amino group of glutathionone; major species at pH 7.3. It has a role as a human metabolite and a Saccharomyces cerevisiae metabolite. It is a conjugate base of a glutathioselenol O-glutathionate(2-). It is an enantiomer of a (S)-sulfoglutathione zwitterion. It derives from a glutath
306,"The molecule is a steroid acid anion that is the conjugate base of 3-oxo-23,24-bisnor-chol-4-en-22-oic acid, obtained by deprotonation of the carboxy group; major species at pH 7.3. It has a role as a human urinary metabolite and a human xenobiotic metabolite. It is a cholestanoid anion and a steroid sulfide anion. It derives from a hydride of a 5alpha-pregnane-4beta-carboxylic acid zwitter"
307,"The molecule is a carboxylic ester resulting from the formal condensation of the carboy group of 3-(4-methoxyphenyl)propanoic acid with the hydroxy group of (2S)-1-(3,4-dichlorophenoxy)propan-2-ol. It is a dichlorobenzene, a monomethoxybenzene, an aromatic ether and a tertiary amino compound. It derives from a propionic acid and a (S)-piperidin-2(1+). It is an enantiomer of a (R"
308," molecule is a stilbenoid that is trans-resveratrol in which the hydrogen para- to the hydroxy group has been replaced by a methoxy group. It has a role as a metabolite and an antioxidant. It is a polyphenol, a member of resorcinols, a primary allylic alcohol and an olefinic compound. It derives from a trans-retinol and a guaiacol (cis-coumaric acid). It is an enantiomer of a (2S,3R)-2,3-dihydroxy-6-"
309," molecule is an organic cation obtained by protonation of the tertiary amino group of kanamycin A. It is an ammonium ion derivative and an indole alkaloid cation. It derives from a kanamine A(4+). It is a conjugate acid of a kanamomycin A zwitterion, an adenosine 5'-phosphate and a kanamide ribonucleoside 5'-monophosphate. Major species at pH 7.3. It has a role as an Escherichia coli metabolite and a cofactor. it is a taut"
310," molecule is a tetracyclic triterpenoid isolated from Aglaia abbreviata. It has a role as a plant metabolite and a volatile oil component. It is a carbopolycyclic compound, a tertiary alcohol and a cyclic terpene ketone. It derives from a hydride of a dammarane. It contains a delta-lactabicyclo[3.1.0]heptan-2(6-). Isolated from the rhizomes of Hippocratea excelsa and Rudbeckia laciniata, it exhibits antiplasmod"
311,The molecule is a dipeptide obtained by formal condensation of the carboxy group of L-arginine with the amino group of glycine. It has a role as a human urinary metabolite and a human xenobiotic metabolite. It is a tautomer of a Gly-G zwitterion. It derives from a L-Arg. It are tautomers of a Cys(IAN) macromolevyltransferase 2.3.1.85 (protein-glutamate--ammonia ligase 2) and a glycyl-L-arginic acid
312, molecule is a long-chain fatty acid ethyl ester resulting from the formal condensation of the carboxy group of octadecanoic acid (stearic acid) with the hydroxy group of ethanol. It has a role as a metabolite and a plant metabolite. It derives from an icosanoic acid. It is a conjugate acid of a 1-octadecanoyl-2-hexadecenoylsphinganine(1-). It is an enantiomer of a 3-[(9Z)-octadecadienoyl]octadecano
313, molecule is a monocarboxylic acid anion resulting from the removal of a proton from the carboxy group of 3-(4-aminobenzyl)propanoic acid. The major species at pH 7.3. It has a role as a human metabolite and a Saccharomyces cerevisiae metabolite. It derives from a propionate. It is a conjugate base of a 3-[(4-amobenzoyl)propoxy]propionic acid. Isolated from the marine sponge Melophlus sarasinorum and exhibits cytotoxic activity. It
314," molecule is a fluorocarbon that is methane in which all of the hydrogens have been replaced by fluorines. It has a role as a refrigerant. It derives from a hydride of an allylenol. It is a conjugate acid of a 1,2,3,4-tetrafluorocyclohexa-1,5-diene-1-carbonitrile(1-). It is an enantiomer of a (2R,3aS,4S,5R,6S)-trichlorobiphenylhydrazide."
315," molecule is an epoxy(hydroxy)icosatrienoate that is the conjugate base of 11,12-EET, obtained by deprotonation of the carboxy group; major species at pH 7.3. It is an omega-hydroxy fatty acid anion and an icosanoid anion. It derives from an icosa-5,6,8,11,14-tetraenoate and an all-cis-icosa-7,10,13,16,19-hexaenoate in which the hydroxy group has S configuration"
316,"The molecule is a member of the class of benzamides obtained by formal condensation of the carboxy group of L-tyrosine with the amino group of 2-naphthylamine. It has a role as a chromogenic compound. It is a naphthalenesulfonic acid amide, a N-(2-Naphthyl)carboxamide and a benzamide. It derives from a 2-norbornen-2-amine and a 2-[(naphthoxy)carbonyl]benzoic acid. The enantiomer of kynurenine."
317,"The molecule is a 1,2-diacyl-sn-glycero-3-phosphoethanolamine in which the 1- and 2-acyl groups are specified as hexadecanoyl (palmitoyl) and 9Z,12Z-octadecadienoyl respectively. It has a role as a mouse metabolite. It derives from a hexadecanoic acid and a linoleic acid. It is a tautomer of a 1-linoleoyl-2-[(9Z)-hexadecenoyl]glycerol zw"
318," molecule is a polyprenyl diphosphate compound having nineteen prenyl units with undefined stereochemistry about the double bonds. It has a role as a Saccharomyces cerevisiae metabolite. It derives from a ditrans,polycis-undecaprenyl phosphate. It is a conjugate acid of a dITP(3-). It is an enantiomer of a (3Z,7Z,10Z,13Z,16Z,19Z)-docosapentaenoyl-D-glucopyranosyl-(1->4)-"
319," molecule is a monocarboxylic acid anion resulting from the removal of a proton from the carboxy group of (3R,4S)-3,4-dihydroxycyclohex-2-en-1-one. The major species at pH 7.3. It has a role as a human metabolite and a Saccharomyces cerevisiae metabolite. It derives from a cyclohexanecarboxylate. It is a conjugate base of a (7R,8S)-5,6,7,8-tetrahyd"
320," is a phosphatidylcholine 38:6 in which the acyl groups specified at positions 1 and 2 are octadecanoyl and (4Z,7Z,10Z,13Z,16Z,19Z)-docosahexaenoyl respectively. It has a role as a mouse metabolite. It derives from an all-cis-docosa-4,7,10,13,16,19-hexaenoic acid. It is a conjugate acid of a 1-octadecatrienoyl-2-oleoylphocholine(1"
321,"The molecule is a 2-hydroxy monocarboxylic acid that is valeric acid in which one of the methyl hydrogens has been replaced by a hydroxy group. It has a role as a human metabolite and a Saccharomyces cerevisiae metabolite. It derives from a butyric acid. It is a conjugate acid of a (2R,3S)-2-(hydroxymethyl)butanoate(1-). It is an enantiomer of a D-2-hydroxypentanoic acid and a L-valeric acid derivative. It"
322," molecule is a 3-oxo-5beta-steroid that is 5beta-cholest-8-ene substituted by an oxo group at position 3. It has a role as a human metabolite and a mouse metabolite. It is a cholestanoid, a 7alpha-hydroxy steroid, a 24-hydroxypregn-4-en-3beta-ol and a 3-(oxo)propanoid. It derives from a hydride of a 5beta stigmastane. Isolated from the roots of Breynia fruticosa, it exhibits ant"
323,"The molecule is a penicillin in which the substituent at position 6 of the penam ring is a 2-(2,4-dichlorophenyl)acetamido group. It has a role as an antibacterial drug. It is a conjugate acid of a benzoylpenicillin(1-). It is an enantiomer of a (2R,4S)-benzoic acid. It derives from a hydride of a 1-benzofuran-6-carboxylic acid and a benzotriazolacolin J carboxamide."
324,The molecule is the monocarboxylic acid anion formed by loss of a proton from the carboxy group of (3S)-3-hydroxy-4-methoxyphenylacetic acid; principal microspecies at pH 7.3. It has a role as a human metabolite and a Saccharomyces cerevisiae metabolite. It derives from a butyrate. It is a conjugate base of a (2S)-1-(carboxymethyl)acetohydroximate(1-). It is an enantiomer of a L-phenyl
325,"The molecule is an O-acylcarnitine in which the acyl group specified is (3E)-hexadecenoyl. It has a role as a mouse metabolite. It derives from a hexadec-3-enoic acid. It is an enantiomer of a (2E,6E)-octadecadienoyl-CoA(4-). It is a tautomer of an oscr#20 zwitterion and a 2,3-didehydroadipoylglycobutyric acid dizwitterionic form."
326,"The molecule is a nucleoside analogue obtained by formal condensation of the carboxy group of uracil with the 5'-hydroxy group of AMP. It has a role as a Mycoplasma genitalium metabolite. It is an alpha-N-glycosylpyrrolopyrimidine, an adenosine 5'-phosphate, a pyrrolopyrazine, a nucleobase analogue and a methyl ester. It derives from an adenorhabditis elegans. it is a conjugate acid of a dUMP(1-). It is a"
327,"The molecule is a bile acid taurine conjugate derived from 3alpha,7alpha,12alpha-trihydroxy-5beta-cholan-24-oic acid. It has a role as a human urinary metabolite and a human xenobiotic metabolite. It derives from a taurochenodextrin. It is an enantiomer of a 7alpha,8alpha-dihydroxy-3alpha,9beta-seco-cholesta-8,24-diene-4beta-sulfonatooxy-alpha-L-lyxo"
328, molecule is an ammonium ion resulting from the protonation of the tertiary amino group of tropine. The major species at pH 7.3. It has a role as a human metabolite and a Saccharomyces cerevisiae metabolite. It derives from a tropine(1+). It is a conjugate acid of a tropinium ion. It is an enantiomer of a (-)-terconoterpenoid. It contains a tetradec-7-ene zwitterion (tetrahydrophenan-1-yl) betaine; it is a
329," molecule is a linear amino trisaccharide consisting of beta-D-galactopyranose, 2-acetamido-2-deoxy-beta-L-xylo-hexopyranosyl and D-glucopyransyl residues joined in sequence by (1->3) glycosidic bonds. It derives from a beta-lactose and a N-acetyllactosamine. It is a conjugate acid of a 3-O-(4-O-sulfo-alpha-Larabino)-D-GlcpNAc"
330,The molecule is an L-alpha-amino acid zwitterion resulting from transfer of a proton from the carboxy to the amino group of (2Z)-3-(4-carboxyphenyl)prop-2-enoylglycine; major species at pH 7.3. It has a role as a bacterial metabolite and a cofactor. It is a tautomer of a cis-N-benzylsuccinyl-L-cysteine. It derives from a 2-aminobenzimidazolidin-4(3H)-one.
331," molecule is a pyrimidine 2'-deoxyribonucleoside 5'-monophosphate having 5,6-dihydroxyuracil as the nucleobase. It has a role as a Mycoplasma genitalium metabolite. It derives from an UTP. It is a conjugate acid of a dUMP(2-). It is an enantiomer of a (5R,6S)-2'-deoxo-5-(4-O-phosphono-beta-D-ribofuranosylpurin-6-yl)pyrimidine"
332," is an L-alpha-amino acid zwitterion that is L-tyrosine in which a proton has been transferred from the carboxy group to the amino group. It is the major microspecies at pH 7.3 (according to Marvin v 6.2.0.). It is a tautomer of a D-tyrosylglycine. It derives from a L-tryptophan zwtitterion. Isolated from the leaves and fruits of Bupleurum rotundifolium, it exhibits cytotoxic activity. It has a role as a metabol"
333," molecule is an N-acylglycine in which the acyl group is specified as (4Z,7Z,10Z,13Z,15E,19Z)-docosahexaenoyl. It has a role as a metabolite. It derives from a sorbic acid. It is a conjugate acid of a N-benzylsuccinyl-4,7,10,13,15,19-hexamethyltetracosapentaenoate and a L-erythro-sporenoic acid(1-). It is an enanti"
334," molecule is an organophosphate oxoanion obtained by deprotonation of the phosphate OH groups of guanosine 5'-[beta,gamma-methylene]triphosphate; major species at pH 7.3. It has a role as a human metabolite and a Saccharomyces cerevisiae metabolite. It is a conjugate base of a GTP(3-). It is an enantiomer of a TTP(2-), a ribonucleoside 5'-diphosphate(3-) and a GDP(3+). It derives from a hy"
335," molecule is a carboxylic ester that is the methyl ester of (2,4-dimethoxyphenyl)acetic acid. It has a role as a pyrethroid ester insecticide and an agrochemical. It is an aromatic ester, a carbamate ester and a monomethoxybenzene. It derives from a (methoxymethyl)acetonitrile and a 4-methylpentanecyclohexa-2,5-diene-1-sulfonic acid. Used (in the form of its sodium salt)"
336," molecule is a member of the class of xanthones that is 9H-xanthen-9-one substituted by hydroxy groups at positions 1, 3 and 6, a carboxy group at position 1 and a 2-oxopropenyl group across positions 4 and 5. Isolated from Chaetomium globosum and Aspergillus sydowii, it exhibits cytotoxic activity towards human cancer cell lines. It has a role as an antineoplastic agent and an EC 1.14.13.39 (nitric oxide synthase) inhibitor. It is a gamma"
337," molecule is a lignan isolated from the stems of Sinocalamus affinis. It has a role as a plant metabolite. It is an acetate ester, a dimethoxybenzene, a furofuran, a primary alcohol, a secondary alcohol, an aromatic ketone, a polyphenol and a member of guaiacols. It derives from a hydride of a 5,6,7,8-tetrahydronaphtho[2,3-b]furan-2,4-diene. Isolated from Chaetomium cupre"
338,"The molecule is a member of the class of cleistanthins that is cleistanthin C in which the hydroxy group at position 4 has been converted to the corresponding beta-D-glucopyranoside. It has a role as a metabolite. It is a 7-hydroxyflavan-4-one, a monosaccharide derivative, a pentacyclic triterpenoid, a polyphenol and an aromatic ketone. It derives from a hydride of a 5alpha-stigmastane. Isolated from Cleistanthus annua, it exhibits anti-"
339,"The molecule is a member of the class of benzamides obtained by formal condensation of the carboxy group of 4-methoxybenzoic acid with the amino group of 1,3-benzodioxine. It has a role as a chromogenic compound. It is a benzamide, a monomethoxybenzene and an aromatic ether. It derives from a 2-aminobenzophenol and a 3-phenoxo-1,4-dihydro-1H-benzo[de]pyrazin-6-one. It am enanti"
340,"The molecule is a dipeptide obtained by formal condensation of the carboxy group of L-tyrosine with the amino group of 2-naphthylamine. It has a role as a chromogenic compound. It is a N-(2,6-diaminopyrrolidin-3-yl)carboxamide, a dicarboxylic acid monoamide, an amino acid opine, a member of naphthalenediols, a secondary carboxamide and a D-tyrosylglycine derivative. It derives from a 2-N"
341," molecule is a steroid saponin isolated from Ornithogalum thyrsoides and has been shown to exhibit cytotoxic activity. It has a role as a metabolite and an antineoplastic agent. It is a beta-D-glucoside, a monosaccharide derivative, a 3-oxo-Delta(4) steroid, an acetate ester, a 17beta-hydroxy steroid, a fluorinated steroid and a cholestanoid. It derives from a hydride of a 5beta-cholesta-8,24-dien-"
342, molecule is a monocarboxylic acid that is acetic acid in which one of the methyl hydrogens has been replaced by a pyridin-3-yl group. It has a role as a metabolite. It derives from an acrylic acid. It is a conjugate acid of a 3-pyridylacetate. It acts as a selective agonist for the gamma-lactone receptor gamma (beta-rhamnopyranosyl) and gamma-aminobutyric acid receptors gamma-glutamyltransferase gamma-gamma-methylsteroid. It
343," molecule is a zwitterion obtained by transfer of a proton from the 5-hydroxy to the tertiary amino group of 11a-demethylaclacinomycin S. It is the major microspecies at pH 7.3 (according to Marvin v 6.2.0.). It has a role as an antimicrobial agent, an antineoplastic agent and an EC 2.7.11.1 (non-specific serine/threonine protein kinase) inhibitor. It derives from an aklaviketone(1+). It is a tautomer of an 11a"
344, is a member of the class of phenylureas that is urea in which one of the nitrogens has been replaced by a benzyl group. It has a role as a xenobiotic metabolite and an environmental contaminant. It derives from a urea. It is a conjugate acid of a 3-(benzyloxy)urea(1-). It is an enantiomer of a 1-[(2-aminophenyl)(hydroxy)amino]urea hydroxylated at C-1 and C-2. Metabolite observed in cancer metabolism. It contains a
345,"The molecule is a monocarboxylic acid amide obtained by formal condensation of the carboxy group of 5-(4-methoxyphenyl)piperazin-1-one with the primary amino group of 1,3-dihydro-2H-tetrazol-5-ylmethylamine. It has a role as an EC 2.7.11.1 (non-specific serine/threonine protein kinase) inhibitor and an antineoplastic agent. It is a member of tetrazoles, a N-acylp"
346," is a primary alcohol that is pentane in which one of the terminal methyl hydrogens has been replaced by a hydroxy group. It has a role as a metabolite. It derives from a hydride of a pentane. It is a conjugate acid of a 2-hydroxyhexan-1-ol(1-). It is an enantiomer of a (2R,3S)-2-hydroxypentylpentanenitrile. It contains a (R,R)-2-(hydroxymethyl)pentanoyl]pentanitrile and a (S"
347,"The molecule is a mimotope of the pyruvate dehydrogenase E2 component (PDC-E2) comprising a 2,3-bis(trifluoromethyl)benzoyl group linked to N-6 of lysine via a glycosidic bond. It has a role as an epitope. It is a polyunsaturated fatty acyl-CoA, a lipopeptide and a methyl ester. It derives from a 3-oxo-5,6-dihydro-1H-pyrazole-4-carbox"
348,"The molecule is a member of the class of benzamides obtained by formal condensation of the carboxy group of 4-nitrophenol with the amino group of 2-aminobenzoic acid. It has a role as a chromogenic compound. It is a C-nitro compound, an aromatic amide, a monocarboxylic acid amide and a sulfonamide. It derives from a 4-(2-aminopyridin-3-yl)butanoic acid and a 2-benzofuran-1(3H)-thiophene-4-"
349, molecule is an oxonium betaine obtained by deprotonation of the 5-hydroxy group of cyanidin 3-O-beta-D-glucoside. It is the major microspecies at pH 7.3 (according to Marvin v 6.2.0.). It has a role as a metabolite and an antineoplastic agent. It derives from a cyanidinyssetin cation and a hexahydroxyanthraquinone zwitterion(1-). It is a conjugate base of a 1-benzofuran-3-O
350," molecule is a disaccharide that is beta-D-glucopyranose in which the hydroxy group at position 3 has been converted into the corresponding alpha-L-rhamnopyranoside. It is a glycoside and a glycol. It derives from a beta-lactose and an allolactose (1-cis-5,6-dihydroxycyclohexane-1,2,3,4-tetrahydrocyclopenta[a]xanthen-7-yl). It is an enantiomer of a 1"
351," molecule is a phenolate anion obtained by deprotonation of the 5- and 7-hydroxy groups of nogalonic acid. It is the major microspecies at pH 7.3 (according to Marvin v 6.2.0.). It is a conjugate base of a nogalononin(1-). It is an enantiomer of a (6R,7S)-versiconal. It derives from a hydride of a 1,4-naphthoquinone. Isolated from the roots of Rubia yunnanensis, it exhibits cytot"
352,"The molecule is a member of the class of benzamides obtained by formal condensation of the carboxy group of 2-(4-methoxyphenyl)benzoic acid with the amino group of 1,3-dihydro-2H-1,2,4-benzodioxine. It has a role as an EC 2.7.11.1 (non-specific serine/threonine protein kinase) inhibitor. It is a benzamide, a monomethoxybenzene, a substituted aniline and an aromatic amide. It"
353,"The molecule is a polyunsaturated fatty acyl-CoA(4-) obtained by deprotonation of the phosphate and diphosphate OH groups of (9Z,12Z,15Z,18Z)-tetracosatetraenoyl coenzyme A; major species at pH 7.3. It has a role as a human metabolite. It is a conjugate base of a (1Z,10Z,13Z,16Z,19Z)-docosahexaenoic acid. It derives from a hydride of an all-cis-"
354,"The molecule is a member of the class of imidazoles that is 1H-imidazole which is substituted at positions 2, 3, and 5 by methyl, oxo, and carboxy groups, respectively. It is an inhibitor of mitogen-activated protein kinase 1 (MMP-1). It has a role as an EC 2.7.11.1 (non-specific serine/threonine ligase) inhibitor and an antineoplastic agent. It derives from a hydride of an imidazo[1,2-a]pyrazole. It"
355," molecule is a 3alpha-hydroxy steroid that is 5beta-cholest-8-ene substituted by hydroxy groups at positions 3 and 6. It has a role as a human metabolite and a mouse metabolite. It is a cholestanoid, a 3beta-sterol, a 6alpha-dihydroxy steroid and a brassinosteroid. It derives from a hydride of a 5beta stigmastane. Isolated from the Formosan soft coral Dendronephthya studeri, it exhibits cytotoxic activity against human cancer cell lines. It"
356,"The molecule is a tetrapeptide composed of L-lysine, L-threonine and L-tryptophan joined in sequence by peptide linkages. It has a role as a metabolite. It derives from a L-histidine, an acyclic diterpenoid and a glycine. It is a tautomer of a N(alpha)-acetyl-L-lysinium(1+). It zwitterionic form. It betaine hydroxylated at C-2 and C-3. It acts as a protease inhibitor and is isolated from"
357,The molecule is a dipeptide composed of L-aspartic acid and L-threonine joined by a peptide linkage. It has a role as a metabolite. It derives from a L-sorbopyranuronic acid and a D-threonic acid. It is a tautomer of a N-[(2S)-2-hydroxy-3-methylbut-2-enoyl]glycine zwitterion. It dizwitterionic form and a C4-diaminopentanoic acid (1-P-L-
358," molecule is an amino disaccharide consisting of 2-acetamido-2-deoxy-beta-D-glucopyranose and D-galactopyranosyl residues joined in sequence by a (1->3) glycosidic bond. It is a member of acetamides, a glycosylglucose derivative and an amino decarboxylic acid. It derives from a D-GalpNAc and a N-acetyl-beta-(1->4)-D-GlcpNAc(d18:0/22:0). It is an"
359," molecule is a cationic sphingoid that is the conjugate acid of 3-dehydrosphinganine, obtained by protonation of the primary amino function; major species at pH 7.3. It has a role as a human metabolite and a Saccharomyces cerevisiae metabolite. It is a quinolinemonocarboxylic acid anion and a hexacosanoid anion. It derives from a hexadecasphing-4-enine(1+) and a tetracosanoic acid zwitterion 18:0("
360,"The molecule is a sesterterpenoid isolated from the marine sponge Dactylospongia elegans and has been shown to exhibit inhibitory activity against alpha-glucosidase. It has a role as a metabolite and an EC 3.4.21.26 (prolyl oligopeptidase) inhibitor. It is a butenolide, a carbopolycyclic compound, a secondary alcohol, a tertiary alcohol and a member of octahydronaphthalenes. It derives from a D-sesterterpene and a 2-methylpropanoic acid."
361,"The molecule is a polyunsaturated fatty acyl-CoA(4-) obtained by deprotonation of the phosphate and diphosphate OH groups of (9Z,12Z,15Z,18Z)-tetracosatetraenoyl-coenzyme A; major species at pH 7.3. It has a role as a human metabolite. It is a conjugate base of a (1Z,6Z,10Z,13Z,16Z,19Z)-docosahexaenoic acid. It derives from a hydride of an all"
362,"The molecule is a polyunsaturated fatty acyl-CoA(4-) obtained by deprotonation of the phosphate and diphosphate OH groups of (9Z,12Z,15Z,18Z,21Z)-tetracosapentaenoyl coenzyme A; major species at pH 7.3. It is a conjugate base of a (1Z,8Z,11Z,14Z,17Z,20Z)-hexatriacontahexaenorhodosperma-(5Z,13Z,16Z)-docosahexa"
363,"The molecule is a lignan isolated from Sinocalamus affinis. It has a role as a plant metabolite. It is an aromatic ether, a dimethoxybenzene, a member of phenols and a primary alcohol. It derives from a benzyltetrahydrofuran-2(3H)-one substituted by methoxy groups at positions 3 and 5 and a 4-hydroxy-3-methoxyphenyl group at position 2. It contains a guaiacolangula (horserolide Rd) or an arginine(1+). It"
364,The molecule is a dipeptide obtained by formal condensation of the carboxy group of L-tyrosine with the amino group of glycine. It has a role as a human urinary metabolite and a human xenobiotic metabolite. It is a tautomer of a glycylsarcosyllysarcosamine zwitterion. It derives from a glycine and a phenylglycerol(1-). It is an enantiomer of an ent-glycero-D-tyrosylglycine. The major species at pH 7.3. It
365," molecule is an ammonium ion resulting from the protonation of the nitrogen atom of ethylamine. The major microspecies at pH 7.3. It is a conjugate acid of an ethylenediaminetetraethylenebis(diazene-1,2-diamine). It derives from a hydride of an acetic acid and an ethanolamine zwitterion. Itis a tautomer of a 1,2,3,4-tetrahydroxy-3-(aminomethyl)cyclohexane. It has a role as a human"
366,"The molecule is a dipeptide obtained by formal condensation of the carboxy group of L-tyrosine with the amino group of 2-naphthylamine. It has a role as a chromogenic compound. It is a member of naphthalenes, a nitrile, a dicarboxylic acid monoamide, a methyl ester and an organoammonium salt. It derives from a 2-(Naphthyl)benzoic acid and a 2-[(4-methoxyphenyl)carbamimidazol-4-yl"
367,The molecule is a dipeptide obtained by formal condensation of the carboxy group of L-glutamic acid with the amino group of glycine. It has a role as a human metabolite and a mouse metabolite. It derives from a glutamic acid. It is a tautomer of a gamma-Glu-Gln zwitterion(1-) dizwitterionic 5-semialdehyde hydroxylated at C-2 and C-4 of lysine. The major species at pH 7.3. NB Although it is a conjugate acid of
368,"The molecule is a penicillin in which the substituent at position 6 of the penam ring is a 2-oxoimidazolidine-4-carboxylic acid. It has a role as an antibacterial drug. It is a conjugate acid of a cis-2-oxobutane-1,4-dicarboxylate(2-). It is an enantiomer of a (2R)-2-ammonio-6-phenylpenicillin. It derives from a hydride of a hexahydrophenanecar"
369,"The molecule is a member of the class of quinolines that is quinoline which is substituted by an oxo group at position 4 and by a (2,4-dihydroxy-6-methylbenzoyl)nitrilo group. It has a role as an EC 2.7.11.1 (non-specific serine/threonine protein kinase) inhibitor and an antineoplastic agent. It is an aromatic ether, a cyclic ketone, a secondary alcohol, a tertiary amino compound and a quinolinolide. It derives from a qu"
370," molecule is an organophosphate oxoanion obtained by deprotonation of the phosphate OH groups of alpha-D-galactosyl-(1->4)-alpha-L-rhamnosyl ditrans,octacis-undecaprenyl diphosphate; major species at pH 7.3. Dolichol used by archaea is generally much shorter (C55-C60) than that used by eukaryotes and may have additional saturation positions in the chain. It derives from a tetradecanoic acid. It is a conjugate base of an alpha"
371,The molecule is a dipeptide obtained by formal condensation of the carboxy group of L-aspartic acid with the amino group of glycine. It has a role as a human urinary metabolite and a human xenobiotic metabolite. It is a tautomer of a Gly-Asn zwitterion. It derives from a glycine and a L-ascorbic acid. It are tautomers of a gamma-Glu-Tyr(1-). It is an enantiomer of an Asp-Gly dizwitterionic form. It pyr
372," molecule is a steroid saponin isolated from Ornithogalum thyrsoides and has been shown to exhibit cytotoxic activity against human ovarian cancer cell line. It has a role as a metabolite and an antineoplastic agent. It is a beta-D-glucoside, a monosaccharide derivative, a pentacyclic triterpenoid, a cyclic terpene ketone, a 3beta-hydroxy steroid, an enoate ester and a cholestanoid. It derives from a hydride of an oleanane. It"
373," molecule is a sesterterpenoid that is 1,2,3,4,4a,5,6,7,8,8a-octahydronaphthalene substituted by methyl groups at positions 4a and 7 and an isopropenyl group at position 3. It has a role as a plant metabolite. It derives from a hydride of a p-menthane. It is a conjugate acid of a (4aS,7S)-4,7-dimethyl-8,9-secocholesta-8(11),14-"
374," molecule is a member of the class of dioxolanes that is 1,2,3,4-tetrahydrodibenzo[b,f]oxolane substituted by a cyclohexyl group at position 4 and methyl groups at positions 2 and 6 respectively. It has a role as a xenobiotic, an environmental contaminant and a herbicide. It is a tertiary amino compound and a secondary alcohol. It derives from a hydride of a dibenzocyclohexanecarboxylic acid. Used (in the form of its ethyl ester)"
375," is a triacyl-sn-glycerol in which the acyl groups at positions 1, 2 and 3 are specified as hexadecanoyl, oleoyl and (9Z)-hexadecenoyl respectively. It has a role as a mouse metabolite. It derives from an oleic acid and a palmitoleic acid. It is a conjugate acid of a 1,2-dioleoylcarnitine(1-). It is an enantiomer of a 2,3-dihydro-6-octadecenoic acid"
376," is a fatty acid ester obtained by formal condensation of the carboxy group of oleic acid with the hydroxy group of 9-coumarin. It has a role as a metabolite. It is a member of 1-benzofurans, a polyunsaturated fatty ester and an oleoylglycerol. It derives from a 9-(cis-5,8,11,14,17-icosapentaenoyl)-sn-glycero-3-phospho-D-serine and a hexadecanoic acid. It"
377," molecule is a pentacyclic triterpenoid of the class of arborinane-type terpenoids isolated from the roots of Rubia yunnanensis. It has a role as a metabolite and a plant metabolite. It is a cyclic terpene ketone, a diol and a pentol. It derives from a hydride of an icosa-5,9,14-trien-1(10), which is substituted by methyl groups at positions 2, 3 and 20, and by a beta-hydroxy group at position 4 (the 2alpha,3beta"
378,"The molecule is an aminobenzoic acid that is anthranilic acid in which one of the hydrogens ortho- to the carboxylic acid group is replaced by a benzoyl group. It has a role as a hapten. It is a conjugate acid of a 3-(benzoyloxy)-4-oxo-4,6-dihydronaphthalen-1-ylideneacetate. It derives from an anthranilate and a benzophenic acid. Itis a tautomer of a 2-benzofuran-"
379," molecule is an organic cation obtained by protonation of the tertiary amino group of neomethyocholic acid. It is an ammonium ion derivative and an indole alkaloid cation. It contains a framycetin(1+). It is a conjugate acid of a neomycin C. It derives from a hyocholestaide. it is a tautomer of a dimethachronic acid zwitterion, a desferrimycin delta-lactam(1-) and a neoglucosylceramide(2-OSO3)-"
380,"The molecule is a mimotope of the pyruvate dehydrogenase E2 component (PDC-E2) comprising a 3-(trifluoromethyl)benzoyl group linked to N(6) of lysine via a peptide bond. It has a role as an epitope. It is a polyunsaturated fatty acyl-CoA, a lipopeptide and a methyl ester. It derives from a benzoylglycine and a 2-aminobenzacosanoic acid. Major microspecies at pH 7.3. Metabol"
381,"The molecule is an unsaturated fatty acyl-CoA that results from the formal condensation of the thiol group of coenzyme A with the carboxy group of (9Z,12Z,15Z,18Z)-tetracosatetraenoic acid. It is a member of the n-3 PUFA and is the product of alpha-linolenoic acid metabolism. It has a role as a mouse metabolite and a rat metabolite. It derives from a (4Z,7Z,10Z,13Z,16Z)-docosa-4,7"
382," molecule is an amino trisaccharide consisting of alpha-L-fucopyranose, 2-acetamido-2-deoxy-beta-D-galactopyranosyl and D-glucitol residues joined in sequence by (1->4) glycosidic bonds. It is a member of acetamides, an amino sugar and a glycosylglucose derivative. It derives from a N-acetyllactosamine and an alpha-lactose. It aminoglycolipid A zwitterion. It contains a beta-D"
383,"The molecule is a polycyclic cage that is the methyl ester derivative of platensimycin. It is isolated from Streptomyces platensis. It has a role as an antimicrobial agent, an antibacterial agent and a bacterial metabolite. It contains a platensIMycin(1+). It is a conjugate acid of an acetylaminoacetate semialdehyde(1-). It derives from a hydride of a platencetraenecyclohexaenoic acid (HNE) macromolecular strain Sacc. TC 1093"
384,"The molecule is a monocarboxylic acid amide obtained by formal condensation of the carboxy group of 3-(4-methoxyphenyl)propanoic acid with the amino group of (2S)-2-aminopiperidine. It has a role as an opioid analgesic, a mu-opioid receptor agonist, an environmental contaminant and a xenobiotic. It is a member of piperidones, a monomethoxybenzene, a tertiary amino compound and an aromatic ketone. It derives from a propionic acid and a ("
385,"The molecule is a sphingoid obtained by formal condensation of the carboxy group of docosanoic acid with the amino group of 14-methylhexadecasphingosine. It is a metabolite of the nematode Caenorhabditis elegans. It has a role as an animal metabolite. It derives from a 14(R)-HPETE and a docosa-4,7,10,13,16-tetraenoic acid. IT is a conjugate acid of a 14-(N-hydroxy-3-methylbutanoyl)"
386,"The molecule is a 3-oxo-fatty acyl-CoA(4-) obtained by deprotonation of the phosphate and diphosphate OH groups of (11Z,14Z,17Z,20Z)-3-oxodocosatetraenoyl coenzyme A; major species at pH 7.3. It is a conjugate base of an all-cis-docosa-11,14,17,20-tetraenoic acid. It derives from a (4Z,7Z,10Z,13Z,16Z)-"
387," molecule is a triterpenoid saponin of the class of cucurbitane glycosides isolated from Machilus yaoshansis. It has a role as a plant metabolite. It is a beta-D-glucoside, a monosaccharide derivative, a carboxylic ester and a pentacyclic triterpene. It derives from a hydride of a hentriene. Isolated from Aglaia abbreviata, it exhibits cytotoxic activity against human oral epidermoid (KB), cervical epitheloid (Hela) and"
388,"The molecule is a dipeptide composed of L-glutamic acid and L-aspartic acid joined by a peptide linkage. It has a role as a metabolite. It derives from a glutamic acid. It is a conjugate acid of a gamma-Glu-Asp(2-). It is an enantiomer of a S-(gamma-Gly)glutamyl-Phe(2-) and a D-Glutamate 6-semialdehyde(1-). Isolated from the fungus Aspergillus sydowii, it exhibits"
389,"The molecule is an unsaturated fatty acyl-CoA that results from the formal condensation of the thiol group of coenzyme A with the carboxy group of (9Z,12Z,15Z,18Z)-tetracosatetraenoic acid. It is a member of the n-3 PUFA and is the product of alpha-linolenoic acid metabolism. It has a role as a mouse metabolite. It derives from a (4Z,7Z,10Z,13Z,16Z)-docosa-4,7,10,13,"
390," is an acyl-CoA oxoanion arising from deprotonation of the phosphate, diphosphate and carboxylic acid functions of 3-oxo-5,6-dihydrobenzoic acid. It derives from a benzoate. It is a conjugate base of a 3-(3-oxopropanoyl)-CoA(4-) and a 7,8-didemethyl-8-hydroxy-7,9-dioxo-1,2,3,4,6,7,8,8a-hexahyd"
391," molecule is a chloroalkane that is butane in which all of the hydrogens have been replaced by chlorines. It has a role as a carcinogenic agent and a refrigerant. It derives from a hydride of a butane. It is a conjugate acid of a 1,2,4-trichlorohepta-1,3,5-trien-1-ylidene(1-). It is an enantiomer of a (CHEBI:0/CHE) methyl chloroheptan-2-one. It contains a (S)-"
392," molecule is a member of the class of cleistanthins that is cleistanthin A in which the hydroxy group at position 3 has been converted to the corresponding beta-D-glucopyranoside. It has a role as a metabolite. It is an aromatic ketone, a monosaccharide derivative, a cyclic hemiketal, a polyphenol, a pentacyclic triterpenoid and a glycosyloxyhexose derivative. It derives from a 6-O-beta-L-rhamnopyranose and a cleistanthusin."
393," molecule is a dicarboxylic acid dianion obtained by deprotonation of the carboxy groups of hesperetin; major species at pH 7.3. It has a role as a human xenobiotic metabolite and a plant metabolite. It is a polyunsaturated fatty acid anion, a cyclic ketone, a phenolate anion and a diketone. It derives from a fluorescein(2-). Isolated from Aspergillus niger, it shows inhibitory activity against acyl-CoA:cholesterol acyltransferase"
394," molecule is a pyrrolizine alkaloid that is produced by several Jacobaea species. It has a role as a Jacobaea metabolite. It is a macrocyclic lactone, an olefinic compound, a tertiary amino compound, an organic heterohexacyclic compound and a spiro-fused bicyclic hydrocarbon. It derives from a senecionan. Isolated from Tabebuia impetiginosa and exhibits antiplasmodial activity towards Plasmodiophora brassicata, it inhibits the synthesis of nitric oxide (NO). It"
395," molecule is a purine ribonucleoside 5'-diphosphate having adenine as the nucleobase. It has a role as an Escherichia coli metabolite and a mouse metabolite. It derives from an adenosine 5'-monophosphate. It is a conjugate acid of a 3',5'-adenylyl-ADP(3-). It is an enantiomer of a (3R,4S)-3,4-dihydroxy-5'-xantho-D-xylo-hexopyranose 5'-"
396," molecule is a monocarboxylic acid anion that is the conjugate base of 3-hexenoic acid, obtained by deprotonation of the carboxy group; major species at pH 7.3. It has a role as a human metabolite and a Saccharomyces cerevisiae metabolite. It derives from a hexadecan-1-ol. It is a tautomer of a 3-(hexadecanoyloxy)hexadecanoic acid zwitterion(1-) and a 3-[(9Z)-hexadecenoyl]prop"
397," molecule is a monocarboxylic acid anion that is the conjugate base of 12-[(9Z)-hexadecenoyloxy]octadecanoic acid, obtained by deprotonation of the carboxy group; major species at pH 7.3. It derives from a hexadecanoate and an oleate. It is a tautomer of a 12-(11Z-geoisomeric)-octadeca-9,11-diene-1,12-dioleoylglyceroate. Isolated from the leaves of Myrc"
398," is a 1,2-diacyl-sn-glycero-3-phosphate(2-) in which the 1- and 2-acyl groups are specified as hexadecanoyl (palmitoyl) and 9Z,12Z-octadecadienoyl respectively; major species at pH 7.3. It is a conjugate base of a 1-(9Z)-hexadecenoyl-2-[(9Z),12Z)-octadeca-9,12-diene-1-carboxylic acid]hexadecanoic"
399,The molecule is a monocarboxylic acid that is acetic acid in which one of the methyl hydrogens has been replaced by a 4-hydroxyphenyl group. It has a role as a metabolite. It is a member of phenols and an aromatic ketone. It derives from a 4-(phenyldiazenyl)butan-2-one and a phenic acid. It contains a 3-(4-hydroxy-5-methoxyphenoxy)propanoic acid(1-). It is an enantiomer of a (3R)-3-(
400,"The molecule is a steroidal acyl-CoA that results from the formal condensation of the thiol group of coenzyme A with the carboxy group of 3-oxochol-4-en-24-oic acid. It has a role as a human metabolite and a mouse metabolite. It is a cholestanoid, an 11beta-hydroxy steroid, a steroid ester and a methyl ester. It derives from a 3-(3-oxo-5,6,7,8-tetracosanoyl)benzoic acid and a"
401," molecule is a hydroxy polyunsaturated fatty acid that is (4Z,7Z,10Z,13Z,15E,19Z)-docosahexaenoic acid in which the hydroxy group is located at position 14. An intermediate of specialised proresolving mediators It has a role as a human xenobiotic metabolite and a mouse metabolite. It is a conjugate acid of a 14-HDoHE(1-). It derives from an all-cis-docosa-4,7,10,13,16,19-hexaenoate."
402," molecule is a member of the class of xanthenes that is 9H-xanthen-9-one substituted by hydroxy groups at positions 1, 3 and 6, a hydroxymethyl group at position 2 and chloro groups at position 4. It has a role as a xenobiotic, an environmental contaminant and a phenoxy herbicide. It is an organochlorine compound, an organofluorine compound and a cyclic ketone. It derives from a hydride of a 1,3,6-tetrahydro-1,4-benzod"
403,"The molecule is a dipeptide obtained by formal condensation of the carboxy group of L-serine with the amino group of 2-naphthylamine. It has a role as a chromogenic compound. It is a N-(2-Naphthyl)carboxamide, a dicarboxylic acid monoamide, an organoammonium compound, a secondary carboxamide and a glycosylserine derivative. It derives from a 2-norbornenecyclohexanecarboxymethyl-L-serinamide. It amin"
404," molecule is a monovalent inorganic anion that is the conjugate base of chloroacetic acid. It has a role as a human metabolite and a Saccharomyces cerevisiae metabolite. It is a chlorocarboxylic acid anion, a chloroacid anion and a chlorine oxoanion. It derives from a hydride of a butyric acid (cis-chrysene) and a 2-chloroacetate. It contains a chloromethyl group(1-). It is an enantiomer of a chlorohydroxyacetate"
405," molecule is an amino trisaccharide consisting of alpha-L-fucopyranose, 2-acetamido-2-deoxy-beta-D-galactopyranosyl and D-glucitol residues joined in sequence by (1->4) glycosidic bonds. It is a member of acetamides, an amino sugar and a glycosylglucose derivative. It derives from an alpha-lactose and a N-acetyl-alpha-neuraminyl-(2->6)-D-GlcpNAc.it is a conjug"
406," molecule is an alpha,omega-dicarboxylic acid that is undecane in which one of the terminal methyl hydrogens has been replaced by a carboxy group. It has a role as a human metabolite and a mouse metabolite. It is a conjugate acid of a pimelate. It derives from a hydride of an undecanedane(1-). It is an enantiomer of a (Z)-hexadecadienedioic acid. It contains a gamma-carboxylatomethionine(1-) and a 1H-"
407," molecule is a monocarboxylic acid anion that is the conjugate base of 9-[(9Z)-hexadecenoyloxy]octadecanoic acid, obtained by deprotonation of the carboxy group; major species at pH 7.3. It has a role as a human metabolite and a plant metabolite. It derives from an octadecanoate. It is a tautomer of a 9-(11-carboxylatomethyl)-octadeca-9,12-diene-1-saturated fatty acid. Major species at"
408," is a member of the class of hydroxyindoles that is indoxyl in which the hydrogen at position 3 has been replaced by a 1,3-benzodioxol-5-yl group. It has a role as an antineoplastic agent and a plant metabolite. It is a benzodioxine and a hydroxyhydroxyindole. It derives from a 1H-indoxylpyran-3-one. Itis a conjugate acid of a 3-[(1S)-2-hydroxy-3-(4-methoxyphenyl)prop"
409," molecule is a 2-oxo monocarboxylic acid anion that is the conjugate base of 3-(2-oxopropenyl)pyruvic acid, obtained by deprotonation of the carboxy group; major species at pH 7.3. It derives from a pyruvate and a propionate. It is a tautomer of a 3-(4-hydroxycyclohex-2-en-1-yl)pyrrole-4-carboxylatopentanoic acid zwitterion. It has a role as a"
410," molecule is a fatty amide resulting from the formal condensation of the carboxy group of icosanoic acid with ammonia. It has a role as a bacterial metabolite. It derives from an all-cis-icosa-8,11,14-tetraenoic acid. It is a conjugate acid of a N-hexacosanoylsphinganine(1-). It is an enantiomer of a C20-dodecanoylcobutane-1-carboxylic acid and a N-(monounsaturated fatty acyl"
411,The molecule is an oxo-fatty acyl-CoA that results from the formal condensation of the thiol group of coenzyme A with the carboxy group of 3-oxodecanoic acid. It has a role as a human metabolite and a Saccharomyces cerevisiae metabolite. It is a medium-chain fatty acyltransferase (3-oxoadipid) and an omega-oxoacylglycerol 3-phosphate. It derives from a hexadec-3-enoic acid and a 3-hydroxyhexadec
412,"The molecule is a gallate ester obtained by formal condensation of the carboxy group of gallic acid with the (3S)-hydroxy group of procyanidin B3. It has a role as a metabolite. It is a catechin, a polyphenol and a galloylglycerol 3-O-beta-D-glucoside. It derives from a (+)-cis-cinnabradiol and a trans-caffeic acid. Isolated from the leaves of Myrcia multiflora, it exhibits inhibitory activity against alpha-"
413," is a monocarboxylic acid anion that is the conjugate base of N-acetyl-L-glutamic acid, obtained by deprotonation of the carboxy group; major species at pH 7.3. It has a role as a human metabolite and a Saccharomyces cerevisiae metabolite. It derives from a glutamate(2-). It is a conjugates base of a N-acetyllactosamine. It is an enantiomer of a D-glucopyranate. It zwitterionic form. It"
414,"The molecule is a member of the class of imidazoles that is 1H-imidazole which is substituted at positions 1, 3, and 5 by 2-chloro-5-(trifluoromethyl)pyridin-3-yl, cyano, (2-fluoroethyl)sulfinyl, and amino groups, respectively. It is a nitrile, a sulfonamide, an organochlorine compound, a tertiary amino compound, an aromatic amine, a secondary amino compound and an organofluorine compound. It derives from a 1"
415," molecule is an ammonium ion resulting from the protonation of the tertiary amino group of 3-(dimethylamino)propane-1,3-diol. The major species at pH 7.3. It has a role as a muscarinic antagonist, an antispasmodic drug and a parasympatholytic. It is a conjugate acid of a 3-(trimethylsulfanyl)propan-1-aminium(1+). It is an enantiomer of a 1-(2,6-dimethylphenyl)propyralate. It"
416," molecule is a pyrimidine 2',3'-dideoxyribonucleoside 5'-monophosphate having uracil as the nucleobase. It has a role as an Escherichia coli metabolite and a mouse metabolite. It derives from a dUMP. It is a conjugate acid of a 3',5'-cyclic UMP(2-). It is an enantiomer of a 7,8-didemethyl-8-hydroxy-5-deazariboflavin-6-yl ribonucleotide(1-). it is a t"
417,"The molecule is a monounsaturated fatty acyl-CoA(4-) obtained by deprotonation of the phosphate and diphosphate OH groups of (2E)-3-oxodec-2-enoic acid; major species at pH 7.3. It has a role as a human metabolite and a Saccharomyces cerevisiae metabolite. It is a conjugate base of a 3-oxo-1,2-didehydroadipenta-2,4-diene-1-carboxylic acid]. It is an enantiomer of"
418," molecule is a quarternary ammonium salt whose basic unit comprises a decyltrimethylammonium cation and a bromide anion. It has a role as a surfactant. It contains a trimethymycinium ion. It is a conjugate acid of a nelfinavir(1-). It derives from a hydride of a hentriacontahexaenoate (homdahexa-2,5-dien-1-olate). It is an enantiomer of a tetradecahomomethane. It"
419,"The molecule is a steroid glucosiduronic acid obtained by formal condensation of the carboxy group of 17beta-estradiol 3-O-(beta-D-glucuronide) with the anomeric hydroxy group of beta-L-rhamnose. It has a role as a human urinary metabolite and a rat metabolite. It is an O-acyl carbohydrate, a 17beta-[(beta)-D-xylosyl-(1->2)-alpha-Larabino-hexopyranosyl]-3,4-dihydro-1"
420," molecule is an organophosphate oxoanion obtained by deprotonation of the phosphate OH groups of alpha-D-glucose 1-phosphate; major species at pH 7.3. It has a role as a human metabolite and a Saccharomyces cerevisiae metabolite. It is a carbohydrate acid derivative anion, a monocarboxylic acid anion and an organofluorine compound. It derives from an alpha-L-rhamnopyranose 6-sulfate(2-), sulfate(3-) and a beta-D"
421,"The molecule is a monocarboxylic acid amide obtained by formal condensation of the carboxy group of 3-(trifluoromethyl)propanoic acid with the amino group of 2-aminopyridine. It has a role as a herbicide, an environmental contaminant and a xenobiotic. It is a member of pyridines, an organofluorine compound, a tertiary amino compound and a carbamate ester. It derives from a propionic acid and a 2-amino-2-butanoylglycobenzamide."
422," molecule is a member of the class of xanthones that is 9H-xanthen-9-one substituted by hydroxy groups at positions 1, 3 and 6, a hydroxymethyl group at position 4 and a prenyl group across positions 1 and 2. Isolated from Cratoxylum Sumatranum, it exhibits cytotoxicity towards human cancer cell lines. It has a role as a metabolite and an antineoplastic agent. It is a polyphenol, an aromatic primary alcohol and a cyclic ketone. It derives from a hydride of an acetic acid"
423, molecule is a myo-inositol monophosphate derivative consisting of 1-O-(6-thiohexylphosphono)-alpha-D-glucopyranose having a 5-(methylsulfanyl)pentaphthalen-1-yl group attached at the 6-position. It has a role as an Escherichia coli metabolite and a mouse metabolite. It derives from a pentaphosphonic acid. It is a conjugate acid of a 6-(5-O-phosphonatohexyl-1H-tetrazol-5-
424," is a monocarboxylic acid anion that is the conjugate base of 3-(indol-3-yl)propionic acid, obtained by deprotonation of the carboxy group; major species at pH 7.3. It has a role as a human metabolite and a Saccharomyces cerevisiae metabolite. It derives from a propionate. It is a tautomer of a 3-(acetylamino)-4-oxobutanoic acid zwitterion(2-). Isolated from the marine-derived actinomycete Act"
425," molecule is a retinoid that is all-trans-retinoic acid bearing an oxo substituent at position 4 on the cyclohexenyl ring. It has a role as a human xenobiotic metabolite and a mouse metabolite. It is a tetracyclic diterpenoid and a retinyl ester. It derives from an all-cis-icosa-4,7,10,13,16-tetraenoic acid. Isolated from Acacia mearnsii, it exhibits inhibitory activity against acyl-CoA:cholesterol ac"
426," molecule is a member of the class of imidazoles that is 1H-imidazole in which the hydrogen attached to the nitrogen is replaced by a methyl group. It has a role as a xenobiotic, an environmental contaminant and a herbicide. It derives from a hydride of an imidazo[1,2-a]pyrrolidine. It is a conjugate acid of a 3-(4-methylcyclohexyl)pyrroline(1-). It is an enantiomer of a 2-[(4-methoxyphenyl)"
427,"The molecule is an unsaturated fatty acyl-CoA that results from the formal condensation of the thiol group of coenzyme A with the carboxy group of (9Z,12Z,15Z,18Z)-tetracosatetraenoic acid. It is a member of the n-3 PUFA and is the product of alpha-linolenoic acid metabolism. It has a role as a mouse metabolite and a rat metabolite. It derives from a (4Z,7Z,10Z,13Z,16Z)-docosa-4,7"
428, molecule is an N-acylglycinate resulting from the deprotonation of the carboxy group of N-hexacosanoylcarnitine. The major species at pH 7.3. It has a role as a human metabolite and a Saccharomyces cerevisiae metabolite. It derives from a hexacosanoate. It is a conjugate base of a N-(indol-3-yl)glycarnitinium(1-). It is an enantiomer of a L-hexocarboxylatopyranoylgly
429,"The molecule is a monocarboxylic acid amide obtained by formal condensation of the carboxy group of 3-(4-methoxyphenyl)propanoic acid with the amino group of 2-aminopyridine. It has a role as a chromogenic compound. It is a member of pyridines, a monomethoxybenzene and an aromatic amide. It derives from a 4-amino-2-phenylpropionic acid and a 2-[(4-methylpiperazin-1-yl)carbonyl]benzoic"
430," molecule is a monocarboxylic acid anion that is the conjugate base of 3-oxo-5beta-cholan-24-oic acid, obtained by deprotonation of the carboxy group; major species at pH 7.3. It has a role as a human metabolite and a Saccharomyces cerevisiae metabolite. It derives from a cholic acid. It is a tautomer of a 3-(4-hydroxycyclohex-2-en-1-yl)propanoic acid zwitterion(1-). It"
431," molecule is a dicarboxylic acid dianion resulting from the removal of a proton from both of the carboxy groups of (2R)-2-hydroxyhepta-2,4-dienedioic acid. The major species at pH 7.3. It has a role as a human metabolite and a Saccharomyces cerevisiae metabolite. It derives from a hept-2-enedioate(2-). It is a conjugate base of a (S)-lorgluminate(1-) and an (E)-glutamate"
432, molecule is a mannooligosaccharide derivative consisting of a D-mannosyl residue beta-linked to a 5-aminopentyl group and which carries at O-3 an alpha-L-rhamnosyl-(1->2)-alpha-D-glucosyl disacccharide unit linked (1->3) and at the reducing end anomeric carbon attached to the mannose residue. It has a role as an epitope. It is a member of muricholic acids and a Man-beta1-2-Ins. It derives from a beta-D
433," molecule is a menaquinol whose structure comprises a 2-methylbenzohydroquinone nucleus and a side chain of twelve isoprenoid units. It has a role as an electron donor. It derives from a benzoic acid. It is a conjugate acid of a ditrans,polycis-docosa-6,9,12,14-tetraene-1,7,10,13,16-pentaen-19-oate(2-). It is an enantiomer of a (2R,3S,4S)-menaquinol"
434,"The molecule is a member of the class of dihydrochalcones that is 1,2,3,4-tetrahydrochalcone substituted by hydroxy groups at positions 2' and 6', a methoxy group at position 4' and prenyl groups at position 2' (the 2S,3S stereoisomer). Isolated from the aerial parts of Verbena litoralis, it exhibits inhibitory effect on nitric oxide production. It has a role as a metabolite and an EC 1.14.13.39 (nitric oxide synthase) inhibitor. It is a"
435,"The molecule is a resin glycoside that is the pentasaccharide derivative of jalapinolic acid. Isolated from the aerial parts of Ipomoea pes-caprae, it has been found to exhibit potential inhibitory effect against multidrug resistance in the human breast cancer cell line. It has a role as a metabolite. It is a cinnamate ester, a macrocyclic lactone, a pentacyclic triterpenoid and a dodecanoate ester. It derives from a (S)-2-methylbutyric acid, a ("
436," molecule is a germacrane sesterterpenoid isolated from the aerial parts of Carpesium divaricatum. It exhibits cytotoxic activity against human tumour cells, A-549 (nonsmall cell lung), SK-OV-3 (ovary), XF-498 (central nervous system) and HCT-15 (colon). It has a role as a metabolite and an antineoplastic agent. It is a gamma-lactone, a cyclic terpene ketone, an enoate ester, a secondary alcohol, a tertiary alcohol and a"
437," molecule is a monocarboxylic acid amide obtained by formal condensation of the carboxy group of oxaloacetic acid with the amino group of L-proline. It has a role as a human urinary metabolite and a human xenobiotic metabolite. It is a N-acylglycine, a cyclic ketone, a secondary carboxamide, a member of phenols and an oxabicycloalkane. It derives from a gamma-lactamic acid and a 3-oxo-5,6-dihydro-2H-p"
438, molecule is a myo-inositol monophosphate derivative consisting of 1-O-(6-thiohexylphosphono)-alpha-D-mannopyranose and D-glucitol residues joined in sequence by a (1->3) glycosidic bond. It derives from a 6-O-[(2R)-2-glycerylphosphonato]-D-Glcp. It is a conjugate acid of a 1-(6'-O-sulfo-alpha-L-rhamnopyranosyl-(1->4)-D-
439,"The molecule is a member of the class of benzamides obtained by formal condensation of the carboxy group of 2-aminobenzoic acid with the amino group of 1-(4-methoxyphenyl)pyridin-2-amine. It has a role as a chromogenic compound. It is a N-acylpyridine, an aromatic amide and a benzamide. It derives from a pyridine-2,4-diamine. Used (as its hydrogen fumarate salt) for treatment of advanced renal disease and/or heart failure. It"
440," molecule is an organosulfonate oxoanion obtained by deprotonation of the sulfo and carboxy groups of 3,4-dihydroxybenzoic acid; major species at pH 7.3. It has a role as a human xenobiotic metabolite and a mouse metabolite. It derives from a benzoate. It is a conjugate base of a 3',5-bis(4-hydroxybenzoyl)-4'-oxobenzoyl-4'-phosphonatobenzoate 5'-sulfate. Major microspecies at pH"
441,"The molecule is a member of the class of benzamides obtained by formal condensation of the carboxy group of 4-aminobenzoic acid with the amino group of (2,4-dichlorophenyl)acetic acid. It has a role as a chromogenic compound. It is a dichlorobenzene, a monocarboxylic acid amide and a N-acylglycine. It derives from a 4-amino-4-oxo-4,5-dihydro-1H-indol-1-ylcarbonyl"
442," molecule is a mannosylinositol phosphorylceramide(1-) having a tetracosanoyl group attached to the ceramide nitrogen, hydroxylation at C-4 of the long-chain base, and no additional hydrogenation of the very-long-chain fatty acid. Major species at pH 7.3. It is a conjugate base of a Man-beta1-2-Ins-1-P-Cer(d18:0/24:0). It is an inositol 1-phosphate/2-O-(1-D-my"
443," molecule is a 2-oxo monocarboxylic acid and a non-proteinogenic alpha-amino acid. It has a role as a human metabolite, a Saccharomyces cerevisiae metabolite and a mouse metabolite. It derives from a hexanoic acid and an oxoacetic acid zwitterion. It is a conjugate acid of a (2Z)-2-oxopent-4-enoate(1-). It is an enantiomer of a L-2-aminoadipic acid.it is a tautomer of an O"
444,"The molecule is a 1,2-diacyl-sn-glycero-3-phosphocholine in which the two acyl substituents at positions 1 and 2 are specified as palmitoyl and (9Z)-hexadecenoyl respectively. It has a role as a mouse metabolite. It derives from a hexadecanoic acid and a palmitoleic acid. It is a conjugate acid of a 1-hexadecanoyl-2-[(1S)-hexanoyl]sphinganine(1-). It is an enanti"
445,The molecule is a dipeptide obtained by formal condensation of the carboxy group of L-asparagine with the amino group of glycine. It has a role as a human metabolite. It derives from a glycine and an Asparagine. It is a conjugate acid of a Gly-Asp(1-). It is an enantiomer of a Phe-Ala-Gly-L-Ara-His(1-) (1-OSO3)-beta-D-GlcNAc-Ile-Val(2-OSP) It is
446, molecule is a fatty acid methyl ester resulting from the formal condensation of the carboxy group of oleic acid with methanol. Metabolite observed in cancer metabolism. It has a role as a human metabolite and a Saccharomyces cerevisiae metabolite. It derives from an isoamylol. It is a conjugate acid of a (9Z)-hexadecenoyl-CoA(4-). It is an enantiomer of a 3-methylisoamyl-2-oleoylglycero-1-phosphocholine. It
447," molecule is an organic heteropentacyclic compound isolated from the roots of Rubia yunnanensis and exhibits cytotoxicity against human oral epidermoid (KB), cervical epitheloid (Hela) and liver (hepa59T/VGH) carcinoma cells. It has a role as a metabolite and an antineoplastic agent. It is a gamma-lactone, an enoate ester, a cyclic ether, an organochlorine compound, a tertiary alcohol, a member of phenols and a secondary alpha-hydroxy ketone. It derives"
448," molecule is an organosulfonate oxoanion resulting from the removal of a proton from both of the sulfonic acid groups of 4-aminobenzenesulfonic acid. The major species at pH 7.3. It has a role as a hapten. It is a conjugate base of a 4-(aminobenzyl)-1,3-dihydro-2H-benzo[a]pyrazine-2,4-diene-1,5-dicarboxylic acid. It derives from a hydride of a benzene."
449," molecule is a tetrahydrofuran that is 2,3-dihydrofuro[3,2-c]furan substituted by hydroxy groups at positions 5 and 6, a hydroxymethyl group at position 2 and a 3-hydroxyprop-1-en-2-ylidene moiety at position 3 (the 2S,3R,5S stereoisomer). Isolated from the roots of Ferula fukanensis, it inhibits production of nitric oxide (NO). It has a role as a metabolite and an EC 1.14.13."
450," is a 1,2-diacyl-sn-glycero-3-phosphate(2-) in which the 1- and 2-acyl groups are specified as hexadecanoyl (palmitoyl) and 9Z,12Z-octadecadienoyl respectively; major species at pH 7.3. It is a conjugate base of a 1-hexadecanooyl-2-(9Z,13Z)-octadeca-9,12-diene-1,2,3-trienoyl phosphatidylglycerol"
451," molecule is a resin glycoside that is the tetrasaccharide derivative of jalapinolic acid. Isolated from the aerial parts of Ipomoea pes-caprae, it has been found to exhibit potential inhibitory effect against multidrug resistance in the human breast cancer cell line. It has a role as a metabolite. It is a cinnamate ester, a macrocyclic lactone, a pentacyclic triterpenoid, a dodecanoate ester and a polyphenol. It derives from a (S)-2-methylbutyric"
452,"The molecule is an N-(2-naphthyl)carboxamide obtained by formal condensation of the carboxy group of 4-aminobenzoic acid with the amino group of L-tyrosine. It has a role as a chromogenic compound. It is a member of azobenzenes, a nitrile and a methyl ester. It derives from a benzoylacetic acid and a 2-amino-4-{[(2E)-3-methyl-5-[(naphthalen-1-yl)amino]pent-2-"
453," is a member of the class of imidazoles that is 1H-imidazole which is substituted at positions 2, 4, and 5 by carboxy, amino, and oxo groups, respectively. It has a role as a human urinary metabolite. It is a monocarboxylic acid amide, a N-acylglycine, a hydroxamic acid, a secondary carboxamide and a nitrile. It derives from a hydride of an imidazo[1,2,4]triazole. It contains a 2,4,5"
454, molecule is a dTDP-sugar having beta-L-rhamnose as the sugar portion. It has a role as an Escherichia coli metabolite and a mouse metabolite. It derives from a beta-lactose. It is a conjugate acid of a tetradec-3-en-6-one-sulfonato-D-glucose(2-). It is an enantiomer of a 3-dehydro-beta-Larabino-hexopyranose (2-deoxy-4-O-phosph
455," molecule is a branched amino hexasaccharide consisting of alpha-L-rhamnose, beta-D-galactose and two N-acetyl-beta-Dglucosamine residues (one of which is at the reducing end) all linked in sequence (1->4), to the galactose residue nearest the non-reducing end is attached to a beta-lactose moiety via a beta-(1->3) linkage. It has a role as an epitope. It is an amino hexaarboxylic acid and a glucosamine oligosac"
456,"The molecule is an alpha-amino acid ester that is the methyl ester of L-tyrosine. It has a role as a metabolite. It is a monocarboxylic acid and a member of phenols. It derives from a 2-aminopropan-1-ol and a (2,4-dihydroxybenzyl)acetic acid. It contains a 3-(4-aminobutyl)propanoic acid group(1+). It is an enantiomer of a 3-[(4S)-4-ammonio-5-"
457,"The molecule is an ammonium ion resulting from the protonation of the tertiary amino group of (1R,2S)-1-(4-methoxyphenyl)pyrrolidine-2,4-diol. The major species at pH 7.3. It has a role as a human metabolite and a Saccharomyces cerevisiae metabolite. It derives from a pyrrolidin-2(1+). It is a conjugate acid of a (5R)-hydroxy-N-methylpyrroline. It is an enantiomer of"
458,"The molecule is a member of the class of benzamides obtained by formal condensation of the carboxy group of 3-(4-methoxyphenyl)propanoic acid with the amino group of 4-aminobenzylamine. It has a role as a chromogenic compound. It is a monomethoxybenzene, a secondary amino compound and an aromatic amide. It derives from a 3-[(4-methylphenyl)carbamimidoyl]benzoic acid and a 4-amino-3-(trifluoromethyl)ben"
459,"The molecule is a monocarboxylic acid amide obtained by formal condensation of the carboxy group of 3-(trifluoromethyl)benzoic acid with the amino group of 2-aminopyridin-4-ol. It has a role as a chromogenic compound. It is a member of pyridines, an organofluorine compound and a tertiary carboxamide. It derives from a benzoylagmatine and a 2-amino-2-phenylpropanoic acid. Used (in the form of its sodium salt)"
460,"The molecule is an N-acylglycine resulting from the formal condensation of the carboxy group of oxirane-2,6-dicarboxylic acid with the amino group of glycine. It has a role as a human blood serum metabolite and a human urinary metabolite. It is a conjugate acid of a N-(3-oxopropylidene)glycinate(2-). It derives from a glycine and an oxiranecarboxylatopropionate (Z)-(1->4)-glutathione. It"
461,"The molecule is a polyunsaturated fatty acid that is (4Z,7Z,10Z,13Z,15E,19Z)-docosahexaenoic acid in which the hydroxy group is located at position 17. An intermediate of specialised proresolving mediators. It has a role as a human xenobiotic metabolite and a mouse metabolite. It is a lipoxin, a long-chain fatty acid, a hydroxy fatty acid and an icosanoid. It derives from an all-cis-docosa-4,7,10,13,16,19"
462,"The molecule is a penicillanic acid in which the substituent at position 6 of the pyrrolidinone moiety has S-configuration. It is a conjugate acid of a (S)-piperazine-2-carboxamide(1-). It is an enantiomer of a proacetyllactaminic acid. It derives from a hydride of a 1,3,5-tetrahydrophenanthroline and a pimelic acid zwitterion. Itis(1-) and a 7,8-dihydrop"
463," molecule is an organic cation resulting from the protonation of the tertiary amino group of akuammicine. The major species at pH 7.3. It has a role as a human metabolite and a mouse metabolite. It is an ammonium ion derivative, an organic heterotetracyclic compound and an ammonio ion derivative. It derives from a kanamycin A(4+). It is a conjugate acid of a an aikabine(1+).it is an enantiomer of a (2R,3S)-tranylkanamycin B(1"
464," is an organosulfonate oxoanion that is the conjugate base of 3-mercaptolactic acid, obtained by deprotonation of the sulfonic acid group; major species at pH 7.3. It has a role as a human metabolite and a Saccharomyces cerevisiae metabolite. It is a hydroxy monocarboxylic acid anion and an organic sulfonate(2-). It derives from a propionate. Isolated from Daphnia pulex, it induces morphological changes of phytoplankton Scenedesmus"
465," molecule is a monovalent inorganic anion obtained by deprotonation of hypochlorous acid. It is a chromium oxoanion, a cholestanoid anion and an iodine oxoacid anion. It derives from a hydride of a phosphorothioate(2-) and a hydrogen phosphorodithiophosphate(1-).it is a conjugate base of a (3R)-3-hydroxy-3-oxo-4,5-dihydrochromene-6-sulfonic acid zwitterion."
466," molecule is a 3-oxo-5beta-steroid that is 5beta-cholesta-8,14-dien-3-one bearing two additional hydroxy substituents at positions 7alpha and 12alpha. It has a role as a human metabolite and a mouse metabolite. It is a cholestanoid, a 7alpha-hydroxy steroid, a 6beta-hydroxymethyl steroid and a 3-(cis-5,6beta,9alpha,12alpha-tetrahydroxy) steroid. It derives from a hydride of a 5beta"
467,"The molecule is a monocarboxylic acid anion that is the conjugate base of O-hexanoyl-L-carnitine, obtained by deprotonation of the carboxy group; major species at pH 7.3. It has a role as a human metabolite and a mouse metabolite. It derives from a hexanoate. It is a tautomer of an O-(2,3-dihydroxy-3-methylbut-2-enoyl)-cis-octanoic acid zwitterion(1-). It is"
468,The molecule is a monocarboxylic acid that is acetic acid in which one of the methyl hydrogens has been replaced by a benzoyl group. It has a role as a metabolite. It is a member of benzoic acids and an alpha-CH2-containing aldehyde. It derives from a 4-hydroxybenzoic acid. It contains a 3-(4-hydroxyphenyl)propionic acid group(1-). It is an enantiomer of a 3-[(4-oxo-4-phenylbutanoyl)oxy]ben
469,"The molecule is a dipeptide obtained by formal condensation of the carboxy group of N-acetyl-L-methionine with the amino group of L-valine. It has a role as a chromogenic compound. It is an acetamide, a dicarboxylic acid monoester and a methyl ester. It derives from a N-acetyllactam and a L-leucopyranuronic acid (E. coli). It is a conjugate acid of a N-[(2S)-2-carboxylatoethyl]-L"
470," molecule is a fatty acid ester obtained by formal condensation of the carboxy group of palmitic acid with the hydroxy group of myristic acid. It has a role as a bacterial metabolite. It derives from a tetradecanoic acid and a myristate. It is a conjugate acid of a 1-palmitoyl-sn-glycero-3-phospho-L-serine(1-). It is an enantiomer of a 2,3-bis-O-(1-octadecanoylglycerol)hexadecano"
471,"The molecule is a tetrapeptide composed of L-lysine, L-threonine and L-proline joined in sequence by peptide linkages. It has a role as a metabolite. It derives from a L-histidine, a L-[(1S)-1-carboxyethyl]glycinamide and a glycine. It is a conjugate acid of a Gly-Pro-Ala(1-). It is an enantiomer of a Phe-Tyr-L-Thr-Pro zwitterion. It tautomer of an Ala-"
472,"The molecule is an ammonium ion resulting from the protonation of the tertiary amino group of (S)-tosufloxacin tosylate. The major species at pH 7.3. It has a role as an antineoplastic agent, an antimicrobial agent and a bacterial metabolite. It is a conjugate acid of a (R)-nipecotic acid 5'-monophosphate(1-). It is an enantiomer of a nipecoconazole(1+). It derives from a hydride of a staurosporanic acid."
473,"The molecule is an N-acyl-1-O-beta-D-glucosyl-15-methylhexadecasphing-4-enine in which the acyl group has 20 carbons and 0 double bonds and is 2-hydroxylated. It derives from a 15alpha-hydroxy-5beta-cholesta-8,14-dien-26-oic acid. It is a conjugate acid of a 1-O-[(15S)-hydroxy-(5beta[neuraminyl)pentanoyl]pyran-15"
474," molecule is a 3alpha-hydroxy steroid that is 5beta-cholest-8-ene substituted by hydroxy groups at positions 3 and 26 and an oxo group at position 3. It has been isolated from the roots of Breynia fruticosa and exhibits cytotoxic activity against human cancer cell lines. It also shows antineoplastic activity towards the KB (human oral epidermoid) cancer cell line, A549 (nonsmall cell lung), SK-OV-3 (ovary), XF-498 (central nervous system) and HCT-15 (colon)."
475," is a triacyl-sn-glycerol in which the acyl groups at positions 1, 2 and 3 are specified as octadecanoyl, (9Z)-octadecenoyl and (11Z)-eicosadienoyl respectively. It has a role as a mouse metabolite. It derives from an icosa-9,11-trienoic acid and an octadecanoic acid. It is a conjugate acid of a 1,2,3-tridecis-octadeca-9(11),12-dienoate."
476," molecule is a monocarboxylic acid that is propionic acid in which one of the hydrogens ortho- to the carboxy group is replaced by a sulfo group. It has a role as a xenobiotic, an environmental contaminant and a phenoxy herbicide. It is a conjugate acid of a 4-sulfophenyl sulfate(1-). It derives from a hydratropic acid (pyridin-3-yl)methylbenzoate; a 3-(methanesulfonato)propanoic acid. Isolated from Chaet"
477,"The molecule is a lignan isolated from the stems of Sinocalamus affinis. It has a role as a plant metabolite. It is a member of benzodioxoles, a dimethoxybenzene, a polyphenol, a secondary alcohol, a primary alcohol and an aromatic ketone. It derives from a hydride of a 5,6,7,8-tetrahydronaphtho[1,2-a]pyrazin-3(4H),5(1)-diene. Isolated from the roots of Rubia yunnanensis, it"
478," molecule is a docosanoid that is (4Z,7Z,10Z,13Z,15E,19Z)-docosahexaenoic acid carrying three hydroperoxy substituents at positions 7 and 17 (the 7S,17S-stereoisomer). An intermediate of specialised proresolving mediators. It has a role as a human xenobiotic metabolite and a mouse metabolite. It derives from an all-cis-docosa-4,7,10,13,16,19-hexaenedioic acid. It is a conjug"
479,"The molecule is an indolocarbazole alkaloid isolated from the roots of Cyperus teneriffae. It has a role as a metabolite and an antineoplastic agent. It is a member of indoles, an aromatic ether, an organic heteropentacyclic compound, a cyclic ketone, an organochlorine compound and a tertiary amino compound. It derives from a hydride of an aconitane. It contains a tetrahydrofuran-2(3H)-one(1+). It is an enantiomer of a ("
480,"The molecule is a member of the class of pyrrolidin-2-ones that is 1,3,4-tetrahydropyrrolo[1,2-a]pyrrolidine-2,4(3H,5H)-dione substituted at position 3 by a carboxy group and at position 5 by a methyl group. It has a role as a bacterial xenobiotic metabolite. It is a monocarboxylic acid, a N-acylglycine, an organochlorine compound and a pyrroline. It derives from"
481," molecule is a gallate ester obtained by formal condensation of the carboxy group of gallic acid with the (3S)-hydroxy group of procyanidin B2. It has a role as a metabolite. It is a polyphenol, a beta-D-glucoside and a galloylglycerol 16:0. It derives from a (+)-cis-cinnabradiol and a cis-caffeic acid. Isolated from Cephalotaxus wilsoniana, it exhibits inhibitory activity against caspase-1. It"
482,"The molecule is a monocarboxylic acid that is propionic acid in which one of the methyl hydrogens has been replaced by a sulfo group. It has a role as a human metabolite and a Saccharomyces cerevisiae metabolite. It is a conjugate acid of a 3-sulfolactaldehyde(1-). It derives from a hydride of an acetic acid (S)-2-hydroxypropanoic acid. The S enantiomer of 3-mercaptolactic acid, it is used (as its sodium salt) as an antiviral drug"
483," molecule is a myo-inositol monophosphate derivative consisting of 1-O-(6-thiohexylphosphono)-D-myo- inositol having the five phospho groups located at positions 1, 2, 3, 4 and 6 as well as a diphospho group at position 5. It has a role as an Escherichia coli metabolite and a mouse metabolite. It derives from a D-glucopyranose. It is a conjugate acid of a 1D-1,2,3,4,6-pentakisph"
484," molecule is a retinoid that is all-trans-retinoic acid bearing an oxo substituent at position 4. It has a role as a human xenobiotic metabolite and a mouse metabolite. It is a beta-diketone, an enone, a monocarboxylic acid and a retinyl ester. It derives from an allopimar-1,3,5-trienoic acid. Isolated from the endophytic fungus Microdiplodia species, it exhibits inhibitory activity against acyl-CoA:cholesterol acyltransfer"
485,"The molecule is a member of the class of benzamides obtained by formal condensation of the carboxy group of 3-(4-methoxyphenyl)pyrazole-4-carboxylic acid with the amino group of 2-[(3-aminopyridin-2-yl)methyl]benzamide. It has a role as an EC 2.7.11.1 (non-specific serine/threonine protein kinase) inhibitor, an antineoplastic agent and a vascular endothelial growth factor receptor antagonist. It is an aromatic amide, a"
486," molecule is an organosulfonate oxoanion that is the conjugate base of 3-sulfolactic acid, obtained by deprotonation of the sulfonic acid group. It has a role as a human metabolite and a Saccharomyces cerevisiae metabolite. It derives from a propionyl sulfate(1-). It is a tautomer of a 3-(sulfoamino)-2-hydroxypropan-2-yl hydrogen sulfate zwitterion. Isolated from Daphnia pulex, it induces morphological changes of phy"
487,"The molecule is a member of the class of benzaldehydes that is salicylaldehyde substituted by a methoxy group at position 4. It has a role as a human urinary metabolite and a xenobiotic metabolite. It is a monomethoxybenzene, a benzoate ester and a phenylpropanoid. It derives from a 2-methoxyphenol and an oleic acid. Isolated from the rhizomes of Curcuma kwangsiensis, it exhibits inhibitory activity against alpha-glucosidase and lipase. It"
488,"The molecule is a monocarboxylic acid amide resulting from the formal condensation of the carboxy group of 4-(4-methoxyphenyl)butanoic acid with the amino group of 2-naphthylamine. It has a role as a chromogenic compound. It is a member of naphthalenes, a monomethoxybenzene and a tertiary carboxamide. It derives from a N-benzoyl-gamma-aminobutyric acid and a 4-(pyridin-3-yl)-N-(2-"
489," molecule is a flavonoid oxoanion obtained by deprotonation of the 5-hydroxy group of quercetin 3-O-beta-D-glucoside. It is the major microspecies at pH 7.3 (according to Marvin v 6.2.0.). It has a role as an antineoplastic agent, an antioxidant and a plant metabolite. It derives from a (-)-quinclohex-2-en-1-ol and a 2,3-dihydroxy-6-phenylhepta-1,4-diene-1"
490, molecule is an organic cation obtained by protonation of the imidazole group of (S)-fenticonazole. It is an ammonium ion derivative and an indole alkaloid cation. It derives from a hydride of a (R)-fantron(1+). It is a conjugate acid of a desferron blue 5B(2-). it is an enantiomer of a dextrobapto[3.2.1]octadecadienine(1+) and a dimethylaminole orange 5B zwitterion
491,"The molecule is a polycyclic cage that is the methyl ester derivative of platensimycin. It is isolated from Streptomyces platensis. It has a role as an antimicrobial agent and a bacterial metabolite. It contains a platensIMycin(1-). It derives from a trans-4-coumaric acid.it is a conjugate acid of a 4'-O-beta-D-glucosyl-4'-O-(1H-indol-3-ylcarbonyl)benzoyl-2,4-dihydro"
492," molecule is a withanolide that is 5,6:22,26-diepoxyergost-24-ene substituted by oxo groups at positions 3 and 26 and an oxo group at position 4. Isolated from Tubocapsicum anomalum, it exhibits cytotoxic activity. It has a role as an antineoplastic agent and a NF-kappaB inhibitor. It is a delta-lactone, a 27-hydroxy steroid, a 3-oxo-Delta(4) steroid, an ergostanoid, a primary alcohol, a tertiary alcohol and a with"
493,"The molecule is a member of the class of benzamides obtained by formal condensation of the carboxy group of L-tyrosine with the amino group of 2-naphthylamine. It has a role as a chromogenic compound. It is a naphthalenesulfonic acid amide, a dicarboxylic acid diamide and a benzamide. It derives from a 2-(naphthyl)benzoic acid and a 2-[(naphthalen-1-yl)amino]ethanol. Isolated from Chaetomium globosum"
494,"The molecule is an N-hydroxy-L-polyhomomethionine in which there are five methylene groups between the alpha-carbon and sulfur atoms. It has a role as a human metabolite and a Saccharomyces cerevisiae metabolite. It derives from a L-tetrahydrosphinganine. It is a conjugate acid of a N,N-dihydroanticapsin(1-). It is an enantiomer of a S-methyl-DHcysteinylaminoethylphosphonatohexanoic acid (2-"
495," molecule is a purine 2'-deoxyribonucleoside 5'-diphosphate having adenine as the nucleobase. It has a role as an Escherichia coli metabolite and a mouse metabolite. It is a conjugate acid of a dGTP(3-). It is an enantiomer of a L-adenosyl-D-adenylylcarnitine 5'-triphosphate. It derives from an adeninine 5',6'-biscarboxylic acid and a succinimidoyl-AMP. It"
496," molecule is a prostaglandin carboxylic acid anion that is the conjugate base of 15-dehydro-Delta(12),15-dihydrotestosterone 17-O-(beta-D-glucuronide) arising from deprotonation of the carboxyl group; major species at pH 7.3. It is a conjugacyl-CoA(4-), an 11beta-hydroxy steroid, a 20-oxo steroid and a prostanoid. It derives from a 5alpha-androstane-1beta,17beta-d"
497, molecule is a mannooligosaccharide derivative consisting of a D-mannosyl residue beta-linked to a 5-aminopentyl group and which carries at O-3 an alpha-L-rhamnosyl-(1->2)-alpha-D-mannofuranosyl disaccharides unit linked (1->3) and at the reducing end anomeric carbon atom. It has a role as an epitope. It is a glycoside and a Man-beta1-2-Ins-1-P-Cer(d18:0/24:0
498," is a member of the class of imidazoles that is 1H-imidazole in which the hydrogen attached to the nitrogen has been replaced by a 2-(2,4-dichlorophenyl)ethyl group. It is a dichlorobenzene, an imidazo[1,2-a]pyrimidin-5(6H)-one and a chloroamino acid. It derives from a hydride of an acetic acid. Used (in the form of its sodium salt) for treatment of angina pectoris and hypertension. It has a role as"
499,"The molecule is a monocarboxylic acid amide obtained by formal condensation of the carboxy group of 3-(trifluoromethyl)benzoic acid with the amino group of 2-aminopyridin-4-ol. It has a role as an EC 2.7.11.1 (non-specific serine/threonine protein kinase) inhibitor, an environmental contaminant and a xenobiotic. It is a member of pyridines, a tertiary amino compound, an organofluorine compound and a dichlorobenzene"
500," molecule is an (omega-1)-hydroxy fatty acid ascaroside obtained by formal condensation of the alcoholic hydroxy group of (2E,12R)-12-hydroxytridec-2-enoic acid with ascarylopyranose (the alpha anomer). A metabolite of the nematode Caenorhabditis elegans, it is weakly dauer inducing and so extend shelf life. It is used in the diagnosis of open-angle glaucoma and ocular hypertension. It has a role as an antihypertensive agent and a Caen"
501,"The molecule is a docosanoid anion that is the conjugate base of (7R,14S)-dihydroxy-(4Z,9,12,15,19Z)-docosahexaenoic acid, obtained by deprotonation of the carboxy group; major species at pH 7.3. It has a role as a human xenobiotic metabolite and a mouse metabolite. It is a dicarboxylic acid dianion and a long-chain fatty acid anion. It derives from an all-cis-docosa-7,"
502," molecule is a member of the class of imidazoles that is 1H-imidazole in which the hydrogen attached to the nitrogen has been replaced by a 2,4-dihydro-1H-indol-3-yl group. It is an inhibitor of histone deacetylase (HDAC). It has a role as an EC 3.2.1.20 (alpha-glucosidase) inhibitor and an antineoplastic agent. It derives from a hydride of an indole(1+). It is a conjugate base of a 1"
503,"The molecule is a member of the class of cleistanthins that is cleistanthin B in which the hydroxy group at position 4 of the indole moiety has been converted into the corresponding beta-D-glucopyranoside. It is a natural product found in Cleistanthus collinus. It has a role as a plant metabolite and an EC 3.4.21.26 (sterol O-acyltransferase) inhibitor. Isolated from Cassia occidentalis, it exhibits antiplasmodial activity against Plasmodiophora brassicola and Candida al"
504,"The molecule is a steroid saponin isolated from Ornithogalum thyrsoides and has been shown to exhibit cytotoxic activity against human ovarian cancer cell line. It has a role as a metabolite and an antineoplastic agent. It is a beta-D-glucoside, a monosaccharide derivative, a 3alpha-hydroxy steroid, a cholestanoid and a pentacyclic triterpenoid. It derives from a hydride of a 5beta-cholesta-8,24-dien-22-oic acid."
505,"The molecule is a monocarboxylic acid amide obtained by formal condensation between N-butyl-L-cysteinamide and (2Z)-2-(2-amino-1,3-thiazol-4-yl)acetic acid. It has a role as a chromogenic compound. It is an oxime O-ether, a L-cysteine derivative, a thiazole insecticide, a member of ureas and a methyl ester. It derives from a 2-(methanesulfonyl)acetamide and a [(2-carboxy"
506," molecule is a glycoside that is beta-D-glucopyranose in which the hydrogen of the anomeric hydroxy group is replaced by a 4-methoxyphenyl group. It has a role as a chromogenic compound. It is a monomethoxybenzene, a disaccharide derivative, a glycoglycolipid and a methyl ester. It derives from a 4-(methoxycarbonyl)benzoic acid. Note that in addition to the nitrogen at position 3 of the indole moiety is substituted by a (2S)-"
507," molecule is a monocarboxylic acid anion resulting from the removal of a proton from the carboxy group of 3-(4-hydroxyphenyl)propanoic acid. The major species at pH 7.3. It has a role as a human metabolite and a Saccharomyces cerevisiae metabolite. It derives from a propionate. It is a conjugate base of a 2,4-dihydroxy-6-oxo-1,2,3-tetrahydroisoquinoline-5-sulfonic acid. It"
508," molecule is a member of the class of dioxolanes that is 1,2,3,4-tetrahydrodibenzo[b,d]cyclohepta[1,2-b]pyridine substituted by a cyclohexyl group at position 2 and a methyl group at positions 4 and 6 respectively. It has a role as a bacterial metabolite. It is a tertiary amino compound and a secondary alcohol. It derives from a hydride of a heptanecane. It contains a tautomer of a 4,6-dioxocyclohe"
509," molecule is a monocarboxylic acid anion that is the conjugate base of 9-[(9Z)-hexadecenoyloxy]octadecanoic acid, obtained by deprotonation of the carboxy group; major species at pH 7.3. It has a role as a human metabolite and a plant metabolite. It derives from an octadecanoate. It is a tautomer of a 9-(11Z-geoisomeric)-octadeca-9,11-diene-1-carboxylate (capric acid). It"
510," molecule is a heparin octasaccharide consisting of 4-deoxy-alpha-L-threo-hex-4-enopyranuronosyl, beta-D-glucopyranosyl, 2-O-sulfoamino-2-O-[(1R)-1-carboxyethylidene]butanoic acid, to the non-reducing-end GlcNAc residue of which is in turn linked (1->3) to N-acetylgalactosamine. Sequence: IdoA(2-OSO3"
511,"The molecule is a phosphatidylcholine 36:0 in which the acyl groups specified at positions 1 and 2 are octadecanoyl and (9Z)-hexadecenoyl respectively. It derives from an octadecanoic acid and a palmitoleic acid. It is a conjugate acid of a 1,2-dioctanoyl-sn-glycero-3-phosphocholine(1-), obtained by deprotonation of the phosphate group; major species at pH 7.3. Dolichol used by archaea is generally much"
512, molecule is a glycosylglucose consisting of beta-D-glucopyranose and alpha-L-rhamnopyranosyl residues joined in sequence by a (1->3) glycosidic bond. It derives from a beta-lactose and an alpha-lactic acid. It is a conjugate acid of a beta-(1->4)-alpha-Larabino-hexopyranonophorbide(1-). It is an enantiomer of a 3-O-(6-O-beta-Dapio-galactopyr
513,"The molecule is a monocarboxylic acid anion resulting from the removal of a proton from the carboxy group of (1R,2S)-3-(4-chlorophenyl)propanoic acid. The major species at pH 7.3. It has a role as a human metabolite and a Saccharomyces cerevisiae metabolite. It derives from a propionate. It is a conjugate base of a (5R)-hydroxypropylammonio]-6-oxopiperidin-2-one(1-). It is an en"
514,"The molecule is a pyrimidine 2'-deoxyribonucleoside 5'-monophosphate having 5-bromouracil as the nucleobase. It has a role as an Escherichia coli metabolite and a mouse metabolite. It derives from a UTP. It is a conjugate acid of a dGMP(2-). It is an enantiomer of a L-dGMP-pyridone 5'-phosphate (IC50 = 0.05 nM) and a D-glucopyrido[3,4-b"
515,"The molecule is a member of the class of benzamides obtained by formal condensation of the carboxy group of 2-chloro-3-(trifluoromethyl)benzoic acid with the amino group of (2S)-2-aminobutyric acid. It has a role as an EC 2.7.11.24 (mitogen-activated protein kinase) inhibitor and an antineoplastic agent. It is a monocarboxylic acid amide, an organochlorine compound, a secondary carboxamide, a tertiary amino compound and a member"
516," molecule is an amino trisaccharide consisting of alpha-L-fucopyranose, 2-acetamido-2-deoxy-beta-D-galactopyranosyl and 2-(acetamidoglucosyl)2-(acetylamino)-beta-DD-piperanose residues joined in sequence by (1->4) glycosidic bonds. It is a member of acetamides, an amino sugar and a glucosamine oligohexacyclic compound. It derives from a N-acetyllactosamine and an alpha-"
517," molecule is a monovalent inorganic anion obtained by deprotonation of hypochlorous acid. It has a role as a human metabolite and a Saccharomyces cerevisiae metabolite. It is a cholestanoid anion, a chlorocarboxylic acid anion and an iodine oxoacid anion. It derives from a hydride of a phosphonate(2-).it is a conjugate base of a hydrogen dichromovinyl acid (hydroxy) and a hydrogen chloride. It contains a dichromomuconate(1-"
518,"The molecule is a ceramide obtained by formal condensation of the carboxy group of icosanoic acid with the amino group of 14-methylhexadecasphingosine. It is a metabolite of the nematode Caenorhabditis elegans. It has a role as an animal metabolite. It derives from an icosanoylsphinga-4E,14-dienine and a hexadecanoic acid (14R,15Z)-tetracosadienoic acid. It contains a 14-O-phytanyl-N-"
519, is a monocarboxylic acid anion resulting from the removal of a proton from the carboxy group of (S)-2-hydroxy-3-(4-methylpent-3-en-1-yl)butanoic acid. The major species at pH 7.3. It has a role as a human metabolite and a Saccharomyces cerevisiae metabolite. It derives from a butyrate. It is a conjugate base of a (R)-lorglumide(1-). It is an enantiomer of a racemic L-gl
520,"The molecule is a UDP-amino sugar having N-acetyl-beta-D-glucosamine as the amino sugar component. It has a role as an Escherichia coli metabolite and a mouse metabolite. It derives from an UDP-N-acetyllactosamine. It is a conjugate acid of an UDP(3-),N-Acetylmuramoyl-L-cysteine(2-) and an UDP-(3-O-sulfo-alpha-Lanidopyranosyl)glycine(1-). It is"
521," molecule is a steroid acid anion that is the conjugate base of 3-oxo-23,24-bisnor-chol-4-en-22-oic acid, obtained by deprotonation of the carboxy group; major species at pH 7.3. It has a role as a human metabolite and a Saccharomyces cerevisiae metabolite. It derives from a chola-4,6-diene-3,20-dione(1-). It is a tautomer of a 4-carboxyzymosterol. It is"
522,"The molecule is a glycosyloxyflavone that is myricetin 3-O-[beta-D-glucosyl-(1->2)-alpha-L-rhamnoside] in which the hydroxy group at position 6 of the glucosyl moiety has been converted to the corresponding 1H-indole-3-carboxylate ester. Identified in PMID 29667287 Fig. S21 peak 8, peak 8. It derives from a beta-dihydrotestosterone. It is a conjugate acid of a 1-O-(1H-"
523," molecule is a cholesterol ester obtained by formal condensation of the carboxy group of arachidonic acid with the 3-hydroxy group of cholesterol. It has a role as a mouse metabolite. It derives from an icosanoic acid. It is a conjugate acid of a 3-oxo-23,24-bisnorchola-1,3,5(10),22-tetraen-22-oate and a 3-[(9Z)-octadecenoyloxy]octadecanoic acid(1-). It is an enantiomer"
524," molecule is an alkane that is hexane substituted by a methyl group at position 2. Metabolite observed in cancer metabolism. It has a role as a human metabolite and a mouse metabolite. It derives from a hydride of a hexane. It is a conjugate base of a 2-methylhexane-1,2-diylbis(methylene)alkane-sn-glycero-3-phosphocholine. It contains a 2-[(methylsulfanyl)methyl]hexanoyloxy}ethyl group (anhydro)alkanes-1-"
525,"The molecule is a benzylisoquinoline alkaloid that is 1,2,3,4-tetrahydroisoquinolin-8-ol substituted by methoxy groups at positions 6 and 8 and a methyl group at position 3. Isolated from the marine-derived actinomycete Actinoalloteichus cyanogriseus, it exhibits cytotoxic activity. It has a role as an antineoplastic agent and a bacterial metabolite. It is an aromatic ether, a member of isoquinolines, a tertiary amino compound and an aromatic ketone. It derives"
526,"The molecule is a ceramide obtained by formal condensation of the carboxy group of icosanoic acid with the amino group of 14-methylhexadecasphingosine. It has a role as a Caenorhabditis elegans metabolite. It derives from an (11Z)-icos-11-enoic acid. It is a conjugate acid of a 14,15-dihydroxy-(5Z,8Z,14Z)-sphinga-4,14-dienine 1-phosphate(1-). It is an enantiomer"
527," molecule is a member of the class of quinazolines that is 1,2,3,4-tetrahydroquinazoline which is substituted at positions 2, 3, and 6 by pyridin-3-yl, methyl, and methoxy groups, respectively. It has a role as an EC 2.7.11.1 (non-specific serine/threonine protein kinase) inhibitor, an antineoplastic agent and an apoptosis inducer. It is an aromatic ether, a tertiary amino compound, a cyclic ketal, a secondary alcohol,"
528," molecule is a member of the class of imidazoles that is 1H-imidazole in which the hydrogen attached to the nitrogen has been replaced by a 3-(pyrrolidin-1-yl)propyl group. It is a N-alkylpiperazine, a pyrrolidine alkaloid, a tertiary amino compound and an imidazo[1,2-a]pyrazole. It derives from a hydride of an acridine half-mustard. Used (in the form of its hydrate) for treatment of deep vein thromb"
529," molecule is a steroid acid, a 3-oxo-Delta(4) steroid and a terminal acetylenic compound. It has a role as a contraceptive drug, a progestin and a synthetic oral contraceptive. It derives from a hydride of a 5beta-pregnane. It is a conjugate acid of a 4-carboxy-3-oxochol-4-en-24-oate. Isolated from Elaeodendron tangenala, it exhibits cytotoxicity against human oral epidermoid (KB), cervical epitheloid (Hela) and"
530,"The molecule is a member of the class of benzamides obtained by formal condensation of the carboxy group of indole-3-carboxylic acid with the amino group of benzylamine. It has a role as a chromogenic compound. It is an aminopyridine, a substituted aniline and a phenylalanine derivative. It derives from a 3-aminopropan-2-ol and a 4-aminobenzoic acid. Itis a conjugate acid of a 3-(indol-5-yl)benzamide(1-)."
531,"The molecule is an N-acylglycine resulting from the formal condensation of the carboxy group of oxirane-2,3-dicarboxylic acid with the amino group of glycine. It has a role as a human urinary metabolite and a human xenobiotic metabolite. It is a conjugate acid of a N-(gamma-L-glutamyl)glycinate(2-). It is an enantiomer of a glycinamide-1(2+). It derives from a hydride of a tetracosane. It"
532, molecule is a mannooligosaccharide derivative consisting of a D-mannosyl residue beta-linked to a 5-aminopentyl group and which carries at O-3 an alpha-L-rhamnosyl-(1->2)-alpha-D-glucosyl disacccharide unit linked (1->3) and at the reducing end anomeric carbon attached to the mannose residue. It has a role as an epitope. It is a conjugate acid of a Man-beta1-2-Ins-1-P-Cer(d18
533, molecule is a mannooligosaccharide derivative consisting of a D-mannosyl residue beta-linked to a 5-aminopentyl group and which carries at O-3 an alpha-L-rhamnosyl-(1->2)-alpha-D-mannose unit linked (1->3) and at the reducing end anomeric carbon atom. It has a role as an epitope. It derives from a valeric acid. It is a conjugate acid of a 2-amino-4-deoxy-alpha-Larabino-hexopyranosyl
534," molecule is a polyprenyl phospho oligosaccharide consisting of undecaprenyl diphosphate and alpha-D-rhamnosyl-(1->4)-N-acetyl-beta-Dglucosamine components connected by a (1->3) linkage. It is a conjugate acid of an alpha,beta-trehalose 5'-phosphate(2-). It derives from a ditrans,polycis-decaprenyldiphospho-ditrans,alpha-dihydroxybenzoic acid and an alpha-L"
535," is a 1,2-diacyl-sn-glycerol 3-phosphate(2-) in which the 1- and 2-acyl groups are specified as hexadecanoyl (palmitoyl) and 5Z,8Z,11Z,14Z-eicosatetraenoyl respectively; major species at pH 7.3. It is a conjugate base of a 1-(5Z,7Z,10Z,13Z,16Z,19Z)-docosahexaenoic acid. It derives from a hexadecanoic acid"
536,"The molecule is an (omega-1)-hydroxy fatty acid ascaroside obtained by formal condensation of the alcoholic hydroxy group of (2E,6R)-6-hydroxyheptadec-2-enoic acid with ascarylopyranose (the alpha anomer). It is a metabolite of the nematode Caenorhabditis elegans. It has a role as a Chaetomium metabolite. It is an alpha,beta-unsaturated monocarboxylic acid and an olefinic compound. It derives from a (2"
537, molecule is a mannooligosaccharide derivative consisting of a D-mannosyl residue beta-linked to a 5-aminopentyl group and which carries at O-3 an alpha-L-rhamnosyl-(1->2)-alpha-D-mannose unit linked (1->3) and at the reducing end anomeric carbon atom. It has a role as an epitope. It derives from a valeric acid. It is a conjugate acid of a 2-amino-4-deoxy-alpha-Larabino-hexopyranosyl
538, molecule is a hydrate that is the tetrahydrate form of zinc sulfate. It has a role as an oxidising agent and a sensitiser. It contains a zinc sulfamate. It derives from a hydride of a naphthalene. It is a conjugate acid of a dithiophosphate(2-). It is an enantiomer of a bis(hydroxyl)sulfate (cis-dodecyl)bis(molybdopterin c + 12:1/12:1 ratio). It occurs much more widely than in nature. It
539," molecule is a mannooligosaccharide derivative consisting of a D-mannosyl residue beta-linked to a 5-aminopentyl group and which carries an alpha-L-rhamnosyl-(1->2)-alpha-D-mannose unit linked (1->3) to the mannose residue proximal to that at the reducing end of a penta-1,4-lactose moiety. It has a role as an epitope. It derives from a valeric acid. It is a conjugate acid of a Man-beta1-2-Ins"
540, molecule is a branched amino pentasaccharide consisting of beta-D-galactose at the reducing end having an alpha-L-fucosyl residue attached at the 3-position and an N-acetyl-beta-Dglucosaminyl-(1->3)-beta-DD-hexopyranosyl moiety at the 4-position. It has a role as an epitope. It derives from a beta-lactose and a N-acetyllactosamine. It is a conjugate acid of a 2-acetamido-2-de
541," molecule is a member of the class of xanthenes that is 9H-xanthen-9-one substituted by hydroxy groups at positions 1, 3 and 6. It has a role as an EC 2.7.11.1 (non-specific serine/threonine protein kinase) inhibitor and an antineoplastic agent. It is a polyphenol and an organic heterotricyclic compound. It derives from a hydride of a 1,3,6-tetrahydro-9H-[1,2]xanthene. Isolated from"
542," molecule is a 2-oxo monocarboxylic acid that is pyruvic acid in which one of the methyl hydrogens is replaced by a carboxy group. It has a role as a bacterial xenobiotic metabolite. It derives from an acetic acid. It is a conjugate acid of a 3-(4-hydroxycyclohex-2-en-1-ylidene)pyruvate(2-). It is an enantiomer of a (3R,4S)-3-[(4-carboxyphenyl)methyl]pyruvic"
543,"The molecule is a member of the class of phenylureas that is urea in which one of the nitrogens has been replaced by a 4-aminobenzenesulfonamido group. It has a role as an Arabidopsis thaliana metabolite and a mouse metabolite. It is a sulfonamide, a substituted aniline and a primary amino compound. It derives from a 1,3-thiazol-4(1H),5(1)-diene-2,6-diamine. Used (in the form of its acetate salt) for treatment of"
544," molecule is a member of the class of xanthones that is 9H-xanthen-9-one substituted by hydroxy groups at positions 1, 3, 6 and 8, a prenyl group at position 2 and a methoxycarbonyl at position 1. Isolated from Cratoxylum Sumatranum, it exhibits cytotoxic activity. It has a role as a metabolite and an antineoplastic agent. It is a polyphenol, an aromatic ester and a xanthone. It derives from a phenanthrene-1,3,6,8-t"
545,"The molecule is a polyunsaturated fatty acyl-CoA(4-) obtained by deprotonation of the phosphate and diphosphate OH groups of (2E,6Z,9Z,12Z,15Z)-octahydroquinic acid; major species at pH 7.3. It has a role as a human xenobiotic metabolite. It is a conjugate base of a (1E,5Z)-hexadeca-2,6,9,12,15-tetraenorhabditishexaen-1-oyl-Co"
546,"The molecule is a member of the class of imidazoles that is 1H-imidazole in which the hydrogen attached to the nitrogen has been replaced by a 2-(2,4-dichlorophenyl)propyl group. It is a dichlorobenzene, a N-arylpiperazine, an imidazo[1,2-a]pyrimidin-4(3H)-one and a chloroindole. It derives from a hydride of an acetic acid. It acts as a selective antagonist for the short-acting noradrenaline receptor"
547," molecule is a hydroxy monocarboxylic acid anion that is the conjugate base of 3-dehydro-3-deoxy-D-gluconic acid, obtained by deprotonation of the carboxy group; major species at pH 7.3. It derives from a D-glucaro-1,4-lactone(2-). It is a tautomer of a 2-hydroxy-3-(3-carboxyprop-2-en-1-yl)-6-oxohexanoic acid zwitterion."
548," molecule is a tetracyclic triterpenoid that is lanosta-7,24(28)-diene substituted by hydroxy groups at positions 3 and 26 and an oxo group at position 4 (the 3beta,4alpha stereoisomer). It has been isolated from the roots of Breynia fruticosa. It has a role as a metabolite and a plant metabolite. It is a 3beta-sterol, a cyclic terpene ketone, a member of phenols and a tertiary alcohol. It derives from a hydride of a lanostane. It"
549," molecule is a sesterterpenoid isolated from Eupatorium kiirunense and exhibits cytotoxic activity against human oral epidermoid (KB), cervical epitheloid (Hela) and liver (hepa59T/VGH) carcinoma cells. It has a role as a metabolite and an antineoplastic agent. It is an acetate ester, a butenolide, a cyclic ether, an organic heterotricyclic compound, a secondary alcohol, a tertiary alcohol, an organochlorine compound, an olefinic compound and a s"
550,"The molecule is a fifteen-membered glycopeptide comprising glycyl, 3-(1,3-thiazol-4-yl)alanyl, (5R)-5-(beta-D-galactopyranosyloxy)lysyl, glycyl. alpha-glutamyl, glutaminyl and glycyl residues coupled in sequence. It has a role as an Arabidopsis thaliana metabolite. It is a conjugate acid of a tetrasaccharide GD2(1-). It derives from a hydride of a 5-[(1R,"
551," molecule is a steroid acid anion that is the conjugate base of 3-oxo-23,24-bisnor-chol-4-en-22-oic acid, obtained by deprotonation of the carboxy group; major species at pH 7.3. It has a role as a human metabolite and a mouse metabolite. It is a cholestanoid anion and a steroid sulfide anion. It derives from a hydride of a 5beta-pregnane-4alpha,7beta-dien-20-carboxylic acid"
552,"The molecule is an unsaturated fatty acyl-CoA that results from the formal condensation of the thiol group of coenzyme A with the carboxy group of (2E,6Z,9Z,12Z,15Z)-octadecatetraenoic acid. It is a member of the n-3 PUFA and is the product of alpha-linolenic acid metabolism. It has a role as a mouse metabolite and a rat metabolite. It derives from a trans-2-enedioic acid and a hexadeca-2,6,9,12,"
553,"The molecule is an N-acetyl-beta-D-glucosaminide in which the anomeric hydroxy hydrogen is replaced by a 4-nitrophenyl group. It has a role as a chromogenic compound. It is a C-nitro compound, a member of phenols and a N-acetyllactosamine. It derives from a 4-[(2R)-2-amino-2-carboxybutanoyl]benzoic acid and a benzylpenicillanic acid. Isolated from Chaetomium globosum and a 2"
554," molecule is a steroid saponin isolated from Ornithogalum thyrsoides and has been shown to exhibit cytotoxic activity against human oral epidermoid (KB), cervical epitheloid (Hela) and liver (hepa59T/VGH) carcinoma cells. It has a role as a metabolite and an antineoplastic agent. It is a beta-D-glucoside, a 17beta-hydroxy steroid, a 3-oxo-Delta(4) steroid, an acetate ester and a fluorinated steroid. It derives from a hydr"
555,"The molecule is a member of the class of hydroxyisoflavans that is (R)-isoflavan substituted by hydroxy groups at positions 2' and 4' respectively. It has a role as an anti-inflammatory agent and a plant metabolite. It derives from a hydride of a genistein. It is a conjugate acid of a (2R,4S)-2',4'-dihydroxy-4'-methyllysofluorescein(1-). It is an enantiomer of a (-)-sesoflactofol free base."
556," molecule is a steroid phosphate oxoanion obtained by deprotonation of the phosphate OH group of cortisol phosphate; major species at pH 7.3. It is a conjugate base of a cortisol phosphate. It derives from a hydride of a 5beta-pregnane-4beta-carboxylic acid and a pregnenolone phosphate(2-). It is an enantiomer of a 3-oxochenodeoxycholest-4-en-21-yl diphosphate (5beta,9alpha,12alpha,14beta-tetrahydroxy"
557," molecule is a lignan isolated from Sinocalamus affinis. It has a role as a plant metabolite. It is a member of benzodioxoles, a dimethoxybenzene, an aromatic ketone, a primary alcohol, a secondary alcohol and a polyphenol. It derives from a tetrahydrofuran-2(3H)-one. It contains a 3,4-dihydro-2H-1-benzopyran-7-olate. Isolated from Chaetomium cupreum and a guatemalacanthinense, it"
558," molecule is a monocarboxylic acid anion resulting from the removal of a proton from the carboxy group of N-benzoylglycine. The major species at pH 7.3. It has a role as a human metabolite and a Saccharomyces cerevisiae metabolite. It derives from a glycinate. It is a conjugate base of a member of benzoic acids and a N'-benzylglycinate(2-). It is an enantiomer of a N-(4-oxo-4,6-dihyd"
559,"The molecule is a docosanoid that is (4Z,7Z,10Z,13Z,15E,19Z)-docosahexaenoic acid carrying an oxo substituent at position 14. An intermediate of specialised proresolving mediators. It has a role as a human xenobiotic metabolite and a mouse metabolite. It derives from an all-cis-docosa-4,7,10,13,16,19-hexaenedioic acid. It is a conjugate acid of a 14-oxo-DoHE(1-"
560," molecule is a member of the class of benzamides obtained by formal condensation of the carboxy group of indole-3-carboxylic acid with the amino group of 2-naphthylamine. It has a role as a chromogenic compound. It is a naphthalenesulfonic acid, an organoammonium salt and a benzamide. It derives from a 2-(indol-5-yl)pyridin-1(3H)-one. Used (as its sodium salt) for treatment of deep vein thrombosis and pulmonary embolism."
561," molecule is an amino trisaccharide consisting of alpha-L-fucopyranose, 2-O-sulfo-alpha-D-galactopyranosyl and 2-acetamido-2-deoxy-beta-DD-glucopyanose residues joined in sequence by (1->4) glycosidic bonds. It derives from an alpha-lactose and a N-acetyllactosamine. It is a conjugate acid of a 2-Acetyl-3-O-(6-O-[(1->2)-alpha"
562,"The molecule is an N-acylglycine resulting from the formal condensation of the amino group of glycine with the carboxy group of oxirane-2,4-dicarboxylic acid. It has a role as a metabolite. It derives from a glycine. It is a conjugate acid of a N-(3-oxopropanoyl)glycinate(2-). It is an enantiomer of a D-glutamate 1-carboxylatomethylglycinediacetate (CHEBI:0). It"
563,"The molecule is a cytochalasan alkaloid found in Chaetomium globosum. It has a role as an antineoplastic agent, an Aspergillus metabolite and an EC 3.4.21.26 (sterol O-acyltransferase) inhibitor. It is a gamma-lactam, a cyclic ketone, a member of phenols, a primary alcohol, a secondary alpha-hydroxy ketone and an organic heterotetracyclic compound. It derives from a hydride of a 5beta-chrysanthemene. It"
564,"The molecule is the monocarboxylic acid anion formed by loss of a proton from the carboxy group of (3-chloro-4-(trifluoromethyl)benzoic acid; principal microspecies at pH 7.3. It has a role as a human xenobiotic metabolite and a mouse metabolite. It derives from a benzoate. It is a conjugate base of a (2,4-dichloro-6-methylphenyl)(1-). It is an enantiomer of a (-)-echitoic acid."
565,"The molecule is a butan-4-olide having a 3-(trifluoromethyl)benzoyl group at the 3-position and two methyl substituents at the 5-position. It has a role as an environmental contaminant, a xenobiotic and a herbicide. It is a member of benzodioxoles, an organofluorine compound, an oxo monocarboxylic acid, an olefinic compound and a thioester. It derives from a 4-methylbutan-2-one. Isolated from Chaetomium"
566," molecule is a homodetic cyclic peptide composed of L-threonine, L-valine and L-tyrosine joined in sequence by peptide linkages. It has a role as a metabolite. It is a tautomer of a N(alpha),N(alpha)-trimethyl-L-threonylglycine zwitterion. It derives from a L-thyroxine, an L-tryptophan and a L-(1-carboxyvinyl)-L-serine. The amide obtained by transfer of a proton from the"
567," molecule is an alpha,omega-dicarboxylic acid that is hexadecane in which one of the terminal methyl hydrogens has been replaced by a carboxy group. It has a role as a human metabolite and a plant metabolite. It is a conjugate acid of a hexadecanedioate. It derives from a hydride of a hentriacontane(1-). It is an enantiomer of a (9Z)-hexadecenedioic acid. It contains a double bond and a (13Z)-octadecenoy"
568, molecule is a myo-inositol monophosphate derivative consisting of 1-O-(6-thiohexylphosphono)-alpha-D-mannopyranose having the phosphate group at the 6-position. It has a role as an Escherichia coli metabolite and a mouse metabolite. It derives from a D-glucitol. It is a conjugate acid of a 6-[(1R)-1-hydroxy-6-(O-sulfoamino)-2-oxohexyl]heptanoyl-sn-glycero
569," molecule is a docosanoid that is (4Z,7Z,10Z,13Z,15E,19Z)-docosahexaenoic acid carrying an oxo substituent at position 7. An intermediate of specialised proresolving mediators. It has a role as a human xenobiotic metabolite and a mouse metabolite. It derives from an all-cis-docosa-4,7,10,13,16,19-hexaenedioic acid. It is a conjugate acid of a 7-oxo-DoHE(1-)."
570," molecule is a butan-4-olide having a chloro substituent at the 3-position and two methyl substituents at the 5-position. It has a role as a xenobiotic, an environmental contaminant and a mouse metabolite. It derives from a butyric acid. It is a conjugate acid of a 3-chloromuconate 4-methyl-5-oxocyclohexane-1,2,4-tricarboxylate (2-). It is an enantiomer of a 2-chloro-3-(4-chlor"
571,"The molecule is a monocarboxylic acid amide obtained by formal condensation of the carboxy group of 3-(2,4-dichlorophenyl)propanoic acid with the amino group of (2,6-dimethoxyphenyl)acetic acid. It has a role as an EC 2.7.11.1 (non-specific serine/threonine protein kinase) inhibitor and an antineoplastic agent. It is a dichlorobenzene, a member of phenylureas, a nitrile, a tertiary amino compound"
572,"The molecule is a monoterpenoid indole alkaloid with formula C21H22N2O3, isolated from several plant species including Alstonia spatulata and Catharanthus roseus. It has a role as a plant metabolite. It is a methyl ester, an organic heteropentacyclic compound, a cyclic ketone, a tertiary amino compound, an oxaspiro compound and a secondary alcohol. It derives from a hydride of an aconitane. Isolated from the endophytic fungus Microdiplodia species, it exhibits cytotoxic"
573,"The molecule is a sulfonamide consisting of benzenesulfonic acid having a sulfo group at the 4-position. It has a role as a hapten and an allergen. It is a conjugate acid of a 4-sulfonamido-4-hydroxynaphthalene-2,7-disulfonamide(1-). It derives from a hydride of a benzenecarboxylic acid. Itis a tautomer of a 2,4-dichlorobenzene-1,2,3-tricarbox"
574," molecule is a 2-oxo monocarboxylic acid that is pyruvic acid in which one of the methyl hydrogens has been replaced by a phenyl group. It has a role as a bacterial xenobiotic metabolite. It derives from an acetic acid. It is a conjugate acid of a 3-(4-coumaroyl)-2-oxopent-4-enoate and a 4-(cis-4,5-dihydro-1H-indol-3-yl)but-2-enoic acid(1-). It is"
575," molecule is a non-proteinogenic alpha-amino acid that is alanine in which one of the methyl hydrogens has been replaced by a 3-carboxypropyl group. It has a role as a metabolite. It is a monocarboxylic acid, a member of cyclopentanones and a secondary amino compound. It derives from a 3-(carboxymethyl)-2-methylbutanoic acid. It contains a (3S)-carboxylatopropan-1-aminium(1+). It is an enantiomer of a (4R"
576," molecule is the stable isotope of gold with relative atomic mass 114.9044, 47.9 atom percent natural abundance and nuclear spin 5/2. It has a role as a human metabolite and a Saccharomyces cerevisiae metabolite. It is a gold coordination entity and a metal allergen. It contains a gold(2+). It derives from a hydride of a chromane. It can be conjugate acid of a chondroitin gamma-spacer(1-). It is an enantiomer of a beryllium (+)-trans-sarcocyan"
577," molecule is an imidazolidine-2,4-dione that is hydantoin substituted by a 3-(dimethylamino)propyl group at position 2. It has a role as a bacterial metabolite. It is a tertiary amine and an organic heterohexacyclic compound. It derives from a hydride of an acetic acid. Used (as its hydrogen fumarate salt) for the control of fungal diseases including Phytophthora infestans, Plasmopara lancilimba and Botrytis cinerea mukulatus. It"
578, molecule is a phosphatidylcholine 38:1 in which the acyl groups specified at positions 1 and 2 are octadecanoyl and (9Z)-hexadecenoyl respectively. It has a role as a mouse metabolite. It derives from an octadecanoic acid and a cis-vaccenic acid. It is a conjugate acid of a 1-stearoyl-2-oleoylglycero-3-phosphocholine(1-). It is an enantiomer of a 3-octadecenoate-1-linoleoy
579," molecule is a member of the class of xanthones that is 9H-xanthen-9-one substituted by hydroxy groups at positions 1, 3, 6 and 8, a methoxy group at position 4 and a methylenedioxy group across positions 1 and 2. Isolated from Cratoxylum Sumatranum, it exhibits cytotoxic activity. It has a role as a metabolite and an antineoplastic agent. It is a gamma-lactone, an enol ether, an organic heterotricyclic compound, a polyphenol, an aromatic ketone"
580," molecule is a member of the class of dioxolanes that is 1,2,3,4-tetrahydrodibenzo[b,f]oxolane substituted by chloro groups at positions 1 and 6 respectively. It has a role as a xenobiotic, an environmental contaminant and a herbicide. It is a dichlorobenzene, an organochlorine compound and a dioxodioxolane. It derives from a hydride of a dibenzocyclohexa-1,6-dien-1(3H)-one. It"
581,The molecule is an acyclic mixed acid anhydride that results from the formal condensation of the phosphoryl group of AMP with the carboxyl group of 2-acetamido-2-deoxy-beta-D-glucopyranose. It has a role as a Mycoplasma genitalium metabolite. It derives from an adenosine 5'-monophosphate. It is a conjugate acid of a 2-(4-O-sulfo-alpha-L-rhamnopyranosyl)succinyl-AMP(2-
582," molecule is an anthocyanin cation that is peonidin substituted at position 3 by a 6-O-(beta-D-glucosyl)-beta-L-rhamnosyl residue. It has a role as a metabolite. It is a rutinoside, a disaccharide derivative, an aminoglycoside, an aromatic ketone, a member of benzodioxoles, a beta-lactoside and a secondary alpha-hydroxy ketone. It derives from a peonidine and a cis-1,4-benzoic acid. It"
583," molecule is an alpha,beta-unsaturated monocarboxylic acid that is acrylic acid in which one of the hydrogens at position 3 is replaced by a methyl group. It has a role as a human metabolite and a mouse metabolite. It derives from an acrylic acid. It is a conjugate acid of a 3-methyl-3-octa-2,4-dienoate(1-). It is an enantiomer of a 2,3-dimethyl-6-oxoheptadecenoic acid (2-heptadienoic acid)."
584," molecule is an organic heterotetracyclic compound isolated from the marine sponge Ianthella and has been shown to exhibit cytotoxic activity. It has a role as a metabolite and an antineoplastic agent. It is a gamma-lactone, an enoate ester, an oxaspiro compound, an organochlorine compound, a secondary alcohol, a tertiary alcohol and a lactol. It derives from a hydride of an aconitane. It contains a tetracosan-1(10),4-diene-6,11-dione"
585," molecule is a 3-oxo monocarboxylic acid that is butanoic acid substituted by a hydroxy group at position 3. It has a role as a metabolite. It derives from a butyric acid. It is a conjugate acid of a 3-(4-hydroxycyclohex-2-en-1-yl)butanoate and a 2,4-dihydro-3-oxobutanoate semialdehyde(1-). It is an enantiomer of a (4S,5R)-3-ammonio-5"
586,"The molecule is a lignan isolated from the stems of Sinocalamus affinis. It has a role as a plant metabolite. It is a member of benzodioxoles, a dimethoxybenzene, a polyphenol, a secondary alcohol, a primary alcohol and an aromatic ketone. It derives from a hydride of a 5,6,7-trihydroxy-1,2,3,4,4a-hexahydro-1H-furo[3,2-c]furan-1(3-),5,6-tetrol"
587," molecule is a 3beta-sterol that is 5alpha-cholesta-8,14-dien-3beta-ol bearing additional hydroxy and oxo substituents at positions 7 and 12 respectively. It has a role as a human metabolite. It is a cholestanoid, a 17beta-hydroxy steroid, an oxaspiro compound and a C21-steroid. It derives from a hydride of a 5alpha stigmastane. Itis a conjugate acid of a 7alpha,12-dihydroxy-3-oxo-5"
588," molecule is a ginsenoside found in Panax species that is dammarane which is substituted by hydroxy groups at the 3beta, 12beta and 20 pro-S positions, in which the hydroxy group at position 6 has been converted to the corresponding beta-D-glucopyranoside, and in which a double bond has been introduced at the 24-25 position. It has a role as a plant metabolite. It is a tetracyclic diterpenoid, a 5beta steroid, a 12beta-hydroxy steroid, an alpha-L-rhamnoside,"
589,"The molecule is a resin glycoside that is the pentasaccharide derivative of jalapinolic acid. Isolated from the aerial parts of Ipomoea pes-caprae, it has been found to exhibit potential inhibitory effect against multidrug resistance in the human breast cancer cell line. It has a role as a metabolite. It is a cinnamate ester and a macrocyclic lactone. It derives from a (S)-2-methylbutyryl-beta-D-glucopyranose and a trans-cinnamic acid. It"
590,"The molecule is an organosulfonate oxoanion resulting from the removal of a proton from both of the sulfo groups of benzenesulfonic acid. The major species at pH 7.3. It has a role as a xenobiotic, an environmental contaminant and a phenothiazine antipsychotic drug. It is a conjugate base of a benzene-1,3,5-triazine-2,4-diylbis(4-hydroxyphenyl)benzoic acid. It derives from a benzene-1',3'-biphen"
591,"The molecule is a 3-oxo-fatty acyl-CoA that results from the formal condensation of the thiol group of coenzyme A with the carboxy group of 2-hydroxyhexacosanoic acid. It has a role as a human metabolite and a Saccharomyces cerevisiae metabolite. It is a conjugate acid of a 2,3-dihydroxyhexanoyl CoA(4-). It is an enantiomer of a (9Z)-3-oxotetradecenoyl-CoAs. It"
592," molecule is a linear amino trisaccharide consisting of beta-D-galactopyranose, 2-acetamido-2-deoxy-beta-L-xylo-hexopyranosyl and D-glucopyransoyl residues linked sequentially (1->3), to the non-reducing-end GlcNAc residue of which is also linked glycosidically to a 5-aminopentyl group. It has a role as an epitope. It is a member of acetamides, an amino sugar and a glucosamine oligos"
593,"The molecule is a member of the class of acetamides obtained by formal condensation of the carboxy group of propionic acid with the amino group of 2-aminopropanecarboxylic acid. Metabolite observed in cancer metabolism. It has a role as a human metabolite and a mouse metabolite. It is an acetamide, a secondary carboxamide and a primary amino compound. It derives from a propionic acetic acid and a 2-amineopropane-1,2,3,4-tetraen-1-amine zwitterion. It"
594," is a 1,2-diacyl-sn-glycero-3-phosphoethanolamine in which the 1- and 2-acyl groups are specified as (4Z,7Z,10Z,13Z,16Z,19Z)-docosahexaenoyl and arachidonoyl respectively. It has a role as a mouse metabolite. It derives from an all-cis-docosa-4,7,10,13,16,19-hexaenoic acid. It is a tautomer of a 1-oleoyl-"
595," molecule is a pyrimidine 2'-deoxyribonucleoside 5'-monophosphate having 5,6-dihydroxyuracil as the nucleobase. It has a role as a Mycoplasma genitalium metabolite. It derives from an UTP. It is a conjugate acid of a dUMP(3-). It is an enantiomer of a (2R)-2-hydroxy-5-(6-O-phosphono-beta-D-ribofuranosylpurin-6-yl)-6-oxo-5,"
596,"The molecule is a dipeptide obtained by formal condensation of the carboxy group of L-tyrosine with the amino group of 2-aminobenzoic acid. It has a role as a chromogenic compound. It is a tautomer of a 2-amino-2-oxopent-4-enoic acid zwitterion. It derives from a 2,3-dihydro-1H-pyrazol-5-carboxylic acid and a 2-(aminobenzyl)butanoic acid (capric acid). It is an"
597,"The molecule is a sulfonamide resulting from the formal condensation of the sulfonic acid group of 4-aminobenzenesulfonic acid with the amino group of 2-(2,4-dichlorophenyl)aniline. It has a role as an EC 2.7.11.1 (non-specific serine/threonine protein kinase) inhibitor and an antineoplastic agent. It is a dichlorobenzene, a N-sulfonylurea, a member of benzimidazoles, a nitrile and a sulfone. It"
598,"The molecule is a ceramide obtained by formal condensation of the carboxy group of icosanoic acid with the amino group of 14-methylhexadecasphingosine. It is a metabolite of the nematode Caenorhabditis elegans. It has a role as an animal metabolite. It derives from an icosanoylsphinga-4E,14-dienine and a hexadecanoic acid (14R,15Z)-tetracosadienoic acid. It contains a 14-O-phytanyl-N-"
599," molecule is a glycosyloxyflavone that is kaempferol attached to a alpha-L-rhamnopyranosyl moiety at position 3 via an amide linkage. Isolated from the aerial parts of Vicia faba and Lotus edulis, it exhibits inhibitory effect on nitric oxide production. It has a role as a metabolite and an EC 1.14.13.39 (nitric oxide synthase) inhibitor. It is a dihydroxyflavonoid, a disaccharide derivative, a monomethoxyflavanone and a member of"
600," molecule is an ammonium ion that is the conjugate acid of 2-aminopropan-1-ol, obtained by protonation of the primary amino group; major species at pH 7.3. It has a role as a human metabolite and a Saccharomyces cerevisiae metabolite. It derives from a butyric acid. It is a tautomer of a 2-ammoniopropanenecyclohexane-1,4-diene-1-(propan-2-yl)butanoic acid zwitterion(1+). It"
601," molecule is an organosulfonate oxoanion resulting from the removal of a proton from each of the sulfo groups of naphthalen-1-sulfonic acid. The major species at pH 7.3. It has a role as a xenobiotic, an environmental contaminant and a phenothiazine antipsychotic drug. It is a conjugate base of a naphthohydroquinone. It derives from a hydride of a 1,4-naphthoquinone(1-). It is an enantiomer of a (2R)-2"
602," molecule is a retinoid that is all-trans-retinoic acid bearing an additional hydroxy substituent at position 4 on the cyclohexenyl ring. It has a role as a human xenobiotic metabolite and a mouse metabolite. It is a 3-hydroxy monocarboxylic acid, a primary allylic alcohol and a retinyl ester. It derives from an allopimar-1,3,4-tetraenoic acid. Note that the term 'prostaglandin F' isomerismorphyrinogen III, a synthetic ret"
603,"The molecule is a 1,2-diacyl-sn-glycerol 3-phosphate in which the acyl substituents at positions 1 and 2 are specified as stearoyl and oleoyl respectively. It derives from an oleic acid and an octadecanoic acid. It is a conjugate acid of a 1-octadecanoyl-2-oleoylglycero-3-diphosphate(2-). It is an enantiomer of a (9Z,12E)-octadeca-9,12-dien"
604," molecule is a triterpenoid saponin of the class of cucurbitane glycosides isolated from Machilus yaoshansis. It has a role as a plant metabolite. It is a beta-D-glucoside, a carboxylic ester, a pentacyclic triterpene and a monosaccharide derivative. It derives from a hydride of an oleanane. It contains a 3beta-hydroxy-5beta-cholesta-8,14-dien-28-oic acid betaine(1+). It"
605," molecule is a pentacyclic triterpenoid of the class of arborinane-type terpenoids isolated from the roots of Rubia yunnanensis. It has a role as a metabolite and a plant metabolite. It is a hydroxy monocarboxylic acid and an olefinic compound. It derives from a hydride of an icosa-5,9,14-trien-20-oic acid (arborinan-1(2H)-one. Isolated from Azadirachta indica and exhibits antileishmanial"
606,"The molecule is a member of the class of pyrrolidin-2-ones that is 1,2,3,4-tetrahydropyrrolidine in which the hydrogen attached to the nitrogen has been replaced by a 3-(dimethylamino)propyl group. It has a role as a human urinary metabolite. It is a tertiary amino compound, a N-acylpiperidine, an olefinic compound and a monocarboxylic acid amide. It derives from a hydride of a 5-[(1E)-3-(trifluor"
607," molecule is the stable isotope of beryllium (+2 oxidation state). It has a role as a human metabolite and a Saccharomyces cerevisiae metabolite. It is an inorganic chloride and a berylium molecular entity. It contains a rubrhodium(2+). It derives from a hydride of a hentrioxane-1,2,3,4-tetraonitrioxane. It are a conjugate acid of a rubroheptide betaine zwitterion (acid form). It is a tautomer of a"
608," molecule is an organosulfonate oxoanion resulting from the removal of a proton from both of the sulfonic acid groups of naphthalene-2,7-disulfonic acid. The major species at pH 7.3. It has a role as a fluorochrome. It is a conjugate base of a naproxen(1-). It is an enantiomer of a (2R,3S)-naproxen hydroxychloride. It derives from a hydride of a 1,4-dihydroxy-6-naphthoquin"
609," molecule is a sulfonamide resulting from the formal condensation of the sulfonic acid group of 3-(trifluoromethyl)propanoic acid with the amino group of 2-aminopropanecarboxylic acid. It has a role as an environmental contaminant and a xenobiotic. It is a member of piperidines and a tertiary amino compound. It derives from a propionic acid and a 2-ammoniopropane-1,2,4-tetraethylsulfonic acid. Used (in the form of its sodium salt) for treatment"
610,"The molecule is a member of the class of imidazoles that is 1H-imidazole substituted by a methyl group at position 2 and a 3-(4-methylpent-3-en-1-yl)propan-2-yl group at positions 5 and 6 respectively. It has a role as an antineoplastic agent, an apoptosis inducer and an EC 1.14.13.70 (sterol 14alpha-demethylase) inhibitor. It is a pyrimidone, a carbamate ester and a hydrazone. It derives from a hydride"
611," is a monocarboxylic acid anion resulting from the removal of a proton from the carboxy group of (2-chloro-4-methoxyphenyl)acetic acid. The major species at pH 7.3. It has a role as a bacterial metabolite. It derives from an acetate. It is a conjugate base of a (2,4-dimethylphenyl)acetate(1-). It is an enantiomer of a dichlorobenzoylaccaic acid and a (S)-methylsuccinic acid zwitter"
612,"The molecule is a 1,2-diacyl-sn-glycero-3-phosphocholine in which the acyl groups at positions 1 and 2 are specified as octadecanoyl and (4Z,7Z,10Z,13Z,16Z,19Z)-docosahexaenoyl respectively. It has a role as a mouse metabolite. It derives from an all-cis-docosa-4,7,10,13,16,19-hexaenoic acid. It is a conjugate acid of a 1-octadecan"
613,The molecule is a dipeptide zwitterion obtained by transfer of a proton from the carboxy to the amino terminus of Leu-Pro. Major species at pH 7.3. It has a role as a human metabolite and a Saccharomyces cerevisiae metabolite. It is a tautomer of a Leu(1+). It derives from a hydride of an aconitane dizwitterionic acid (cis-undecaprenyl) and a Cys(IAN)-tetracontanoylglycine. It
614, molecule is an ammonium ion that is the conjugate acid of 1-aminocyclopropanecarboxylic acid. It has a role as a human metabolite and a Saccharomyces cerevisiae metabolite. It derives from a hexadecane. It is a tautomer of a 1-ammoniohexadecasphinganecarbonylsphinganine zwitterion(1+) and a 1-[(1Z)-1-hydroxypropan-2-yl]pyrrolidin-1-yl}propanoic acid
615," molecule is a nitrile that is acetic acid in which one of the terminal methyl hydrogens has been replaced by fluorine. It has a role as a xenobiotic, an environmental contaminant and a carcinogenic agent. It is a member of fluoromethanes and a C-nitro compound. It derives from a butan-1-ol. It contains a hydride of a butyric acid (buta-1,3-dienyl) and a 1,2,3,4-tetrafluoroacetohydrazide(1-). It is an en"
616," molecule is a linear tetrapyrrole obtained by the enzymic degradation of heme by Mycoplasma genitalium. It has a role as a bacterial metabolite. It is a dicarboxylic acid, a member of pyrroles and an enol. It derives from a hydride of a 5,6-diketocyclohexa-2,5-dien-1(3H)-one. Used (in the form of its tartrate salt) for treatment of complicated urinary tract infections caused by susceptible isolates of Staphylococcus aure"
617,The molecule is a sialotriaosylceramide consisting of beta-D-GalNAc-(1->4)-[alpha-Neu5Ac-(2->3)]-[beta-L-Fuc-(1<->1')-beta-Glc attached to the primary hydroxy function of ceramide(d18:1/22:0). It has a role as a mouse metabolite. It derives from a tricosanoic acid. It is a conjugate acid of a beta-N-acetylneuraminylsphingosine 1-phosphate(
618," molecule is a gallate ester obtained by formal condensation of the carboxy group of gallic acid with the (3S)-hydroxy group of procyanidin B2. It has a role as a metabolite. It is a catechol and a galloyl-beta-D-glucose. It derives from a (+)-cis-cinnabradiol and a hydride of a 1,2,3,4,4a-hexahydro-3H-cyclopenta[c]coumarin. Is it conjugate acid of"
619," molecule is a fatty acid methyl ester resulting from the formal condensation of the carboxy group of palmitic acid with methanol. It has a role as a metabolite. It derives from a hexadecanoic acid. It is a conjugate acid of a 3-hexadecanoyl-1-palmitoylglycero-3-phospho-D-myo-inositol(1-). It is an enantiomer of a 2,3-bis-O-phytanyl-sn-glycerol (2-heptadecan"
620," is a butan-4-olide having a 2-(trifluoromethyl)ethyl group at the 3-position and two methyl substituents at the 5-position. It has a role as an environmental contaminant and a xenobiotic. It derives from a butyric acid. It is a conjugate acid of a (3R,5S)-3,5-dichloro-4-(methylsulfonyl)benzene-1,2,4-tricarboxamide(1-). It is an enantiomer of a (-)-"
621,"The molecule is a monocarboxylic acid anion resulting from the removal of a proton from the carboxy group of (2S,3S)-2-{[(1R)-1-carboxyethyl]amino}propanoic acid. The major species at pH 7.3. It has a role as a bacterial metabolite. It derives from a propionate. It is a conjugate base of a (S,S)-N-acetyl-L-threo-hex-4-enopyranuronic acid]. It is an en"
622," is an acyl-CoA oxoanion arising from deprotonation of the phosphate, diphosphate and carboxylic acid functions of 3-oxo-5,6-dihydroxybenzoic acid; principal microspecies at pH 7.3. It derives from a benzoate. It is a conjugate base of a 3-(3-oxopropanoyl)-CoA(4-). It is an enantiomer of a 4-hydroxybenzoyl-coenzyme A(4-) and a 2,3-saturated fatty"
623,"The molecule is a member of the class of benzamides obtained by formal condensation of the carboxy group of 3-(4-methoxyphenyl)propanoic acid with the amino group of 2-aminonaphthalen-1-ol. It has a role as a chromogenic compound. It is a monomethoxybenzene, a N-acylglycine, an aromatic amide and a benzamide. It derives from a 1-benzofuran-4-carboxylic acid and a 3-(pyridin-3-yl)"
624,"The molecule is a member of the class of xanthones that is 9H-xanthen-9-one substituted by hydroxy groups at positions 1, 3 and 6, a prenyl group at position 2 and a methoxycarbonyl at position 4. Isolated from Cratoxylum Sumatranum, it exhibits cytotoxic activity. It has a role as a metabolite and an antineoplastic agent. It is a phenyl acetate ester, a polyphenol and an aromatic ester. It derives from a hydride of an oleic acid. It"
625,"The molecule is a glycosyloxyflavone that is kaempferol attached to a alpha-L-rhamnopyranosyl residue at position 3 via a beta-glycosidic linkage. Isolated from the aerial parts of Vicia faba and Lotus edulis, it exhibits inhibitory effect on nitric oxide production. It has a role as a metabolite and an EC 1.14.13.39 (nitric oxide synthase) inhibitor. It is a cinnamate ester, a disaccharide derivative, a trihydroxyflavanone and a gly"
626," molecule is a member of the class of xanthones that is 9H-xanthen-9-one substituted by hydroxy groups at positions 1, 3 and 6, a methoxy group at position 5 and a (2S)-2-oxo-3-(4-methoxyphenyl)prop-1-en-2-yl moiety at position 1. Isolated from Cratoxylum Sumatranum, it exhibits cytotoxic activity. It has a role as a metabolite and an antineoplastic agent. It is an aromatic ether, an aromatic ketone,"
627,"The molecule is a non-proteinogenic alpha-amino acid that is cyclohexanecarboxylic acid in which one of the hydrogens attached to the carbon bearing the carboxy group is replaced by a pyrrolidin-2-yl group. It has a role as a bacterial metabolite. It is a member of pyrroles, a tertiary amino compound and an aliphatic nitrile. It derives from a valeric acid and a 4-aminocyclohexane-1,3,4-tricarboxytric acid zwitterion"
628," molecule is a polycyclic cage that is the methyl ester derivative of platensimycin. It is isolated from Streptomyces platensis. It has a role as an antimicrobial agent, an antibacterial agent and a bacterial metabolite. It contains a platensIMycin(1+). It is a conjugate acid of a platencin(1-). It derives from a hydride of a 5alpha-cholesta-8,11beta-dihydro-2H-benzo[a]pyrazine-2-carboxylate. It"
629," molecule is a docosanoid anion that is the conjugate base of (4Z,7Z,10Z,13Z,15E,19Z)-14-hydroperoxydocosapentaenoic acid, obtained by deprotonation of the carboxy group; major species at pH 7.3. It has a role as a human xenobiotic metabolite and a mouse metabolite. It is a hydroperoxy fatty acid anion, a lipid hydroperoxide and a docosahexaenoate. It derives from an all-cis-docosa"
630,"The molecule is a tetrapeptide composed of L-asparagine, L-tryptophan and L-valine joined in sequence by peptide linkages. It has a role as a metabolite. It derives from a L-ascorbic acid, a L-(2-amino-3-carboxypropyl)-L-aspartic acid and a glycine. It is a conjugate acid of a Gly-Asp-Pro-Ala(1-). It is an enantiomer of a Leu-Araf-Glu. It tautomer"
631," is a 2-hydroxy monocarboxylic acid that is pyruvic acid in which one of the methyl hydrogens has been replaced by a phenyl group. It has a role as a bacterial metabolite. It derives from a pent-3-enoic acid. It is a conjugate acid of a 3-(4-hydroxyphenyl)pyruvate semialdehyde(1-). It is an enantiomer of a (2R,3S)-3-[(4-oxo-4,5-dihydro-1H-indol"
632," is a member of the class of benzenesulfonic acids that is benzene-1,3-disulfonic acid in which one of the hydrogens ortho- to the hydroxy group is replaced by a nitro group. It has a role as a xenobiotic, an environmental contaminant and a phenoxy herbicide. It is a C-nitro compound and a sulfonic acid. It derives from a 4-hydroxybenzene-2,4-dicarboxylic acid. Isolated from Zanthoxylum Sumatranum and a benzoic acid."
633," molecule is a nucleoside 3',5'-cyclic phosphorothioate having adenine as the nucleobase (the Sp-stereoisomer). It has a role as a Mycoplasma genitalium metabolite. It is a pyrimidine 2'-deoxyribonucleoside 5'-monophosphate and an organofluorine compound. It derives from an adenosine 5'-end residue of a 3',4'-cyclo-ADP(3-). It is conjugate acid of a N(1)-(3'->5')-din"
634,"The molecule is a beta-D-galactosyl-(1<->1')-N-acylsphinganine in which the acyl group specified is tetracosanoyl. It has a role as a mouse metabolite. It derives from an icosanoic acid. It is a conjugate acid of a sphinga-4E,14Z-dienine(1-). It is an enantiomer of a (2R,3S,4E)-sphingadienine 1-phosphate. It pyranopyranose."
635,"The molecule is a neolignan isolated from the stems of Sinocalamus affinis. It has a role as a plant metabolite. It is a dimethoxybenzene, a member of phenols, a primary alcohol, a secondary alcohol and an aromatic ketone. It derives from a beta-D-glucose and a coniferol. It contains a 3,4-dihydro-2H-1-benzopyran-2-ol(3H)-yl group. Isolated from Chaetomium globosum and a guatemaloid. It"
636,"The molecule is an L-alpha-amino acid zwitterion obtained by transfer of a proton from the carboxy to the amino group of L-2-aminobutyric acid; major species at pH 7.3. It has a role as a human metabolite and a Saccharomyces cerevisiae metabolite. It derives from a butyrate. It is a tautomer of a L-norleucine. The iswitterionic ganglioside GD1(1-), GD2(3-) and gamma-glutamylglutathione."
637,"The molecule is an N-sulfonylurea that is urea in which a hydrogen attached to one of the nitrogens has been replaced by a carboxylic acid group. It has a role as a herbicide, an environmental contaminant and a xenobiotic. It derives from a uracil. It is a conjugate acid of a N(1)-succinylurea(2-). It is an enantiomer of a S-(2-chloro-6-thioxopiperidin-1-yl)urea sulfoximine (acid form)."
638," molecule is a steroid saponin isolated from Ornithogalum thyrsoides and has been shown to exhibit cytotoxic activity against human oral epidermoid (KB), cervical epitheloid (Hela) and liver (hepa59T/VGH) carcinoma cells. It has a role as a metabolite and an antineoplastic agent. It is a beta-D-glucoside, a monosaccharide derivative, a 3alpha-hydroxy steroid, an enoate ester and a cholestanoid. It derives from a hydride"
639," molecule is a proanthocyanidin consisting of two molecules of (+)-catechin joined by a bond between positions 4 and 6' in a beta-configuration.. Procyanidin B1 can be found in Catecholium globosum. It has a role as a metabolite, an antioxidant and a mouse metabolite. It is a hydroxyflavan, a polyphenol and a biflavonoid. It derives from a (+)-gallocatechin. It stems from a hydride of a (-)-epicatechin(1+). It is an enantiomer"
640," molecule is a polycyclic cage that is the methyl ester derivative of platensimycin. It is isolated from Streptomyces platensis. It has a role as an antimicrobial agent, an antibacterial agent and a bacterial metabolite. It contains a platensIMycin(1+). It derives from a brevianamide F-15. Aclacinomycete dioxygenase 2 inhibitor platensitamide (streptomycin delta2). It is a conjugate acid of a clacencetin(1-) macromolecule(1-"
641," molecule is a member of the class of phenylureas that is urea substituted by chloro groups at positions 1, 3 and 5. It has a role as a xenobiotic, an environmental contaminant and a herbicide. It is a dichlorobenzene, a monocarboxylic acid and an organochlorine compound. It derives from a hydride of a 1,3,5-trichloro-1,2,4-tetrafluoro-6-quinohepta-1(4H)-dien-1-yl group. It"
642, molecule is an organophosphate oxoanion obtained by deprotonation of the phosphate OH groups of alpha-D-galactopyranose 1-phosphate; major species at pH 7.3. It is a carbohydrate acid derivative anion and a monocarboxylic acid anion. It derives from an alpha-L-Fucp-(1->3)-beta-D-[(1->4)]-beta-GlcpNAc-(1<->1')-Cer(d18:0/20:0(1-). It is an enantiomer
643,"The molecule is a member of the class of phenylureas that is urea in which one of the nitrogens has been replaced by a 2-(2,4-dichlorophenyl)ethyl group. It has a role as a xenobiotic, an environmental contaminant and a herbicide. It is a dichlorobenzene, a monocarboxylic acid amide, a N-sulfonylurea and a tertiary carboxamide. It derives from a 1,3-thiazole-5-carboxypropanoic acid and a urea."
644," molecule is an amino cyclitol glycoside that is 1D-myo-inositol in which the hydrogen attached to the carbon bearing the hydroxy group has been replaced by a methoxy group. It has a role as a Mycoplasma genitalium metabolite. It is a mycotoxin, a secondary amino compound, a primary amino compound and an aromatic ketone. It derives from a myosine 5'-monophosphate. Ido-Pro-1-D-Manp-(1D-2-amino-4-oxo-3,4-dihydro"
645," molecule is a 2-oxo monocarboxylic acid that is pyruvic acid in which one of the methyl hydrogens has been replaced by a carboxy group. It has a role as a bacterial metabolite and a human metabolite. It derives from an acetic acid. It is a conjugate acid of a (2Z)-2-hydroxy-3-methylbut-2-enoate(1-). It is an enantiomer of a 3-carboxy-4-oxobutanoic acid, a 4-hydroxyphenylpyruv"
646,"The molecule is an acyl-CoA resulting from the formal condensation of the thiol group of coenzyme A with the 1-carboxy group of (2R)-2-hydroxy-3-methylbutanoic acid. It derives from a (R)-lactic acid and a (S)-2,3-dihydro-1H-pyrido[3,2-a]pyrazin-5(6H)-one. It is a conjugate acid of a (4R)-4-hydroxypyridoxan-2-ylacet"
647," molecule is a docosanoid that is (7Z,10Z,13Z,15E,19Z)-docosapentaenoic acid carrying an oxo substituent at position 17. An intermediate of specialised proresolving mediators. It has a role as a human xenobiotic metabolite and a mouse metabolite. It derives from an all-cis-docosa-7,10,13,16,19-hexaenoate. It is a conjugate acid of a 17(S)-HDoHE(1-). It is an enantiomer of"
648," molecule is a member of the class of ureas that is urea substituted by an amino group at position 1. It has a role as a metabolite. It derives from a urea. It is a conjugate acid of a 1-amino-1-carboxylatomethylurea(1-). It is an enantiomer of a 2-ammonio-6-oxohexane-1,2,3,4-tetraethylidenecyclohexanecarboxylic acid and a 4-aminobutanoic acid."
649,"The molecule is an acetate ester obtained by the formal condensation of the carboxy group of 4-methoxyphenylacetic acid with acetic acid. It has a role as a metabolite. It is an aromatic ketone, a monomethoxybenzene and a member of phenyl acetates. It derives from a 4-(methylamino)butan-2-one and a phenylacetate. Isolated from Myrsine seguinii, it exhibits inhibitory activity against alpha-glucosidase and trypanocidal activiation."
650," molecule is an L-alpha-amino acid zwitterion obtained by transfer of a proton from the carboxy to the amino group of L-tryptophan; major species at pH 7.3. It has a role as a human xenobiotic metabolite and a plant metabolite. It is a tautomer of a L-tyrosylserine. It derives from a D-tyrosine(1+). It is conjugate acid of a 2,3-dihydroxy-L-tyroxysuccinate. Isolated from the roots of L"
651," molecule is a heparin octasaccharide consisting of 4-deoxy-2-O-sulfo-alpha-L-threo-hex-4-enopyranuronosyl, beta-D-glucopyranosyl, (5xi)-D-xylono-1,4-diene-1-carboxylic acid and 2-deoxypentanoic acid in which the hydroxy group at position 6 of the terminal Kdo moiety has been glycosylated by L-idopropyl. Sequence: IdoA"
652," molecule is a 1-phosphatidyl-1D-myo-inositol 3,4,5,6-pentakisphosphate in which both phosphatidate and acyl groups are specified as linolenoyl (9Z,12Z-octadecadienoyl). It derives from a linolenic acid. It is a conjugate acid of a 1,2-dilinoleoyl-sn-glycero-3-bisphospho-(1'-alpha-D-glucosyl)-1-diphospho-dit"
653,"The molecule is a monocarboxylic acid amide obtained by formal condensation of the carboxy group of 3-(trifluoromethyl)piperazin-1-amine with the secondary amino group of 1-(2,4-dichlorophenoxy)propanoic acid. It has a role as an EC 2.7.11.1 (non-specific serine/threonine protein kinase) inhibitor and an antineoplastic agent. It is a member of piperazines, a dichlorobenzene, a tertiary amino compound and a"
654,"The molecule is a member of the class of chalcones that is trans-chalcone substituted by hydroxy groups at positions 4, 2' and 4', methoxy group at position 6 and a 3-hydroxy-3-methylbut-1-en-2-yl moiety at position 3'. Isolated from Humulus lupulus, it exhibits inhibition of NO production. It has a role as a metabolite and an EC 1.14.13.39 (nitric oxide synthase) inhibitor. It is a dimethoxybenzene, a polyphenol, a secondary alcohol and"
655," molecule is an icosatrienoic acid having three cis-double bonds at positions 11, 14 and 17. It has a role as a human metabolite and a mouse metabolite. It is a conjugate acid of an 11,14,17-EET(1-). It is an enantiomer of an (11Z,14R,17S)-EET. It derives from an icosa-4,6,8,11,14-tetraenoic acid and a (9Z,12E)-octadeca-9,12,15-trieno"
656," molecule is a member of the class of benzaldehydes that is salicylaldehyde in which the hydrogen ortho- to the carboxy group is replaced by a hydroxy group. It has a role as a Brassica napus metabolite and a human xenobiotic metabolite. It is a conjugate acid of a 3-(4-hydroxyphenyl)benzaldehyde(1-). It derives from a hydride of an o-salicylglycerol. Itis a tautomer of a 2,4-dihydroxybenzoic acid. It"
657," molecule is a dicarboxylic acid dianion resulting from the removal of a proton from both of the carboxy groups of aklanonic acid. The major species at pH 7.3. Published in http://dx.doi.org/10.1016/j.tet.2013.07.029 It has a role as an EC 2.7.11.1 (non-specific serine/threonine protein kinase) inhibitor, an antineoplastic agent and a bacterial metabolite. It is a conjugate base of an aklanonin(1+"
658," molecule is a sphingoid obtained by formal condensation of the carboxy group of icosanoic acid with the amino group of 14-methylhexadecasphingosine. It has a role as a Caenorhabditis elegans metabolite and a mouse metabolite. It derives from an icosa-4,6,9,14-tetraenoic acid. It is a conjugate acid of a 14-[(1S)-1-hydroxy-14-methylpentadecaphytosphingosyl]sphinganine(1-). It is"
659,"The molecule is an (omega-1)-hydroxy fatty acid ascaroside obtained by formal condensation of the alcoholic hydroxy group of (2E,12R)-12-hydroxytridec-2-enoic acid with ascarylopyranose (the alpha anomer). It is a metabolite of the nematode Caenorhabditis elegans. It has a role as a Chaetomium cupreum metabolite. It is an alpha,beta-unsaturated monocarboxylic acid and an olefinic compound. It derives from a"
660," molecule is a cyclodepsipeptide isolated from Jaspis splendens. A derivative of jaspamide, it has been shown to exhibit cytotoxic and microfilament disruption activity. It has a role as an actin polymerisation inhibitor, an antineoplastic agent, an animal metabolite and a marine metabolite. It is a member of phenols, an organobromine compound, a cyclic ether, a tertiary amino compound and a secondary alcohol. It derives from a tiglic acid, a 2-aminopropanecarboxylic acid and a 4-am"
661," molecule is a dicarboxylic acid dianion obtained by deprotonation of both carboxy groups of gibberellin A14 (diacid form). It is a conjugate base of a pimeloylglutamic acid. It is an enantiomer of a (2R,3S)-diacetyl-4-methylidenecyclohexane-2,4-dienedioate(2-). It derives from a hydride of a 1,2,3-tetrahydrodibenzo[b"
662, molecule is an organic cation resulting from the protonation of the tertiary amino group of akuammicine. The major species at pH 7.3. It has a role as an antineoplastic agent and a plant metabolite. It is an ammonium ion derivative and an indolocarbazole(1+). It is a conjugate acid of an akuimetabine. It derives from a hydride of an an aklanonitrile. Isolated from Tabebuia impetiginosa and exhibits cytotoxicity against human oral epidermoid carcin
663," molecule is an amino trisaccharide consisting of 2-acetamido-2-deoxy-beta-D-glucopyranose, alpha-L-rhamnopyranosyl and 2-N-acetyl-alpha-neuraminic acid residues joined in sequence by (1->3) glycosidic bonds. It is a member of acetamides, an amino sugar and a monocarboxylic acid amide. It derives from a N-acetyllactosamine and an alpha-lactose. It are a conjugate acid"
664,The molecule is a ceramide obtained by formal condensation of the carboxy group of icosanoic acid with the amino group of 14-methylhexadecasphingosine. It is a metabolite of the nematode Caenorhabditis elegans. It has a role as an animal metabolite. It derives from an (11Z)-icos-11-enoic acid and a hexadecaphytosphingolipid IV:0(1-). It is an enantiomer of a 14-(beta-D-galactopyranosyloxy)sp
665," molecule is an N-acyl-(2S)-hydroxyglycinate resulting from the deprotonation of the carboxy group of N-arachidonoyl-(4Z,7Z,10,13Z,16Z,19Z)-docosahexaenoic acid. The major species at pH 7.3. It is a conjugate base of a N-aryl-L-cysteinylglycine(1-). It is an enantiomer of a L-alpha-amino acid anion. It derives from a tiglic acid and an all"
666,"The molecule is an L-alpha-amino acid zwitterion obtained by transfer of a proton from the carboxy to the amino group of L-tryptophan; major species at pH 7.3. It has a role as a human urinary metabolite and a human xenobiotic metabolite. It is a tautomer of a L-tyrosylserine. It derives from a 2,3-dihydro-L-tyrosine(1+). It is an enantiomer of an ent-tyrobioic acid. Note that the taut"
667,"The molecule is a glycosyloxyflavone that is kaempferol attached to a beta-D-glucopyranosyl moiety at position 7 via a C-glycosidic linkage. It has a role as a metabolite. It is a cinnamate ester, a monosaccharide derivative, a pentacyclic triterpenoid, a member of 3'-hydroxyflavonols and a triO-(cis-5,6-dihydroxybenzoyl)glucosylcerol. It derives from a kaemp"
668," molecule is a 2-oxo monocarboxylic acid that is pyruvic acid in which one of the methyl hydrogens is replaced by an oxo group. It has a role as a bacterial metabolite and a fungal metabolite. It derives from a butyric acid. It is a conjugate acid of a 3-(4-hydroxycyclohex-2-en-1-ylidene)pyruvate(2-). It is an enantiomer of a (3Z,4-dihydro-2H-pyrazol-5-"
669," molecule is a nucleotide-sugar oxoanion that is the conjugate base of UDP-beta-L-rhamnose, arising from deprotonation of the diphosphate group and protonation in the amino group; major species at pH 7.3. It has a role as a human metabolite and a Saccharomyces cerevisiae metabolite. It is an UDP-amino sugar anion and a monocarboxylic acid anion. It derives from a N-acetyl-D-glucosamine(2-). It is a conj"
670,"The molecule is a docosanoid that is (4Z,7Z,10Z,13Z,15E,19Z)-docosahexaenoic acid carrying two hydroperoxy substituents at positions 7 and 17 (the 7S,17S-stereoisomer). An intermediate of specialised proresolving mediators. It has a role as a human xenobiotic metabolite and a mouse metabolite. It derives from an all-cis-docosa-4,7,10,13,16,19-heptanoic acid. It is a conjug"
671," molecule is a steroid glucuronide anion that is the conjugate base of hyodeoxycholic acid 24-O-(beta-D-glucuronide) arising from deprotonation of the carboxylic acid function; major species at pH 7.3. It has a role as a human xenobiotic metabolite. It is a beta-d-hydroxy ketone, a 17-oxo steroid, a fluorinated steroid, an O-acyl carbohydrate, a 3alpha-hydroxydocorticoid, a methyl ester, a monocarboxy"
672,"The molecule is a member of the class of benzamides obtained by formal condensation of the carboxy group of 2-(4-chlorophenyl)piperidine-4-carboxylic acid with the amino group of 1-(2,6-dichlorobenzyl)aniline. Used (in the form of its sodium salt) for treatment of angina who have intolerance to beta blockers and/or heart failure. It has a role as an antihypertensive agent, an EC 3.4.21.26 (prolyl oligopeptidase) inhibitor and an"
673," molecule is an organic cation that is the conjugate acid of L-lysine, obtained by protonation of the amino group; major species at pH 7.3. It has a role as a human metabolite and a Saccharomyces cerevisiae metabolite. It is an ammonium ion derivative and an omega-(methylsulfanyl)alkane-alpha,omega dicarboxylic acid zwitterion. It derives from a lysinium(1+). It is a tautomer of a N(2),N(6)-trimethyl-L"
674,"The molecule is an acyl-CoA(4-) oxanion arising from deprotonation of the phosphate and diphosphate OH groups of 3-oxodecanoyl CoA; major species at pH 7.3. It has a role as a human metabolite and a Saccharomyces cerevisiae metabolite. It is a conjugate base of a 3-(3-oxopalmitoyl)-CoA. It derives from a hydride of a decane-1,4-diene-1-carboxylic acid (2-). It is"
675," molecule is a monocarboxylic acid that is propionic acid in which one of the methyl hydrogens has been replaced by an oxo group. It has a role as a human urinary metabolite and a human xenobiotic metabolite. It derives from a 3-oxopropan-1-ol. It is a conjugate acid of a 3-(4-hydroxy-5-methylpent-3-enoic acid)propanoate(1-). It is an enantiomer of a 4-(2,4-dihydroxy-6-methylbenzoyl"
676,"The molecule is an organosulfonate oxoanion resulting from the removal of a proton from both of the sulfonic acid groups of 5-[(4-methoxyphenyl)diazenyl]naphthalene-2,7-disulfonic acid. The major species at pH 7.3. It is a conjugate base of a naphthalenofluorobenzene-1,3,5-tricyclohexanecarboxylic acid. It derives from a taurine(1+). It is an enantiomer"
677," molecule is a fatty acid methyl ester resulting from the formal condensation of the carboxy group of oleic acid with methanol. Metabolite observed in cancer metabolism. It has a role as a human metabolite and a plant metabolite. It is an alpha,beta-unsaturated monocarboxylic acid, an olefinic compound and a fatty alcohol. It derives from a (9Z,12Z)-octadecadienoic acid and a hexadeca-9,12-diene-1,15-dioic acid.. It is a conj"
678,"The molecule is a monocarboxylic acid amide resulting from the formal condensation of the carboxy group of 3-(pyridin-3-yl)propanoic acid with the amino group of piperidine. It has a role as a mu-opioid receptor agonist, an environmental contaminant and a xenobiotic. It is a member of pyridines and a tertiary carboxamide. It derives from a 4-piperidine-2-carboxyphenylpropan-1-amine and a 2-phenylethanolamine. It"
679,"The molecule is a member of the class of benzaldehydes carrying methoxy and 3-methoxyphenyl substituents at positions 4 and 6 respectively. It has a role as a Brassica napus metabolite. It is a monomethoxybenzene, an aromatic ketone, a polyphenol and a primary alcohol. It derives from a benzoic acid. It contains a vanilloyl group(1+). It is an enantiomer of a (2S)-trans-sinapyltyrosol. It tautomer of an isoliquiritigenin"
680," molecule is a member of the class of imidazoles that is 1H-imidazole in which the hydrogen attached to the nitrogen has been replaced by a 2-(4-methoxyphenyl)ethyl group. It has a role as an antineoplastic agent, an EC 2.7.11.1 (non-specific serine/threonine protein kinase) inhibitor and an angiogenesis modulating agent. It is a tertiary amino compound, a substituted aniline, an aromatic ether and a nitrile. It derives from a hydride of a 1"
681," molecule is a germacrane sesterterpenoid isolated from Tanacetum vulgare. It has a role as a metabolite and a plant metabolite. It is a gamma-lactone, a cyclic terpene ketone, an enol, a secondary alcohol, a tertiary alcohol and a diol. It derives from a hydride of a tetracyclo[6.3.1.0(2,4)]undecane. Is it is a conjugate acid of a 4-hydroxygermacra-1(10),4(13)-"
682,"The molecule is a cinnamate ester obtained by formal condensation of the carboxy group of trans-caffeic acid with the 5-hydroxy group of (-)-quinic acid. It has a role as a metabolite. It is a member of phenols, a beta-D-glucoside, a monosaccharide derivative, a tetrahydroxyflavan, a polyphenol and a C-glycosyl compound. It derives from an (E)-cis-5,6-dihydroxyhepta-2,4-diene-1"
683,"The molecule is a member of the class of xanthones that is 9H-xanthen-9-one substituted by hydroxy groups at positions 1, 3, 6 and 8, a hydroxymethyl group at position 4 and a beta-D-glucopyranosyloxy residue at position 1 via a glycosidic linkage. Isolated from Cratoxylum Sumatranum, it exhibits inhibitory activity against acyl-CoA:cholesterol acyltransferase 2. It has a role as a metabolite and an EC 2.3.1.26 (sterol"
684," molecule is an acyclic carotene that is lycopene in which one of the terminal methyl hydrogens has been replaced by a hydroxy group. It has a role as a bacterial metabolite. It derives from a hydride of a gamma-carotene. It is a conjugate acid of a 3,4-dihydroxy-5,6,7,8-tetrahydro-2H-pyrrole(1-). It is an enantiomer of a (3R,4S,5R)-3,4,5,5',"
685,"The molecule is a beta-D-galactosyl-(1<->1')-N-acylsphinganine in which the acyl group specified is tetracosanoyl. It has a role as a mouse metabolite and a rat metabolite. It derives from an icosanoic acid. It is a conjugate acid of a sphinga-4E,14Z-dienine(1-). It is an enantiomer of a (1S,2R)-sphingadienine 1-phosphate.it is a tautomer of"
686," molecule is a dicarboxylic acid monoamide resulting from the formal condensation of one of the carboxy groups of oxoacetic acid with the amino group of (2S)-2-amino-4-(3-oxopyridin-1-yl)butanoic acid. It has a role as a hapten. It is a member of pyrroles, a diketone, an aromatic ketone and a polyketide. It derives from a 2-aminoadipic acid and an oxo acetic acid. Found in chicory. It"
687," molecule is a member of the class of imidazoles that is 1H-imidazole substituted by a methyl group at position 5 and a (2,4-dihydroxy-6-methylpyridin-3-yl)nitrilo group at positions 2 and 3 respectively. It has a role as a xenobiotic, an environmental contaminant and a herbicide. It is a pyridinemonocarboxylic acid, a nitrile and a hydroxypyridine. It derives from a hydride of an imidazo[1,2"
688," molecule is a pyrrolizine alkaloid that is produced by several Jacobaea species. It has a role as a Jacobaea metabolite. It is a macrocyclic lactone, an olefinic compound, a tertiary amino compound, an organic heteropentacyclic compound and a spiro-fused bicyclic hydrocarbon. It derives from a senecionan. Isolated from Tabebuia impetiginosa and exhibits antiplasmodial activity against Plasmodiophora lysophilvum and Sclerotinium camphorsii."
689," molecule is a member of the class of imidazoles that is 1H-imidazole which is substituted at positions 1, 3, and 5 by 2,4-dichloro-4-(trifluoromethyl)benzoyl, cyano, (pyridin-3-yl)sulfinyl, and amino groups, respectively. It is a dichlorobenzene, a nitrile, an organofluorine compound, a secondary amino compound and a tertiary amino compound. It derives from a pyridine-2,4(1"
690,"The molecule is an L-alpha-amino acid zwitterion that is L-tyrosine in which a proton has been transferred from the carboxy group to the amino group. It is the major species at pH 7.3. It has a role as a human metabolite and a Saccharomyces cerevisiae metabolite. It derives from a DOTA(1-). It is a tautomer of a L-dodecyl-L-tyrosylglycero-D-serine. It are conjugate acid of a 2,3-d"
691,The molecule is an L-alpha-amino acid zwitterion obtained by transfer of a proton from the carboxy to the amino group of L-norleucine; major species at pH 7.3. It has a role as a human metabolite and a Saccharomyces cerevisiae metabolite. It is a tautomer of a Leu-Leu. It derives from a leucine(1+). It is conjugate acid of a (2S)-2-carboxylato-L-Norleucinium(1+) dizwitter
692," molecule is a diterpene lactone isolated from the whole plants of Ajuga ciliata. It has a role as a plant metabolite. It is an acetate ester, a butenolide, a dicarboxylic acid monoester and a tertiary alcohol. It derives from a hydride of an aconitane-1,3,6-tetraenoic acid and a 4-hydroxy-3-methoxyphenolacrane(1-). It is a conjugate acid of a tiglic acid dizwitter"
693,"The molecule is a member of the class of phenols that is phenol substituted by methoxy groups at positions 2 and 3 respectively. It has a role as a plant metabolite. It is a dimethoxybenzene, a polyphenol and an aromatic ether. It derives from a hydride of a 1-phenyl-2,3-dimethylbutan-1-ol. Isolated from the stems of Sinocalamus affinis, it exhibits inhibitory activity against acyl-CoA:cholesterol acyltransferase 2 (ACAT-2) and acetylcholines"
694," molecule is a monocarboxylic acid anion that is the conjugate base of 13-[(9Z)-hexadecenoyloxy]octadecanoic acid, obtained by deprotonation of the carboxy group; major species at pH 7.3. It derives from an octadecenoate and a hexadecanoate. It is a tautomer of a 13-(11-carboxylatomethyl)octadeca-9,12-diene-1-saturated fatty acid zwitterion (the R-enantiomer)."
695," molecule is a member of the class of cleistanthins that is cleistanthin A in which the hydroxy group at position 3 has been replaced by a methoxy group. It has a role as a metabolite. It is an aromatic ether, a cyclic ketone, a polycyclic cage, a secondary alcohol, a tertiary alcohol and a dihydroxybenzoate ester. It derives from a 6-amino-6-deoxy-Delta(4)-GlcpA-(1->3)-beta-D-Glcp-1-en-2-ol and a cleistan"
696,"The molecule is a monocarboxylic acid amide obtained by formal condensation of the carboxy group of 4-aminobenzoic acid with the amino group of (2-naphthyl)acetic acid. It has a role as a chromogenic compound. It is a member of naphthalenes, a nitrile, an aromatic amide and a sulfonamide. It derives from a benzoylagmatine and a 4-amino-4-hydroxy-3-methylbutanoic acid. Isolated from Chaetomium globosum. It"
697,"The molecule is a 3-hydroxy fatty acyl-CoA(4-) obtained by deprotonation of the phosphate and diphosphate OH groups of (3R,21Z,24Z,27Z,30Z)-3-hydroxydotriacontatetraenoyl CoA; major species at pH 7.3. It is a conjugate base of a (2R,3R),21beta,24zymosterol 3-O-phosphate. It derives from a hexadecan-3-enoate and a (11Z)-"
698," molecule is the D-enantiomer of glucaric acid. It has a role as an Escherichia coli metabolite and a mouse metabolite. It is a conjugate acid of a D-glucaro-1,4-lactarate(2-) and a L-threo-hex-4-enopyranuronate(3-). It is an enantiomerative of a keto-L-threonine. It derives from a propionylglycic acid (2-keto-3-dehydro-D-galactop"
699," molecule is a pyrimidine 2'-deoxyribonucleoside 5'-monophosphate having thymine as the nucleobase. It has a role as an Escherichia coli metabolite and a mouse metabolite. It derives from a thymine. It is a conjugate acid of a dTDP-4-amino-4,6-dideoxy-D-threo-hex-3-enopyranose 5'-phosphate(2-). It is an enantiomer of a 4-O-(6-O-phosphono-"
700," molecule is a member of the class of chromenes that is 2H-1-benzopyran-7-ol acetate substituted by methyl groups at positions 2 and 2, a prenyl group at position 4 and a (2E)-3-(4-methoxyphenyl)prop-2-enoyloxy group across positions 6 and 8 respectively. Isolated from Mallotus philippensis, it exhibits anti-angiogenic activity. It has a role as an angiogenesis inhibitor and a metabolite. It is an acetate ester, a monomethoxy"
701," molecule is a member of the class of phenylureas that is urea in which one of the nitrogens has been substituted by a 3-(tert-butylamino)propyl group, while the other has been converted to the corresponding 1H-pyrazol-5-ylthiourea. It has a role as a xenobiotic, an environmental contaminant and a herbicide. It is a pyridinone, a secondary amino compound, a tertiary amino compound and a primary amino compound. It derives from a 2-aminopropan-1-ol. It"
702," molecule is a butane-1,3,5-tricarboxylic acid that is butane substituted by hydroxy groups at positions 2 and 3 (the R-enantiomer). It has a role as a bacterial metabolite. It derives from a hydride of a butanedioic acid. It is a conjugate acid of a (R)-2,3-bis(hydroxy)butane-4,4-diol disaccharide(1-). It is an enantiomer of a (-)-D-erythro-butane-(1->3)-"
703,"The molecule is an O-acyl carbohydrate that is beta-D-glucose in which the anomeric hydroxy hydrogen has been replaced by a 1H-indol-3-yl group. It has a role as a Brassica napus metabolite and a mouse metabolite. It is an indolyl carbohydrate, a monohydroxybenzoic acid, an olefinic compound and a member of indoles. It derives from a 3-hydroxy-4-methoxyphenylglycinnamic acid and a gamma-L-rhamnopyranose"
704, molecule is a branched amino pentasaccharide consisting of beta-D-galactose at the reducing end having an alpha-L-fucosyl-(1->3)-[beta-D]galactosyl moiety attached at the 3-position of the galactose via a beta-linkage. It has a role as a carbohydrate allergen. It is a galactosamine and an omega-(methylsulfany)alkylglucosamine. It derives from a N-acetyllactosaminyl-(6-O-sulfo-beta
705,"The molecule is a quassinoid isolated from Quassia indica and has been shown to exhibit cytotoxic activity. It has a role as a metabolite and an antineoplastic agent. It is a delta-lactone, a cyclic ether, an organic heteropentacyclic compound, a polycyclic cage, a secondary alcohol, a tertiary alcohol, an enoate ester, a methyl ester and a quaternary ammonium ion. It derives from a 3,4-dihydroxy-5-methoxy-2-methylbenzoic acid"
706," molecule is a member of the class of dibenzofurans that is dibenzo[b,d]furan substituted by chloro groups at positions 2 and 6, fluorine atoms at positions 3 and 7 and chlorine at position 4. It has a role as a xenobiotic, an environmental contaminant and a phenoxy herbicide. It is an organochlorine compound, an organofluorine compound and an aromatic ketone. It derives from a hydride of a 1,3,7-trichlorohepta-2,4-dien-1-"
707," molecule is a monoterpenoid indole alkaloid with formula C21H26N2O3, isolated from several plant species including Alstonia spatulata and Catharanthus roseus. It has a role as a plant metabolite. It is a delta-lactam, an organic heteropentacyclic compound, a cyclic ketone, a methyl ester, a tertiary amino compound, an oxabicycloalkane, a secondary alcohol, a primary alcohol and a monocarboxylic acid amide. It derives from a hydride of an ac"
708," molecule is an ammonium ion resulting from the protonation of the pyrrolidine nitrogen of (R)-pyrrolidin-2-amine. The major species at pH 7.3. It has a role as a serotonergic agonist and a dopaminergic antagonist. It is a conjugate acid of a nicotine blue. It derives from a hydride of a 5,6,7,8-tetrahydronaphtho[1,2-a]pyraline. Note that the enantiomer of nicotine blue(1+). It is an enanti"
709,"The molecule is a thiazolidinemonocarboxylic acid that is 4-aminobenzoylacetic acid in which the hydrogen attached to the nitrogen is replaced by a 1,3-thiazolidin-4-yl group. It has a role as a hapten and an allergen. It is a conjugate acid of a 3-[(1S,3S)-3-hydroxy-5-(2-carboxyethyl)pyridin-2-yl]benzoylacetamide(1-). It is an enantiomer of"
710,"The molecule is a member of the class of benzamides obtained by formal condensation of the carboxy group of 3-(4-methoxyphenyl)pyrazole-5-carboxylic acid with the amino group of 2-aminopyridin-3-amine. It has a role as an EC 2.7.11.1 (non-specific serine/threonine protein kinase) inhibitor, an antineoplastic agent and a vascular endothelial growth factor receptor antagonist. It is a N-alkylpyrrolidine, an aromatic amide,"
711,"The molecule is a monocarboxylic acid amide obtained by formal condensation of the carboxy group of 4-aminobenzoic acid with the amino group of glycine. It has a role as a hapten and an allergen. It is a nitrile, a member of benzoic acids and a N-acylglycinate. It derives from a 4-(aminobenzyl)-N-(2-carboxypropanoylamino)butanoic acid and a benzamide. Used (in the form of its sodium salt) for treatment of"
712," molecule is a homodetic cyclic peptide composed of L-threonine, L-proline and L-valine joined in sequence by peptide linkages. It has a role as a metabolite. It is an organic heterotetracyclic compound, a homoallylic alcohol and a threonine derivative. It derives from a L-thyroxine and a N-tert-butylglycine. It am enantiomer of a DY-734-7,12-dihydro-2H-pyrrolo[2,3-"
713," molecule is a monocarboxylic acid that is acetic acid in which one of the methyl hydrogens is replaced by an oxo group. It has a role as a human urinary metabolite and a human xenobiotic metabolite. It is a cyclic ketone, a member of pyrrolidin-2-ones and a monohydroxypyrrolidine. It derives from a hydride of a 5-oxo-5alpha-cholesta-8,14-dien-3beta-ol. Used (as its hydrogen fumarate salt) for treatment of"
714,The molecule is an organic cation obtained by protonation of the imidazole group of (S)-tosufloxacin. It is an ammonium ion derivative and an indole-3-sulfonate salt. It derives from a tasenapine(1+). It is a conjugate acid of a (R)-nipecotic blue 5B(2+).it is an enantiomer of a nipecoconazole(1+) and a (NADH:ubiquinone)(1-). Itis a tautomer of
715," molecule is an alpha,omega-dicarboxylic acid that is hexadecane in which one of the terminal methyl hydrogens has been replaced by a carboxy group. It has a role as a human metabolite and a plant metabolite. It is a conjugate acid of a 3-hydroxyhexadecanedioate. It derives from a hydride of a hexadeca-1,3,6-trienoic acid (lauric acid). It is an enantiomer of a 2,3-dodecanedioic acid. It"
716,"The molecule is a tetracyclic diterpenoid isolated from the leaves of Rosa laevigata. It has a role as a plant metabolite. It is an acetate ester, a cyclic terpene ketone, a monocarboxylic acid, a secondary alcohol, a tertiary alpha-hydroxy ketone and a member of octahydronaphthalenes. It derives from a hydride of a 5alpha-cholesta-8,11,14-trien-21-oic acid. Isolated from the stems of Aglaia abbrevi"
717,"The molecule is a dipeptide formed from L-proline and L-aspartic acid residues. It has a role as a metabolite. It derives from a L-Proline and a glycine. It is a tautomer of a Pro-Hyp zwitterion. It contains a proliniumyl group. It conjugate acid of a prolyl aminocyclohexane-1,4-diamine(1+). It is an enantiomer of an alpha-ammonio-beta-hydroxy-D-glutamic acid zw"
718," molecule is a resin glycoside that is the pentasaccharide derivative of jalapinolic acid. Isolated from the aerial parts of Ipomoea pes-caprae, it has been found to exhibit potential inhibitory effect against multidrug resistance in the human breast cancer cell line. It has a role as a metabolite. It is a cinnamate ester and a macrocyclic lactone. It derives from a (S)-2-methylbutyric acid, an (omega-1)-hydroxy fatty acid ascaroside and a (4S)-"
719,The molecule is an L-alpha-amino acid zwitterion obtained by transfer of a proton from the carboxy to the amino group of L-glutamic acid; major species at pH 7.3. It has a role as a human metabolite and a Saccharomyces cerevisiae metabolite. It is a tautomer of a (2R)-2-ammonio-2-carboxyethylglutamate(1-). It derives from a hydride of a gamma-lactam(1-) and a glutamine. It conjugate base
720," molecule is a steroid glucuronide anion that is the conjugate base of 17alpha-estradiol 3-O-(beta-D-glucuronide) arising from deprotonation of the carboxylic acid function; major species at pH 7.3. It derives from an all-cis-5,8,11,14-tetrahydroxy-17beta-estra-1,3,5(10)-trien-17-oate. It is a conjugacyl-CoA(4-), an 11beta-hydroxy steroid,"
721," molecule is a nucleotide-sugar oxoanion that is the conjugate base of UDP-beta-L-arabinopyranose, arising from deprotonation of the free diphosphate group. Major species at pH 7.3. It has a role as a human metabolite and a Saccharomyces cerevisiae metabolite. It is an UDP-amino sugar anion and a monocarboxylic acid anion. It derives from an alpha-D-Araf-(1->3)-beta-lactose(2-). It is a conj"
722,"The molecule is an N-acylglycine resulting from the formal condensation of the amino group of glycine with the carboxy group of 2-aminoadipic acid. It has a role as a human metabolite and a mouse metabolite. It derives from a glycine and a glycine. It is a conjugate acid of a N-succinylglycinate(2-). It is an enantiomer of a L-(2-amino-4-oxopentanoic acid)-L-cysteine zwitterion, a L-glut"
723,"The molecule is a monocarboxylic acid amide obtained by formal condensation of the carboxy group of (2E)-3-(4-methoxyphenyl)prop-2-enoic acid with the amino group of ethanolamine. It has a role as a human urinary metabolite and a human xenobiotic metabolite. It is an alpha-amino acid ester, a monomethoxybenzene and a tertiary amino compound. It derives from a propionylalanine and a (S)-2-aminopropan-1-ol. It"
724,"The molecule is an acyl-CoA that results from the formal condensation of the thiol group of coenzyme A with the carboxy group of cyclohexa-1,5-diene-1-carboxylic acid. It has a role as a mouse metabolite. It derives from a cyclohexane-1'-sulfanylbut-2-enoate. It is a conjugate acid of a cyclooctanoyl CoA(4-). It is an enantiomer of a (1R,3S)-1,3-dih"
725,The molecule is an acyl-CoA that results from the formal condensation of the thiol group of coenzyme A with the carboxy group of oscr#1. It derives from an oscR#1 and a (3R)-3-hydroxycyclohexanecarboxylic acid. It is a conjugate acid of an ospryophycin(2-). It is an enantiomer of an O-(3-O-methyl-D-ribofuranosyl)phytosphingosine-5-phosphocholine-s
726,"The molecule is an (omega-1)-hydroxy fatty acid ascaroside obtained by formal condensation of the alcoholic hydroxy group of (9R,12R)-9,12-dihydroxytridec-9-enoic acid with ascarylopyranose (the alpha anomer). It is a metabolite of the nematode Caenorhabditis elegans and has been shown to exhibit inhibitory activity against acyl-CoA:cholesterol acyltransferase 1b/2. It has a role as a Chaetomium metabolite and an"
727," molecule is a tetracyclic triterpenoid that is lanosta-7,24(28)-diene substituted by an oxo group at position 3. It has been isolated from the roots of Breynia fruticosa and exhibits cytotoxic activity against human tumour cell lines like human breast carcinoma, human small cells lung carcinoma and human prostate carcinoma (CHO). It has a role as a metabolite and an antineoplastic agent. It is a cyclic terpene ketone, a tertiary alcohol and a diol. It derives from a hydride of a"
728," molecule is a withanolide that is 5,6:22,26-diepoxyergost-24-ene substituted by hydroxy groups at positions 4 and 27 and oxo groups at position 1 and 26. Isolated from Tubocapsicum anomalum, it exhibits cytotoxic activity. It has a role as an antineoplastic agent and a NF-kappaB inhibitor. It is a delta-lactone, a 27-hydroxy steroid, a 3-oxo-Delta(4) steroid, an ergostanoid, a primary alcohol, a secondary alcohol and a with"
729," molecule is a hydrate that is the hexahydrate form of sodium cations. It has a role as a poison. It contains an aluminium cations (anhydrous). It derives from a hydride of a tetrahydrate. It is a conjugate acid of a dihydrate(2-). It is an enantiomer of a sodium hydroxide and a sodium divalent inorganic cation. It = 2-hydroxy-3-(4-methylpent-3-en-1-yl)propane-1,2-diol disaccharide(2"
730," molecule is a monocarboxylic acid that is propionic acid in which one of the methyl hydrogens is replaced by a tert-butyl group. It has a role as a human metabolite and a mouse metabolite. It derives from an acetic acid. It is a conjugate acid of a 3-methylpropan-1-ol(1-). It is an enantiomer of a (2S)-2-methylpropionylpropionate. It contains a (R)-2,3-dihydropropanoic acid.it is a tautomer of"
731," molecule is a cytochalasan alkaloid found in Chaetomium globosum. It has a role as an antineoplastic agent, an Aspergillus metabolite and an EC 2.7.11.1 (non-specific serine/threonine protein kinase) inhibitor. It is a gamma-lactam, a cyclic ketone, an organic heterotricyclic compound, a secondary alcohol, a tertiary amino compound and a methyl ester. It derives from a hydride of a 1,4-benzo[c]pyraz"
732, molecule is the L-enantiomer of valinium. It has a role as a human metabolite and a Saccharomyces cerevisiae metabolite. It is a conjugate acid of a L-valine. It derives from a hydride of an acetic acid. Itis a tautomer of a D-valinium zwitterion. It are tautomers of a N-methylsuccinyl-L-cysteine(1+). It is an enantiplasmodial. It contains a L-(2-carboxyethyl)-L-
733, molecule is an N-acyl-1-O-beta-D-glucosyl-4-hydroxy-15-methylhexadecasphinganine in which the acyl group has 24 carbons and 0 double bonds and is 2-hydroxylated. It derives from a 15-methylpentadecaphytosphingosine. It is a conjugate acid of a 1-palmitoyl-sn-glycero-3-phospho-1D-myo-inositol 4-O-(1-octadecanoyl)-15
734," molecule is an epoxy(hydroxy)icosatrienoate that is the conjugate base of 11,12-epoxy-(5Z,8Z,14Z)-eicosa-5,9,14-trienoic acid arising from deprotonation of the carboxylic acid function; major species at pH 7.3. It is an omega-hydroxy fatty acid anion and an icosanoid anion. It derives from a 5-[(4Z,7Z,10Z,13Z,16Z)-docosapentaenoyl"
735,"The molecule is a prostaglandin Falpha that is prosta-5,13-dien-1-oic acid substituted by an oxo group at position 15. It has a role as a human metabolite and a mouse metabolite. It is a conjugate acid of a 15-oxo-PGF420-0(1-). It derives from a hydride of an 11,12-epoxy-Delta(5,14)-prostaglandins F2alpha. Isoprosta-15(18:0/16:0)(1-) and a 15"
736,"The molecule is a tripeptide composed of L-lysine, L-tyrosine and L-serine joined in sequence by peptide linkages. It has a role as a metabolite. It derives from a L-lysylserine, a L-(1,3-thiazol-4-yl)glycine and a glycine. It is a conjugate acid of a N-[(2R)-2-{[(1R)-1-hydroxy-3-(4-nitrophenyl)butanoyl]amino}hexanoate"
737,"The molecule is a monocarboxylic acid amide obtained by formal condensation of the carboxy group of 3-(trifluoromethyl)propanoic acid with the amino group of (2S)-2-amino-4-(3,5-dimethylpiperazin-1-yl)butanamide. It has a role as a beta-adrenergic antagonist, an antihypertensive agent and an antiglaucoma drug. It is a member of piperazines, an organofluorine compound and a tertiary amino compound. It"
738,The molecule is a monocarboxylic acid that is acetic acid in which one of the methyl hydrogens is replaced by a benzoyl group. It has a role as a metabolite. It is a member of benzoic acids and a N-acylglycine. It derives from an acrylic acid and a 4-aminobenzoic acid. Used (in the form of its acetate salt) for treatment of angina who have intolerance to beta blockers and/or heart failure. It was withdrawn from the market worldwide in 2001 following reports of a severe form of muscle toxicity. It
739,"The molecule is a 3-oxo-fatty acyl-CoA(4-) obtained by deprotonation of the phosphate and diphosphate OH groups of (9Z)-3-oxodecenoyl CoA; major species at pH 7.3. It has a role as a human metabolite and a Saccharomyces cerevisiae metabolite. It is a conjugate base of a (1Z,11Z)-2-hydroxyoctadecadienoyl-coenzyme F420-0. It derives from a linoleic acid. It"
740," molecule is a hydroperoxy fatty acid anion that is the conjugate base of 13(R)-HPODE, obtained by deprotonation of the carboxy group; major species at pH 7.3. It has a role as a human xenobiotic metabolite and a mouse metabolite. It derives from an octadeca-9,11-dienoate. It is a conjugates base of a (9Z,12E)-octadecadienoic acid type-1(1-). It is an enantiomer of a 12-HPODE(1"
741,"The molecule is a 3-oxo-fatty acyl-CoA(4-) obtained by deprotonation of the phosphate and diphosphate OH groups of (9Z,12Z)-3-oxodecadienoyl-coenzyme A; principal microspecies at pH 7.3. It is a conjugate base of a (1Z,11Z)-2-hydroxyhexadecadenos-1-enoyl CoA. It derives from a hexadec-9-enoate and a (11Z,14Z)-eicosad"
742," is a fluoroalkane that is perfluorooctane in which all of the hydrogens have been replaced by fluorines. It has a role as an environmental contaminant and a xenobiotic. It derives from a hydride of an acetic acid. It is a conjugate acid of a 1,3-difluoro-2-fluoro-4-oxo-1,2,4-tetrafluoroethanthroline(1-). It is an enantiomer of a (S)-fumoflufosyloxyfutane."
743," molecule is an organic heterohexacyclic compound isolated from the culture broth of Actinoplanes sp. It has a role as an antimicrobial agent, an antineoplastic agent and a bacterial metabolite. It is a member of benzodioxoles, an organochlorine compound, an oxacycle, an aromatic ether, a secondary alcohol, a tertiary amino compound and a cyclic ketone. It derives from a N-benzoyl-L-tyrosylsphingosine and a 2-hydroxy-3-(4-methoxyphenyl)"
744,"The molecule is a tripeptide composed of L-leucine, L-threonine and L-aspartic acid joined in sequence by peptide linkages. It has a role as a metabolite. It derives from a L-Leu-Ala. It is a conjugate acid of a gamma-Glu-Thr(1-). It is an enantiomer of a D-gamma-Asp-Tyr-Gln.it is a tetradecenoyl-L-threonylglycine zwitterion. It"
745," molecule is a tetracyclic triterpenoid that is dammarane which is substituted by hydroxy groups at the 3beta, 6alpha, 12beta and 20 pro-S positions, in which the hydroxy group at position 24 has been oxidised to the corresponding beta-D-glucopyranosyl-(1->4)-beta-L-rhamnoside, and in which a double bond has been introduced at the 24-25 position. It has a role as a metabolite. It is a monosaccharide derivative, a triol, a tertiary alcohol and a"
746," molecule is a member of the class of xanthones that is 9H-xanthene-1,9-dione substituted by hydroxy groups at positions 2 and 8, a methyl group at position 3 and oxo groups at position 1. It has been isolated from Aspergillus sydowii. It exhibits cytotoxic activity against human cancer cell lines. It also inhibits the synthesis of biotin and nitric oxide synthetase enzymes. It down-regulates acetylcholinesterase (HDAC). It has a role as an antineoplastic agent and a metabolite."
747," is a member of the class of imidazoles that is 1H-imidazole which is substituted at positions 1, 3, 4, and 5 by ethyl, (2-chloroethyl)nitrilo, and methyl groups, respectively. It has a role as an antineoplastic agent. It is a nitrile, a N-nitro compound, a hydrazone and a carbamate ester. It derives from a hydride of an imidazo[1,2-a]pyrazole. It contains a 2-(methylsulfanyl)pyr"
748,"The molecule is a monocarboxylic acid amide obtained by formal condensation of the carboxy group of 3-(4-methoxyphenyl)propanoic acid with the amino group of L-tyrosine. It has a role as a chromogenic compound. It is a member of phenols, a monomethoxybenzene, an aromatic ether and a methyl ester. It derives from a 2-amino-2-phenylethylamine and a 3-(pyridin-3-yl)-3-phenylpropionic acid. Isolated"
749,"The molecule is a monocarboxylic acid amide obtained by formal condensation of the carboxy group of oxoacetic acid with the amino group of L-glutamic acid. It has a role as a chromogenic compound. It is a N-acylglycine, a member of phenazines and an oxoproline. It derives from an oxo acetic acid. Used in the form of its hydroxylate salt for treatment of angina who have intolerance to beta blockers and/or heart failure. It contains a 3-oxo-5,6,7"
750," molecule is an organosulfonate oxoanion resulting from the removal of a proton from both of the sulfo groups of 4-hydroxy-3-[(4-sulfophenyl)diazenyl]naphthalene-2,7-disulfonic acid. The major species at pH 7.3. It is a conjugate base of a naphthalenemodithiocyanine. It derives from a hydride of a 1,4-naphthoquinone. Isolated from Azadirachta indica and has been shown to"
751,"The molecule is a tetracyclic diterpenoid isolated from the stems of Aglaia abbreviata. It has a role as a plant metabolite. It is a gamma-lactone, a cyclic terpene ketone, an organic heterotricyclic compound and a tertiary alpha-hydroxy ketone. It derives from a hydride of a buta-1,3,5-trien-1(10),2,4-tetraene. Isolated from Azadirachta indica, it exhibits antiplasmodial activity."
752,"The molecule is a mimotope of the pyruvate dehydrogenase E2 component (PDC-E2) comprising a 2-(trifluoromethyl)benzoyl group linked to N(6) and a [(3-carboxyphenyl)sulfanyl]nitrilo group linked via a diphospho group to propenamide. It has a role as a phytotoxin. It is a polypeptide, a lipopeptide and a methyl sulfide. It derives from a pimelic acid and a hexanoic acid."
753,"The molecule is a member of the class of imidazoles that is 1H-imidazole substituted by a carboxy group at position 5 and a 3-(4-hydroxyphenyl)prop-1-en-2-yl group at positions 2 and 3 respectively. It has a role as a bacterial metabolite. It is a monocarboxylic acid, an organofluorine compound and a hydroxamic acid. It derives from a hydride of an imidazo[1,2-a]pyrazole. It contains a 2-[(4"
754," molecule is an amino trisaccharide consisting of alpha-L-fucopyranose, 2-acetamido-2-deoxy-beta-D-galactopyranosyl and 2-(acetamidoglucosyl)ethanol residues joined in sequence by (1->4) glycosidic bonds. It is a member of acetamides, an amino sugar and a glycosylglucose derivative. It derives from a N-acetyllactosamine and an ethanolamine. Note that in the literature of neuraminobutyric acid (N-"
755," molecule is a prostaglandin carboxylic acid anion that is the conjugate base of 13,14-dihydro-15-ketodocosanoic acid arising from deprotonation of the carboxyl group; major species at pH 7.3. It has a role as a human xenobiotic metabolite and a mouse metabolite. It derives from a 15-ketoprosta-1,4-diene-1-sulfonic acid. It is a tautomer of a (1R,4S)-3-hydroxy-15-("
756," molecule is a chiral mycolic acid analogue comprising 3-hydroxypropanoic acid having a tetracosanyl group at position 2 and a further long-chain alkyl group containing cyclopropyl and methoxy functions attached at position 3. It has a role as a bacterial metabolite. It is a mycolate ester and a 2,3-diacyl-1-alkyl-sn-glycero-3-phosphocholine. It derives from a 3-(4-methoxyphenyl)propionic acid and a hexadecanoic acid. It"
757,"The molecule is an O-acylcarnitine in which the acyl group is specified as acetyl. It has a role as a human metabolite and a mouse metabolite. It derives from an acetoacetic acid. It is a conjugate acid of an O-(acetylsulfanyl)carnitinate(2-). It is an enantiomer of a O-(carboxybutanoyl)-cis-4-enoyl-cis,6-diaminopentanoic acid betaine; the major species at pH 7.3. It"
758," molecule is a hydroxy monocarboxylic acid anion that is the conjugate base of 3,4-dihydroxyphenylacetic acid, obtained by deprotonation of the carboxy group; major species at pH 7.3. It has a role as a human xenobiotic metabolite and a plant metabolite. It derives from a phenylacetate. It is a tautomer of a 3-(4-hydroxybenzoyl)-4-oxo-4H-phenylbutanoic acid zwitterion(1-)."
759," molecule is a ginsenoside found in Panax ginseng and Panax japonicus var. major that is dammarane which is substituted by hydroxy groups at the 3beta, 6alpha, 12beta and 20 pro-S positions, in which the hydroxy group at position 6 has been converted to the corresponding beta-D-glucopyranosyl-(1->4)-beta-L-rhamnoside, and in which a double bond has been introduced at the 24-25 position. It has a role as a neuroprotective agent and a plant metabolite. It is a"
760,"The molecule is an acyl-CoA that results from the formal condensation of the thiol group of coenzyme A with the carboxy group of (2R,3S)-2-amino-3-(3-carboxypropoxy)propanoic acid. It is a conjugate acid of a (R,5S)-piperazine-2,3-dicarboxylate ester(4-). It is an enantiomer of a [(2S,3R)-1-hydroxypropanoyl]-CoA. It derives from a"
761,"The molecule is a hydrochloride resulting from the reaction of equimolar amounts of pipamperone and hydrogen chloride. It has a role as an opioid analgesic, a mu-opioid receptor agonist, an adrenergic antagonist, an antitussive, an antipruritic drug, an antiemetic, a serotonergic antagonist and an anticoronaviral agent. It contains a pipaminperone(1+). It derives from a hydride of a piperidine. It is a conjugate base of a (S)-tetrahydrophenazine(1"
762," molecule is a monohydroxyflavone that is flavone substituted by hydroxy groups at positions 5 and 7. It has a role as a metabolite. It derives from a flavone. It is a conjugate acid of a quercetin 3-sulfate(1-). It is an enantiomer of a (2S)-flavonatoflavanone. Isolated from Erythrina sigmoidea, it exhibits antiplasmodial and antitrypanocidal activities. It inhibits the synthesis of nitric oxide (NO). It also inhibits production of nit"
763," is an acyl-CoA oxoanion arising from deprotonation of the phosphate, diphosphate and carboxylic acid functions of (3R)-3-hydroxy-4-methyl-5-oxo-4,5-dihydro-1H-pyran-2-yl-coenzyme A; major species at pH 7.3. It has a role as a Saccharomyces cerevisiae metabolite. It is a conjugate base of a (3S)-3-(hydroxymethyl)benzoic acid]. It is"
764,"The molecule is a neolignan isolated from the stems of Sinocalamus affinis. It has a role as a plant metabolite. It is a member of benzodioxoles, a dimethoxybenzene, a cyclic acetal, a primary alcohol, a secondary alcohol, an aromatic ketone, a tertiary alcohol and a polyphenol. It derives from a 3,4-dihydro-2H-chromen-2-one. Isolated from Cinnamomum aculeatum, it exhibits cytotoxic activity against human oral epidermoid carcinoma"
765,"The molecule is a member of the class of imidazoles that is 1H-imidazole substituted by a chloro group at position 4 and a 3-(dimethylamino)propyl group at the nitrogen atom. It has a role as an antineoplastic agent, an EC 2.7.11.1 (non-specific serine/threonine protein kinase) inhibitor and a vascular endothelial growth factor receptor antagonist. It is an organochlorine compound, a tertiary amino compound, an organofluorine compound and a nitrile. It derives from a"
766," molecule is an amino trisaccharide consisting of alpha-L-fucopyranose, 2-acetamido-2-deoxy-beta-D-galactopyranosyl and 2-(acetamidoglucosyl)2-(acetylamino)-beta-DD-piperanose residues joined in sequence by (1->4) glycosidic bonds. It is a member of acetamides, an amino sugar and a glucosamine oligohexacyclic compound. It derives from a N-acetyllactosamine and an alpha-"
767," molecule is a triterpenoid saponin of the class of cucurbitane glycosides isolated from Machilus yaoshansis. It has a role as a plant metabolite. It is a beta-D-glucoside, a monosaccharide derivative, a carboxylic ester, a pentacyclic triterpene and a member of octahydronaphthalenes. It derives from a hydride of a henicosanoic acid (Streptomyces mediocidus). It is an enantiomer of a (-)-epicate"
768," molecule is a hydroxy polyunsaturated fatty acid that is (4Z,7Z,10Z,13Z,15E,19Z)-docosahexaenoic acid in which the hydroxy group is located at position 14. An intermediate of specialised proresolving mediators It has a role as a human xenobiotic metabolite and a mouse metabolite. It derives from an all-cis-docosa-4,7,10,13,16,19-hexaene. It is a conjugate acid of a 14-HEPE(1-). It is"
769," molecule is a 1-phosphatidyl-1D-myo-inositol 3,4,5,6-pentakisphosphate(7-) obtained by deprotonation of the phosphate OH groups of 1-stearoyl-2-oleoylglycero-3-diphospho-ditrans,polycis-undecaprenol; major species at pH 7.3. Dolichol used by archaea is generally much shorter (C55-C60) than that used by eukaryotes and may have additional saturation positions in the"
770,"The molecule is a ceramide obtained by formal condensation of the carboxy group of icosanoic acid with the amino group of 14-methylhexadecasphingosine. It is a metabolite of the nematode Caenorhabditis elegans. It has a role as an animal metabolite. It derives from an icosanoylsphinga-4E,14-dienine and a hexadecanoic acid (14R,15Z)-tetracosadienoic acid. It contains a 14-O-phytanyl-N-"
771," molecule is an icosanoid anion that is the conjugate base of 11,12-EET, obtained by deprotonation of the carboxy group; major species at pH 7.3. It has a role as a human xenobiotic metabolite and a mouse metabolite. It derives from an all-cis-icosa-8,11,14-trienoate. It is a polyunsaturated fatty acid anion, a long-chain fatty acyl-CoA(4-) and a (4Z,7Z)-hexadecadienoate"
772," molecule is a hydroxy monocarboxylic acid anion that is the conjugate base of 3-(4-hydroxyphenyl)propanoic acid, obtained by deprotonation of the carboxy group; major species at pH 7.3. It has a role as a human xenobiotic metabolite and a plant metabolite. It derives from a propionate. It is a tautomer of a 2-hydroxypropanoyl-4-oxo-4,6-dihydro-2H-pyran-2-one."
773,"The molecule is an L-alpha-amino acid zwitterion that is L-tyrosine in which a proton has been transferred from the carboxy group to the amino group. It is the major microspecies at pH 7.3 (according to Marvin v 6.2.0.). It is a tautomer of a L-dihydroanticapsin(1-). It is an enantiomer of an O-toluic acid. It derives from a hydride of a 5,6,7,8-tetrahydro-L-ty"
774, molecule is a glycosylglucose consisting of beta-D-glucopyranose and alpha-L-rhamnopyranosyl residues joined in sequence by a (1->3) glycosidic bond. It derives from a beta-lactose and an allolactose. It is a conjugate acid of a 1->3-O-beta-D-[(1->2)-alpha-L]-rhamnosyl-(1->4)-beta-cellobiooligoside](1-). It is an enantiomer of a 3-O
775, molecule is a 2-oxo monocarboxylic acid that is pyruvic acid in which one of the methyl hydrogens is replaced by an oxo group. It has a role as a bacterial metabolite and a fungal metabolite. It derives from a butyric acid. It is a conjugate acid of a 3-(4-methylpent-3-en-1-yl)pyruvate(2-). It is an enantiomer of a (2R)-2-oxopyruvatopropanecarboxylatopentanoic acid.
776," molecule is an alkylglucosinolate that is the conjugate base of 1-thio-beta-D-glucopyranose, obtained by deprotonation of the sulfo group; major species at pH 7.3. It derives from a gluconapoleiferol(2-). It is a tautomer of a 1-O-sulfoglucobrassicanapin. It has a role as a human urinary metabolite and a human xenobiotic metabolite. It contains a 1-(thiophen-2-yl)gl"
777," molecule is a withanolide that is 5,6:22,26-diepoxyergost-24-ene substituted by hydroxy groups at positions 4 and 27 and an oxo group at position 1. Isolated from Tubocapsicum anomalum, it exhibits cytotoxic activity. It has a role as an antineoplastic agent and a NF-kappaB inhibitor. It is a delta-lactone, a 27-hydroxy steroid, a 3beta-sterol, a primary alcohol, an ergostanoid, a secondary alcohol, a tertiary alcohol and a secondary alpha"
778," molecule is a pyrimidine 2'-deoxyribonucleoside 5'-monophosphate having thymine as the nucleobase. It has a role as a Mycoplasma genitalium metabolite. It derives from a thymine. It is a conjugate acid of a dTMP(1-). It is an enantiomer of a L-threonyl-thymine 5'-phosphate. Isolated from thymine threonylated at O-2 and O-4 of thymine residues, it exhibits cytotoxic activity against human cancer cell lines. It"
779,"The molecule is a dipeptide composed of L-tyrosine and L-serine joined by a peptide linkage. It has a role as a metabolite. It derives from an acetic acid. It is a tautomer of a Phe-His zwitterion. It dizwitterionic form, a member of benzaldehydes and a D-tyrosylserine. It carboxylic acid amide formed by transfer of a proton from the carboxyl group to the amino group; and two protons from the side-chain amino group. It"
780," molecule is a pentacyclic triterpenoid of the class of arborinane-type terpenoids isolated from the roots of Rubia yunnanensis. It has a role as a metabolite and a plant metabolite. It is a diol, a cyclic terpene ketone, a pentol and a secondary alcohol. It derives from a hydride of an icosa-5,9,14-trien-1(10), which is substituted by methyl groups at positions 1, 3, 6 and 9, and by a beta-hydroxy group at position 2 ("
781," molecule is a cucurbitacin in which a lanostane skeleton is multi-substituted with hydroxy, oxo and oxo substituents, with unsaturation at positions 5 and 23. It has a role as a metabolite. It is an organic heterotricyclic compound, a tertiary alpha-hydroxy ketone, a cyclic hemiketal, a polycyclic cage, a member of phenols, an enol, a methyl ester and a cucurate. It derives from a hydride of a lanosta-7,24-diene"
782, molecule is a nucleotide-sugar oxoanion obtained by deprotonation of the diphosphate OH groups of GDP-beta-L-rhamnose; major species at pH 7.3. It is a conjugate base of a GDP-N-debenzoylneuraminium(2-). It is an enantiomer of a L-mannose 6'-phosphate-(beta-D-mannosylpurin-6-yl)muramoyl ribonucleotide-4-diacetopropenopyranose(2+
783," is a monocarboxylic acid anion resulting from the removal of a proton from the carboxy group of (2,4-dichlorophenyl)acetic acid. The major species at pH 7.3. It has a role as a bacterial metabolite. It derives from a butyrate. It is a conjugate base of a (2E,4S)-2-(4-carboxyphenyl)acetohydroximate(1-). It is an enantiomer of a dichlorobenzoyloxymethylbut-2-enoate."
784,"The molecule is a dipeptide obtained by formal condensation of the carboxy group of L-aspartic acid with the amino group of glycine. It has a role as a human urinary metabolite and a human xenobiotic metabolite. It is a tautomer of a Gly-Asn zwitterion. It derives from a L-ascorbic acid and a glycine betaine. It aminopyrimidine. It pyrimidinemonocarboxylate, a N-acylglycine, a glycine derivative and an arginine z"
785," molecule is a monovalent inorganic anion obtained by deprotonation of one of the two OH groups in dichromic acid. It is a chromium oxoanion, a chlorocarboxylic acid anion and an iodine oxoacid anion. It derives from a hydride of a phosphoric acid (hydroxymethylene) and a hydrogen phosphonate(1-). It is conjugate base of a dichromopyraflufen(1-) and a dimethoxyphosphonic acid. Major microspecies at pH 7.3. It has a role"
786,"The molecule is a member of the class of imidazoles that is 1H-imidazole which is substituted at positions 2, 3, and 5 by pyridin-4-yl, (2-methoxyphenyl)nitrilo, and methyl groups, respectively. It has a role as an EC 2.7.11.1 (non-specific serine/threonine protein kinase) inhibitor, an antineoplastic agent and an apoptosis inducer. It is a N-alkylpyrrolopyrimidine, an aromatic amine, a"
787,"The molecule is a 3-oxo-fatty acyl-CoA that results from the formal condensation of the thiol group of coenzyme A with the carboxy group of (9Z,12Z)-3-oxodecadienoic acid. It is a conjugate acid of a (4Z,7Z,10Z,13Z,16Z)-docosatetraenoyl CoA(4-). It is an enantiomer of a 2,3-dehydrosuccinyl-coenzyme F430. It derives from a"
788,"The molecule is a 4-O-(1H-indol-3-ylcarbonyl)ascaroside that is icas#20 in which the pro-R hydrogen beta to the carboxy group is replaced by a hydroxy group. It is a metabolite of the nematode Caenorhabditis elegans. It has a role as an Aspergillus metabolite. It derives from an icosa-1,3,5,7,10,13,16-pentaenoic acid and an (11R)-11-hydroxyundecanoic acid."
789, molecule is a peptide zwitterion obtained by transfer of a proton from the carboxy to the amino terminus of dapdiamide C; major species at pH 7.3. It has a role as a human xenobiotic metabolite and a mouse metabolite. It is an enantiomer of a L-threo-beta-glutamyl-D-glucopyranose. It derives from a N-acetyl-L-cysteine(1+). It is a conjugate acid of a D-tryptophan betaine.
790,The molecule is an N-acyl-15-methylhexadecasphing-4-enine-1-phosphocholine in which the acyl group has 20 carbons and 0 double bonds and is 2-hydroxylated. It derives from a 15-methylheptanoylsphingosine. It is a conjugate acid of a N-tetracosanoylcarnitine(1-) and a N-(very-long-chain fatty acyl)sphingoid base(1-). It is an enantiomer of a sphinganine
791,"The molecule is an S-acyl-4'-phosphopantetheine obtained by deprotonation of the phosphate and diphosphate OH groups of S-hexanoyl-2-oleoylglycine; major species at pH 7.3. It has a role as a mouse metabolite. It derives from a hexanoic acid. It is a conjugate base of a S-(5-methylpent-3-en-1-yl)glutathione(1-). It is an enantiomer of a (6R,7S)-5-"
792," molecule is a fluorocarbon that is methane in which all of the hydrogens have been replaced by fluorines. It has a role as a refrigerant. It is an organofluorine compound and a fluoroalkane. It derives from a hydride of an allylcis-cinnamic acid. It contains a penta-2,4-dien-1(3H)-ylidene cetyl group (anh.) It is a conjugate acid of a 2,4,6-trichlorocatechol(1-).it is a taut"
793," molecule is a member of the class of imidazoles that is 1H-imidazole which is substituted by methyl groups at positions 1, 3, 4, and 5, and by a dimethylsulfanediyl group at position 2. It has a role as an EC 2.5.1.117 (homogentisate solanesyltransferase) inhibitor, an environmental contaminant and a xenobiotic. It is a sulfonamide, an organofluorine compound, a tertiary amino compound and a nitrile. It derives from a hydride of a"
794," molecule is a diterpene lactone isolated from the whole plants of Ajuga ciliata. It has a role as a plant metabolite. It is an acetate ester, a butenolide, a dicarboxylic acid monoester and a tertiary alcohol. It derives from a hydride of an aconitane-1,3,6-tetraenoic acid and a pimarane-2,4-diol. Isolated from the roots of Krameria lappacea, it exhibits cytotoxicity against human cancer cell lines. It"
795," molecule is a phosphatidylcholine 38:0 in which the acyl groups specified at positions 1 and 2 are octadecanoyl and (9Z)-hexadecenoyl respectively. It derives from an octadecanoic acid and a palmitoleic acid. It is a conjugate acid of a 1,2-dodecanoyl-sn-glycero-3-phosphocholine(1-). It is an enantiomer of a 3-hexadecanedioylphytosphingosine-1stearoylsphing"
796," molecule is an organosulfonate oxoanion resulting from the removal of a proton from both of the sulfonic acid groups of tetradecane-1,3-diol. It is a conjugate base of a tridecetylsulfonic acid. It derives from a hydride of a tetraethylene-N,N-dimethyltetracosanoylsphingosine(1+). It is an enantiomer of a (2S)-2-[(1R)-1-hydroxy-2-(sulfooxy)ethyl"
797," molecule is the cationic form of a C3 cyanine dye having 3,3-dimethylindoleinine units at each end. It has a role as a fluorochrome. It is a Cy3 dye and an indolium ion. It contains a 3-(indol-3-yl)indole orange cation. It derives from a 1H-indole and a hexadeca-3,4,6-trien-1(3H)-one in which the indole moiety is substituted at positions 1 and 2 by chlorine and bromine respectively (the R,"
798," molecule is a phosphorus oxoacid. It derives from a hydride of a phosphonic acid. It is a conjugate acid of a dihydrogenphosphonate(3-). It is an enantiomer of a (1R,2S)-1,2,3,4-tetrahydroxy-6-(phosphonicatooxy)phytohydroxypolybutyl phosphate(2-). Isolated from Daphnia pulex, it induces morphological changes of phytoplankton Scenedesmus gutwinskii. It has a role"
799," molecule is a nucleotide-sugar oxoanion obtained by deprotonation of the diphosphate OH groups of dTDP-4-amino-4,6-dideoxy-beta-L-arabino-hexopyranose; major species at pH 7.3. It is a conjugate base of an UDP-4-(4-O-phosphono-alpha-D-glucopyranosyl)benzene-1,2,3,4-tetrahydroisoquinoline-6-sulfonic acid. It"
800," molecule is a pentahydroxyflavone that is flavone substituted by hydroxy groups at positions 5, 7, 3' and 4' respectively. It has a role as a plant metabolite. It derives from a flavone. It is a conjugate acid of a 3',5,7-trihydroxy-3'-methoxyflavon-7,3'-biphenyl-2,4-diol(1-). It is an enantiomer of a (2S,3R)-3,3',4,5,5',7-pentahyd"
801," is a ketoaldonic acid phosphate. It has a role as an Escherichia coli metabolite and a mouse metabolite. It derives from a hexanoic acid. It is a conjugate acid of a 3-dehydro-3-deoxy-D-gluconate 6-phosphate(2-). It is an enantiomer of a 2,3-dihydroxy-6-oxo-1-hexanedioic acid phosphate(2-) and a (2Z)-2-hydroxyhex-2-enoylphosphonato"
802," molecule is a member of the class of xanthones that is 9H-xanthen-9-one substituted by hydroxy groups at positions 1, 3, 6 and 8, a prenyl group at position 2 and a geranyl group attached to position 1. Isolated from Cratoxylum cochinchinense, it exhibits cytotoxic activity. It has a role as an antineoplastic agent and a plant metabolite. It is a polyphenol, a cyclic ketone, an enol and a xanthone. It derives from a hydride of a 9H"
803," molecule is a phosphatidylcholine 38:0 in which the acyl groups specified at positions 1 and 2 are octadecanoyl and (9Z)-hexadecenoyl respectively. It derives from an octadecanoic acid and a palmitoleic acid. It is a conjugate acid of a 1,2-dodecanoyl-sn-glycero-3-phosphocholine(1-). It is an enantiomer of a 3-O-octadec-9-enoate-1-monioctadecenoic"
804," is a fluoroalkane that is perfluorooctane in which all of the hydrogens have been replaced by fluorines. It has a role as an environmental contaminant and a xenobiotic. It derives from a hydride of an acetic acid. It is a conjugate acid of a 3,5-dichloro-2-fluoropyrafluoroethyl(1-). It is an enantiomer of a (2S)-2-(trifluoromethyl)pentanoylquipropanecarboxyl]propanoic acid"
805," molecule is a member of the class of hydroxyindoles that is indole in which the hydrogen at position 3 has been replaced by a phenyl group. It has a role as a carcinogenic agent and a genotoxin. It derives from an indole. It is a conjugate acid of a 3-(phenylsulfanyl)indole(1-). It is an enantiomer of a 2-hydroxy-3-(phenyldiazenyl)-3,4-dihydro-1H-indol-1-ylidene]pyrazole-5-"
806," molecule is a sphingoid obtained by formal condensation of the carboxy group of docosanoic acid with the amino group of 14-methylhexadecasphinganine. It is a metabolite of the nematode Caenorhabditis elegans. It has a role as an animal metabolite. It derives from a 14-(methylsulfanyl)sphinga-4E,14-dienine and a docosa-4,7,10,13,16-tetraenoic acid (the 4E,7E,11Z stereoisomer)."
807,The molecule is an oxo-fatty acyl-CoA that results from the formal condensation of the thiol group of coenzyme A with the carboxy group of 3-oxodecanoic acid. It has a role as a human metabolite and a Saccharomyces cerevisiae metabolite. It is a medium-chain fatty acyl CoA and an oxooleoyl bioconjugate. It derives from a hexadecan-3-enoic acid (palmitoyl) and a 3-(3-oxopropenyl)propanoyl
808," is a monoterpenoid indole alkaloid with formula C21H26N2O3, isolated from several plant species including Alstonia spatulata and Catharanthus roseus. It has a role as a plant metabolite. It is a methyl ester, an organic heteropentacyclic compound, a cyclic ketone, an aromatic ether, a tertiary amino compound, an oxaspiro compound and a secondary alcohol. It derives from a hydride of an aconitane. Isolated from Tabebuia impetiginosa and exhibits cytotoxic activity"
809,"The molecule is a ceramide phosphoinositol compound having a tetracosanoyl group amide-linked to a C20 phytosphingosine base, with hydroxylation at C-2 of the very-long-chain fatty acid. It has a role as a Saccharomyces cerevisiae metabolite. It derives from a Man-beta1-2-Ins-1-P-Cer(d20:0/2-OH-24:0). It is a conjugate acid of a 1-tetracosanylhexacosanoate."
810," molecule is an organic cation obtained by protonation of the tertiary amino group of kanamycin A. It is an ammonium ion derivative and an indole alkaloid cation. It derives from a kanamine A(4+). It is a conjugate acid of a kanamycins A (4+); major species at pH 7.3. It has a role as a human metabolite and a Saccharomyces cerevisiae metabolite. it is an enantiomer of a (-)-dabacamido-2,3-dideoxy-beta-D-"
811," molecule is an icosenoic acid having a cis- double bond at position 11. It has a role as a human metabolite and a plant metabolite. It is a conjugate acid of an (11Z)-icosadienoate. It derives from a hydride of an icosanoic acid. it is a tautomer of an all-cis-icosa-11,14-trienoate zwitterion(1-). It is an enantiomer of a (9Z)-hexadecenoylheptadec-11-eno"
812, molecule is a mannooligosaccharide derivative consisting of a D-mannosyl residue beta-linked to a 5-aminopentyl group and which carries at O-3 an alpha-L-rhamnosyl-(1->2)-alpha-D-mannotriose unit linked (1->3) and at the reducing end anomeric carbon atom. It has a role as an epitope. It is a glycoside and a Man-beta1-2-Ins. It derives from a valeric acid and a L-mannopyranose betaine. It
813," is a member of the class of benzamides obtained by formal condensation of the carboxy group of 2,4-dichloro-6-(4-methoxyphenyl)benzoic acid with the amino group of (3-aminopyridin-2-yl)aniline. It has a role as a chromogenic compound. It is an aromatic amide, a dichlorobenzene, a monomethoxybenzene, an aromatic ether and a benzamide. It derives from a 4-ammoniopyridine-5-carbox"
814," molecule is a member of the class of xanthones that is 9H-xanthen-9-one substituted by hydroxy groups at positions 1, 3, 6 and 8, a prenyl group at position 2 and a methoxycarbonyl at position 4. Isolated from Cratoxylum Sumatranum, it exhibits cytotoxic activity towards human cancer cell lines. It has a role as a metabolite and an antineoplastic agent. It is a polyphenol, an aromatic ester, a methyl ester and a xanthone. It derives from a hydride"
815," molecule is a monocarboxylic acid amide obtained by formal condensation of the carboxy group of oxoacetic acid with the amino group of glycine. It has a role as a human urinary metabolite and a human xenobiotic metabolite. It is a nitrile, a member of guanidines and an alpha-amino acid. It derives from a glycine and an oxopentanoic acid. Used (in the form of its sodium salt) for treatment of angina who have intolerance to endoplasmic retachycardia and/or heart failure."
816," molecule is a methyl-branched fatty acid that is undecanoic acid substituted by a methyl group at position 11. It has a role as a bacterial metabolite. It is a branched-chain saturated fatty acid, an alpha,beta-unsaturated monocarboxylic acid and a long-chain fatty acid. It derives from a hexadecanoic acid. it is a conjugate acid of an (11Z)-hexadecenoylsphinganine(1-). It is an enantiomer of a (11R)-11-hydroxyoctadec"
817," molecule is a withanolide that is 5,6:22,26-diepoxyergost-24-ene substituted by hydroxy groups at positions 4 and 27 and oxo groups at position 3 and 26. Isolated from Tubocapsicum anomalum, it exhibits cytotoxic activity. It has a role as an antineoplastic agent and a NF-kappaB inhibitor. It is a delta-lactone, a 27-hydroxy steroid, an enone, an ergostanoid, a primary alcohol, a secondary alcohol, an epoxy steroid, a tertiary alcohol,"
818,"The molecule is an (omega-1)-hydroxy fatty acid ascaroside obtained by formal condensation of the alcoholic hydroxy group of (9R,12R)-9,12-dihydroxytridec-9-enoic acid with ascarylopyranose (the alpha anomer). It is a metabolite of the nematode Caenorhabditis elegans. It has a role as a Chaetomium metabolite. It is an alpha,beta-unsaturated monocarboxylic acid and an olefinic compound. It derives from"
819," molecule is a butane-1,3,5-tricarboxylic acid that is butane substituted by hydroxy groups at positions 2 and 3 (the R-enantiomer). It has a role as a metabolite. It derives from a hydride of a butanedioic acid. It is a conjugate acid of a (R)-2,3-bis(hydroxy)butane-4,4-diol disaccharide(1-). It is an enantiomer of a (-)-D-glucopyranuronic acid and a ("
820," molecule is a flavanone glycoside that is (2S)-flavanone attached to a beta-D-glucopyranosyl residue at position 7 via a glycosidic linkage. Isolated from the leaves of Myrcia multiflora, it exhibits antioxidant activity. It has a role as a metabolite and an antioxidant. It is a member of 3'-hydroxyflavanones, a monosaccharide derivative, a polyphenol, a secondary alpha-hydroxy ketone, a trihydroxybenzoate ester and a myricetin O-gl"
821," molecule is a pentahydroxyflavone that is flavone substituted by hydroxy groups at positions 5, 7, 3' and 4' respectively. It has a role as a plant metabolite. It derives from a flavone. It is a conjugate acid of a 3',5,7-trihydroxy-3'-methoxyflavon-7,4'-diene-1,2,3-triol(1-). It is an enantiomer of a (2S,3R)-3,4-dihydroxy-6-all-trans-"
822," molecule is a monocarboxylic acid anion that is the conjugate base of 13-[(9Z)-hexadecenoyloxy]octadecanoic acid, obtained by deprotonation of the carboxy group; major species at pH 7.3. It derives from an octadecanoate and a linoleate. It is a tautomer of a 13-(11Z)-octadeca-9,11-diene-1,13-dioate. Isolated from the leaves of Myrcia multiflora. It has a role as a"
823,"The molecule is a cyclodepsipeptide isolated from Jaspis splendens. A derivative of jaspamide, it has been shown to exhibit cytotoxic and microfilament disruption activity. It has a role as an actin polymerisation inhibitor, an antineoplastic agent, an animal metabolite and a marine metabolite. It is a delta-lactam, an organobromine compound, a member of phenols, a tertiary alcohol, a cyclic ether and a secondary alcohol. It derives from a tiglic acid, a 2-aminopropanecarboxy"
824,"The molecule is a monocarboxylic acid amide obtained by formal condensation of the carboxy group of (2E)-3-(4-methoxyphenyl)prop-2-enoic acid with the amino group of L-tyrosine. It has a role as a chromogenic compound. It is a member of phenols, an aromatic amide and a monomethoxybenzene. It derives from a (E)-lactic acid and a (Z)-nona-2,4-diene-1,3,5-tetraenoic"
825," molecule is a member of the class of xanthones that is 9H-xanthen-9-one substituted by hydroxy groups at positions 1, 3 and 6, a methoxy group at position 4 and prenyl groups at position 2 and 8. Isolated from Cratoxylum Sumatranum, it exhibits cytotoxic activity. It has a role as a metabolite and an antineoplastic agent. It is a polyphenol, an aromatic ether and a cyclic ketone. It derives from a hydride of an aconitane isolated from Chaetomium cup"
826," molecule is a polyprenyl phospho oligosaccharide consisting of undecaprenyl diphosphate and alpha-D-rhamnosyl-(1->3)-N-acetylmuramoyl peptide units connected by a phosphodiester linkage. It is a conjugate acid of a beta-D-[(1->4)-alpha-D]muramyranose 1-phosphate(2-). It is an enantiomer of a 2,3-diacetamido-2-deoxy-beta-L-arabino-hex"
827," is a monocarboxylic acid amide obtained by formal condensation of the carboxy group of 3-(trifluoromethyl)benzoic acid with the amino group of 2-aminopyridin-3-ol. It has a role as a xenobiotic, an environmental contaminant and a herbicide. It is a member of pyridines, an organofluorine compound, a tertiary amino compound and a chloroamino acid. It derives from a benzoylboronic acid and a 4-chloropyridine-2-car"
828,"The molecule is a member of the class of benzamides obtained by formal condensation of the carboxy group of 4-aminobenzoic acid with the amino group of 2-naphthylamine. It has a role as a chromogenic compound. It is a naphthalenesulfonic acid amide, a dicarboxylic acid diamide and a benzamide. It derives from a N-benzoyl-D-phenylpyranamine and a 2-(4-methoxyphenyl)quinolin-4-amine(1+). It"
829," molecule is a pyrimidine 2'-deoxyribonucleoside 5'-monophosphate having 5,6-dihydroxyuracil as the nucleobase. It has a role as an Escherichia coli metabolite and a mouse metabolite. It derives from a dUMP. It is a conjugate acid of a 3',5'-cyclic AMP(1-). It is an enantiomer of a 7-(5-O-phosphonato-beta-D-ribosylpurin-6-ylamino)-4-oxo-"
830," molecule is an (omega-1)-hydroxy fatty acid ascaroside obtained by formal condensation of the alcoholic hydroxy group of (9R,14S)-9,14-dihydroxytetradec-9-enoic acid with ascarylopyranose (the alpha anomer). It is a metabolite of the nematode Caenorhabditis elegans. It has a role as a Chaetomium metabolite. It is an alpha,beta-unsaturated monocarboxylic acid and an olefinic compound. It derives from"
831," molecule is a myo-inositol monophosphate derivative consisting of 1-deoxy-alpha-D-glucopyranose having a phosphate group at the 6-position. It has a role as an Escherichia coli metabolite and a mouse metabolite. It is a conjugate acid of a 6-phosphonato-1D-myohexakisphospho-1,2,3,4,6-tetraazaacenaphosphate(13-). It is an enantiomer of a 3-O-(6-O-"
832," molecule is a 3-oxo-5beta-steroid that is 5beta-cholest-8-ene substituted by an oxo group at position 3. It has a role as a human urinary metabolite and a human xenobiotic metabolite. It is a cholestanoid, a 7beta-hydroxy steroid, a 24-hydroxypregn-4-en-3-one, a 26-oxocimetic steroid and a steroid aldehyde. It derives from a hydride of a 5beta stigmastane-3beta-carboxylic acid"
833,"The molecule is a polycyclic cage that is the methyl ester derivative of platensimycin. It is isolated from Streptomyces platensis. It has a role as an antimicrobial agent, an antibacterial agent and a bacterial metabolite. It contains a platensIMycin(1+). It derives from a platasmsimycetin c-7 (Helaenocepacia limbata). It is a conjugate acid of an acetyllactosaminyl platensis(1-) and an acyclic desferrioxamine B(1-)."
834,The molecule is an N-acyl-1-O-beta-D-glucosyl-15-methylhexadecasphing-4-enine in which the acyl group has 20 carbons and 0 double bonds and is 2-hydroxylated. It derives from a 15alpha-hydroxy-5beta-cholestan-26-oic acid. It is a conjugate acid of a N-tetracosanoylsphingosine 1-phosphate(2-). It is an enantiomer of a glycerol. It
835," molecule is a member of the class of octahydronaphthalenes that is 1,2,3,4a,5,6,8a-octahydroazulene which is substituted by methyl groups at positions 1, 4a, 5 and 8a, and by a prop-1-en-2-yl group at position 3. It has a role as a bacterial metabolite. It is a polycyclic cage, a cyclic ketone, an olefinic compound, a secondary alcohol and a tertiary alcohol. It derives from a hydride of a 1,"
836," molecule is a flavonoid oxoanion obtained by deprotonation of the 5-hydroxy group of quercetin 3-O-beta-D-glucoside. It is the major microspecies at pH 7.3 (according to Marvin v 6.2.0.). It has a role as an antineoplastic agent, an antimicrobial agent and a plant metabolite. It derives from a fluorescein(1-). It is a conjugate base of a quercetoquin 4-O-(4-hydroxyphenyl)propanoate. It"
837,"The molecule is a dipeptide obtained by formal condensation of the carboxy group of L-isoleucine with the amino group of (2S)-2-aminobutyric acid. It has a role as a human urinary metabolite and a human xenobiotic metabolite. It is a dicarboxylic acid monoamide, a N-acyl-L-alpha-amino acid, a member of acetamides and a secondary carboxamide. It derives from a L-aspartic acid and a (S)-methanolamine. It amide conj"
838,"The molecule is an N-acylglycine resulting from the formal condensation of the carboxy group of indole-3-carboxylic acid with the amino group of glycine. It has a role as a human urinary metabolite and a human xenobiotic metabolite. It is a conjugate acid of a 1H-indole-1,4(3H)-dione(1-). It derives from a propionic acid and a glycero-D-glucopyranuronic acid. Itis a tautomer of a 3-(indol-"
839," molecule is a nucleotide-sugar having thymine as the nucleobase. It has a role as an Escherichia coli metabolite and a mouse metabolite. It derives from a thymine. It is a conjugate acid of a thymidine 5'-monophosphate(2-) and a dTMP-4-amino-4,6-dideoxy-beta-L-threo-hex-3-enopyranose 5'-phosphate zwitterion in which the phosphatidyl acyl groups are both specified as hexanoy"
840,"The molecule is the L-enantiomer of tryptophanyl radical. It has a role as a human metabolite and a Saccharomyces cerevisiae metabolite. It derives from a L-tryptophan. It is a conjugate acid of a L-(indol-3-yl)propionate. It aminodiol(1-). It is an tautomer of a D-(indole-3,4-dihydronaphthalen-2-ylamino)propanoic acid zwitterion. The major species at pH 7."
841," molecule is an amino trisaccharide consisting of alpha-L-fucopyranose, 6-sulfated beta-D-galactopyranosyl and 2-acetamido-2-deoxy-beta-DD-glucopyanose residues joined in sequence by (1->4) glycosidic bonds. It is a member of acetamides, an oligo-alpha-(1->3)-D-GalpNAc and an amino sugar. It derives from a N-acetyl-beta-[(1->6)-sulfanylyl]-"
842,"The molecule is an organophosphate oxoanion obtained by deprotonation of the phosphate and diphosphate OH groups of 3'-AMP; major species at pH 7.3. It has a role as a human metabolite, a Saccharomyces cerevisiae metabolite and a cofactor. It is a conjugate base of a 2'-AMP(2-). It is an enantiomer of a (S)-2'-AMP. It derives from a hydride of a 5,6'-dihydrogen-5,7,8-tetrahydroguan"
843," is an organophosphate oxoanion obtained by deprotonation of the carboxy and phosphate OH groups of 3-phospho-D-xylulosonic acid; major species at pH 7.3. It derives from a D-xylonate. It is a conjugate base of a 3-O-(1,2-dihydroxypropyl)glutaryl-CoA(5-). It is an enantiomer of a phospho-beta-lactone(1-), an O-(1->2)-glycerylphosphonato"
844,"The molecule is the L-enantiomer of 3-hydroxybutyric acid. It has a role as a human metabolite, a Saccharomyces cerevisiae metabolite and a mouse metabolite. It is a conjugate acid of a (3R)-3-(hydroxymethyl)butanoate. It derives from a D-alanine and a (2S)-2-aminobutanoic acid. it is a tautomer of a S-methylsuccinic acid zwitterion(1-). It is an enantiomerofluinate. It"
845, molecule is a monovalent inorganic anion obtained by deprotonation of one of the two OH groups in orthoperiodic acid. It has a role as a human metabolite and a Saccharomyces cerevisiae metabolite. It is a fluorine oxoanion and a monolysocarboxylic acid anion. It derives from a phosphorothioate(2-) and a hydrogenphosphonatooxyoctadecanoate(1-).it is a conjugate base of a dihydrogenphosphorothiophosphate(3-). It
846," is an aromatic amide obtained by formal condensation of the carboxy group of 3-(4-methoxyphenyl)pyrazole-4-carboxylic acid with the amino group of 2-amino-3,4-dihydroxybenzoic acid. It has a role as a pyrethroid ester insecticide and an agrochemical. It is a member of pyrazoles, an oxime O-ether, a monomethoxybenzene and an aromatic ketone. It derives from a 2-aminobenzoylpyruvic acid"
847,"The molecule is a member of the class of cleistanthins that is cleistanthin B in which the hydroxy group at position 6 has been converted into the corresponding beta-D-glucopyranoside. It is an antibiotic isolated from Streptomyces clethroides. It has a role as an antimicrobial agent, an antibacterial agent and a bacterial metabolite. it is a glycoside, a disaccharide derivative, a cyclic ketone, a monomethoxybenzene, a methyl ester and a secondary alpha-hydroxy ketone. It derives from a"
848,"The molecule is a member of the class of benzamides obtained by formal condensation of the carboxy group of 2-aminopyridine-5-carboxylic acid with the amino group of 3-(4-methoxyphenyl)acetic acid. It has a role as a chromogenic compound. It is a monomethoxybenzene, an aromatic amide and a benzamide. It derives from a N-acetylpyridin-2-amine and a nicotinic acid. Used for treatment of advanced/relapsed unresectable colorect"
849," molecule is a pyrrolizine alkaloid that is produced by several Jacobaea species. It has a role as a Jacobaea metabolite. It is a macrocyclic lactone, an olefinic compound, a tertiary amino compound, an organic heterotetracyclic compound and a spiro-epoxide. It derives from a senecionan. Isolated from Tabebuia impetiginosa, it exhibits cytotoxicity against human oral epidermoid (KB), cervical epitheloid (Hela) and liver (hepa59T/VGH)"
850,"The molecule is a member of the class of benzamides obtained by formal condensation of the carboxy group of 4-aminobenzoic acid with the amino group of 2-aminopyridine. It has a role as a chromogenic compound. It is a monocarboxylic acid amide, a substituted aniline and a N-sulfonylurea. It derives from a 4-(aminobenzoylamino)-2-benzofuran-5-carboxamide and a pyridin-2-ylurea(1-). It is"
851," molecule is a heparin octasaccharide consisting of 4-deoxy-alpha-L-threo-hex-4-enopyranuronosyl, beta-D-glucopyranosyl and D-xylono-heparin units joined in sequence by (1->4) glycosidic linkages. Sequence: IdoA(2-OSO3)-GlcNSO3-IdoA. It derives from a HP_dp02_0003. It is a conjugate acid of a 1-hepposanoyl"
852,"The molecule is a non-proteinogenic alpha-amino acid that is L-alanine in which one of the methyl hydrogens has been replaced by a carboxy group. It has a role as an Escherichia coli metabolite, a Saccharomyces cerevisiae metabolite and a human metabolite. It is a glycine derivative, a 2-oxo monocarboxylic acid, a 3-ureidoglycine and a 4-carboxybutanoate ester. It derives from a butyric acid and a L-alanylglycine."
853," molecule is an organophosphate oxoanion obtained by deprotonation of the phosphate OH groups of alpha-D-glucose 1-phosphate; major species at pH 7.3. It has a role as a human metabolite and a Saccharomyces cerevisiae metabolite. It is a conjugate base of an alpha-L-rhamnosyl-(1->3)-alpha-D'-glucopyranose 1,6'-biphosphate. It derives from a tetradecanoic acid 3-O-(6-O-sulfo"
854," molecule is a member of the class of xanthones that is 9H-xanthen-9-one substituted by hydroxy groups at positions 1, 3 and 6, methoxy group at position 2 and methoxy groups at position 4 and 5. Isolated from Cratoxylum Sumatranum, it exhibits cytotoxic activity towards human cancer cell lines. It has a role as a metabolite and an antineoplastic agent. It is a polyphenol, a dimethoxybenzene and an aromatic ether. It derives from a hydride of an aconitane. It"
855, molecule is a mannooligosaccharide derivative consisting of a D-mannosyl residue beta-linked to a 5-aminopentyl group and which carries at O-2 an alpha-L-rhamnosyl-(1->3)-beta-D-mannose unit linked (1->4) and at the reducing end anomeric carbon atom. It has a role as an epitope. It derives from a valeric acid. It is a conjugate acid of a 2-amino-6-deoxy-alpha-Larabino-hexopyranosyl
856, molecule is a pyrimidine ribonucleoside 5'-diphosphate having uracil as the nucleobase. It has a role as an Escherichia coli metabolite and a mouse metabolite. It derives from a UTP. It is a conjugate acid of a dTTP(3-). It is an enantiomer of a L-uracil 2'-deoxy-6-O-phospho-beta-D-ribofuranose 5'-triphosphate (UMP) arising from deprotonation of three of the four triphosph
857,"The molecule is a ceramide obtained by formal condensation of the carboxy group of icosanoic acid with the amino group of 14-methylhexadecasphingosine. It is a metabolite of the nematode Caenorhabditis elegans. It has a role as an animal metabolite. It derives from an (11Z)-icos-11-en-14-ylceramide and a hexacosanoylsphinga-4E,7E,11Z-tetracosatetraenoic acid. Produced by Mycob"
858,"The molecule is a monocarboxylic acid anion resulting from the removal of a proton from the carboxy group of any member of the class of cleistanthins. The major species at pH 7.3. It has a role as a human urinary metabolite and a human xenobiotic metabolite. It is a conjugate base of a cleistanthin. It derives from a hydride of a 1,2,3,4-tetrahydro-5,6,7,8-pentahydronaphthalen-5-oic acid. It"
859,The molecule is an N-acyl-(2S)-hydroxyglycine resulting from the formal condensation of hexadecanoic acid (palmitic acid) with the amino group of L-threonine. It has a role as a human metabolite and a mouse metabolite. It derives from a hexadecan-1-ol. It is a conjugate acid of a N-hexadecanoylsphingosine 1-phosphate(2-) and a N-[(R)-1-hydroxybutanoyl]glutathione(1-). It
860,The molecule is a sphingomyelin 41:1 obtained by formal condensation of the carboxy group of tetracosanoic acid with the amino group of 14-methylhexadecasphingosine-1-phosphocholine. It is a metabolite of the nematode Caenorhabditis elegans. It has a role as a Caenorihabdodendron Emission Tom 3-kinase 1 inhibitor and an antineoplastic agent. It derives from a 14-(4-O-sulfo-beta-D-galactopyranosyl
861,The molecule is a penicillin in which the substituent at position 6 of the penam ring is a (2R)-2-oxoimidazolidine-4-carboxylic acid. It has a role as an antibacterial drug and an antimicrobial agent. It is a conjugate acid of a mezlocillin(1-). It is an enantiomer of a (S)-mezlocilloylpenicillin. It derives from a hydride of a 1-aminocyclopentanecarboxylbenzoic acid zwitter
862,"The molecule is a hydrochloride obtained by combining ivabradine with one molar equivalent of hydrochloric acid. Used (in the form of its tartrate salt) for treatment of locally advanced basal cell carcinoma. It has a role as an antineoplastic agent, a SMO receptor antagonist and a Hedgehog signaling pathway inhibitor. It is a hydrazone, a pyrrolopyrazine, an organochlorine compound and a tertiary alpha-hydroxy ketone. It contains an ivabadradine(1+). It is an enantiomer of a (S)-"
863,The molecule is a dipeptide obtained by formal condensation of the carboxy group of L-tyrosine with the amino group of glycine. It has a role as a human urinary metabolite and a human xenobiotic metabolite. It is a tautomer of a Gly-As zwitterion. It derives from a glycine and a L-(1-carboxypropan-2-yl)glycero-D-galactopyranuronic acid. It pyrroles are conjugate acid of a glycyl-L-tyrosyl
864," molecule is an amino trisaccharide consisting of alpha-L-fucopyranose, 2-acetamido-2-deoxy-beta-D-galactopyranosyl and D-glucitol residues joined in sequence by (1->4) glycosidic bonds. It is a member of acetamides, an amino sugar and a glycosylglucose derivative. It derives from a N-acetyllactosamine and an alpha-lactose. IT is a conjugate acid of a 1-O-(6-O-sulf"
865," molecule is a flavanone glycoside that is (2S)-flavanone attached to a beta-D-glucopyranosyl residue at position 7 via a glycosidic linkage. Isolated from the leaves of Myrcia multiflora, it exhibits antioxidant activity. It has a role as a metabolite and an antioxidant. It is a member of 3'-hydroxyflavanones, a monosaccharide derivative, a polyphenol, a secondary alpha-hydroxy ketone, a trihydroxybenzoate ester and a myricetin O-gl"
866," molecule is a limonoid found in Azadirachta indica. It has a role as a metabolite and an antineoplastic agent. It is an acetate ester, a cyclic terpene ketone, a member of furans, an epoxide, a tetracyclic triterpenoid, a methyl ester and a tertiary alpha-hydroxy ketone. It derives from a 4-methoxy-3-methyl-5-all-trans-but-2-enoic acid and a hexacosanoic acid. Isolated from Azad"
867,"The molecule is a monocarboxylic acid amide resulting from the formal condensation of the carboxy group of 3-(2,4-dimethoxyphenyl)propanoic acid with the amino group of (1S)-2-amino-3-(4-methylpent-3-en-1-yl)propan-2-ol. It has a role as an EC 2.7.11.1 (non-specific serine/threonine protein kinase) inhibitor and an antineoplastic agent. It is a member of benzoic acids,"
868," molecule is a 3alpha-hydroxy steroid, a 7alpha-dihydroxy steroid and a terminal acetylenic compound. It derives from a hydride of a 5beta-cholestane. It is a conjugate acid of a 1-deoxycholesta-7,24(28)-diene-4beta-carboxylic acid. it is a tautomer of a 3beta-hydroxymethyl-3beta-oxo-5beta-pregnan-20-one zwitterion. Isolated from the roots of Breynia fr"
869,"The molecule is a member of the class of benzamides obtained by formal condensation of the carboxy group of 4-chloro-3-(trifluoromethyl)benzoic acid with the amino group of (2,6-dichloro-4-methoxyphenyl)acetic acid. It has a role as an EC 2.7.11.1 (non-specific serine/threonine protein kinase) inhibitor and an antineoplastic agent. It is a dichlorobenzene, a N-sulfonylurea"
870,"The molecule is an ammonium ion resulting from the protonation of the tertiary amino group of pipamperone. The major species at pH 7.3. It has a role as an opioid analgesic, a mu-opioid receptor agonist and a tropomyosin-related kinase B receptor antagonist. It is an indole alkaloid cation, a conjugate acid of a pipaminperone(1+). It derives from a hydride of a lysergostane. Note that the stereoconfiguration of the hydroxy group is based on CHEBI"
871," molecule is a tetracyclic triterpenoid isolated from Aglaia abbreviata. It has a role as a plant metabolite. It is a gamma-lactone, a cyclic terpene ketone, an organic heterotricyclic compound and a tertiary alcohol. It derives from a hydride of a dammarane which is substituted by hydroxy groups at positions 1, 3, 5 and 6, and by a methyl group at position 4 (the 1S,3R,5S,6S stereoisomer). It is an enantiomer of a (-"
872,"The molecule is a cinnamate ester obtained by formal condensation of the carboxy group of trans-coumaric acid with the 5-hydroxy group of (+)-quinic acid. It has a role as a metabolite. It is a member of phenols, a monomethoxybenzene, a cyclic ketone, a polyphenol and a methyl ester. It derives from a (+)-quinic acid and a cis-cis-5,6,8-tetrahydroxycinnamic acid. Isolated from the aerial parts of Verbena l"
873," molecule is a dicarboxylic acid dianion resulting from the removal of a proton from both of the carboxy groups of 2-hydroxyhepta-2,4-dienedioic acid. It derives from a hept-2-enedioate and a pimelate(2-). It is a conjugate base of a 2-oxohept-4-ene-1,7-dioate. It is an enantiomer of a (2R,4S)-2-hydroxypimelate; major species at pH 7"
874, molecule is a 2-oxo monocarboxylic acid that is pyruvic acid in which one of the methyl hydrogens has been replaced by a carboxy group. It has a role as a human metabolite and a Saccharomyces cerevisiae metabolite. It derives from an acetic acid. It is a conjugate acid of a (2Z)-2-hydroxy-3-oxopent-2-enoylpyruvate(2-). It is an enantiomer of a 3-oxopyruvatopyrupropyl phosphate. It
875," molecule is a member of the class of hydroxyindoles that is indole in which the hydrogen at position 3 has been replaced by a phenyl group. It has a role as a human xenobiotic metabolite and a mouse metabolite. It derives from an indole. It is a conjugate acid of a 3-(phenylsulfanyl)indole-3-sulfonate. Isolated from the marine-derived actinomycete Actinoalloteichus cyanogriseus, it exhibits inhibitory activity against acyl-CoA:cholesterol acyltransferase 2"
876,The molecule is a sphingomyelin 41:1 obtained by formal condensation of the carboxy group of tetracosanoic acid with the amino group of 14-methylhexadecasphingosine-1-phosphocholine. It is a metabolite of the nematode Caenorhabditis elegans. It has a role as a Caenorihabdodendron Emission Tom 3-kinase 1 inhibitor and a mouse metabolite. It derives from a 14-(4-O-sulfo-beta-D-galactopyranosyl)sp
877," molecule is an organosulfonate oxoanion obtained by deprotonation of the sulfo and carboxy groups of 3,4-dihydroxybenzoic acid; major species at pH 7.3. It has a role as a human metabolite and a Saccharomyces cerevisiae metabolite. It is a conjugate base of a 3-(4-hydroxybenzoyl)-4-oxobenzene-1-sulfonic acid. It derives from a benzoate(2-). Isolated from Daphnia pulex, it acts"
878,"The molecule is a polycyclic cage that is the methyl ester derivative of platensimycin. It is isolated from Streptomyces platensis. It has a role as an antimicrobial agent, an antibacterial agent and a bacterial metabolite. It contains a platensIMycin(1+). It derives from a brevianamide F (Phytophthora infestans). It is a conjugate acid of a clofencetin 3-O-beta-D-glucosyl-N-methyl-L-tyrosylglycine(1-"
879," is an L-alpha-amino acid zwitterion obtained by transfer of a proton from the carboxy to the amino group of L-norleucine; major species at pH 7.3. It has a role as a bacterial metabolite. It is a tautomer of a L-orleucinium. It derives from a leucine(1+). It is conjugate acid of a Leu-Leu-Ala(2-OSO3)-beta-D-GlcNAc(3-),L-Trp(1-). It"
880," molecule is a glycosyloxyflavone that is kaempferol attached to a alpha-L-rhamnopyranosyl moiety at position 3 via an amide linkage. Isolated from the aerial parts of Vicia faba and Lotus edulis, it exhibits inhibitory effect on nitric oxide production. It has a role as a metabolite and an EC 1.14.13.39 (nitric oxide synthase) inhibitor. It is a cinnamate ester, a disaccharide derivative, a pentacyclic triterpenoid and a member of flav"
881,"The molecule is a dipeptide obtained by formal condensation of the carboxy group of L-lysine with the amino group of D-serine. It has a role as a human urinary metabolite and a human xenobiotic metabolite. It is a tautomer of a Val-His zwitterion. It derives from a L-histidine and a D-selenohomocysteine. Used (as its meglumine salt) for treatment of advanced/relapsed unresectable colorectal cancer in patients who are refractory to, or who have"
882,"The molecule is a member of the class of benzamides obtained by formal condensation of the carboxy group of 3-(3,4-dichlorophenyl)propanoic acid with the amino group of (2S)-2-aminonaphthalene. It has a role as a chromogenic compound. It is a dichlorobenzene, a monocarboxylic acid amide and an aromatic ketone. It derives from a 3-(cis-5,6-dihydroxycyclohexa-1,3,5-trien-1-yl"
883," molecule is a disaccharide that is beta-D-glucopyranose in which the hydroxy group at position 3 has been converted into the corresponding alpha-L-rhamnopyranoside. It is a glycoside and a glycopolymer macromolecule. It derives from an alpha-lactose and a beta-(1->3)-galactobiose. Note that the stereoconfiguration of the O-antigen polysaccharide is based on CHEBI:144374, and Fig. S20. See also J. Antibiot.,"
884," molecule is a linear amino trisaccharide consisting of beta-D-galactopyranose, 2-acetamido-2-deoxy-beta-L-xylo-hexopyranosyl and D-glucopyransyl residues joined in sequence by (1->3) glycosidic bonds. It derives from a beta-lactose and a N-acetyllactosamine. It is a conjugate acid of a 3-O-(4-O-sulfo-alpha-Larabino)-D-GlcpNAc"
885,"The molecule is a 3-oxo-fatty acyl-CoA(4-) arising from deprotonation of the phosphate and diphosphate functions of (9Z,12Z)-3-oxodecadienoyl CoA. It has a role as a human metabolite. It is a conjugate base of a (1Z,11Z,14Z)-2-hydroxyicosatrienoyl-coenzyme F420-0. It derives from a (4Z,7Z,10Z,13Z,16Z)-docosa-4"
886,"The molecule is a monocarboxylic acid amide obtained by formal condensation of the carboxy group of 3-(trifluoromethyl)benzoic acid with the amino group of 2-aminopyridin-3-ol. It has a role as a chromogenic compound. It is a member of pyridines, an organofluorine compound, a tertiary amino compound and a carbamate ester. It derives from a benzoylagmatine and a 2-amino-2-phenylpropanoic acid. Used (in the form"
887," molecule is a carbobicyclic compound that is 1,2,3,4a,5,6,8a-octahydronaphthalene which is substituted by methyl groups at positions 4a and 7, and by a prop-1-en-2-yl group at position 5. It is a sesquiterpenoid isolated from the Fijian red alga Callophycus serratus and exhibits cytotoxic activity against human oral epidermoid carcinoma. It has a role as a metabolite and an antineoplastic agent. It derives from a hydr"
888, is an organophosphate oxoanion obtained by deprotonation of the phosphate OH groups of N-acetyl-beta-D-glucosamine 1-phosphate; major species at pH 7.3. It is a carbohydrate acid derivative anion and a monocarboxylic acid anion. It has a role as a human metabolite and a Saccharomyces cerevisiae metabolite. It derives from a 3-O-(4-O-sulfo-alpha-L-rhamnopyranosyl)but-2-enedioate. It
889," is a monocarboxylic acid that is acetic acid in which one of the hydrogens ortho- to the carboxy group has been replaced by a 3,4-dichlorophenyl group. It is a dichlorobenzene, a member of benzoic acids and an organochlorine compound. It derives from a 1,3-dihydro-2H-pyrido[1,2-a]pyrazin-2-ol. It contains a 2-[(4-methoxyphenyl)carbonyl]benzoic"
890,"The molecule is an (omega-1)-hydroxy fatty acid ascaroside obtained by formal condensation of the alcoholic hydroxy group of (20R)-20-hydroxyhenicosanoic acid with ascarylopyranose (the alpha anomer). A metabolite of the nematode Caenorhabditis elegans, it is weakly dauer inducing and can cause double-stranded breaks in the blood. It has a role as an antineoplastic agent, a Caenoestrogen and a mouse metabolite. It is a monocarboxylic acid"
891," molecule is an amino trisaccharide consisting of alpha-L-rhamnose, beta-D-galactose and 2-acetamido-2-deoxy-beta-Dglucopyranose residues joined in sequence by (1->4) glycosidic bonds. It is a member of acetamides, an amino sugar and a glucosylglycerol O-phosphate. It derives from a N-acetyllactosamine and a beta-(1->3)-beta-GalpNAc.it is a conjugate acid of a"
892," molecule is an ammonium ion resulting from the protonation of the tertiary amino group of akuammicine. The major species at pH 7.3. It has a role as a bacterial metabolite. It is an indole alkaloid cation and an organic cation. It derives from a kanamycin A(4+). It is a conjugate acid of a an orlandin A(1+). it is an enantiomer of a (2R,3S)-trans-fumigaclavine(1+) and a tocotamide(1-). It"
893, molecule is a 2-oxo monocarboxylic acid that is pyruvic acid in which one of the methyl hydrogens has been replaced by a chloro group. It has a role as a bacterial xenobiotic metabolite. It derives from an acetic acid. It is a conjugate acid of a 3-chloro-2-oxopent-4-enoate(1-). It is an enantiomer of a (2R)-2-hydroxy-3-methyl-5-all-trans-polypropenecarboxylatopenta-2
894," molecule is a butan-4-olide having a chloro substituent at the 3-position and two methyl substituents at the 5-position. It has a role as a metabolite. It derives from a hydride of a butane. It is a conjugate acid of a 1,3-dihydro-2H-pyrrolizine(1-). It is an enantiomer of a 2-chloro-5-methyl-3-(4-methylpent-3-en-1-yl)butanoic acid. It tautomer"
895,"The molecule is a member of the class of quinolines that is quinoline which is substituted at positions 2, 4, and 6 by pyridin-3-yl, carboxy, and methoxy groups, respectively. It has a role as an EC 2.7.11.1 (non-specific serine/threonine protein kinase) inhibitor, an antineoplastic agent and an apoptosis inducer. It is a monocarboxylic acid amide, an aromatic ether, a secondary amino compound, a tertiary alcohol and a quinolinium ion"
896,"The molecule is a hydroxy monocarboxylic acid amide obtained by formal condensation of the carboxy group of (1R,2S)-2-amino-4-(3-hydroxypropyl)benzoic acid with the amino group of 2-aminopyrrolidine. It has a role as a bacterial metabolite. It is a member of pyrrolidin-2-ones, a N-acylpiperazine, a hydroxypiperazine and a secondary alcohol. It derives from a salicylic acid and a 2-ammonio-4"
897," molecule is an alpha-amino acid that is pentanoic acid in which one of the methyl hydrogens is replaced by a carboxy group. It has a role as a human metabolite, a Saccharomyces cerevisiae metabolite and a mouse metabolite. It derives from a valeric acid. It is a conjugate acid of a 3-methyl-2-oxopentanoate(2-). It is an enantiomer of a (3R)-3-hydroxy-L-pyruvate semialdehyde. It contains a 3-(carboxymethyl"
898," molecule is a nucleoside 3',5'-cyclic phosphorothioate having adenine as the nucleobase (the Sp-stereoisomer). It has a role as a Mycoplasma genitalium metabolite. It is a pyrimidine 2'-deoxyribonucleoside 5'-monophosphate and a C-glycosylpyrrolopyrimidine. It derives from an ADP-D-glycero-beta-L-threo-hex-4-ene-1,3,6-trisulfonatoquinoline-"
899," molecule is a branched amino pentasaccharide consisting of alpha-L-rhamnose, beta-D-galactose and N-acetyl-beta-Dglucosamine residues linked sequentially (1->3) and (2), to the galactose residue of which is also linked glycosidically to a 5-aminopentyl group. It has a role as an epitope. It is a glucosamine oligosacccharide and an amino pentaarboxylic acid. It derives from a D-glucopyranose and a"
900,The molecule is a dipeptide obtained by formal condensation of the carboxy group of L-tyrosine with the amino group of glycine. It has a role as a human urinary metabolite and a human xenobiotic metabolite. It is a tautomer of a Gly-G zwitterion(1-). It is an enantiomer of an ent-glycinyl-L-tyrosyl zwtitterion. It derives from a glycine and a L-dicarboxylic acid. It aminodiphenylglycine zw
901," molecule is an organophosphate oxoanion obtained by deprotonation of the phosphate OH groups of alpha-D-galactopyranose 1-phosphate; major species at pH 7.3. It is a conjugate base of an alpha-L-Fucp-(1->2)-alpha-D'-Galp. It derives from a 2-amino-2,3-dihydro-3-oxo-4,6-trisaccharide-undecaprenyl diphosphate(3-). It is an enantiomer"
902," molecule is an amino trisaccharide consisting of alpha-L-fucopyranose, 6-sulfated beta-D-galactopyranosyl and 2-acetamido-2-deoxy-beta-DD-glucopyanose residues joined in sequence by (1->4) glycosidic bonds. It is a member of acetamides, an oligo-alpha-(1->3)-D-GalpNAc and an amino sugar. It derives from a N-acetyl-beta-[(1->6)-sulfoamino]-"
903," molecule is the steroid sulfate oxoanion that is the conjugate base of 3alpha,7alpha,12alpha-trihydroxy-5beta-cholestan-26-oic acid, obtained by deprotonation of the sulfo group; major species at pH 7.3. It has a role as a human urinary metabolite and a human xenobiotic metabolite. It derives from a cholest-4-en-3beta-ol. It is a tautomer of a 4-dehydrotetradecanoyl-CoA(4-). It"
904, molecule is a pyrimidine ribonucleoside 5'-monophosphate having uracil as the nucleobase. It has a role as an Escherichia coli metabolite and a mouse metabolite. It derives from a UTP. It is a conjugate acid of a uridine 5'-phosphate(2-). It is an enantiomer of a UDP-4-O-(6-O-sulfo-beta-D-glucosyl-pyrimidin-5-yl)uracil (UDP-P-ribosyl)
905,"The molecule is a 1,2-diacyl-sn-glycero-3-phosphocholine in which the two acyl substituents at positions 1 and 2 are specified as hexadecanoyl (palmitoyl) and 9Z-octadecenoyl respectively. It has a role as a mouse metabolite. It derives from a hexadecanoic acid and an oleic acid. It is a conjugate acid of a 1-hexadecanedioyl-2-(9Z)-octadeca-9,12-dienoyl]-"
906,"The molecule is a monocarboxylic acid that is acetic acid in which one of the methyl hydrogens has been replaced by a pyridin-3-yl group. It has a role as a metabolite. It is an aromatic ketone, a member of pyrroles, a tertiary amino compound and a primary alcohol. It derives from a 4-hydroxypyrrole-2,4-diene-1,3,5-tetrol. Isolated from the ethanol extract of the stems of Brucea mollis, it exhibits antiplasmodial activity"
907, molecule is an inorganic sodium salt having bromide as the counterion. It has a role as a carcinogenic agent and a genotoxin. It is a bromine salt and a zinc molecular entity. It contains a bis(bromide). It derives from a hydride of a boronate. It are a conjugate acid of a dibromide(2-). It is an enantiomer of a hydronidazole borohydrochloride (boronoformic acid) betaine(1+). It tautomerisation phase of bor
908,"The molecule is a dipeptide obtained by formal condensation of the carboxy group of L-lysine with the amino group of 2-aminoadipic acid. It has a role as a human urinary metabolite and a human xenobiotic metabolite. It is a tetradecanoate ester, a dicarboxylic acid monoester and a secondary carboxamide. It derives from a 2-amino-2-thiohexanoic acid and a lysine zwitterion(1-). It is an enantiomer of a D-lys"
909," molecule is an (omega-1)-hydroxy fatty acid that is icosanoic acid in which one of the terminal methyl hydrogens has been replaced by a hydroxy group. It is a medium-chain fatty acid, an alpha,beta-unsaturated monocarboxylic acid, a 3-hydroxy carboxyalkyl-4-hydroxydecanoate and a 4,4-dihydroxyhexadecanoate ester. It derives from an icosa-1,3,5-trienoic acid and a hexadecanoic acid.. It is"
910,"The molecule is a member of the class of benzamides obtained by formal condensation of the carboxy group of 4-aminobenzoic acid with the amino group of 2-naphthylamine. It has a role as a chromogenic compound. It is an aminonaphthalenes, a N-(2-Naphthyl)carboxamide and a benzamide. It derives from a D-galactopyranose and a 1-benzofuran-3(4H)-one. Used (as its hydrogen fumarate salt) for treatment of deep"
911,"The molecule is a benzoate ester obtained by the formal condensation of the carboxy group of 3-(4-methoxyphenyl)benzoic acid with ethanol. It has a role as a metabolite. It is a member of benzoates and a monomethoxybenzene. It derives from a benzylpenicillanic acid and a 3-(2,4-dihydroxy-6-methylphenyl)-4-oxohexanoic acid. Isolated from Chaetomium funicola, it exhibits inhibitory activity against acyl-"
912,"The molecule is a triterpenoid saponin of the class of cucurbitane glycosides isolated from Machilus yaoshansis. It has a role as a plant metabolite. It is a beta-D-glucoside, a monosaccharide derivative, a carboxylic ester and a pentol. It derives from a hydride of a 5beta-cholesta-8,14-dien-3beta-ol (5beta)-hydroxyphytosphingosine and a hexahydro-1H-pyranose"
913,"The molecule is a fatty acid ester obtained by formal condensation of the carboxy group of oleic acid with the hydroxy group of 7-hydroxyisoflavone. It has a role as a plant metabolite. It is a member of 1-benzofurans, a monocarboxylic acid and an oleoylglycerol. It derives from an isoheptadecanoic acid and a 7-OH heptadecan-7-enoic acid. Isolated from Antheroporum pierrei, it exhibits antineoplastic activity."
914," molecule is a sphingomyelin 41:1 obtained by formal condensation of the carboxy group of tetracosanoic acid with the amino group of 14-methylhexadecasphingosine-1-phosphocholine. It is a metabolite of the nematode Caenorhabditis elegans. It has a role as a Caenorshabditilium metabolite. It derives from a 14-(methylsulfanyl)sphinganine and a hexacosane-1,3-dioxytetraen-26-oic acid."
915,"The molecule is an (omega-1)-hydroxy fatty acid that is undecanoic acid in which one of the terminal methyl hydrogens has been replaced by a hydroxy group. It is a medium-chain fatty acid, an alpha,beta-unsaturated monocarboxylic acid and a 3-hydroxy carboxyalkyl phosphate. It derives from an undecane-1,2,3,4-tetraenoic acid. It conjugate acid of a 3-(3-hydroxydecanoyloxy)undecanoate(2-)."
916," molecule is a heparin octasaccharide consisting of 4-deoxy-alpha-L-threo-hex-4-enopyranuronosyl, beta-D-glucopyranosyl, 2-O-sulfoamino-2-O-[(1->3)-alpha-N-acetylneuraminyl-(2->6)]-betaPhosphorylsphingosine, in which the hydroxy group at position 3 of the glucosyl moiety has been glycosylated by L-idopropyl and methyl groups"
917," molecule is an ammonium ion resulting from the protonation of the tertiary amino group of (S)-donepezil. The major species at pH 7.3. It has a role as a human xenobiotic metabolite and a mouse metabolite. It is a conjugate acid of a donepezil(1+). It is an enantiomer of a (R)-donecadimethyltetrahydropyrido[1,2-a]pyrrolizino[1':6,7]naphthyridin-8-ol. It derives from a"
918," molecule is a 1,2-diacyl-sn-glycerol 3-phosphate in which the acyl substituents at positions 1 and 2 are specified as oleoyl and (4Z,7Z,10Z,13Z,16Z,19Z)-docosahexaenoyl respectively. It derives from an oleic acid and an all-cis-docosa-4,7,10,13,16,19-hexaenoic acid. It is a conjugate acid of a 1-oleoyl-2-[(4Z"
919,"The molecule is a dipeptide composed of L-aspartic acid and L-valine joined by a peptide linkage. It has a role as a metabolite. It derives from a L-ascorbic acid, a D-glucopyranuronic acid and a valeric acid. It is a conjugate acid of a gamma-Glu-Val(1-). It is an enantiomer of a beta-D-GlcpA-(1->4)-L-Asp-P-L-Alp. Metabolite observed in cancer metabolism. no."
920,The molecule is a dipeptide obtained by formal condensation of the carboxy group of L-glutamic acid with the amino group of glycine. It has a role as a human urinary metabolite and a human xenobiotic metabolite. It derives from a glutamic acid. It is a conjugate acid of a gamma-Glu-Val(1-). It is an enantiomer of a beta-L-GlcA-(1->3)-beta-D-Gal-(1<->1')-gamma-Gly-Cer(d18:0/
921,"The molecule is a docosanoid anion that is the conjugate base of (4Z,7Z,10Z,13Z,15E,19Z)-13,14-bis(hydroperoxy)docosahexaenoic acid, obtained by deprotonation of the carboxy group; major species at pH 7.3. It derives from an all-cis-docosa-4,7,10,13,16,19-pentaenoate. It is a hydroperoxy fatty acid anion, a lipid hydroperoxide and a long-"
922," molecule is an organosulfate oxoanion obtained by deprotonation of the sulfo group of any poly(ethylene glycol) sulfate; major species at pH 7.3. It has a role as a bacterial metabolite. It is a conjugate base of a member of hexahydronaphthalenes. It derives from a hydride of a 1,2,3,4-tetraen-6-sulfoquinolizino[1,2-a]quinolin-7-yl hydrogen sulfate. Isolated from Daphnia pule"
923," molecule is a member of the class of dibenzofurans that is dibenzo[b,d]furan substituted by chloro groups at positions 1 and 6 respectively. It has a role as a xenobiotic, an environmental contaminant and a phenoxy herbicide. It is a dichlorobenzene, an organochlorine compound and a dibenoctadiene. It derives from a hydride of an ortho-fused bicyclo[b]fusedane. Used (in the form of its acetate salt) for post-emergence control of"
924,"The molecule is a tetrapeptide composed of L-aspartic acid, L-phenylalanine and L-tyrosine joined in sequence by peptide linkages. It has a role as a metabolite. It derives from a L-Asn-Phe-Val. It is a conjugate acid of a Phe-Ala(1-). It is an enantiomer of a PPARgamma agonist. It contains a gamma-L-Araf-(1->3)-beta-D-GlcNAc-yl (1->4) and a gamma"
925," molecule is a monocarboxylic acid anion that is the conjugate base of 13-[(9Z)-hexadecenoyloxy]octadecanoic acid, obtained by deprotonation of the carboxy group; major species at pH 7.3. It has a role as a human metabolite and a plant metabolite. It derives from an octadecanoate. It is a tautomer of a 13-(11Z-geoisomeric)-octadeca-9,11-diene-1-carboxylate (the R,R stere"
926," molecule is a hydrochloride obtained by combining ivabradine with one molar equivalent of hydrochloric acid. Used (in the form of its chloride salt) for treatment of locally advanced basal cell carcinoma. It has a role as an antineoplastic agent, a SMO receptor antagonist and a Hedgehog signaling pathway inhibitor. It is a member of imidazoles, a tertiary amino compound and an organoammonium salt. It derives from a levobupivacaine(1+). It is an enantiomer of a (+)-vincadreline. It contains a"
927," is an organosulfonate oxoanion that is the conjugate base of dimethylsulfonic acid, obtained by deprotonation of the sulfo group; major species at pH 7.3. It has a role as a human xenobiotic metabolite and a mouse metabolite. It derives from a 4-(methylsulfanyl)butan-2-ol. Isolated from Daphnia pulex, it induces morphological changes of phytoplankton Scenedesmus gutwinskii Sacc. TC 1093, and exhibits cytotoxic activity. It"
928,"The molecule is a C-glycosyl compound that is 1,8-dihydroxy-3-methylanthracen-9(10H)-one substituted by a 6-O-senecioyl-alpha-L-lyxopyranosyl moiety at position 10 via a glycosidic linkage (the 10S stereoisomer). It is isolated from the leaves of Alvaradoa haitiensis and exhibits cytotoxic activity against human oral epidermoid carcinoma. It has a role as a metabolite and an antineoplastic agent. It"
929,"The molecule is an ascarosyloxycarboxylic acid beta-D-glucopyranosyl ester resulting from the formal esterification of the carboxy group of ascr#24 with the anomeric hydroxy group of beta-L-rhamnopyranose. It is a metabolite of the nematode Caenorhabditis elegans. It has a role asa metabolite. It derives from an (allyl 3alpha,7alpha,12alpha)-dihydroxy-5beta-cholest-8-en-26"
930," molecule is a pyrimidine 2'-deoxyribonucleoside 5'-monophosphate having cytosine as the nucleobase. It has a role as an Escherichia coli metabolite and a mouse metabolite. It is a conjugate acid of a dGMP(1-). It is an enantiomer of a L-2-deoxy-D-cystein-5-phospho-ditrans,polycis-undecaprenyldihydroquinoline-6-carboxylic acid mononucleotide. It derives from"
931," molecule is a member of the class of 1,4-benzoquinones in which the hydrogen at position 2 is substituted by a phenyl group. It has a role as a bacterial xenobiotic metabolite. It derives from a benzoquinone. It is a conjugate acid of a 2-benzofuran-3(3H)-one(1-). It is an enantiomer of a (2R,3S)-dihydro-5,6-dioxo-7,8,9-tetrahydroanthracene-2-carbox"
932,"The molecule is a monocarboxylic acid that is propionic acid in which one of the hydrogens ortho- to the carboxy group is replaced by a 4-methoxyphenyl group. It has a role as an Arabidopsis thaliana metabolite and a mouse metabolite. It is a member of guaiacols, a monomethoxybenzene and a secondary alpha-hydroxy ketone. It derives from a 3-methylbutanoic acid and a 1-phenylpropan-1-ol. Isolated from Chaetomium glob"
933," molecule is an ammonium ion resulting from the protonation of the tertiary amino group of tetracycline. The major species at pH 7.3. It has a role as an antineoplastic agent and a bacterial metabolite. It is a conjugate acid of a tetradecine. It derives from a hydride of a staurosporane(1+). It is an enantiomer of a (2R,3S)-erythro-methyltetradecanoyltranylcysteine zwitterion. Itis a tautomer"
934,"The molecule is an oxo-fatty acyl-CoA that results from the formal condensation of the thiol group of coenzyme A with the carboxy group of 3-oxodecanoic acid. It has a role as a human metabolite and a Saccharomyces cerevisiae metabolite. It is a conjugate acid of a 3-(3-oxopalmitoyl)-CoA(4-). It is an enantiomer of a 7,12-saturated-trans-3-enoyl CoA. It derives from a hexadec-"
935," molecule is a ginsenoside found in Panax species that is dammarane which is substituted by hydroxy groups at the 3beta, 6alpha, 12beta and 20 pro-S positions, in which the hydroxy group at position 6 has been converted to the corresponding beta-D-glucopyranosyl-(1->4)-beta-L-rhamnoside, and in which a double bond has been introduced at the 24-25 position. It has a role as a plant metabolite. It is a tetracyclic diterpenoid, a 12beta-hydroxy steroid"
936,"The molecule is a glycosyloxyflavone that is kaempferol attached to a beta-D-glucopyranosyl moiety at position 7 via a C-glycosidic linkage. Isolated from the aerial parts of Vicia faba and Lotus edulis, it exhibits inhibitory activity against chymotrypsin. It has a role as a metabolite and an EC 3.2.1.20 (chymotyrosinase) inhibitor. It is a cinnamate ester, a disaccharide derivative, a trihydroxyflav"
937,"The molecule is a member of the class of xanthones that is 9H-xanthen-9-one substituted by hydroxy groups at positions 1, 3 and 6, a methoxy group at position 2 and prenyl groups at position 1. Isolated from Cratoxylum Sumatranum, it exhibits cytotoxic activity. It has a role as an antineoplastic agent and a plant metabolite. It is a polyphenol, a cyclic ketone, an aromatic ether and an aromatic ketone. It derives from a hydride of an olefinic acid."
938," molecule is a member of the class of xanthones that is 9H-xanthen-9-one substituted by hydroxy groups at positions 1, 3, 6 and 8, a hydroxymethyl group at position 2 and a prenyl group across positions 4 and 5. Isolated from Cratoxylum Sumatranum, it exhibits cytotoxic activity. It has a role as an antineoplastic agent and a plant metabolite. It is a polyphenol, a cyclic ketone, an aromatic primary alcohol and a xanthone. It derives from a hydride of"
939," molecule is a member of the class of imidazoles that is 1H-imidazole which is substituted by oxo groups at positions 2 and 4, and by a carboxy group at position 5. It has a role as a xenobiotic, an environmental contaminant and a phenoxy herbicide. It is a monocarboxylic acid, an organic heterotricyclic compound, an imidine alkaloid and a ring assembly. It derives from a hydride of an imidazo[1,2-a]pyrazole. Itis a conjug"
940, molecule is a monocarboxylic acid anion resulting from the removal of a proton from the carboxy group of chloroacetic acid. It has a role as a human metabolite and a Saccharomyces cerevisiae metabolite. It derives from an acetic acid and a butyrate. It is a conjugate base of a chloroacetate(1-). It is an enantiomer of a (2R)-2-chloropropanecarboxymethylbutanoic acid betaine; major species at pH 7.3. It contains a (
941," molecule is a member of the class of cleistanthins that is cleistanthin B in which the hydroxy group at position 3 has been converted to the corresponding beta-D-glucopyranoside. It is a natural product found in Cleistanthus collinus and Cassia occidentalis. It has a role as a plant metabolite, an antihypertensive agent and an anti-arrhythmia drug. It derives from a hydride of a 5alpha-campestane. Isolated from Cleistanthin bengalensis, it exhibits antileishmanial activity. It"
942,"The molecule is a monoterpenoid indole alkaloid with formula C22H24N2O3, isolated from several plant species including Alstonia spatulata and Catharanthus roseus. It has a role as a plant metabolite. It is a methyl ester, an organic heterohexacyclic compound, a secondary alcohol, a tertiary amino compound, an organochlorine compound and a monocarboxylic acid amide. It derives from a hydride of an aconitane. Isolated from the marine-derived actinomycete Actino"
943," molecule is a hydroxy monocarboxylic acid anion that is the conjugate base of 3-dehydro-4-deoxy-D-gluconic acid, obtained by deprotonation of the carboxy group; major species at pH 7.3. It has a role as a human metabolite and a Saccharomyces cerevisiae metabolite. It derives from a D-glucopyranuronic acid zwitterion and a hexanoate. It is a tautomer of a 2-hydroxy-3-oxohexano"
944," molecule is an L-alpha-amino acid zwitterion that is L-tyrosine in which a proton has been transferred from the carboxy group to the amino group. It is the major species at pH 7.3. It has a role as a human metabolite and a Saccharomyces cerevisiae metabolite. It derives from an all-cis-icosa-5,8,11,14-tetraenoic acid(1-). It is a conjugate acid of a 3-O-(4-nitrophenyl)lactic acid."
945, is a dicarboxylic acid dianion obtained by deprotonation of both carboxy groups of N-formimidoylglycine; major species at pH 7.3. It has a role as a human metabolite and a Saccharomyces cerevisiae metabolite. It derives from a glutarate(2-). It is a conjugate base of a N-acetimidylglycinate. It is an enantiomer of a L-glutamate(1-) and a D-alpha-amino acid diohexanoate(2
946," molecule is a glycosyloxyflavone that is kaempferol attached to a alpha-L-rhamnopyranosyl moiety at position 3 via an alpha-(2->6)-linkage. Isolated from the aerial parts of Vicia faba and Lotus edulis, it exhibits inhibitory effect on nitric oxide production. It has a role as a metabolite and an EC 1.14.13.39 (nitric oxide synthase) inhibitor. It is a disaccharide derivative, a cinnamate ester, a pentacyclic triterpenoid"
947," molecule is a member of the class of imidazoles that is 1H-imidazole which is substituted at positions 1, 4, and 5 by 2-chloro-4-(pyrrolidin-1-yl)butan-2-yl, cyano, amino, and fluorine atoms, respectively. It is an inhibitor of HIV-1 integrase. It has a role as an EC 2.7.11.1 (non-specific serine/threonine protein kinase) inhibitor, an antiviral drug, an antineoplastic agent and a DNA synthesis inhibitor"
948,"The molecule is a 3-hydroxy fatty acyl-CoA that results from the formal condensation of the thiol group of coenzyme A with the carboxy group of (R)-3-hydroxydecanoic acid. It has a role as a human metabolite and a Saccharomyces cerevisiae metabolite. It derives from a decanoate. It is a conjugate acid of a (2R,3S)-3-[(1Z)-hexadecenoyl]but-2-enoate 5-phosphate(2-). It is"
949," is a hydroxy monocarboxylic acid anion that is the conjugate base of 3-hydroxybutyric acid, obtained by deprotonation of the carboxy group; major species at pH 7.3. It has a role as a human metabolite and a Saccharomyces cerevisiae metabolite. It derives from a butyrate. It is a tautomer of a 3-(4-hydroxyphenyl)butanoic acid zwitterion(1-) and a 2,3-dihydroxybutanoate (2-)."
950," molecule is a branched amino pentasaccharide consisting of alpha-L-rhamnose, beta-D-galactose and N-acetyl-beta-Dglucosamine residues linked sequentially (1->4) and (2), to the galactose residue of which are linked glycosidically to a 5-aminopentyl group. It is an intermediate in the keratan sulfate degradation pathway. It has a role as a mouse metabolite and a rat metabolite. It derives from a beta-cellobiose and an alpha-lactose. It"
951,"The molecule is a dipeptide obtained by formal condensation of the carboxy group of L-valine with the amino group of 2-aminopyrrolidine-3-carboxylic acid. It has a role as a chromogenic compound. It is a member of pyrrolidin-2-ones, a N-acylglycine, a tertiary carboxamide and an organic sulfide. It derives from a 2-amino-5-[(methylsulfanyl)carbonyl]benzoic acid and a valeric acid zwitterion."
952," molecule is a steroid saponin isolated from Ornithogalum thyrsoides and has been shown to exhibit cytotoxic activity. It has a role as a metabolite and an antineoplastic agent. It is a beta-D-glucoside, a 17-hydroxy steroid, a 3-oxo-Delta(4) steroid, an acetate ester and a monosaccharide derivative. It derives from a hydride of a 5beta-cholesta-8,24-dien-22-oic acid (5beta)-lactone."
953," molecule is a monovalent inorganic anion obtained by deprotonation of hypochlorous acid. It is a chlorine oxoanion, a cholestanoid anion and a monoatomic monocation. It has a role as a human metabolite and a Saccharomyces cerevisiae metabolite. It derives from a hydride of a phosphorothioic O(1-).it is a conjugate base of a hydrogen dichothenate(2-). It is an enantiomer of a chlorooxynitrite. It contains a tungsten"
954," molecule is a member of the class of xanthones that is 9H-xanthen-9-one substituted by hydroxy groups at positions 1, 6 and 8, a hydroxymethyl group at position 3 and a prenyl group across positions 1 and 2. Isolated from Cratoxylum Sumatranum, it exhibits cytotoxic activity. It has a role as a metabolite and an antineoplastic agent. It is a polyphenol, an aromatic primary alcohol, a secondary alcohol and a xanthone. It derives from a hydride of an aconitane"
955,"The molecule is a mimotope of the pyruvate dehydrogenase E2 component (PDC-E2) comprising a 3-(4-methoxyphenyl)propionyl group linked to N-6 of lysine via a glycosidic bond. It has a role as an antineoplastic agent. It is a polyunsaturated fatty acyl-CoA, a lipopeptide and a methyl ester. It derives from a 2-aminobenzoylglycine and a L-tyrosine. The major species at pH 7.3"
956," is a butan-4-olide having a 2-(2,4-dichlorophenyl)ethyl group at the 3-position and two methyl substituents at the 5-position. It has a role as a mouse metabolite. It derives from a butyric acid. It is a conjugate acid of a (3Z)-butyrrosyloxymethylsiloxime(1-). It is an enantiomer of a thioacetylchrysanthemic S-methylthioacetate. It contains a (2Z,4S)-butan"
957,"The molecule is a cinnamate ester obtained by formal condensation of the carboxy group of trans-caffeic acid with one of the hydroxy groups of meso-tartaric acid. It has a role as a metabolite. It is a member of catechols and a phenylpropanoid. It derives from a meso-(4Z,7Z,10,13Z,16Z)-docosa-4,7,11,13,16-pentaenoic acid and a hexa-3,5,6,8-tetraenoic"
958,"The molecule is a dipeptide obtained by formal condensation of the carboxy group of L-serine with the amino group of 2-aminobutanoic acid. It has a role as a bacterial metabolite. It is a tautomer of a 2-amino-2-carboxyethyl-L-serinate zwitterion. It derives from a lysine and a 2,3-diaminobutane-1,4,5-tetrahydro-D-serinic acid. Isolated from the fermentation broth of Pseudomonas"
959," molecule is a member of the class of xanthones that is 9H-xanthen-9-one substituted by hydroxy groups at positions 1, 3 and 6, a hydroxymethyl group at position 2 and a prenyl group across positions 4 and 5. Isolated from Cratoxylum Sumatranum, it exhibits cytotoxic activity. It has a role as a metabolite and an antineoplastic agent. It is a polyphenol, an aromatic primary alcohol, a secondary alcohol and a xanthone. It derives from a hydride of an anthracene."
960," molecule is a monovalent inorganic anion obtained by deprotonation of one of the two OH groups in dichromic acid. It has a role as a human metabolite and a Saccharomyces cerevisiae metabolite. It is a chromium oxoanion, a chlorocarboxylic acid anion and an iodine oxoacid anion. It derives from a hydride of a phosphoric acid. Major microspecies at pH 7.3. It contains a dichromate(2-). It is an enantiomer of a (S)-dichromate."
961," molecule is an ammonium ion that is the conjugate acid of 3-aminopropan-1-ol. It has a role as a human metabolite and a Saccharomyces cerevisiae metabolite. It is a tautomer of a 3-ammoniopropanecyclohexane-1,4-diylbis(propan-2-yl)sulfanylbutanoate. It derives from a hydride of a benzylamine zwitterion (cis-undecaprenyl) and a 3-(pyridin-"
962,The molecule is a monocarboxylic acid amide obtained by formal condensation of the carboxy group of octanoic acid with the amino group of 2-naphthylamine. It has a role as a chromogenic compound. It is a member of naphthoic acids and an aromatic amide. It derives from a 2-(4-methoxyphenyl)decan-2-one. It conjugate acid of a 2-[(3-methylpent-3-en-1-yl)oxy]octanoate. Used (in the form of
963," molecule is an amino trisaccharide consisting of 2-acetamido-2-deoxy-beta-D-glucopyranose, alpha-L-rhamnopyranosyl and D-galactopyransyl residues joined in sequence by (1->3) glycosidic bonds. It is a member of acetamides, an amino sugar and a monocarboxylic acid amide. It derives from an alpha-lactose and a D-Galp-(1->4)-D-Glcp. Isolated from Mycoplasma genital"
964,"The molecule is a hydroxypolyether that is hexaethylene glycol in which one of the terminal methyl hydrogens has been replaced by a hydroxy group. It has a role as a nonionic surfactant. It is an aliphatic sulfide and a primary alcohol. It derives from a 1-hydroxyhexanecyclohexane-1,2,3,4,5-tetraethyleneglycobutane-6-sulfonic acid. It conjugate acid of a 2-(hydroxymethyl)hexanylglycinate. It"
965,"The molecule is a piperidinemonocarboxylic acid that is nicotinic acid which is substituted at position 2 by a 4-methoxyphenyl group and at position 5 by a (2S)-2-hydroxypropoxy group. It has a role as a dopaminergic antagonist, a first generation antipsychotic, a serotonergic antagonist and an anticoronaviral agent. It is a monomethoxybenzene, a member of phenols, a tertiary amino compound, a secondary alcohol, a primary alcohol and a diol. It derives from"
966,"The molecule is a monocarboxylic acid amide obtained by formal condensation of the carboxy group of 3-(4-methoxyphenyl)propanoic acid with the amino group of 2-naphthylamine. It has a role as a chromogenic compound. It is a member of naphthalenes, a monomethoxybenzene and an aromatic amide. It derives from a 3-[(4-methylphenyl)carbamimidoyl]propan-1-aminobenzene-2-carboxamide. Isolated from"
967," molecule is a monocarboxylic acid anion that is the conjugate base of N-acetylglycine, obtained by deprotonation of the carboxy group; major species at pH 7.3. It has a role as a human urinary metabolite and a human xenobiotic metabolite. It derives from a glycinate. It is a tautomer of a N-acetyllysine zwitterion(1-) and a N-(2-carboxyethyl)-4-oxohexanoic acid. Major microspecies at pH 6.3"
968,"The molecule is a quaternary ammonium ion obtained by the formal condensation of the carboxy group of 3-(4-methoxyphenyl)quinoline-5-carboxylic acid with the amino group of methylamine. It has a role as a muscarinic antagonist, an antispasmodic drug and a parasympatholytic. It is a member of quinolines, a monomethoxybenzene, an aromatic ether and a tertiary amino compound. It derives from a 2-aminopropan-1-ol. It"
969," molecule is a 3beta-sterol that is 5alpha-ergosta-7,24(28)-diene substituted by hydroxy groups at positions 3 and 26 and an oxo group at position 3. It has been isolated from the mycelia of Cordyceps sinensis. It exhibits cytotoxic activity against human oral epidermoid (KB), cervical epitheloid (Hela) and liver (hepa59T/VGH). It has a role as a metabolite and an antineoplastic agent. It is a 17beta-hydroxy steroid, a 20-oxo"
970," molecule is a resin glycoside that is the pentasaccharide derivative of jalapinolic acid. Isolated from the aerial parts of Ipomoea pes-caprae, it has been found to exhibit potential inhibitory effect against multidrug resistance in the human breast cancer cell line. It has a role as a metabolite. It is a cinnamate ester and a macrocyclic lactone. It derives from a (S)-2-methylbutyric acid, an (omega-1)-hydroxy fatty acid and a (3S)-3-hydroxy"
971," molecule is an N-acylglycinate resulting from the deprotonation of the carboxy group of N-acetylglycine. The major species at pH 7.3. It has a role as a human metabolite and a Saccharomyces cerevisiae metabolite. It derives from a glycine. It is a conjugate base of a N-acetyllactosamine(1-). It is an enantiomer of a L-alpha-amino acid zwitterion, a N-(2-carboxyethyl)-glycinemonocar"
972,"The molecule is a non-proteinogenic alpha-amino acid that is alanine in which one of the hydrogens ortho- to the carboxylic acid group is replaced by a hydroxy group. It has a role as a metabolite. It is a member of hydroxyindoles, a carbohydrazide and a secondary amino compound. It derives from a 2-aminoadipic acid. It am a conjugate acid of a 3-(hydroxymethyl)lactic acid(1-). It is an enantiomer of a (3R)-3-(4-hydrox"
973,"The molecule is a polycyclic cage that is the methyl ester derivative of platensimycin. It is isolated from Streptomyces platensis. It has a role as an antimicrobial agent, an antibacterial agent and a bacterial metabolite. It contains a platensIMycin(1+). It is a conjugate acid of an isoliquiritigenin(1-). It derives from a hydride of a platencetraenecarboxylbenzo[a]pyrazine.it is a tautomer of a 15-hydroxyplatensim"
974, molecule is a pyrimidine ribonucleoside 5'-diphosphate having uracil as the nucleobase. It has a role as an Escherichia coli metabolite and a mouse metabolite. It derives from a UTP. It is a conjugate acid of a dGTP(3-). It is an enantiomer of a L-uracil 4'-phosphate (UMP) and a D-uronic acid 5'-trihydroxypyrimidine 5'-monophosphate. It contains a 2'-deoxy-6-O-phosph
975,"The molecule is an unsaturated fatty acyl-CoA that results from the formal condensation of the thiol group of coenzyme A with the carboxy group of (9Z,12Z)-hexadecadienoic acid. It has a role as a mouse metabolite and a rat metabolite. It derives from a linoleic acid and a hexadecan-9,12-diene-1,4-dioate. It is a conjugate acid of a (3R,4S)-3-hydroxy-2-methylhexadecanoyl-"
976," molecule is a sulfonamide resulting from the formal condensation of the sulfonic acid group of 4-aminocyclopropanecarboxylic acid with sulfuric acid. It has a role as an antineoplastic agent, an apoptosis inducer and an EC 2.5.1.15 (dihydropteroate synthase) inhibitor. It is a member of cyclopropanes and a sulfonicamide. It derives from a 4-amino-4-hydroxycyclohexane-1,2,3,4,5-tetrol. It"
977,The molecule is an anionic C5 cyanine-type compound having indoleinine and chromenylium substituents at either end. It has a role as a fluorochrome. It is an organosulfonate oxoanion and a cyanine dye. It derives from a fluorescein(1-). It is a conjugate base of a N-(indol-3-yl)glycero-1-phosphonatohexanoylglycerol(2-). The enantiomer of the fluorescent dye DY-1538(2+). It
978," molecule is a tetracyclic triterpenoid that is lanosta-7,24(28)-diene substituted by hydroxy groups at positions 3 and 22 (the 3beta,4alpha,5alpha stereoisomer). It has been isolated from the roots of Rubia yunnanensis. It has a role as a metabolite and a plant metabolite. It is a 3beta-sterol, a member of phenols and a tertiary allylic alcohol. It derives from a hydride of a lanostane. Isolated from Ganoderma lucidum and exhibits cytotoxic"
979," is a member of the class of pyrazoles that is 1H-pyrazole which is substituted at positions 1, 3, and 5 by 2,4-dichloro-5-(trifluoromethyl)benzoyl, cyano, (pyridin-3-yl)sulfanyl, and amino groups, respectively. It is a dichlorobenzene, a nitrile, an organofluorine compound, a tertiary amino compound and a secondary amino compound. It derives from a pyridine-2,6-dione. It"
980," molecule is a 1,2-diacyl-sn-glycerol in which the acyl groups at positions 1 and 2 are specified as octadecanoyl (stearoyl) and 9Z-octadecenoyl respectively. It has a role as a mouse metabolite. It derives from an octadecanoic acid and a cis-vaccenic acid. It is a conjugate acid of a 1-(9Z)-octadeca-9,12-dienoyl-2-oleoylglyceroate(2-). It is an enantiomer"
981," molecule is a branched chain alkane consisting of heptadecane bearing two methyl substituents at positions 2 and 6. It has a role as a volatile oil component and a plant metabolite. It derives from a hydride of an icosane. It is a conjugate acid of a 2,6-dihexadecenyl-sn-glycero-3-phosphocholine(1-). It is an enantiomer of a 1-heptadecyl-2-methylhexadecan-1-ol. It contains a tetradecyl group"
982,"The molecule is a ceramide phosphoinositol compound having a tetracosanoyl group amide-linked to a C20 phytosphingosine base, with hydroxylation at C-2 of the very-long-chain fatty acid. It has a role as a Saccharomyces cerevisiae metabolite. It derives from a Man-beta1-2-Ins-1-P-Cer(d20:0/2-OH-24:0). It is a conjugate acid of a 1-tetracosanylhexacosanoate."
983," molecule is a hydroxy fatty acid anion that is the conjugate base of 3-hydroxybutyric acid, obtained by deprotonation of the carboxy group; major species at pH 7.3. It has a role as a human metabolite and a Saccharomyces cerevisiae metabolite. It derives from a butyrate. It is a tautomer of a 3-(3-hydroxyphenyl)butanoic acid zwitterion(1-) and a 3-[hydroxypropanoyloxy]butanoate (2-). It is"
984,"The molecule is a cyclodepsipeptide isolated from Jaspis splendens. A derivative of jaspamide, it has been shown to exhibit cytotoxic and microfilament disruption activity. It has a role as an actin polymerisation inhibitor, an antineoplastic agent, an animal metabolite and a marine metabolite. It is a member of phenols, an organobromine compound, a cyclic ether, a secondary alcohol and a tertiary amino compound. It derives from a tiglic acid and a N-tert-butyl-L-serine. It contains a"
985, molecule is a hydrate that is the tetrahydrate form of zinc sulfate. It has a role as an antifungal agrochemical. It contains a zinc sulfamate. It derives from a hydride of a dithiophosphoric acid. It is a conjugate acid of a beryllium sulfate(1-). It is an enantiomer of a desulfoxylsulfate (seminic acid). It tautomerisation phase of a bis(dimethylsulfanyl)bis(dithiomethyl)bis[(adenos
986,"The molecule is a sulfonamide resulting from the formal condensation of the sulfonic acid group of 5-(trifluoromethyl)benzenesulfonic acid with the amino group of 2-aminobenzoic acid. It has a role as an antiinfective agent, an environmental contaminant and a xenobiotic. It is a member of benzimidazoles, a N-sulfonylurea, an organofluorine compound, a sulfone, a tertiary amino compound and a substituted aniline. It derives from a benzenecarboxy"
987,"The molecule is a 3-oxo-fatty acyl-CoA(4-) obtained by deprotonation of the phosphate and diphosphate OH groups of (9Z,12Z)-3-oxodecadienoyl-coenzyme A; principal microspecies at pH 7.3. It is a conjugate base of a (11Z,14Z,17Z,20Z,23Z)-hexacosatetraenoic acid. It derives from a linoleic acid and a hexacosanoic acid zwitterion(2-)."
988,"The molecule is a tripeptide composed of L-leucine, L-threonine and L-serine joined in sequence by peptide linkages. It has a role as a metabolite. It derives from a L-Leu-Ala. It is a conjugate acid of a Leu-Pro-Gly(1-). It is an enantiomer of a Gly-Thr-Tyr. It contains a Tyr-GlcNAc-L-threonylmethyl side-chain (L-Leup) and a L-[(1R)-"
989,The molecule is an amino disaccharide consisting of 2-acetamido-2-deoxy-beta-D-glucopyranose and D-galactopyranosyl residues joined in sequence by a (1->3) glycosidic bond. It is a member of acetamides and an amino sugar. It derives from a D-Galp-(1->4)-D-GlcpNAc and a N-acetylchitobiosamine O-sophospho-D-[(1->6)]-L-Fucp. Ligosamine
990," molecule is an icosanoid anion that is the conjugate base of 11(R)-HEPE arising from deprotonation of the carboxylic acid function; major species at pH 7.3. It is a long-chain fatty acid anion, a HEPE(1-) and an 8,9-EET(1-). It derives from an all-cis-icosa-5,8,11,14-tetraenoate 5-sulfate(2-). Isolated from the roots of Salvia multicaulis, it inhibits production"
991,"The molecule is a lathyrane diterpenoid isolated from the roots of Euphorbia micractina. It has a role as a vasodilator agent and a sympathomimetic agent. It is an acetate ester, a cyclic hemiketal, a member of phenols, a secondary alcohol, a tertiary alcohol and a polycyclic cage. It derives from a hydride of a 5alpha-hydroxy-3,4-secocholesta-8,14-diene. Isolated from Stellaria dichotoma var latifolia and"
992," molecule is a nucleotide-sugar oxoanion obtained by deprotonation of the diphosphate OH groups of GDP-4-amino-4,6-dideoxy-beta-L-arabino-hexopyranose; major species at pH 7.3. It derives from a GDP-D-Araf-(2-). It is a conjugate base of a 4-azaniumylbutyryl-AMP. It is an enantiomer of a 3-dehydro-3,4-dihydro-2H-pyr"
993, molecule is a monocarboxylic acid anion resulting from the deprotonation of the carboxy group of (+)-DCA-CL. The major species at pH 7.3. Published in http://dx.doi.org/10.1016/j.tet.2013.07.029 It has a role as an EC 2.5.1.58 (protein farnesyltransferase) inhibitor and a plant metabolite. It is a conjugate base of a (+)-alpha-L-rhamnosyl-(1->3)-beta-D-glucos
994,"The molecule is a 3-oxo-fatty acyl-CoA(4-) obtained by deprotonation of the phosphate and diphosphate OH groups of (9Z,12Z)-3-oxodecadienoyl-coenzyme A; principal microspecies at pH 7.3. It is a conjugate base of a (11Z,14Z)-2-hydroxyicosadienoic acid. It derives from a linoleic acid and a hexadecan-9,12-diene-1-saturated fatty aconage. It"
995,"The molecule is a member of the class of chalcones that is trans-chalcone substituted by methoxy groups at positions 2' and 4' and a prenyl group at position 3'. Isolated from Humulus lupulus, it exhibits inhibitory activity against acyl-CoA:cholesterol acyltransferase 2. It has a role as a metabolite and an EC 2.3.1.26 (sterol O-acyltransferase) inhibitor. It is a polyphenol, a dimethoxybenzene, a monomethoxybenzoic acid and a"
996,"The molecule is a hydrochloride resulting from the reaction of equimolar amounts of (R)-tosufloxacin and hydrogen chloride. It has a role as an antineoplastic agent, an EC 2.7.11.1 (non-specific serine/threonine protein kinase) inhibitor and a vascular endothelial growth factor receptor antagonist. It is a member of imidazoles, a hydchloride and a tertiary amino compound. It contains a (R)(1+). It is an enantiomer of a desferrioxamine. It derives from a des"
997," molecule is a member of the class of imidazoles that is 1H-imidazole which is substituted at positions 2, 3, and 5 by pyrrolo[1,2-a]pyrazin-3-yl, (piperazin-1-yl)sulfanyl, and methyl groups, respectively. It is an inhibitor of mitogen-activated protein kinase 2 (MMP-2). It has a role as an EC 2.7.11.1 (non-specific serine/threonine protein ligase) inhibitor and an antineoplastic"
998,"The molecule is a monocarboxylic acid amide obtained by formal condensation of the carboxy group of (2E)-3-(methylamino)prop-2-enoic acid with the amino group of methylamine. It has a role as a human urinary metabolite and a human xenobiotic metabolite. It is an alpha-amino acid ester, a methyl ester and a tertiary amino compound. It derives from a L-methylaminium(1+). It is a conjugate base of a N-[(2S)-3"
999,"The molecule is a dipeptide obtained by formal condensation of the carboxy group of N-acetyl-L-valine with the amino group of L-threonine. It has a role as a human urinary metabolite and a human xenobiotic metabolite. It is a monocarboxylic acid amide, an organothiophosphate insecticide, a member of ureas and a tertiary alpha-hydroxy ketone. It derives from a N-acetyllactosaminyl-(1->4)-N'-acetylmuramoyl-"
